f0,f1,f2,f3,f4,f5,f6,f7,true_label
-2.9605988661470084,10.983410776173475,3.1215543117982163,0.5221250843854344,-10.640356555350248,-4.203520470238299,-10.220695515157736,7.121070787903407,0
-10.437573138672931,-1.6362686646428628,-9.858684507177328,6.578201417549598,-4.813846764621112,2.7004564109557943,-4.493992861538147,1.8154480985849755,5
-1.1776782616322903,0.8043516146869862,-7.473300526628268,9.322903378000868,6.942039872742385,-8.618259375165218,-7.568602916319534,-6.804679105172576,1
-6.162173370445538,1.1764923873503539,-9.344194035211054,6.062758169233492,-3.7573871551398708,2.8584489953234424,-8.214390211669372,1.6465003953510051,5
-7.195572037653934,-1.2790461544622613,-8.920066978151926,6.892380357854371,-1.901564619837588,3.632488807002863,-5.26691033485848,-0.22684895515913228,5
2.9339145063908623,3.642768578255883,-13.1043117225032,11.4281392745624,6.953209970960266,-6.360616981117412,-4.992047234380726,-3.8924880485589135,1
-10.000660067005214,10.204467422656574,10.461234220542428,4.130758366293427,-3.28238411602007,-5.850983531283724,3.3081283082839588,-0.6945928869258855,4
-4.193256761435999,-0.27025811389594356,-2.2880716165100043,-4.671649188056248,-0.003334471554292673,-8.745494486498108,-2.7809144021196905,-2.189863156404776,2
-7.810291575905674,9.85988722811202,11.304655139589899,9.142737598871092,-4.741434820118202,-7.830759066624899,3.375211234960247,-2.9686423450461756,4
1.6344995018959976,5.700988481650666,-11.165482967567911,8.160148117014833,5.035882405191751,-5.617261046217154,-8.104129475232801,-7.426697291755714,1
-9.617039046495387,-0.20172885081034064,-7.577279129170486,8.350837433813147,-6.700615854292065,2.6054466439994273,-1.8516744537248435,0.8394796249991205,5
-6.728147805223666,8.383035248892325,10.224545321262973,5.391895642518573,-5.766541421932516,-7.002857543969698,4.209400648202853,-1.5759887715878547,4
-8.90718105506039,9.18178058421801,10.16157859203962,3.8059022960376585,-4.637831544563358,-12.98010138894201,1.7929018567933908,-0.05253167128732539,4
-0.793130743736336,11.300302387457155,6.934774307191423,2.4287770333576413,-10.02088982769363,-6.142789808629762,-7.160887936134345,7.1938155468020355,0
-1.5548918029219458,7.999428771895277,4.262326856690547,3.1638668204447873,-6.205153457492772,-6.453200159203304,-9.380923403468072,7.915620699929032,0
-3.0741312644458945,2.60517612887962,2.7431468666018217,-3.557103302410287,2.15565045181722,-8.681819768000615,-7.163278091284676,-2.3896283345424325,2
2.7211286366409713,4.344223787124679,-9.855253582394225,9.244018986298729,5.264229607936072,-5.77846208867395,-7.298690148329026,-6.927520235132452,1
0.6282415228834148,1.0647805800481818,0.01753855255935921,-3.0657889332785113,-0.03826262943373271,-6.272815111011242,-3.6667769162563264,-3.088358947563461,2
-7.191783602611951,-0.002234069251302706,-7.746537904835311,4.005987100804614,-7.715663745787957,5.457195646338244,-3.9720538645269827,-0.2814752258496491,5
-7.691126336916557,0.964008461969925,-10.305662852416223,9.618715509650063,-4.770810948575143,3.3106254543877496,-0.765784164714578,0.6863358230827941,5
-8.04303495691167,9.33902302125137,10.605405795269672,4.6077222156917275,-2.748129265146303,-7.779263849828639,0.7933212700045149,-1.0597954265982243,4
-6.731791049403691,10.035819640427178,9.104546497448968,7.499001202311879,-3.4267646145659194,-9.944465585054443,-0.1514750009797523,-2.1047023679396375,4
-2.8871960262930556,-1.5393418827580705,-1.9055311118843572,-1.0606996562542617,2.1583792864042453,-6.662073203391814,-5.670771058498122,0.7887966317940616,2
1.558426390024151,2.75370866615933,-8.263869771088883,10.681929487855031,6.810030109002588,-2.269131084545241,-7.0640160524366316,-7.771682557547753,1
-2.8239852698930106,2.2419502181113877,-0.5223755102822008,-7.302057580565307,0.5453705543974883,-7.4630732459338684,-3.9214592600676705,-1.2944937583241547,2
2.8328405095798166,5.940576933297563,-7.821145787944005,9.19474328824007,7.675859314372866,-6.366169660290147,-7.840416489962912,-6.7630998120577015,1
-2.64853318488179,12.022085407271934,5.4730886288020395,1.4486793481382954,-9.161256178543994,-6.249912444212358,-7.511409720503431,6.312880476276873,0
-3.6172015912314115,0.7927567636522087,-9.40396847473252,7.78296430658112,-3.5632779701725408,2.5922864365254914,-4.3582844910294805,2.725501663210163,5
-6.18991265386136,-2.2581565971545428,-8.867795148634828,9.633363681361931,-4.0077740553448065,3.1214110177071834,0.41013378950611834,3.490190291630485,5
-2.9009055473794905,5.878852391984146,-4.754127442865039,0.12248507011261955,3.8613582772151065,-7.685633288772068,2.0520827601145983,-6.520487094829432,3
0.7857662654418336,3.9790570713775066,-10.132284069846381,12.522908329639098,4.687997260464592,-5.5375355091701515,-6.392841562471924,-6.519766283483115,1
-10.40693518919114,-1.7199282652415295,-8.148589234377837,9.5387192015279,-6.33018716011807,5.608176463652594,-5.070703970168058,3.078908595721014,5
-10.145042988429363,8.595556414362694,9.316647159677297,4.0469295070127185,-3.7529129878698897,-7.1419910202147925,1.3398740425742903,-2.03082440741739,4
-3.342276998638732,-1.6516269567253454,-2.602482516054099,-2.519516134976869,2.237972559480833,-6.6663164168553095,-5.031540886429363,-2.6415726968831956,2
-5.64053780288103,1.2673926743108477,-2.430138333584463,-2.625425802171559,1.8777698279025452,-8.903643570032823,-4.53760924073311,-3.3301346527445252,2
3.630188705372789,3.532969928911082,-11.326928016300402,9.562699832287997,7.687402231028437,-4.280402466329391,-3.8638764788098765,-1.6195157390351635,1
-1.6397282423323043,-0.1220159578166955,-1.523115128688103,-4.433448396995927,-0.5961811816980997,-5.596119472264693,-5.685937058766417,-3.0511959587753443,2
-5.999062647059991,-0.8237800783617508,-8.424511980978282,9.861023533468089,-5.431403947163224,3.258027817729123,-4.993390998792776,-0.3875167614738526,5
-0.9805774685659232,5.297335023138565,-5.645542808899119,-1.7894632063465297,3.147040816091369,-10.47538421404836,1.7504630780212338,-6.060621697397906,3
-9.26353369453892,6.352893364473618,7.41181052797196,6.9011367570173014,-4.799632126687606,-7.1491981154172874,3.700182596853647,-1.513481150984737,4
-4.704629382792245,2.0967500316421903,-8.4551968275791,5.725624311539216,-5.829022541227714,1.8163828175315455,-4.999580766727547,2.9242172809372544,5
-8.37876963797287,9.464030211588032,8.091923745251664,4.947638760737632,-2.7700821420013653,-6.585130482053055,4.808280325304811,-1.9498823754854109,4
-5.646240392367959,-0.3554276216157624,-10.711463359346237,6.639395772243344,-4.706611423624337,1.958360708595096,-6.058164165025413,-1.516380740737035,5
-0.4809552051519921,9.47625093301406,2.788492246286868,-0.15983568370375867,-9.362046789645557,-5.82082665766239,-6.936572839696797,10.282502341716913,0
0.26024185112045073,5.332893517608486,-7.976623142126731,9.435613386693499,5.265770087471284,-3.2099809286682968,-7.564156860265438,-9.791161482815227,1
-9.964251535905897,9.554724101397355,9.767812602285597,8.830167878182774,-2.043241630459421,-8.893801786198168,1.6614726798875443,0.14380002195592478,4
-5.451806219415155,-1.029811356175815,-13.117822922061162,7.651315576618776,-3.5324716929168094,5.858875209409535,-4.132967630669444,-0.4256796853022631,5
-3.0909771625949194,8.923173130244614,5.132361666455396,-0.7630997443098693,-9.036723866520411,-5.690887042839602,-8.564943055631304,7.029149577334416,0
-6.78406384534546,-0.5720148024403705,-9.48548638160587,6.31136601016314,-2.855043282368127,3.7544221442091685,-3.234370989742749,-1.3013891191472635,5
-1.669560507578383,5.214813285710452,-7.932085405232915,1.5287460039989376,-1.4321788507987852,-10.186343506820343,2.0770377563174587,-4.509841797569466,3
-7.553379504159858,9.631224671213719,11.960799191266512,5.817560854875438,-1.7043367229193738,-8.117990586003222,3.90733907209816,-0.7474281270351804,4
-0.17968076815145995,7.3641446914886615,-7.642201979286954,-0.44115772255865815,1.9679589983381391,-10.06619497636471,3.314367792754434,-7.425038883264882,3
-3.178233327048954,7.540794479525562,-9.245057443865685,7.918766613723036,7.373051263976629,-5.450283328546211,-5.370007222875602,-4.396659561113294,1
1.8404492868657114,6.720048741259683,-8.5112962065112,9.886333690770691,6.008661357926626,-6.686282934044007,-4.114464499845246,-6.0107281377179005,1
0.12988915067260098,7.312689872757454,-6.140331852575081,0.02224806065601198,2.63334686640147,-12.006493106323639,0.3674674870637349,-7.865957331099567,3
-2.835492449885505,2.9862394971235435,-5.9046971684917375,-0.26057247365421143,1.4024438086143003,-9.659746368777455,0.593138535040064,-4.778519088020511,3
-5.139370608184638,1.1773171430024485,0.5456528566850285,-3.0459864822718767,3.728858281083089,-6.93504942870725,-5.654947743015444,-3.968194269651998,2
-6.991360905099404,2.2415926338053236,-9.582820210633793,6.805937172189913,-1.7542095611721802,3.467327230134455,-3.935262296645448,0.5162957802089586,5
-2.4543627203323948,6.324893393417328,5.135441682845705,2.734372870871183,-5.93620442097943,-11.123034494147866,-6.652104697668909,6.143144188002958,0
-7.73876466453246,11.877051238892909,11.2435503915861,4.361361272541381,-5.708655399294043,-8.903567877901544,3.8429346708472885,-1.1197401140490622,4
3.2029961168836243,3.1297572576913355,-9.506588026939825,8.033048054212879,5.5793599669704035,1.4133170152067347,-4.73370143980389,-4.954153020520646,1
2.2869158653023565,3.030662465293144,-6.802096265625222,13.946347008056621,6.203117257997692,-5.188354988970476,-6.207632906955087,-6.747408784437034,1
0.9822369690719777,8.519651383921838,-7.775772814528331,0.9383144722526616,0.3099086587425064,-10.677266973922443,2.7253414738783346,-6.465588222580348,3
1.3431387667173276,3.3573131336718127,-8.18872671955554,8.905160836114867,3.7798072120817947,-5.830529272409428,-8.822742257662675,-2.837140840123481,1
-2.7979654847977513,14.1232582367501,5.1178834896132,0.770304003788437,-7.561799345080139,-5.042596458561139,-8.657095099775587,5.022278150190916,0
-1.1028552661397082,9.783259877554077,6.95438010223029,1.2373948642365078,-7.567043156795284,-8.961884419502098,-9.524696904431881,8.867154746382617,0
-7.295047628502951,-1.5639818982330511,-12.310034257539083,8.636761862668154,-3.4899430696050455,1.6489121848255741,-2.048862050974183,-2.232968911901092,5
-6.882192388582698,9.613747276096548,7.366516748167889,8.452453553165121,-4.85169240567302,-8.218988124126117,5.322381483152343,-0.8447271517846309,4
-7.11282108364768,-2.3072516238686642,-10.336575923670447,6.6850188400696435,-4.185413739055349,3.944516205831874,-3.835359104183307,1.9494959733916755,5
-2.530555187854742,-0.4435818972954959,-0.2766731212683997,-3.7514070215298747,2.623175019726615,-9.703290544667755,-2.4582344877698024,-2.5002698088281896,2
4.683167850217964,5.0250094435022,-7.26610937637134,9.806722118031956,5.29146635773149,-6.686566479040057,-6.198756267914611,-7.334310148600647,1
-3.579273456948449,-0.5167738282771228,-0.4375705831129637,-3.0226394228323006,3.0951219945523394,-5.569907419667032,-5.604452971236555,-1.1802372075786494,2
-2.7782277327884137,8.258941203882918,1.472999139626841,3.169826093728786,-8.59601603233496,-6.4973146106981075,-5.519795485036052,5.852507568960426,0
-3.1099976871736636,10.133428923231445,1.6398670162730031,3.8611513314443906,-5.1960893416199765,-6.724215016800262,-9.201435702456688,7.96352292448041,0
6.2227891632944345,3.8914164528202537,-7.518305064698414,6.887638603730727,5.800709478400644,-5.598181184779573,-7.816546973630261,-7.007430898618915,1
-7.578357144876893,0.9069540603941553,-11.024472756826512,8.05935607340229,-2.105573833826558,3.2969423307563472,-4.876651166544159,-1.733378449113736,5
3.0711872081257,7.050521760906934,-7.4683026661709295,7.842461037133985,3.5407399017085854,-1.977834971874311,-2.733114077202862,-6.030384048644471,1
-6.4609786729835825,-1.3312808364643889,-9.167697959821773,11.510121941359735,-1.9554380810850347,6.387354388237609,-3.1296629454735445,0.06494048181402468,5
2.473395119992435,4.891848412321942,-8.470829899068956,10.134513333207952,6.660028682017938,-6.771135292357883,-5.7216794378352205,-3.363930030962273,1
3.6267958379924004,6.858843799475347,-10.115415881643687,7.215743979496983,7.22202816643156,-2.7391201365387934,-7.126662031784482,-5.232954639629373,1
-0.9180818222384983,10.047896027581604,0.8452238588538736,5.2404811286253405,-6.407179286157881,-8.122508218064747,-8.586923086250504,7.605426631503011,0
-8.582598264838946,0.45583782634354,-12.438070544083905,6.7169438664558445,-7.155833689773493,3.5302517011693184,-5.668875485758592,-0.4344119459990079,5
-8.79893666989837,9.203310545029808,11.679226586270236,4.365815707788453,-5.669448548729215,-9.389571326143043,3.7439918971407256,-1.1418847743880047,4
-6.758274774426874,4.954810188614508,8.888114581869258,3.8308556060557124,-5.285909208467016,-7.965668517338216,3.149061428609762,0.9054770862017607,4
-8.15512785827691,1.6009631932604478,-8.415252894692001,10.70396822974412,-4.930686111286835,2.7356224524196406,-4.099324162689737,2.2866674274491907,5
-8.490242659959662,8.801172971663926,8.328085220478272,7.736079419061802,-4.584642621719784,-8.18551795387469,1.4204603707911274,-0.7584787590562725,4
-2.1079176536834376,1.2529682765063157,-1.120002254543508,-5.291443709056953,3.541564910780238,-6.879467269367977,-5.365880458954703,-2.763421601987347,2
-3.062176818010946,7.2295797832006174,-6.141027760463682,-2.119490374327148,2.707410690981011,-9.429310013796442,-1.1447893181646402,-8.787484362197656,3
-6.998391039547149,-1.647870981871259,-8.938337653032244,8.406378498127493,-4.408637577601391,4.516560813687413,-3.8980845331504517,1.2774206739660712,5
-6.913643945179198,4.009260207880794,0.5601816839278368,-6.2313286551668865,1.6848383256850452,-7.587777491208828,-2.430947722881295,-6.127593430637795,2
-9.153969486442179,9.643442539053192,6.9052777611976826,8.28801599643351,-2.097886678226842,-8.204039158870161,2.2769231457550276,0.07168691093107893,4
-4.0906390047949195,1.8667423200304403,-8.365842472890657,11.081174283666629,-4.94053784254816,3.150593178086006,-5.454732504391076,2.4464086960933935,5
-2.026645833631469,1.0940295759191538,-0.9200378963813163,-5.024952631485976,1.0004120324600676,-7.78970950337097,-6.578953708435345,-2.2688454462003045,2
-5.679997204119205,7.53371889217404,10.299637340826706,6.681475086247797,-1.548000186139678,-5.38592842352643,2.2058165245574353,-2.115694848258058,4
1.5709769438620178,2.344759861471999,-7.5788108500588365,10.317495791298631,8.447915455961859,-3.8124435007554838,-7.02623790534204,-7.8435143661455475,1
-5.254284804327374,2.6131479331812213,-2.639717548528029,-3.6110178222383404,1.9368832630167419,-8.837154009739326,-2.715641810439142,-3.6553740283130316,2
-0.5249599458176053,5.703421234856187,-4.801126142702755,0.8627401381928642,0.4391473274697171,-8.224792728763799,2.5464923442356535,-5.611255975990011,3
1.8441331910473577,3.8252025892155093,-11.108590853395622,9.829562953741076,10.268962909344944,-6.560762525370719,-7.057119569783641,-5.436451290412334,1
-10.918172663356529,6.303275254936144,7.156343348648599,8.806637708771843,-5.532464818190875,-5.044733387581408,1.976950797356109,-3.075134213651724,4
-4.970238160355349,0.5015306490233099,-2.504118122684117,-5.424019763608522,1.6992178900991868,-7.401199844136511,-4.10074653913914,-1.206557010344837,2
-8.037089627750719,11.055329720625407,9.616266677169858,5.020361639718101,-4.985374845225888,-7.124571638439937,4.596091429752067,-0.6264829528451685,4
-2.961598478655739,7.229988686201567,-4.14773667602358,0.6878548657219024,0.9708903858258574,-11.563339132047465,2.2881883979061874,-8.747838077802925,3
-2.5042458924881816,0.5374148825655457,-3.3251384153791115,-4.105329905467618,4.248633831526434,-4.421536434876346,-4.6638397210171,-5.32855169453863,2
-8.377437903676533,9.059804536518175,10.204511703289633,2.230523642054216,-3.187302662839838,-8.486704472159222,4.335642813786648,-3.0840752575893227,4
-7.854009320652276,8.13963459013068,9.260613713664021,3.3097084223237143,-2.0560095798785993,-11.165934346342267,4.500704980873959,-4.138425572805254,4
-1.8074707575791416,6.822243524415235,6.344480871843466,1.5602968589628736,-4.8498940141153195,-6.093849183107103,-10.795480124735098,9.602927286822293,0
0.8677897031201287,4.383621207810317,-8.257911926993291,10.675142721098386,4.370184655708277,-2.694648079133162,-7.389364542892949,-6.756013797953051,1
-8.698805022563329,1.753912690415219,-11.286681181624672,8.48929421536835,-7.202165247313968,1.6087286320814504,-2.5741164248290422,-0.685665872523707,5
4.4125852646916925,3.632397696118778,-5.706425307937111,9.98756024938544,8.21247420849343,-5.465705176664546,-6.44264716997519,-6.734755681213531,1
-0.2120064179460721,4.641150780326734,-7.141484418115468,-0.5517647885228382,2.7763922530338543,-12.754533632888437,2.4027041490000647,-8.002372865817957,3
-1.4384528444180185,7.02302378819766,-2.5047941296463776,3.1420501941734673,3.669053957410184,-7.273707695817874,3.4825928560353496,-6.665182559387826,3
-4.056359452059491,8.937947958371154,4.634114773683192,0.11978618123266349,-4.4741899083238295,-5.476329928354872,-9.191870434763473,7.366540257889953,0
-3.2782343294339364,13.0772967246509,4.576047822225362,-0.27361362207781026,-7.0943155282343495,-6.049135600255326,-6.160945442791972,6.3803990755967535,0
0.6648957486527545,4.189337880653872,-9.058928464376892,12.084251135058853,4.553281657020224,-4.9828055768483885,-3.993522109260236,-5.117753377589249,1
-7.034838765419278,1.3607713277483515,-10.850290419745834,9.629547039483397,-3.8001552383275934,5.602482271318221,-1.4416457113092105,0.5028588771275251,5
-3.7845067811728064,-2.0835888744547546,-1.8993965513368956,-1.6158904743621965,1.0374164943966926,-3.8268532472770804,-2.281704933952625,-2.0303660932522316,2
-5.043680470317513,3.6453027945725593,-2.3984698196736867,-6.843870732915126,3.6133524867965123,-7.3938300503966445,-4.641973942810957,-3.5456491827846093,2
-1.7005950913850794,-0.20585525104310987,0.46168728222357647,-4.665740076057063,2.516935442354732,-9.029147894797802,-5.915904721402061,-1.5119766185053427,2
-6.810424950042422,-1.2502518727993877,-8.979090425242546,7.921769438324575,-3.686784191644635,2.9081316073170385,-5.413810871384159,0.9811074089717068,5
-6.581356003516039,-0.05940147542322439,-6.440659003485116,6.731670259293291,-6.0280079536971085,3.170592619015453,-4.55540150206712,-0.3334837682963414,5
-0.7345734120017946,4.659470275388917,-10.433831710724576,7.82969504971893,4.620728488755511,-5.4956569902950285,-3.9511683369566035,-6.98578555606099,1
1.034643103857956,6.0850499612987825,-7.657852956557067,9.828681352065017,5.208596451410575,-6.4147357119893496,-5.905281865529363,-6.633661529567305,1
-3.1092819032697694,1.7080566491205016,-0.03229132534409862,-5.701056757377783,0.9938415261197435,-8.314242137268819,-1.071292947865294,-1.8596544314511196,2
-8.727789484097979,6.468388415798425,8.119877713812743,3.994817767074959,-6.553032581462979,-10.058938493308364,2.199704118328994,-2.4147316754609154,4
0.7594169805604061,6.791050102471612,-8.38931515859106,1.1789296062590697,1.9647811834210196,-8.925241329738078,2.689325144351491,-7.150102877319458,3
-4.025906193515675,-1.6271670910480371,-1.793958406615712,-3.178208518505605,2.040623613348693,-5.7664015691505455,-3.5432589911087744,-4.077781243062817,2
-10.182983181627602,0.6560510191601496,-7.274830953249191,7.130496377334072,-2.163935417316982,4.640642714551252,-5.452431373356532,-0.6352946744585708,5
-0.7895771577802329,4.659114060509834,-14.158350775429803,8.935012914546094,8.11955066189156,-7.4481628860742,-5.217212330006148,-4.482737463537896,1
6.976842468692254,4.207156776365046,-9.361126993163003,11.40920189391976,8.112781348824793,-5.692292955400142,-6.15529355490112,-8.73854745244809,1
-2.9768301322754693,1.69687350145057,-1.2948824074663023,-4.419221191673045,-0.23479709690139527,-10.825140799605862,-3.8430712877902558,-0.572684423181804,2
-1.9622772807248037,8.918226061496618,3.676767729131818,0.9599994491967687,-8.240608395874386,-7.745720578528585,-7.6292624146451065,6.968501681431073,0
-2.7018654320427844,5.421039693487501,-5.371200197647736,0.3558837054114916,2.947288847596319,-7.795765017865847,-0.024442139249577277,-4.5397934547077785,3
-2.312925117461077,11.613771661749619,5.156805673213748,1.5694040805386718,-7.34652522141614,-9.381214887190598,-7.425352113200556,7.19898340027822,0
-3.9789078172585026,-0.4526028951216876,-0.12784659038767576,-3.099054031628458,0.7606601927445984,-7.213814539596722,-3.135480502498255,-2.953256446388612,2
-5.02260795445421,11.18320282533488,3.662506612539996,2.7803428941535593,-9.380482081665276,-8.767245056488395,-6.542187917880433,6.767839253166154,0
-5.540776128356889,0.7965198664158781,-10.316183418413642,7.87152695783918,-7.162675162551142,4.255476439691249,-4.767474231684602,2.360237679326211,5
-5.260092541609194,6.562926788137821,12.89459441493122,8.376882336810148,-2.453170400375301,-5.743658237508255,4.332039728188802,-3.922154920751756,4
1.82927138025644,3.601634997324104,-9.877602026223514,8.254734456294297,6.072995066301761,-2.503363845517307,-7.823786672971375,-6.777759937138219,1
-3.870233251023372,3.2172488029754036,0.035677398990425324,-4.8765069867549204,0.028500528473288878,-7.874144869833676,-3.4957489836152322,-1.7172425411158831,2
-3.6876348955695026,6.560447176429875,-6.700720552552397,-0.2769018582868692,1.160696715730499,-9.295375664743634,0.1874362401038896,-6.0837495363511644,3
-0.29209689080092405,3.417330041999299,-7.85310926561847,9.35789514959272,7.653141484607595,-3.0897908712884368,-5.941491720141866,-7.225989118231069,1
-6.960773162161543,0.4132510380188803,-10.47097928344953,9.828673923164638,-2.094731073193614,3.3288424356642436,-3.2823582492315353,-1.3665349695865112,5
-2.336423349892384,13.185260789237955,4.949329023731648,2.0686766928683102,-6.709734520046924,-7.900603501851844,-8.930866336440161,9.127983758877336,0
-1.4389896515118634,7.782278306814344,-6.873441254866922,-0.2608139206185922,3.0315414359348516,-11.342152895364531,0.8065697118866118,-7.769873666665118,3
-4.521890388691738,0.22659194083606804,-2.7337312389064437,-6.854728597117413,1.4202602004258364,-5.0432616676240745,-4.0624294843988435,-0.4738976724087638,2
-4.31374838658311,0.10680652514195851,-10.567726271292106,7.5623812404599775,-4.176573873039369,3.7902338226494443,-4.689400478877458,-2.2034902826202956,5
0.635284899050629,4.113949491463344,-8.808761002675269,10.625888823403866,6.8796584516597,-5.2239636959733,-6.227715922480221,-5.234918804181751,1
-3.075662760558388,8.09652329156328,4.80284890864728,4.451601926333032,-8.862198512197512,-9.228150018479852,-8.574710410657584,7.4049432384683325,0
-7.803465368753828,-1.1490439071323832,-10.508884746110422,7.33546763513375,-3.972209179595837,0.6471010677288347,-3.6086927023089146,1.0790353563003632,5
-4.121721334476086,0.8906632984721368,-11.489822839739979,10.32735787840317,-6.0250075163064825,2.1227274744713736,-6.647330978642591,-0.9809802162726999,5
-8.270009641608144,-0.5438454512270634,-9.71643032848571,6.60049021034776,-2.1406273570503074,2.371535331670192,-2.510758543208218,-1.228174223211239,5
-2.6688791588209098,5.729961490475555,-8.973899254270263,-1.8040504673648456,3.140548797525729,-9.565846614900764,5.066213622890434,-5.89760854957527,3
-3.1467883217601207,1.6405120399585928,-2.1680839477666556,-3.696723658737084,1.8357977229105789,-7.4224136345109955,-4.672405263660968,-1.9190344875711478,2
-0.06976933021972309,8.189594342164211,-7.050609003156977,-0.06711757534108637,1.3030615381623565,-8.950404161535625,6.157803921415661,-6.5402197419384684,3
-3.056235646480164,3.142544230088099,1.70745717541298,-4.381945176914125,0.6859659851862776,-7.642590495158355,0.7976057927396489,-5.183733282486477,2
-6.159874765310202,-2.4315517026506206,-7.30777697844098,8.789429168580956,-4.371594406653003,2.340000405536739,-5.0864192005501305,-0.20064625232968747,5
-2.1397802599322127,6.554917614020206,-4.6065384602440425,-0.46746846907772177,1.3746342744498863,-8.216410292461187,-0.26563059303411585,-8.33114508070857,3
-11.166182949973804,9.67331159286319,9.051156176744906,6.418041920324797,-6.444046792805533,-8.716409013242476,4.453147924709556,1.8053932528795977,4
-1.74717004502754,2.0585953994279165,-10.075706351451528,10.313674052899827,7.431627237688493,-4.998225869831796,-6.976969363008278,-6.856123302627261,1
-8.195114313090135,5.351666442704808,6.975299885422738,5.979955069467772,-2.649940289644082,-7.926092539946604,4.759071847135461,-0.8812567209087947,4
0.6844859288422782,5.975175414187882,-4.143568364768395,-1.6256651245692393,0.6225498976524895,-7.211012624672622,2.1684060216823253,-8.609438494268034,3
-4.143595065882355,-1.6558161227870696,-0.30665810392393134,-6.673085316978007,3.857365421729088,-7.864786897701469,-5.025868160130856,-2.2016357784430105,2
0.7173534009135356,3.601671294998609,-8.548979983450074,8.849848600234855,8.37433472716515,-7.3496302386894445,-8.36657627261551,-3.249757153777509,1
-0.9651248745400705,6.24509971122711,-6.89885632747037,-1.4802146736934938,3.1839112727449885,-7.081783659924717,3.279946156809971,-6.379552529246918,3
-10.342137568846107,9.321361345983025,8.328027008684593,7.695514463670527,-3.2261022887817035,-9.096987042614101,5.349581386752317,-0.3851991801818536,4
-0.4503064044051184,7.890560331887942,-4.298418563780076,1.394107494350662,0.1224205355386232,-9.510725196077257,1.7952383601249218,-4.319941474088614,3
-7.258807819907174,7.451215797834199,8.481688544435853,7.293068649824212,-4.510788642907893,-8.570317656388475,2.655079004405037,-2.52325531049253,4
-5.564167363064419,11.123569847962592,4.756167675155048,1.3147806526412436,-7.022401837905589,-6.940222625243116,-11.608249842147892,9.715424079423881,0
-9.091987496774774,11.828088928296292,12.857473779941065,6.9629712077072625,-4.657821767243549,-7.616232032869509,1.7255516258475012,-2.5919318973124987,4
-1.5142777741284048,7.561971869798892,-9.943514152389175,-0.32927850418365523,-1.915608535766315,-8.689291468912938,3.3703875711470483,-8.751287452996252,3
-5.617558749812371,-2.0377300825567595,-8.198409292238338,8.110356369512887,-5.21925672540106,1.3651566144487095,-3.429745927685861,-1.2128745367490552,5
-5.498160373992798,0.546369182033905,-1.5548906641539202,-5.355606576156664,0.8342543240936187,-5.740035352235392,-6.871639093363787,-1.9081568363724837,2
-1.3533652437864152,3.370355059041484,-4.596289263554587,-3.3045008684139834,3.6109193969717097,-6.3413464631333945,-5.210088618242349,-3.063316033579832,2
1.9825717322615404,4.821677734229654,-10.276042631120516,8.619659971718841,8.857050079345075,-4.858249130889779,-5.040386958349508,-4.370142466396814,1
-7.848438999900525,0.8568813626746965,-9.127758291115551,7.5705813745464035,-6.438110298573139,2.610356643224667,-3.4726929646429414,1.329605934155032,5
0.912236148440104,4.9901147628323335,-2.92819607565954,0.9997852721229182,5.357041738939631,-8.585900138746755,1.251809262811749,-7.81757615561962,3
-4.859245818454138,-1.872655216169345,-0.9155655640418288,-0.637428475587063,1.617883335795285,-4.699336896903629,-5.360769144113986,-2.3278901181102434,2
-10.639918961986268,8.675419138764319,8.429330131795913,8.011904536612548,-4.836399897789268,-9.250053673968072,5.32735184939776,-0.781476499717141,4
-6.398559283803513,-0.1619365692866424,-9.826509229425982,10.993958824944759,-5.882731734011863,2.8149695979341844,-4.421485190813589,1.0378458471815648,5
-5.099033106434059,0.9033255736422774,-0.938217364636157,-0.3859876468625658,2.7382599101303153,-8.507953210559904,-6.493347448601876,-3.1141274775465586,2
-8.064521904593578,6.1076373240654815,8.270543541630584,6.472459266424609,-1.593677084942112,-6.92976020900253,2.7821891476319456,-2.330073172422532,4
-1.6049067912137236,5.16387287660996,-4.320067264787069,-3.6587904071986026,1.869065503485515,-9.71092990488943,4.327874965792422,-7.434711598221882,3
-3.987451986289505,2.099256335479308,-0.7789549322895047,-3.6217621385818783,3.1238650560900236,-5.9156359244187176,-4.683236351835221,-1.0170845252841878,2
-3.875728634188531,0.33155389683193803,-2.0962362517580218,-4.62897878252606,1.085356212858357,-6.5673617665973065,-0.8687986411504949,-4.072509177699315,2
-4.713568363896909,-2.321889676695249,-1.8172524524830265,-4.9314186249750085,2.3645684022599296,-8.177921825373856,-5.358744455520476,-1.6813124273051292,2
-4.018487536024965,6.5597128419395245,-5.850351331028409,-1.1595028979217408,-0.6627444965777247,-6.606956248121071,4.120977899293859,-5.459985674562242,3
2.971638794274357,4.5804230875140695,-9.898838325816904,11.44377337516256,4.434678385615083,-6.708053748622661,-7.723513863474605,-6.777981770565809,1
-7.815550117667554,7.928778918973868,8.93945910602157,7.15473739976683,-5.0418442393228196,-6.6282231564539975,3.9377541315986684,-0.5863609426482643,4
-7.585241659993272,1.0821655020098775,-8.721199335185716,10.46260922612376,-5.03835064563422,4.852208398432343,-4.286939844211317,3.430954536703499,5
-1.2672320154941803,8.239992616276348,6.6193681166905165,1.5660079613081856,-7.6124674839745605,-6.1195737125919605,-10.53969495636452,8.958122538538621,0
-8.46181536516361,1.2794518469508243,-8.539143917799679,9.66226935486483,-5.206002661509992,1.0167755824165972,-2.9551416963057835,0.8058706714633861,5
-2.6917139364114435,5.065857223076158,-6.493633270175719,1.900713915826338,0.4072677804758569,-10.22343972019348,3.0815692240751766,-5.307286608200758,3
-1.6749152057344314,5.3482511180488785,-8.02822026819742,0.6320000973090805,2.227496500422849,-7.31943513081655,1.9097105282165958,-7.123217489780308,3
-2.535707078768782,10.10760534662407,5.585069773044623,1.6209877139330064,-6.777788692756841,-7.4749560117135285,-11.202507607707123,7.73568428733571,0
-6.36077962650079,0.8674741716053943,-9.90923996758744,10.815859461972405,-5.897855101313273,-1.1950114264553697,-6.646644166960272,0.21433496080179404,5
-1.9591370125729335,8.9364423656856,4.69235402888664,0.7595771484206209,-7.248268333880498,-8.358882624105235,-7.414010298836351,8.979921851056707,0
-7.321409366562762,9.928173178149056,5.029730394152445,0.22883623306164425,-8.456490552304757,-8.431699544691426,-8.661471248677707,6.321418473605892,0
-9.435637165590078,9.515018136993655,8.672183617631292,6.0978240555360435,-7.339942607081676,-6.583816918299034,0.6839321481528033,-3.7129333638437063,4
0.7104350900684744,10.652221401969491,5.038772589254868,3.6453112424763376,-6.647806658196244,-6.841864724020017,-9.400590533777983,9.824984289630077,0
-1.7086967671390894,6.110527995262449,-7.027188898287224,1.358595955035752,2.9865553279682713,-9.063021659296703,-0.770119101198433,-3.845861632388635,3
-1.8140593215380687,8.0194469596142,-6.21574622659774,-1.6051518574904593,1.091153475720216,-11.120572423579954,0.7813475148865996,-8.006714425255637,3
1.735592129585847,4.070556071410161,-7.6696138974738775,0.34865986304043195,3.37809714642645,-10.88510245560637,2.514122217158216,-7.534200652749773,3
-7.127486263752757,7.086613353247074,8.17060822215397,7.006984571450605,-4.096782003810079,-7.506547512694168,5.2518048358813925,0.12149512988134847,4
-0.32594913415665216,5.821338303087799,-6.093663849201317,2.323277716444351,3.0827200828201122,-10.899636861059847,1.7099837842821035,-3.8000138142048385,3
1.2414797497888381,4.453592042663847,-9.928244074138782,9.798885496041558,7.737312281156846,-7.605911706004567,-6.46653672085752,-11.65911587894433,1
0.06822441949581504,5.544477951771572,-10.101309276174849,8.42616358736675,5.503305258914128,-5.617144410114186,-6.746628805882922,-6.7689212328821275,1
-5.550028463039113,0.17707893012891107,-10.220035539137132,7.606592777342398,-4.665145964383591,3.5992938860277057,-3.0698437803332217,-0.3016153907101322,5
-3.022265823944257,11.886624297658038,5.0079920509343445,2.7695586264869627,-5.814148387864131,-6.205571016292818,-7.496022955884631,6.335917817023626,0
-1.5845783077753368,6.840335795431949,-5.189177189693813,-0.44515252321580145,0.4421970905753947,-11.841877663881561,3.0358902855169148,-4.672301954173937,3
-1.412817001833719,-0.8332467812228981,-0.6214959002888075,-2.5004107443219006,2.2549909395610284,-10.863371519002731,-3.7614430299768333,-1.454474135628737,2
-7.641410125931335,1.2059698591350454,-10.199224287477218,8.24758295813003,-5.261380115660264,3.9861459929465073,-3.9330194521879056,-2.2805266019596506,5
-8.672829694941187,-1.469429305608771,-10.364230884035347,7.294063872653111,-7.152293111934181,2.4708169445019976,-5.432468770539124,1.6626937877868895,5
-0.9413511589343269,5.807571404628024,-3.828848574987922,-0.9664985463323423,3.5578852552906275,-10.906302911882342,-0.00046648148926653477,-7.07089743778901,3
-4.627288397806468,-2.889769629945129,0.6855816165994209,-2.9995820879778288,3.6280933745736554,-10.000176621751793,-1.7371778679400935,-3.910004870304083,2
-5.120133669124945,0.6168924989944972,-1.1608868419262015,-5.646071049597565,0.4696579358972015,-8.29927736154749,-0.898575258620308,-3.333153684880644,2
-5.734149031424311,1.6906271768449066,-2.961014870027097,-2.067602927335447,5.767910253831751,-9.908570882463701,-5.892717323949739,-1.4357521520410064,2
-4.604814744568152,-1.6638397046682032,-10.116350735517212,12.634449998757958,-6.13981266931411,5.308669810540442,-4.131708327316954,0.4975844112517721,5
-5.327584706151506,-2.5092311496115736,-2.761043653845957,-3.074990428021198,5.614750660263416,-7.897265170203336,-0.5157376182926514,-1.345051506139465,2
-7.608913759265848,-2.4043728712133814,-9.689163204291201,6.574280586480031,-4.270697971359559,0.5876741859784538,-2.197958326902089,-0.9925164315170392,5
-4.685807062496565,-0.8093198943810387,-3.623450240609067,-5.9706702690358275,1.6523895406872353,-9.77498596205593,-6.368764475913285,-1.0053393059098819,2
-3.5089073473658363,9.056031808535655,5.468133268978699,0.811979582895187,-6.580800367987945,-8.088722285041262,-9.816756241423128,5.072865160541547,0
-5.621800531079284,0.27576779682040176,-1.6611058411237218,-2.582587472578426,2.3244810010796506,-8.478319315553057,-6.266562150188515,-1.2877484384146882,2
-0.34072618396065657,6.826901850543076,-5.6266241051235895,-1.6128187567967824,-2.1588551972872283,-9.231347504605173,1.2965375650541615,-8.609632284833825,3
-9.723027871224982,8.86879116101272,9.521792200229504,4.082176015017756,-3.3855843584297487,-7.992573073570642,6.352368768684622,0.40351513720115806,4
-10.951501048049725,2.862763123892797,-10.649019902567398,6.040569437817062,-4.873802281570672,5.145251230376449,-2.944952145605838,-1.703664621529264,5
4.455362911634074,3.740691693495782,-8.808609053198646,10.66658132532912,10.397424029268288,-5.521593000646252,-8.034200142040426,-4.975223797562872,1
0.3428777851154443,3.9761571182028073,-7.355919356128012,1.994998267451096,0.36706891379973317,-9.162968944337331,5.4148711534984075,-5.021785914955988,3
-10.272330845227827,11.21952232331104,11.687555607914682,7.0097248984335385,-2.653214253399258,-9.291828089884905,3.268429460260643,0.7796364355274468,4
-4.224828339477387,0.3276940338316321,-0.8072645168338429,-5.417886459287447,3.431289692083115,-6.785597898959324,-4.70173928004102,-3.812028182795003,2
-7.476299663813638,11.611308437896561,11.781038721868395,3.9150041667669915,-2.281553685967777,-5.173645075425686,3.7318056800767683,-3.5212720816715257,4
-4.155094377443279,1.5818360597234438,-3.1773558346550055,-4.672759833279158,4.086841281080082,-8.35923580101936,-4.3619889152631215,-5.191498567089557,2
-2.4020124754929553,9.839788876524882,2.139805465209633,1.1266854001866604,-5.6088037037563465,-8.886972670346745,-8.368635065169403,5.152992028101255,0
-3.420930308234764,9.541500105115135,2.2124009215534146,3.1740963519755567,-7.545538238967676,-8.68822053574052,-9.558348329429313,9.33496166247882,0
2.969182140696201,6.176305494218779,-6.607719519843668,9.597658472691977,8.407994850241481,-6.3158740805692215,-4.4674894821251625,-4.6334951514499725,1
-4.939977899778814,1.1669280291115856,-0.8427911780084533,-2.3544618454624446,2.9539423722154705,-3.2500193642882778,-4.335353645939272,-2.832155053774924,2
2.022089536901075,7.028303193702284,-6.868721726566124,10.29964401995677,5.480858141480313,-4.33426953125274,-7.087379479552454,-7.559921061609421,1
-2.947164426519567,8.9914535634793,4.879235568258162,2.129693163473408,-6.182017950795142,-5.529966377849167,-8.210113171594461,8.049259753113454,0
-7.146914905231391,-1.3290035289927524,-2.9940996919637985,-5.481119897625981,1.5644893719251483,-5.611483435571666,-2.239535265481398,-3.141388462450961,2
-8.946853091749272,0.7413055396976898,-10.136003771876343,7.592523729962689,-4.0069308182850385,5.878479028078702,-0.3805376706734225,1.13098070416559,5
-10.438161879737189,7.44021646686026,7.330365218668068,5.109893620626806,-5.342614822397911,-9.442451225774565,-0.25817475252717426,-0.9890662979218708,4
-3.5119451823966945,10.394115684010735,6.16487890882984,2.7941063560964006,-5.719473932194474,-6.054224333892013,-9.864698308992734,8.014598986977008,0
-0.5890712927697721,8.227242212188393,1.6373945065611029,2.96470799748655,-7.896207013272277,-8.783576247820525,-9.83728038017717,7.0282823432493435,0
-9.028958692253127,10.176877982668627,8.22341957251474,10.360499922303513,-5.407194988546358,-7.0673657803026755,0.5263041439845582,-1.3948679912228523,4
-7.533823077205012,1.2357496414038858,-9.853026929957164,10.979519592957427,-5.46675164179348,2.7701229084285997,-5.483070407256432,0.6476334678233195,5
1.9619515152392297,5.372214760486394,-6.305894971547021,11.488784354111962,8.493924333536187,-6.243918931267277,-5.9960717669495125,-8.44115187017923,1
-6.021577006105873,-0.7834254609986525,-7.599545091766197,9.636097574927946,-5.801222234680213,4.494135481645385,-2.4461242505504375,1.5852687695855634,5
-8.07924714765802,6.552179619162243,9.679039004977831,5.193333358577303,-5.44829598490625,-7.2464805335591675,6.338274797047424,1.1923929451221733,4
-7.634925553539871,7.0195908444414545,9.747063566331137,3.2974573251787467,-4.3181789596373115,-8.564446400641554,3.31804124941899,-1.6962468554339178,4
-0.8666581730592269,3.7974486584442495,-4.535227481852285,1.6252548399007205,1.3847120382770717,-9.388721863026962,3.3129193381813193,-6.9105785552330605,3
-7.12758793272463,7.0921561595970175,8.299283748688952,3.9441334870137927,-3.5857015563832024,-6.631616420507156,3.238715702964067,-2.257520734807516,4
-6.684280093443533,6.340978986912326,7.909397535314173,5.912862727717171,-4.757205731987133,-7.2050303868356185,6.627824061637014,-1.8064117404178597,4
-4.153043305494368,8.41705693469222,5.671108422860568,3.4583627900916514,-7.674077967922421,-8.7256974748516,-8.409777936049878,6.005866962497344,0
3.5509219487519372,2.2453998578966496,-11.01841640301453,7.63175602968407,4.264456778729961,-5.518954919486311,-4.505095778286826,-6.627712612923749,1
-7.262166171009773,0.8983293827464328,-5.50370776407901,8.403834304477861,-3.190578923498424,4.793139182393539,-0.9213078173627931,1.2981906074763316,5
-6.3073753179660565,8.897912827516944,8.667185267389314,8.136063184872638,-0.6350209318971896,-4.662549906167007,3.085442130603217,-1.6354145244030003,4
-1.624132638770024,-0.23927850371189807,-3.571578121364787,-6.754164501029328,5.534380396691844,-8.056562227981207,-4.454285850765235,-4.453185659439853,2
-4.851619990915437,-0.024031619349522693,-2.69146550380007,-3.489006239212941,4.136086818601026,-5.057827338405087,-4.69983465363145,-2.2056177541935145,2
-0.6295039045270749,4.20760268791151,-5.1716573569781525,-1.8192243751563977,1.3049225721339042,-9.475426401052685,3.9316255791658383,-6.365448611515142,3
-5.259557964199108,-0.4210446083234136,0.00960736536269513,-1.3017464628132664,0.10875466956198387,-5.188501918426123,-4.9214329748547225,-2.1161510842025915,2
-2.453906151944791,1.404492070312986,-0.0919384786615276,-5.368409943514639,1.245659886944726,-6.006224865651196,-5.3854736577254165,-0.3597470594732268,2
0.26834446201164885,9.330943381738559,3.597610030444984,1.1989523494538175,-7.392182884262183,-6.20144407903288,-8.001790975779212,6.405602909196976,0
-3.3812937594015,6.1802577177234035,-8.366197999683635,-1.1002117539620275,1.868038498262061,-12.989979338794383,1.5433357751080392,-8.453211218830601,3
1.2093555897003379,7.533394175029026,-2.8388369917616747,0.13951711660645252,2.1318130955913506,-8.55793086917982,2.0542603580435848,-5.722031167691538,3
-1.8091594653512075,3.207710223332654,-0.7048571188159348,-5.836294926318618,1.7120830330712042,-7.286278379148774,-3.724365415326746,-2.637592649896402,2
-9.04123047399883,0.287917280865906,-9.53996691905736,9.75719738754604,-6.89289080010367,3.4327895803810224,-5.800727411510158,0.022042039078204123,5
-9.861346179147075,-2.8358565695065754,-9.132322922718703,8.401520633281903,-6.291553597093708,0.8273467737176912,-6.906720711896299,-0.8135676903299327,5
-1.9797655342815679,5.832472546307873,-7.372582564877671,2.6912693085935064,4.444892952394785,-7.957033853499488,4.64154754627609,-6.346644008058169,3
1.1695102837826497,5.185296287364244,-8.44393157985798,8.76883524352329,4.109351904522909,-6.084923540047669,-5.365859377736614,-3.4432428486596747,1
-3.099952928290196,-1.1696190599785485,-3.69273748027681,-1.4138203926882218,3.164255874608622,-7.632857642950147,-4.162670564818734,-1.8633801611403162,2
-8.155483057444872,1.3862826454833215,-9.659026524470525,8.923900258325894,-4.816696447180691,3.025082346209368,-4.811836980152073,1.7450814336585099,5
1.7762061902545188,4.6715748256481575,-11.324587999421142,11.428289293347017,2.196116124259283,-5.892655214171157,-4.538067092417549,-8.51409849673827,1
-9.37564199903561,-2.7213914607080145,-7.2829048535667695,9.020950063658617,-3.348580796941957,4.580466542086357,-4.034754788886443,0.35412704653141736,5
-8.899517593893844,0.19501542745878814,-8.964302716999597,9.374641568349466,-4.632972867262069,3.324472963388488,-4.683986619642797,-0.0567952715265303,5
-1.0768884710083784,10.030561010889473,6.319163180739038,1.1167933454438232,-4.771796686136349,-6.5639502257681075,-5.517910360435586,6.220822406555395,0
2.755722650795485,2.393812078094482,-8.006536044485271,8.788376728562415,7.61479400087915,-3.510817231951024,-8.297674839251142,-7.2374092123591725,1
0.0704475897290826,11.118149253932797,7.26382208322233,3.1605736696557596,-6.758933368908721,-9.443254892311415,-9.232027737643929,5.974328362992797,0
-7.0536658125167975,1.6013312862935725,-8.0329781199878,9.350199422780582,-2.639950571221673,3.2963008188951015,-3.673348239239384,1.71208605270923,5
-3.143891465257807,1.6536793566545065,-2.114428229563736,-3.30921019982278,1.629231960547456,-7.024745572811963,-3.8778819708223646,-3.2364509314848386,2
-6.3999239696990795,-0.6487927446836589,-8.316086808197925,8.21168275009658,-5.090168678651231,3.147828115771219,-4.339291073811562,-0.33230745203384404,5
-5.819628912587225,6.344962122927297,9.416570567107641,3.8017794500957973,-5.029127522582018,-9.177467776344633,3.2575304388289705,-3.098216286320485,4
-5.944466367859132,-1.8931515473100473,-10.380021096125382,8.555063298287662,-4.219998586834255,1.5740826456641974,-0.7861358296059904,-2.6025801144992418,5
0.8364399650484489,5.4538348454955505,-7.0597664807672,10.864705225284208,8.340736475391054,-5.88252270349617,-9.15083258818753,-7.060262732343652,1
-1.8316982774349322,4.622635962860529,-4.718154320085749,1.7325610077268463,3.1252637181759066,-9.751883519439597,2.6402468690914507,-6.412053370040756,3
-2.288526009103834,-0.898097569660425,-3.3638165047899133,-4.1408483198924655,3.5638957929539377,-6.962362069662548,-3.6942196118976187,-0.8458336497481922,2
-2.5616028553983474,8.144806494384298,3.499325583944638,2.143458048247767,-7.287590739024639,-4.473720811543645,-13.07987945006483,9.069933878574641,0
-0.5979444101166203,0.3201381263880241,-2.223923165121469,-6.283914695223405,1.7425614807244385,-7.079088106637897,-0.9075812415369984,-4.744721492679904,2
0.6530206062273813,7.959110919377334,-5.55058049257249,-1.1386336076558057,3.3325305591762424,-8.882195623769542,1.7767478938141545,-7.351475735382109,3
-11.451197162964743,-0.8350251442622773,-11.559329759882138,8.341693366511425,-5.639559970219188,1.51361088176222,-7.1313871126279995,-0.1575816362495862,5
-5.520475872735696,1.6277438557043267,-1.9702047297215426,-4.13428938479451,2.6129347752431267,-6.709242708849211,-2.322580531191044,-4.4306764382358175,2
-6.94733279114753,0.8830150282529869,-9.718620824181707,6.395067789275568,-3.186120496225114,2.281102829517586,-4.1324691997236025,3.270921280581163,5
-5.763276134345468,0.4350665504491703,-1.8886886813494739,-2.918062934989321,0.5178604709934969,-5.577511788274876,-1.9913276540208114,-2.672275191306502,2
-0.0017545363185984542,4.612877962949423,-4.879950688086497,1.3313101697943255,3.005599503463281,-9.723459548816994,3.3987725017544865,-5.757513877173861,3
-8.139632191013813,1.0103721789128466,-9.52076391201596,9.888787607194153,-3.856285974382565,4.071613784428883,-2.1989806473318243,-1.817350879637614,5
3.706375932039774,1.2127525059246276,-9.192675790709941,10.816724231652126,4.326890737766583,-7.232047230586591,-4.422413954431444,-5.47928305056806,1
-2.506034671443453,11.46688349721642,2.4878556619390313,0.5954902084758111,-4.676137692743971,-5.248051182232603,-9.419338391543334,8.690566117291855,0
-2.893419675115565,-0.542109054031503,-0.5985649919842561,-2.7236684823415334,2.48253180725386,-9.12951630958425,-5.59194742050708,-3.8386177597802176,2
-2.2906417901107465,9.054902572953957,3.4933612547495327,3.2685207814957495,-6.030196288405751,-5.507087079781521,-9.035346053199639,8.287651344264049,0
-1.6043821900422794,6.197065713549013,5.845225429995353,2.5830230997531762,-4.816022784618877,-5.803019431244013,-9.059857331010049,5.364645737435718,0
-2.764973669544126,-1.6416158368722331,0.6539432576297126,-3.017013588039136,2.049555439944328,-10.450180890174753,-2.63135510823561,-3.6202292620995724,2
-5.904529120984212,0.6231946633891736,0.754747292541083,-7.054387885985519,3.5595922386671868,-5.010446034871515,-5.0539987814466265,0.037918078979524594,2
-5.149122011930873,2.2962925196424653,-0.05711969948366158,-5.578512527038404,0.7935409552908808,-5.686099173205727,-3.5439931873621844,-1.4593411933083358,2
0.38966379128485507,6.18723562375031,-5.936087984439717,-0.9042459072258013,1.666576589878238,-10.798244071647975,2.086674628449639,-6.447259353510331,3
-4.32190018127015,-0.5447822398475475,-0.8483610327391532,-5.893086705677384,1.9598120571781066,-7.222922864201213,-4.2018814175689085,-2.531157576017555,2
-3.690264895678446,1.0439013804308668,0.4856760606819308,-4.372604298200975,5.533400410647079,-7.926626793153988,-0.9603899020749971,-4.232339425186039,2
-0.06754719519070573,8.233943417831167,-5.4643690025262295,-0.35031946353222765,3.5136570413419026,-10.251089304252545,0.07378981394392925,-5.289803620420603,3
-8.19196097102375,-0.3600228487019962,-3.354325489739482,-4.060572674058852,1.7160638414075962,-8.179206327370649,-3.0538961039691426,-0.05487305243480778,2
-5.166202974978976,-0.26293701056991226,-9.06734452155233,9.644781325506273,-2.278659753963275,3.1941322774929883,-1.7510723004695863,3.3257936565106005,5
1.8676539794751503,6.7418999282361725,-10.707100616850472,9.494137615553017,8.92060399580532,-5.320396225688237,-8.934065032430798,-5.523287384159905,1
-7.762287981244689,-0.829312870443881,-9.22600780677952,7.531532644908659,-5.000997706365155,2.041178127360032,-1.457264118609427,-1.3726386299412145,5
-3.0614611517724244,9.797093384320446,5.738044524251355,0.6309414054995539,-6.771085568884169,-10.111993324725765,-6.531215747352986,6.503724130415994,0
2.9274818419904975,4.218800827693788,-9.162237543778954,8.443017793567035,5.327593415601225,-4.538110308318344,-6.721803734759226,-6.460042600129872,1
-0.8005245102502735,7.151234618451305,-6.774937616871471,-1.6647201961130875,2.423309100953655,-9.835039510397971,3.4047881564869535,-6.5774557175220085,3
-2.2104342489925,4.301456772562786,-7.194152662100448,2.225130146997945,1.6100873003339111,-9.754567561305887,3.946720945581716,-5.796961133960242,3
-0.8721918336305783,9.545295437593492,-4.709276125971601,0.2656472166036033,5.498591609523934,-8.016616172041315,3.135289457741358,-7.207673729710974,3
-7.932069222262439,0.673943313861611,-7.904537544376553,10.824229389582857,-3.641752252780493,1.8377289465008921,-4.090939878476817,-3.060495977173686,5
-5.122074562483497,-1.624528823994003,-0.6200780591976209,-4.74549930441046,3.156566684379749,-8.283585791254797,-1.8916500045073543,-1.0710593860129445,2
-7.472509095176032,0.21699019423295868,-12.107365042086773,10.305015084440718,-6.009162605608305,3.4079739892767362,-3.2409172019343315,-1.9254523094813791,5
2.428193921741131,2.057853379424232,-9.804294478847249,8.249974423063021,4.882839115844729,-5.33786475171615,-5.125297178349472,-4.986243759792733,1
-6.327291356431546,1.9486408976779934,-1.2041709067100148,-2.52925855026381,1.5462560143977853,-9.341714125780676,-6.105105951241023,-4.739655059993552,2
-6.816354812829398,-0.08547055919729803,-11.139883448296015,9.714482840015366,-7.012068575748467,0.5097918080421682,-4.158019616656958,0.0010090166021997637,5
-0.8978134942782241,6.167284355663214,-8.362384893768928,2.398009968536017,2.1686915263077844,-7.248869761965967,4.104270351065156,-4.453718449900137,3
-2.0654240839092686,8.97863976150438,5.1552105334552785,1.9554224776229687,-8.180450186767478,-5.562861728191618,-8.477109319657202,7.351704118592555,0
4.194491647744399,3.9317210139814938,-8.918686819432663,8.603555359834692,8.125724539571255,-5.103467356276609,-7.666145866414153,-8.196233002875786,1
-8.121568687057891,-2.604406665801921,-10.72324007875498,7.924714737936499,-5.259204245420186,4.66569424785989,-6.754692277131588,0.3191695507547764,5
-8.33977616913903,9.454791869510617,9.738363319777383,6.241840748755105,-2.0100076959663435,-8.384664812795783,3.6802038113807853,-0.6918856162824436,4
1.8572953351019748,3.3310104056518712,-11.01388682120944,10.449086368855054,8.822224282297404,-4.051720631446542,-5.393661136244437,-8.692890197144028,1
-2.5473397913318703,2.8738459071594917,-10.910158675064482,8.291918979182055,-5.3267773335021875,3.4776883382248585,-2.299683907806245,0.1944444996718323,5
-6.091104282684885,1.140200899259781,-0.6858766521005749,-4.522161214257445,5.224627953936883,-9.71240961080021,-7.704760965701346,-3.8420989736424396,2
-3.298311737862398,0.06310945272283391,-0.06423242884258373,-1.008483406624956,5.742314717184711,-7.05485778336798,-3.61807924578292,-0.14659334152859227,2
1.755881957337588,2.935522761753182,-7.558011814781299,1.3625761225857393,2.279946415383396,-8.650592465358642,3.2188898359701366,-6.2471288972561485,3
-2.8875157618301253,8.822894729208288,2.8747838262551517,3.286055288561367,-6.584732688626304,-7.552153956946607,-11.885807266180752,9.634582427586842,0
-0.007379159773772237,5.885908970886982,-7.088542773814262,0.6687684938593391,3.2539434708006088,-8.93203411511141,2.30655250223078,-7.98597101082005,3
-1.5749125265312078,8.439418782939025,5.584926565335796,3.747095412873384,-5.566855701235488,-6.06847114350427,-7.131648253293364,9.19439586021178,0
-3.0698938088497774,0.0189005750503633,-1.4866830261598305,-4.253620769670512,2.7063478720748293,-7.683670903836379,-2.013107212533702,-3.269829115729593,2
1.4073588317432608,6.45411179564388,-5.797941860893883,1.2047502190660793,1.4204308878191738,-9.510619896600812,-0.6876794616172397,-5.160051995551235,3
-4.150926973765749,9.624567116253269,6.235503744482298,3.8641937520349616,-6.9859455516464,-7.453036707162857,-6.87468964130599,5.387266110729287,0
-2.3464404894979185,11.411104960685407,4.139340479345666,3.6226406253277834,-7.340527668513316,-6.1904728604585175,-9.020027860300733,7.234159423254206,0
1.7824953812287063,5.941119475747673,-8.846353221992567,7.530195725030743,6.42434685113298,-2.5247274683656284,-6.185543320112615,-6.855630723047157,1
1.297084993348908,6.910954940885251,-11.65179187082164,11.404172701191461,5.425094050715471,-8.626790161768914,-5.9829004056998,-6.739282580553537,1
0.21950337241148787,5.34101638677558,-7.723611376629552,-2.6571190695582976,3.0214172528254335,-8.028428137681876,2.5402101442995315,-7.382967431511636,3
2.0388124087571953,7.567418081823137,-6.52038883921746,0.5742321880159269,2.091356628388287,-6.120270643308141,3.478630944658227,-7.881153919896203,3
-6.2393477014093275,8.786352065127785,7.1727320769657315,4.083824860607548,-5.013313117076413,-9.542384162142696,0.9927102964820422,1.759569879802505,4
-1.1473990656443693,10.972455597866471,5.180607722860142,1.0255843322402285,-5.31848578688047,-6.878900781348594,-7.74095524686254,3.877553997432365,0
-8.35545667858221,3.363049949666505,-0.2665652611158995,-5.403689442926855,2.1916714873602374,-9.048816174805028,-1.2351542637578228,-4.125015467312509,2
-6.168854254699576,1.1783983724627771,-6.2736075134980025,9.359089856966477,-2.0928754323493206,3.349532361356392,-1.5263765964380092,2.674586633965642,5
-9.51183691793757,-1.0752719718508845,-8.358601848984407,5.376138872836487,-5.367902787946969,4.782634856189963,-2.0510417253913378,-0.6898806666355062,5
-8.462134243784497,10.54453094988979,10.846389686043734,9.492637588896951,-3.616715008150102,-8.670655719568229,3.0914042239312707,1.1968141009357103,4
-5.970219183937392,0.9951528985576554,-1.959777362843185,-5.104980418558594,2.2890291820527797,-8.748559086685905,-5.9737331474928075,-6.857513470132326,2
-5.706885035697448,1.396364985328647,-9.941155761067536,8.331188836024968,-3.4347632584044283,0.7228934464409931,-2.722989599531238,2.415628938237207,5
-2.9411206579730127,6.544764619101127,7.1905635661545215,2.1388307302594125,-4.589783802732484,-7.296167593564658,-10.246346927341232,7.754212387906959,0
-7.629929133827066,12.278243415346354,9.5782516772051,6.156808808991523,-4.947039957023171,-8.456596018368293,2.514701219761278,-0.11341106440550974,4
-4.018077083233536,-1.779035587158899,-9.67778181113916,6.313947711856958,-4.131462943734976,7.732398847224261,-0.8157928299451886,1.7555904516092593,5
2.871582768740543,2.4443471174136295,-9.403355332196098,9.350570661901644,7.163388080604846,-5.566804902473083,-5.755981171990608,-6.830257314770046,1
-6.7740713251814775,9.625412110978694,9.067045242539578,5.970354796116944,-3.5867748900081806,-9.377998196128694,4.017236052284607,-0.10163669724967739,4
-2.928450464137197,6.54855197938668,-7.519174979545079,1.9947616565244566,0.7109556356388593,-11.462969501768649,4.605049206086839,-6.299399652275116,3
1.7530503182869421,7.233396724757304,-3.8859287427684994,0.27386541842184725,0.9889211125794363,-10.71445488110073,0.3958120913703498,-5.298220626720539,3
-1.798766609801587,0.704908146530252,-3.8695353833013257,-4.013902043575832,3.9850985579330613,-6.251017162469148,-2.3985901292092913,-4.8587577411615435,2
2.5817398463001333,4.483105161867422,-6.211761870729747,8.398499115982464,8.953029008119113,-5.189341123419574,-7.421135666326327,-5.053115470903731,1
2.825340608785251,4.115344993379112,-9.08435511959542,9.742169551167162,8.446336475361655,-4.67002723063439,-6.054921706817683,-3.9024345538878356,1
2.1807233540437876,3.325587990516894,-10.495211422567694,10.695659079425,5.602865568317288,-4.288573033658578,-4.407161787326898,-9.001851982685132,1
-4.507876769271183,-0.003068963961462487,-9.158025180826694,10.14735727823863,-5.065219439664913,3.9868998175184056,-2.422434373233995,-1.3201374995438102,5
-6.476248115234823,0.587888147229819,0.18562834307687637,-1.765343732219712,-0.23988352906039934,-7.772496604817035,-2.5023443508880163,-2.9804084346244784,2
-3.045588154041593,6.868582586915812,5.829721677092379,1.6453670217571843,-6.829393806298828,-4.307984303036729,-8.871224648396822,7.786216792488664,0
-0.8425278883664139,5.570898733834632,-3.786187339544417,3.2507946492163757,3.7286345297219725,-9.207880838681822,3.9872430331452735,-5.5514563969257384,3
4.067549750799355,4.064092323916224,-9.897655633571347,10.833072774493063,7.324572491928235,-7.559033009441208,-6.4769492359017775,-6.868176960093539,1
-3.863373174871907,8.07843388272989,3.8738651217933997,2.548330960016133,-3.121105932430058,-8.025779091317292,-9.50492824562075,7.222526094520706,0
-1.00421904327809,6.072748889723645,-4.497569097758254,1.2335263318131617,3.3756351220573872,-10.427366513322012,1.3371132074869148,-5.543762831940621,3
-5.850074289254707,0.979518700652825,-0.9509220531761404,-3.2414502176042506,2.0322627341061574,-8.428451677781323,-3.1066972962152732,-4.773998793729763,2
-1.5293315402452201,6.165751457564903,-4.6922710398723675,0.2924683761659787,3.7846946091022975,-9.415102567705658,0.5824507415550846,-6.6060971135197715,3
-4.094055743261851,8.108209760833887,4.799321020368327,1.1676086373548134,-9.360688680857082,-6.770408833586303,-10.538013698597778,8.081270804514993,0
-1.3369734995078233,8.88513960002459,4.765695140733846,-1.2239514113106402,-5.413502911627299,-6.325728031839159,-7.241511580860567,2.6895143103888,0
-3.0893391950685363,2.9429422140929984,-2.1630660390672114,-5.808601532372439,0.42086682338960735,-8.596891160293112,-3.8329493901339187,-6.096167235811862,2
4.048428663594238,5.2973439529564885,-8.566640806455792,12.114395090774831,7.1801831542753325,-4.719410304795803,-6.876754834821186,-8.511179196298936,1
0.9581284412340871,3.2277546792871914,-6.316408037234309,9.758470534802983,3.4748332808835642,-6.5855522079610065,-6.208515003896586,-3.3792703129307173,1
-3.0872916472483145,5.422964963949568,-6.289099573093687,1.553072271196357,2.9277658342131097,-10.687353232083458,4.465594909208449,-8.450701252254634,3
-0.34226712840720774,7.52091807108423,-5.368395186905591,-0.02628378640900686,1.5463953000908035,-8.378548900214364,1.813114804884991,-4.638315537137579,3
1.3168567330868068,2.375130187626433,-8.007731582233536,10.132923733799133,8.117281932480655,-6.249851604795299,-7.4144374057690765,-8.057213909538088,1
-3.6924856020370522,-0.6413226267969676,-2.360642294122925,-3.929933387422539,-0.21602145813214557,-9.996634227360962,-3.0837115180925463,-5.762096895284699,2
-5.6479451918961345,-1.3851706939196502,-9.772925563666988,8.213928989337306,-5.704174893406795,4.592871144611949,-1.7847447277661141,-1.3675469130516942,5
-4.481890759473964,0.36203957647770335,-0.4552158019254091,-2.628403729229972,2.753330903634808,-5.441173754495988,-4.631777007974791,-4.268192808983264,2
4.4152150132360575,6.206947488666053,-11.189925385256455,11.051300826220922,5.606544736226546,-8.739938725320783,-7.042857721493416,-5.695689800089277,1
-3.0392910361460665,8.03470735298592,2.9036379937356243,0.6525128359744037,-2.1610761106573095,-4.888622264097088,-11.000046742568845,5.207590184708991,0
-9.536151446212127,-0.8872145682044592,-8.020144754518713,9.678455218930099,-4.600607942876382,4.823837100665093,-2.6656013015540596,-0.26581924967075354,5
-8.50134020050908,4.907628664082666,10.523064026533554,7.166306934269326,-3.9163908935080354,-6.741201280729825,4.647383713396039,-2.3116462609622923,4
-10.104128799678504,6.58578122012392,10.786846728884212,5.639289662037705,-4.553756456626677,-9.843061660254067,6.583818761339822,-2.7533676126477697,4
-9.27897811476284,-1.9736350904969246,-8.97844092265146,8.111701572842856,-4.5758318311459565,4.1108084087572365,-2.8964819854513166,0.27676384707077667,5
-0.08390332477211226,4.636001150269693,-6.112847754701489,-1.7454692806034142,0.18969271934207899,-7.890736937818296,2.336283885070507,-7.8312093452026765,3
-7.496649821917739,6.685259482609398,9.4901251055208,6.969864891431977,-2.951380111850513,-7.761426831912334,3.9491587643666914,-1.1888103522235987,4
-9.639025396261044,7.304573709435477,12.059676575336631,4.621822859451325,-6.34547733358737,-9.300467141346106,4.05529764019924,-1.0792668014732318,4
-9.88683295227601,7.679270175031024,7.869838220831948,8.009595188466085,-3.5684817171942456,-7.498520282457067,4.787942423407087,-1.2647429738728477,4
-3.8454262656607874,12.35754808290996,2.067621192839207,2.2687546101738914,-3.641857240383847,-6.8692298419799505,-9.142390212638402,6.751610239002019,0
1.1257351851684265,3.8808784768891633,-9.377509938488284,9.978118433040862,6.6249722200997,-6.683526724582888,-9.504874485082821,-7.252403576374193,1
-2.5783355545996773,6.370066214266942,-2.124168694046778,2.2333490323657177,4.371978254794087,-8.527431070095567,2.68288260729177,-8.243094273863893,3
-1.21828758218184,4.205229313074123,-6.687672741721066,0.4216003534821734,-1.0108408858424651,-8.06994092728725,2.2885303963269488,-4.988647194303523,3
-2.48942925697341,1.0522467581878745,-1.0864535952074508,-1.208979115337398,-0.20191661786789394,-4.497147010752379,-4.620822083485072,-1.7593365959368776,2
0.41080782675172367,4.295567324611853,-5.773568345911746,0.5023675429785384,3.2434327880684357,-11.063100951974203,3.110077075737855,-8.696348327862985,3
3.086835490078376,7.696820477588713,-10.846825460576511,9.929992776398262,3.840043874081031,-5.026969419328322,-7.780642735537492,-7.331645192426496,1
-1.8051745029674184,8.210999369234143,3.00590632881896,3.1065399996196974,-6.489546049117352,-7.782635402454712,-10.88681479450944,8.719454640746935,0
-10.660279456340554,11.134600645304637,9.577950969753516,4.3573059434670744,-2.334522045875559,-7.4998615600501894,7.209853749322966,-1.5734328088328393,4
-8.3331157015677,11.67357503253557,7.45530118412959,7.796867199970191,-4.6620268147830775,-8.664314175576767,1.8039261442225476,-2.4009388077151277,4
-6.304756364506652,3.082073105405192,-7.891077399803129,8.601095149238448,-7.11602741136841,6.516091992235502,-2.3815600205932066,-1.862405762915829,5
-9.663093001433838,-1.2554605359629283,-9.590810519265887,10.016852175897952,-3.9797359902995497,3.314591290881795,-3.04792774088977,1.23528664755082,5
-1.6059065917261002,4.296006140708026,-5.4740329564316115,0.4150043434127698,4.076874880843054,-5.112977094219945,0.1303366537912738,-6.353829183904657,3
-8.601342498136693,12.01347729556078,8.698064458228526,3.1491060746612387,-2.510145756706291,-7.543643406568236,0.9502733122304758,-0.5127202415659017,4
2.2062070696787863,6.44517739847254,-7.793607486263281,9.764748773874093,6.13178455088446,-5.32311801617503,-7.1933214518333095,-3.5825274097091224,1
-9.264447406392058,9.474730743370337,9.860643062392795,8.203293172764711,-2.654031689998273,-5.961205737813584,1.0212181969941527,-2.2597837413229342,4
0.10545988875839063,5.780581133679783,-6.17958875128816,-2.66605795791535,3.2323465462521987,-9.419513049330824,2.3359546662054385,-7.787218678404374,3
0.6769950464142971,9.642947745075467,7.184524545945923,1.0625325660646778,-8.155008897111239,-6.81462999530967,-8.142422095247372,6.693144225509711,0
-6.562366793228971,8.414348346598203,12.018517799539724,4.923462322597185,-1.7995288896371981,-11.670732470111357,1.9243532481084975,-0.7202043036250623,4
0.3419813822390423,3.6688150014293863,-6.370942418772598,2.8080084839956947,2.8892395691828385,-9.489379688921678,2.8153698080350376,-7.6859388198068865,3
-0.8466187631803201,8.893063269741585,5.7126478238140415,0.25819811107648327,-9.365641216776973,-5.5714861404359,-8.236072514879984,5.880240428526687,0
-12.023199790983469,11.946645203305605,10.985053323940681,3.706610033949509,-7.27443789642339,-7.999169580137823,1.8922698167997527,0.341439139109486,4
-6.5474655192914994,0.10494824711455722,-6.8437602401736815,7.4159342318946235,-5.7331806705119925,5.229312583245445,-4.3532769309432595,-0.25978880889931544,5
-2.875521839802988,5.213623009863842,-5.318565588470233,1.2633599812299754,1.1920318207109348,-4.696767061563829,1.8753646489803044,-9.274947993683215,3
-0.6333947167502961,5.999449819718136,-5.843758845565231,0.9247699799157676,2.959644431751939,-10.827829039932396,1.804183299743403,-5.76428936375138,3
3.3409440163931974,3.7718818445082682,-10.893439791042901,7.83838215581742,7.185526928777027,-6.535261058295928,-3.685510649484508,-3.9858109182627484,1
-2.3955688662555445,5.330173836345061,-5.558778268981443,-0.2649723924150712,1.2178157206054145,-8.658198470733412,3.8217639147486833,-4.024774571179504,3
-5.892630618423954,-0.0752006258446859,-3.549796244903833,-3.232534306528485,2.1497086686672477,-7.815566796427079,-6.21808419740368,-3.1530120944825906,2
1.0666539375101793,5.1479785196125425,-11.679667465122563,9.69590653519276,7.547370368922203,-6.071088400551122,-5.770112187904348,-7.918044830506124,1
-2.6176120062102486,4.989191664415614,-9.80369192939383,-0.47599233432643495,1.5256065332230726,-11.142065300138757,0.4861208808354345,-6.942475160143453,3
4.607696219059878,2.617622275622694,-9.247791076212001,9.381633379387507,6.370654703505098,-3.611470365161506,-7.491677488123525,-8.491278212070409,1
-2.078594517060578,8.465178487402465,5.6343938599977825,1.3817931462709176,-6.2762665609077715,-6.926930095171912,-7.036647355400541,7.241292957757125,0
-11.552982022194222,11.258567828511158,10.655483829170082,5.959052196071838,-5.3392974136694855,-7.910518375419477,4.262242650309391,0.03506878000740077,4
-0.5508796180191426,8.698093379724776,4.055493272244347,-0.7007019520497724,-3.6222295348604017,-6.1297446682383985,-9.625458804427183,9.448413937877852,0
-6.11566823210368,-2.7076321373301013,-0.5093044090829277,-3.661919989125773,2.9580152244942015,-6.789266496050517,-4.261604167971469,-3.7322648104088234,2
-9.292772925247673,10.146066678904564,7.4529602467599645,5.6676200952207205,-5.431198028811105,-6.892057153998158,2.3618746968788913,0.5651743734059427,4
-2.04834884781139,5.612456566403991,-8.734986652215342,2.129542233092949,-1.2121057521213712,-11.699488674858635,3.832204335367492,-3.5174188389476786,3
-9.786986508358337,8.947943216023088,7.773941077350504,5.810334559933928,-2.7101390040602413,-9.865359446369396,2.905349471078507,-0.36773026923205465,4
-5.800480589490681,8.700091794354481,8.67340691720599,5.8267568590784995,-4.916060274351502,-8.217774508798044,3.740545976011088,-1.1729444737804726,4
-7.745790126276372,9.913151705715908,11.509248973564308,6.785695693454774,-1.7870650398760293,-7.678183137892305,6.104657758257336,0.7338261879753933,4
-2.0664923441247196,10.33777932665596,4.660681863232752,4.298824207392439,-7.303078124332,-2.5278389267325565,-7.837260000212,5.952070825232651,0
-2.68761174648146,7.726339758834224,4.019558969974403,1.3113846189333036,-7.643860123317678,-8.888326188433378,-9.042575247065114,6.426550696543007,0
2.284578736613663,2.9731968906851036,-10.398052979990972,7.585329287435947,6.289364973400644,-4.033183843217021,-6.37032135608819,-4.956846995316199,1
1.3159389463635203,5.590807176093943,-8.408997041095676,8.919897208008157,8.870932981799758,-6.322092460339606,-3.9482256756777767,-5.6373066324657675,1
-10.735702353023765,8.834981040736217,9.003207379634068,7.826186464794961,-7.140513689371863,-9.739565268556001,6.480261824051962,-5.0858559233599125,4
0.4901386670471164,1.873213521709745,-3.1009920428612947,0.10462946556088296,3.314042420468283,-9.16737132590659,2.938297119596245,-10.30378674004001,3
-4.718185724805518,-0.3762687902965185,-1.7962995828507031,-5.170720931951089,3.5525081866990504,-6.782585738727073,-4.943066092683018,-1.5935550810784511,2
4.490921203726765,2.1918859610324937,-9.569531922528853,10.242098886215881,4.071248387392167,-7.225054859148322,-6.600586309455155,-7.750573858426323,1
-3.3354802549747595,-0.11718359308772852,-2.7222580120322384,-3.92075277952494,0.7294399842172525,-4.214204929665204,-1.7303153532415294,-1.6201029235777482,2
-9.396279031346587,-1.0425334517090583,-7.4945236700998645,9.228657078653143,-5.497584679762811,4.534971946150348,-0.43472556832711007,0.9023394521353723,5
-0.8549879351740164,8.362349956531759,6.092618538031379,2.1707373786040827,-7.078484434611168,-7.218324360984697,-7.643749573272559,7.844447422358015,0
-5.982491764172912,0.01799590568367422,-9.553083667360468,7.229225054957203,-6.723918052144215,5.983427078919769,-3.0001800013877045,-1.6288062162059034,5
0.9263207482341793,5.443342378302002,-8.363666664462592,11.115657367096599,7.446756675425307,-8.86121409197331,-6.612176547902403,-8.181041922798387,1
-4.076501296880566,-0.46512175936936684,-2.6308860266030893,-3.6678034659927903,-0.5616025885253415,-5.946924771519095,-5.8436757284887335,-5.966652232054633,2
-4.067476925674946,-1.5812138067393042,-2.518599184218626,-9.294240628378647,1.4458697314361522,-7.149890682803724,-4.374924387482795,0.4954838283240619,2
-10.363049764809784,1.0333971594815885,-8.904393466610312,7.823530584691557,-2.5032047525511367,3.2661681066671417,-3.1480470246145797,1.5013035470602867,5
-9.48359004834819,-3.492543033264041,-11.002083126274496,9.408434383986414,-3.6386245665494688,4.825929718311986,-2.425074537496939,2.1407932945607193,5
-8.376642268366849,-0.7948392319960372,-9.033555826832968,6.78299641042944,-1.6518649521363384,3.2896971200335865,-2.3561115676494255,0.38719336949366806,5
-1.7245721525296442,-0.13552432179696083,-3.9485423702617553,-5.018545425743149,2.6810246805875355,-5.550176115655094,-1.401964168284156,-0.3977341921992177,2
-4.061365157493954,1.9038987141073391,-1.3108316696112043,-3.91125791365,1.611458788009768,-7.895166391899826,-4.295817675032241,-2.6060888587031967,2
0.4266386497572925,6.848931163277982,-6.015905962146902,1.9267633047028117,3.117800650031746,-9.330726443241987,-0.3032865488419634,-5.261864713535766,3
-2.187439148308802,10.6953331618105,6.408720328960875,3.8724181728373406,-5.857658835904575,-8.70891745364472,-6.2248373049542565,5.489370286668803,0
-1.7617614474082242,0.6364230538997288,-2.050268371103314,-3.260093002431252,3.931252848968489,-6.735774681280402,-3.054403671378599,-2.905671373714781,2
-8.37255317810097,7.504585401567993,10.681243991132723,6.642957356088755,-3.1160029833937384,-8.877546057604102,5.498063045952725,0.608274991878355,4
-4.342694378720679,-0.6248408076806367,-0.10129940599929621,-5.418603134748833,1.5063897506000277,-7.094841426660514,-1.9582084362488548,-2.364308609767289,2
0.47890311866722635,5.157753583193544,-2.4878201194013,0.5037447534776641,-3.0408429413898714,-9.522745941403723,1.400223026829841,-5.317118858466525,3
-8.19562328714548,-2.3800521208534122,-8.467707093299513,8.764620406058022,-6.324447660796695,1.8211615116442939,-2.2624716559840854,-2.292287581201025,5
-6.603210681637741,10.63242221834293,7.762679773512995,4.7841410729489215,-1.2582666023818443,-9.98139138626746,4.449801915068051,-4.041327960525084,4
-2.39751428706872,8.397784373219505,4.821506588630098,3.0325787631744068,-4.342000285318706,-8.860614391398904,-5.425474357185983,4.2001824362627005,0
0.9538484040029116,0.6471375372919503,-8.834919939083342,10.978732117332676,7.363051607622093,-6.777586579183299,-8.179520012955699,-5.54071375208281,1
-3.8912087850297086,-1.4719572301669954,-9.622372254886718,9.652779935058042,-6.1334147459946085,4.475425034176283,-4.532932849682604,2.006538441388293,5
-5.511565187380341,1.40236356528992,-2.8738489711491386,-1.5992953989357224,4.1399114199510185,-5.076620121306419,-3.9574613018117777,-2.260184546454231,2
-7.081519273212726,-1.1907556482230701,-11.236548308886906,7.6161071665587565,-3.5769936133856417,1.7478015773159155,-3.745167075234459,-0.6553426400758184,5
-7.388635730649517,12.064676095479406,6.9282787804348525,4.049971009290865,-2.144391920155095,-5.72838111776914,3.7376655249166295,-8.341916306854177,4
-9.836735921238086,12.18025037037178,7.142929872704618,2.243423194828463,-2.7319962226941854,-8.634763177397348,2.651066003436862,3.173704275497058,4
-3.403530319238267,0.20280899756973786,-0.8514982623606082,-1.6750191399543426,1.4720231381175444,-7.697609127109132,-3.8782094236531135,-3.0380726157664366,2
-0.08296713464703354,9.977675440826296,4.755137814282093,1.6336353320988892,-8.402696727186846,-6.756140763645766,-8.42592369240761,5.336705994728105,0
-7.5442021116223295,-0.4000246682029436,-8.19178374057142,8.094361912334655,-2.7899325142195193,1.2228402268906278,-4.150897914815277,1.4977540833499037,5
-8.318019908809614,10.928296327227143,8.267574767392306,6.31833593290981,-6.048416167051904,-6.184500574685346,5.438922472104259,-0.6179290893155026,4
-3.928924757221984,10.24916001177538,5.209883298157835,3.9916004879975575,-7.9471297267952785,-8.052859831873961,-7.084615904672173,8.004037008826879,0
-2.043273214831898,8.432568856334274,4.345426997509697,-2.007345608158998,-7.234477437097087,-5.32911870942306,-9.848571845542503,7.40756510464321,0
2.4863607197504187,4.791836471400922,-8.634579723471973,7.878029732606847,4.699771109116726,-5.119106295221896,-7.37187197369229,-8.844669875520076,1
-7.625116678753086,-0.630258821061233,-7.346283066445233,8.250274139498773,-4.970617808811155,4.5264339860932505,-5.4130784972615995,-1.6196193078653294,5
-3.0094810944979917,7.740703872184315,4.241520987779021,2.4757768782617977,-7.385359928948027,-6.377167700265658,-8.135687542715342,8.656610005530993,0
-3.442956545206358,10.675692289829229,2.2089251154651532,-2.5582792730361783,-7.601481364605668,-5.997324313418474,-6.917908957053884,6.5824647361620645,0
-3.3334710615999787,8.811855893072002,5.343003140960886,4.001906463305675,-6.918664898729121,-9.155677032485878,-7.490305522308003,8.531456941325846,0
-5.83652470246411,0.02003263458268073,-9.186774408276772,6.9648961553265165,-4.291679816438521,5.9042989229855465,-1.5246482781517683,0.9867506797216795,5
2.7790259384054092,3.6548860472759905,-6.300614404262113,11.236620556923725,6.920348961380838,-5.432586130632314,-4.051740196242295,-5.404585247549168,1
-1.1409421194034723,2.538927094265913,-4.416775898611968,-5.458517156141106,3.0012729200634056,-9.32168863679757,-4.3676575607569585,-1.9901522765632909,2
-2.8544570251779016,7.1298677954121485,6.991533650288094,0.9775373273103383,-9.82405340682418,-4.7550439069442145,-9.645204581936207,6.351004687313704,0
-0.13256630002210024,3.411862280767292,-6.306563881473365,3.735495950070133,1.151296851236603,-6.648360585964404,2.2389543484776384,-10.874545343619204,3
2.835240577937434,1.6160981849469955,-8.750345689421785,10.367067415376818,5.95327686700973,-8.145533926119526,-6.35059384080017,-6.344243645302914,1
-10.719124618176737,10.405600313143776,8.427905568466281,5.114085606791919,-5.033846242984655,-9.730512428882077,4.113136794702838,0.2350210305360274,4
-10.158674136004231,9.095778216903671,10.207915756374987,6.408465180881575,-5.34118841744447,-6.928245857462747,3.548116996585622,-5.7932896715222935,4
-0.4007622649728173,5.03937231815275,-9.720331744342182,6.669864870798259,5.313124959133758,-5.21465550233501,-7.2323357700752515,-7.447016139152279,1
-9.64659173152592,0.40331179030360326,-9.862843019501714,9.921516823116049,-3.520433929623295,5.366866215613246,-5.267163194528564,2.4600244254615276,5
-2.857629415772423,5.620483408946644,-3.0259053175610955,1.8598647721676829,0.9784229870403253,-9.02292556236599,0.07659563709277473,-8.14010847713146,3
-1.049564491791999,4.181441153465841,-4.795523932091494,-1.1974511794296085,1.8142427689892036,-9.157296454297773,1.8195448098411142,-7.212429083030673,3
-8.960923123223655,-1.5233404086715006,-7.596590490895662,5.709916335245295,-4.826894560364214,5.249891197333167,-1.6589136548299268,-0.29090805540271003,5
-7.395570532376431,9.547269765427943,8.557668584208946,7.788270915954182,-4.2248235722162955,-7.901646896324099,4.832485500863486,-1.291291576166278,4
-0.8607440966018025,9.396348782640743,4.225411402914976,1.6590099254047668,-6.994189206213773,-6.9396651716916935,-7.674120486816842,7.406636332790383,0
-6.135560070411545,2.317046947356194,-1.9777411895528183,-3.9081482293685306,2.6935090163155806,-6.6948900195108205,-6.035215824653116,-5.3541073974091224,2
1.7217517321745053,6.609533602766076,5.045862294619419,2.721478758765425,-5.142369071248314,-6.723336547722514,-8.345446893429447,6.696885207623837,0
-3.0720694911435413,0.656422799459754,-3.2351287634114696,-3.769457991072453,-1.6969291827868913,-6.547948067474706,-6.412078000234072,-2.8264512719982875,2
-1.1266218019385927,5.441667850948476,-8.50798591321943,-1.455741027403879,1.7394633965915975,-7.288022500495307,1.2060577262856893,-7.229419489620998,3
0.12659339258752822,4.971277330968182,-4.206060717955121,-2.658151573833651,5.760769721434782,-10.4888156384226,4.438834936892251,-6.700212917826703,3
-1.3526745910759308,9.193164781323743,6.251330357182772,2.801961326167055,-6.837699586712813,-7.36581251370141,-8.967795496896311,2.250841738093814,0
-7.268116599611406,0.22969425522347153,-5.967990433434794,8.665608856673419,-5.132452915272134,6.129024150266861,-3.973226654771798,-2.305174142423764,5
-1.7512423926677685,6.207649579441509,-9.499675055230616,10.094274437864597,5.323407661211234,-6.961416823952106,-5.581347232157207,-2.5165533224009726,1
-2.6756369398707527,3.773438102817373,-6.101295159300013,3.8481112651293303,3.0606806851574198,-7.454139318338677,3.426516939498918,-7.705539306540917,3
0.3346915663806671,5.367593519363586,-9.336823815659375,1.169187934981034,0.4362320826053978,-9.649547556282474,4.635906963691736,-3.7530187676604254,3
-6.3155912882579095,10.08636560310316,6.216518374548181,-0.5641833406766241,-6.597252497290546,-6.158147967458189,-8.955299439850313,6.058289444962137,0
-3.691643475889923,10.05801466928101,6.923567419090848,1.302074079687051,-5.669245824245513,-9.942605706215895,-7.783205770854232,6.037205451934733,0
0.9921050170908112,5.939283900248049,-8.964001937115306,11.196750474762487,4.9150983445323755,-4.091800126979065,-2.994130504876664,-5.109256523040292,1
1.7559233000137022,2.6075477653001222,-6.104597504416397,6.478232648102098,5.466870855520551,-6.756462349363108,-2.350210618967486,-3.440935588296905,1
2.650651995937778,6.6098312067067155,-5.966646778986084,1.5965300110863914,1.0792027212784228,-7.5941680348272165,3.5832733846904183,-4.58386303380689,3
-10.833749176670638,7.588023643716552,9.702640539233725,5.839574730273149,-4.380630159685281,-6.143343513529498,3.662871474648865,1.6927408725630864,4
-4.360533092996186,-3.1710929704606006,-8.320900287769307,9.15128929781395,-6.043532841999255,1.7023222230745845,-4.308597419394022,-2.2250575208399686,5
2.2891700981137637,7.33781401299508,-13.325835904166249,8.093699259578914,6.006975741212613,-4.379855813625853,-4.962450474692809,-7.717520537303526,1
-10.706187444225746,-2.734557603209014,-5.307585841328451,7.229703564756415,-3.0705474673890114,1.1740356281279354,-3.479610920399111,0.9588119722420547,5
1.9029519516512534,4.711207612206055,-11.886474045346608,10.278402613188494,5.368383565436633,-5.7819025356341545,-6.420172880964403,-7.175215592114962,1
-3.2023884613092033,0.41541930319515336,-2.0405289534231423,-3.5158640863344455,2.0476373546968247,-4.321555652357684,-3.218852613343794,-4.150228134110733,2
1.6226640555995622,5.007114278851152,-8.18636998716929,10.982676318599125,7.361987440225023,-8.634450909510694,-6.909420228167261,-2.6453661492526197,1
-8.516417549744332,13.509774234944963,10.681325060090238,8.151992181277963,-3.800713169457673,-8.25710878873321,4.696019054566563,-1.4090187047326626,4
-2.9976610741084744,1.896686773304884,-0.09891688179428493,-2.4013745395475885,4.222872806471273,-10.615867121082253,-3.4364478934084906,-3.52013625343746,2
-2.8996429865265654,9.485836932842004,5.749026998882028,-1.2711139507326261,-8.297291586316673,-7.4122366010357466,-7.713303441058331,11.321011689453094,0
-1.9921008511196208,11.06839310396402,6.71185577193523,2.8439222476852875,-5.5263425950505844,-6.057609509396305,-9.5761993278914,8.534026395359728,0
0.4274152353529648,6.340659833342647,-6.748240910706604,-0.7487321188221878,-1.7487180084604637,-9.011781057172342,1.5073123200622165,-7.706372580145221,3
1.4097922652853756,3.191717424369455,-10.366992230694507,10.9079534852766,7.77926155768404,-5.7838132742004085,-7.237039739241872,-8.491349275283548,1
-7.645455187175352,0.3320217803982277,-8.34512343706943,8.61161278927835,-6.18410977088217,4.08447454256962,-2.4534572913706683,0.9777268814492318,5
2.820563276407239,4.6005878401030555,-9.550893913834061,11.041708704428462,4.716413100129401,-3.1374372245779214,-4.920677155153533,-6.444924170374482,1
0.713600570181804,4.386265802777878,-6.949603996748812,10.775653210506226,5.836544383720289,-7.898773044004525,-9.054808309774444,-4.226150679970553,1
-1.7374586695077208,8.357266453162069,-5.0083375019649585,0.6014441685168255,1.5826015887342522,-7.167225019475081,4.288528536842071,-8.44772896186096,3
1.7320505793166716,5.677964798180856,-11.80113860807511,6.049112207414032,9.06178537623887,-4.934953378399469,-5.392732651825817,-8.054816960734613,1
-10.832895594764253,9.078245815910805,10.167917143233934,6.542410415982534,-4.6569632943365065,-8.484862232064645,2.7885242810259285,-3.3172654557698618,4
-3.968053436491528,6.482617719700157,-7.3077392700144195,-0.33906011879591746,4.180884285963211,-9.285357304014122,2.1536729354269637,-5.774049885512413,3
-3.0868019183659294,0.08435454707667195,-2.368819313951941,-1.8362286666498489,1.84227824556203,-7.867618909477342,-4.2853263379033315,-2.3639277217774572,2
-3.217641022570306,1.562941597669667,-1.6687847220082888,-3.304037189344702,1.769031984768643,-6.136534543616884,-2.6969433268480474,-1.2349585473573892,2
0.26971195663933756,5.560882447347727,-4.6752554833454125,0.849387235223722,0.5794700543765998,-7.3520511413167995,0.756993111973298,-5.588995504981362,3
-4.456232359597018,11.195688549859666,3.6716288592585054,3.4298392834376443,-4.3616524446631,-6.1494087761073075,-11.23218185769945,5.854383449083037,0
-8.75900818828522,9.302446705628412,9.208786128365247,5.558537299502937,-2.695761560286857,-7.550370774046551,5.749527189318768,0.5900344830864785,4
2.8638109238638556,5.646873442538783,-12.115262373396368,9.724843238433529,6.356503277105512,-3.0689232409947818,-4.879267804972708,-7.340622108200412,1
-4.598323735220065,-1.264897994674703,-2.0638480508725854,-0.201391607899148,1.6167109080610818,-7.730277141312643,-4.464474518303119,-2.9105557476164945,2
-7.447256696230683,3.771893493027245,-10.199441656445252,7.733924783289323,-3.7474602183673786,1.9432605194262993,-2.709438767092908,-0.42823106439540204,5
-7.079718600722656,8.10828077734719,11.396128238481923,4.650523674348692,-1.5513301245146534,-7.767562738979422,4.324335315473076,-2.803389506719056,4
0.28108076842204066,4.327972531279267,-6.339909977499503,3.4999522095476174,2.1052146377757004,-8.43789421727994,1.176600156218959,-7.090496899899517,3
-1.5884599335988945,6.732681969119758,-7.036690931613769,7.773385141138572,6.284237954597386,-5.600245715854353,-7.90006553928537,-9.140073052965182,1
-3.6721990613827327,-0.6025698098251289,-1.9245883441490248,-4.288248480403032,-0.2667091854811474,-5.985093816586851,-4.9230145315983425,-7.126709092203124,2
1.818850587733407,5.723847880357532,-12.849824553895427,7.708104034478681,6.911047058786765,-5.2258041339420105,-7.822352316127814,-5.916837816910269,1
0.9296040647598778,3.5837120945019176,-10.220417163887486,9.276296865174258,6.12289311526237,-8.004114657802273,-7.237977929836348,-6.488102916169845,1
-10.069641293625923,1.399820676993344,-9.37985184122722,7.712757968397133,-3.7195114010971193,0.46349532739901367,-4.08610950256008,1.117959187778081,5
-2.5842705492594447,9.777551451755317,4.76279386192451,-0.07961787476097948,-5.285600280035846,-7.670120126334046,-11.328858794491612,6.638538657953243,0
0.3706092881616858,3.41794942522543,-5.285591586490038,-0.8734192759668757,-1.1257399130823629,-10.639107292661796,2.1949511335146217,-4.357249696665663,3
-8.430053837930792,7.986741551128654,3.795771998710241,3.8741872543026465,-6.8713930301447625,-10.360529831719042,6.690816718902225,-3.2690163866667326,4
-1.5331088495718963,3.5096088339937284,-5.130663889530197,5.6418202651345934,1.4921458028345478,-8.347863818364926,1.2743644727248253,-8.639573398247515,3
-3.3376095386083016,9.362769871796283,5.400820333713833,-0.8218634222121559,-7.741644530905023,-7.28802474592169,-8.428454787525165,9.232820524982104,0
-5.212763523951466,1.6860320604250603,-0.33882279135840254,-3.827544168141088,5.0279558983248265,-7.252403621146463,-4.568131003575459,-3.3124708638455265,2
-4.352399319749598,5.861668841283483,-4.64001195569368,0.7317536236380442,3.3492663515938066,-5.927268638944181,1.9212355384095523,-2.09727627300796,3
-8.909691815323447,10.894604878149904,10.64542573471274,3.370669585078607,-1.8028695391103153,-5.006957795317194,5.338426145065909,0.5212265524672848,4
-6.537492899316998,-1.301727317722616,-8.715583321868776,9.165561439748789,-6.316840951137838,3.351464317125458,-3.9015360346368424,0.5195199319417154,5
-10.63423330461381,9.811517311658044,7.579320244030323,4.079876557300554,-2.9767165151891843,-7.003601881602964,2.913441461241588,1.0943094404840354,4
-9.126987021313354,9.955860231311409,7.478826866065285,5.013201289893493,-5.7856980544374546,-8.119749221887764,2.3099096880672265,-3.6300598192956444,4
4.042424086006816,4.069446805849043,-10.349085699987059,8.336064078718781,6.263151660063186,-6.447671153352237,-5.477696800884816,-5.659414094954997,1
-5.52841284955217,-1.6720547551350036,-1.684779643297069,-0.30028842718277193,2.9734402036122587,-4.497142733714224,-4.5642057935926985,-0.488972135958051,2
-9.901090976529535,1.302400133533809,-9.33458380756051,9.381723086826144,-6.187179737240969,1.0264077325627916,-4.259624328968766,-0.021480541003559173,5
-9.264473377237184,7.193575101337991,10.069854672883654,6.229407382919485,-3.5458211606195813,-9.400495029399208,5.045760249746588,-5.048195878459183,4
-6.303733555852822,-1.1908825826724088,-10.894815324514125,8.102822666951147,-1.0001505396292827,2.840844747403623,-4.097093727842159,-1.3835345714130378,5
-1.7188936862264177,6.822215630316396,-4.754657628872085,-1.5357821617573213,1.4307084422200362,-10.275666736163782,3.430820925574592,-7.343442389902012,3
-9.036064010239071,7.3136381347747434,9.78720907036641,3.662153228643892,-3.687497991802411,-9.638194335994154,3.5549983376500167,-0.8910246171453566,4
-4.372378686467416,-1.2909356398370655,-0.9212103774455456,-3.8483049232020825,1.7207755504476454,-6.972473161932755,-6.005154773948466,-1.456902585043792,2
0.24692524621932632,1.4712485291764863,-9.601687373718281,10.959536069837995,7.584778404946746,-5.662487148291652,-5.597344538709612,-6.375452414735895,1
-0.16760357259080472,8.8116113703169,-8.114956428106796,1.6686602643781907,3.2382485871191986,-10.092135382046882,3.110103194911937,-3.960019684187143,3
-6.748107716897699,-1.4113074994742316,-8.774678429053521,6.6030403070559505,-6.19431108589853,3.91108450642021,-2.5825049989359483,-0.8753147286155167,5
-7.685052704353165,8.782120454525078,9.985362024112732,2.803214321380958,-1.8003815697773051,-13.544257543341157,2.977263579801673,-3.7500870103184276,4
-3.350207117429365,9.06613734954254,3.563901882617963,2.3304030214131495,-9.66718189936771,-7.7537764713827,-10.585721677193717,7.540064272126369,0
-10.811344805770624,7.572711419957575,9.691827478661528,5.923471035893228,-2.3594934842045747,-10.188466899839396,3.577546918030019,-1.496168913237828,4
-1.731539559984531,6.538599745896937,6.3721845224474185,1.2193702410321263,-7.029445093133943,-4.7588349572084425,-10.89778946637081,5.0881338193179175,0
-5.839586665487529,6.520388370635429,9.753756014527386,4.851363456906345,-6.2872841486251705,-9.861247335551877,3.605877298498128,-0.6373873025702643,4
2.622152532945417,2.1124721233431356,-10.954596377398122,11.219447355063213,7.143918712235716,-6.656102499731479,-7.737062081734215,-7.156539879915997,1
-7.733742371743942,-1.5438645129181934,-8.973935969013239,8.250056477747883,-4.8708151725765045,3.4904747569702708,-2.4572961928891637,1.5263112070995843,5
-2.6586165972926676,8.167354748280928,2.216726341538874,2.487718822083514,-4.071734276515683,-6.850666984022445,-8.47790516903993,8.431879323685678,0
1.2281165875645104,4.376910934211667,-6.722803342363039,-0.2072029844466739,6.9012088591378475,-8.097803485588578,3.9622063805053136,-5.3605163872487545,3
-8.707582166088631,0.45012971433782223,-0.0932675640925098,-2.584188210393598,1.1213304408516558,-7.691459246087215,-5.142944035523842,-3.301042579767901,2
-5.937295184730773,2.5250247773336865,-11.325174603010485,12.218349723623604,-6.929442285576414,2.5113176088778197,-3.6472692113722616,0.6668079665383639,5
0.07106206257802428,6.11975695070578,-6.383235489430421,-0.13519538483547083,0.5089713973826651,-10.371783200655944,3.276663226954744,-9.405041684094913,3
-2.2119428317268857,6.894932102418668,-4.959055196717719,-1.2379557495153062,-0.6765543551129456,-8.868464854843356,-2.4999414400445374,-8.42739632999459,3
0.6384664549786994,6.201846776596065,-11.485673840866143,10.7295442726382,7.96182477746231,-7.311885671510033,-3.1901028967818688,-5.961464234583293,1
-7.483610687898987,-0.7941337878992814,-6.814164360702187,9.423138235409283,-2.943432528863502,2.5762740074979105,-7.490917520895453,2.0334089369423003,5
-3.3694308355004567,10.062932255958701,2.9275723355971706,4.723634664487646,-8.313759444898569,-6.529225853755249,-7.571352860015102,6.410498227178523,0
-7.078666600029276,7.062825695499374,7.575669452284777,4.34271581726356,-3.2330550204200534,-7.236289405954418,2.928529271501532,-1.5688514832700131,4
2.596788384432762,6.296218266597213,-10.704092878749824,11.219237572788076,5.802586609440987,-4.509064087566841,-8.697514083907098,-5.955693323945422,1
-4.038345003430586,2.5189940646004407,0.24391957813121978,-3.8045487758376817,4.016687163303761,-8.905352522469846,-4.6778339555436474,-2.0394752289578326,2
-2.584382119452162,0.19035151615658785,-1.8104904204339387,-1.7770836557711105,3.7296001222271693,-7.094346163105747,-6.763841491823722,-2.1223629640381083,2
-9.530306160289022,8.202991724782944,8.67512308274312,6.7232501930018,-5.269943776283254,-9.183824110759002,2.419716033421718,-0.408750936888727,4
-3.873792131888319,5.3482440058904785,-8.21167428246476,1.4239471032497573,1.8954772885984958,-6.5776144989790275,2.507815875208177,-7.75217000186961,3
-2.5818537882380186,6.7197288902286445,-9.116612111861361,0.42936865301690835,2.679507198214134,-9.215857729197447,3.900053673342163,-8.782415500980786,3
-2.012857475644223,4.3293428340272815,-3.5525087274642804,1.977452019581248,2.463915412074485,-10.85289816974128,4.942891066393461,-6.704882581886727,3
-1.6152394839415736,8.763922326401268,5.1885610399422495,3.962720289294274,-8.126627711567458,-7.923131325326156,-9.332663779992663,3.9561904374741714,0
-1.7564248292461797,12.170037294729841,5.382680817224907,2.9477865144263538,-5.9637147013031075,-6.244834921464107,-7.3476622096470585,7.956120805395768,0
-1.1191616221075165,7.116147844822555,5.580448257248477,2.964751739465322,-9.937734217811277,-6.731342798828891,-9.587921538012516,6.109498502802103,0
-10.955766178669204,9.913559232855361,8.253206818420066,3.8754050484870164,-3.218903049286478,-10.059825912710899,0.33886100965269783,0.8784650024771041,4
-11.537822847853233,8.60932247071051,7.5841817915771434,4.139054003616545,-3.051510818913996,-8.717375768936707,3.4562258919288813,-2.26844601925127,4
-4.182229274552097,3.1049726566895637,-1.2221239858559076,-3.989154431414083,2.0132653204112483,-6.895703705357219,-2.237846487458982,-1.3194129826306653,2
0.8509455577226301,6.324957417540997,-9.24839515106655,-0.019093139189338748,4.996540372998449,-9.272057586937235,0.5535035282079785,-9.446321157142556,3
-7.540951001213651,7.351682174302139,8.09042585090202,5.314960311354961,-5.289113451569489,-11.054693704268301,0.1337585895018485,-1.8078415100053675,4
-1.4127334875152016,11.257501049668917,4.155262446149712,4.126929355163544,-7.188913953468022,-4.525573461164116,-8.873298552543408,8.455093113585546,0
1.910537245770347,2.885474760170847,-8.979477625577866,10.503318466197705,6.877154275531044,-3.187294817687388,-5.628080946938282,-4.870138254822469,1
-5.159969400595731,-1.3277700426633237,-0.2656996330586592,-4.565661913800509,1.7842233255853046,-7.224612808755933,-5.549389381496277,-0.1875676354241591,2
-2.108409062499348,9.568603263393483,3.5518392817025157,2.3447755993983375,-6.41071123387338,-8.023071862118135,-5.8530885388044,8.081655588957563,0
0.7622179298582452,3.4095189588438664,-9.965878272271064,8.614286609681546,2.5688107495822807,-5.135578396500781,-5.493654050609017,-3.768871736387353,1
-9.461940461896544,8.515205041001288,9.603994617220398,7.526102613269321,-2.5418638052279805,-7.666583332988858,4.373065356812095,-0.6979630598552125,4
3.3426593055547773,4.9324941671854505,-7.417544528944557,10.121861031353355,7.366582222811392,-3.260930951518889,-4.601549326693654,-7.678321737189774,1
-1.8990330877242942,11.199128468240346,3.6316503080003466,2.89163677335518,-7.055409788114368,-7.174648580501418,-10.073835577123017,9.988488057397147,0
-5.377479220169545,-2.139395093256315,-10.596691467484627,8.990222733777708,-3.7336565362104586,7.0156387089445404,-2.3403247930733,4.242614913638062,5
-5.510142492420238,-0.4737828158407338,-0.3230167213151647,-2.249082852022787,4.774297203321732,-5.520845605412648,-4.675622523378488,-5.138416044686906,2
-2.486789675258541,9.916346728209385,3.6936472684872257,4.461487338576479,-8.66287889516417,-9.662837836752427,-7.067591077776303,3.6841292655687834,0
-9.815179188933664,8.893083025026009,11.55924478285883,5.302993976628776,-2.1109567123999593,-9.502557084054112,-0.9355216299906539,0.76869678109703,4
-1.3435780512191442,5.628538728879753,-4.553277061180024,0.7478052717880446,1.251142290238187,-9.847717539817154,-0.3559796939472073,-6.216810690861818,3
-8.99968854912968,7.680890708055175,9.57396010907695,3.877692990085681,-3.168427745705991,-5.646207377572731,2.6111707693881554,-2.218775377633473,4
-5.428858360210156,1.9427283178588761,-1.0246443249253199,-3.314561453392022,5.004717714377579,-8.529200048820517,-5.635993698865775,-3.051044635519254,2
-3.8397627059117676,-1.7438682411880446,-4.688614883391296,-6.622469553209771,2.812683021113221,-7.159291246642947,-4.493368865385249,-3.262486184910385,2
-0.4592668521390411,6.947219847517637,-5.6626550974065735,3.5266023317825805,2.1299355959248656,-7.4840690026590515,1.632322505230202,-8.043069581136391,3
1.0779568553433925,3.9686556936819337,-12.55780337358545,10.176256730825317,4.878702164685062,-5.59056856792883,-7.2343397485372485,-8.056300098819873,1
0.7953089946755167,1.3055412052139364,-11.065073151482501,9.548447413896605,7.12913289486367,-8.92014529842872,-6.583039380728708,-5.430453881615912,1
-0.39315284270367223,6.233240653445057,-8.358064140310814,0.03448800450429418,2.2458485260361973,-8.337310371543875,0.6719155339261116,-8.619594186300397,3
-10.839072553077912,-1.2753230440452485,-10.01530863659078,5.786965826947151,-5.456811449832655,1.0565490503090538,-5.540442377481967,0.7878919588883317,5
-0.11965769495274214,2.744382461510643,-10.949562511888997,8.232132729036072,5.878105534511594,-5.365053285546571,-4.978421213990196,-4.601802670501665,1
-2.397812293882544,-0.7553671421145787,-2.1471204714158003,-3.6961845249733045,0.5345844108546738,-7.495854418181923,-1.913571686090405,-1.9875560980991849,2
2.488354099968586,5.4338263547324,-12.869993966650119,9.894307161440127,6.998563038206381,-3.0831248563533484,-8.809241427479854,-3.840411191128511,1
-0.5089517944707337,4.0122928213717,-4.416144905784278,2.19029924787334,0.221569852837727,-9.547862424314424,3.7424060801431205,-6.591609581062312,3
-7.169807831572439,8.999763168476065,11.34765128294008,7.000620074256293,-1.3373802461630784,-6.737648611138344,4.899605858637865,-1.3897307630250644,4
-3.639283377463007,0.889611985440466,-2.2003584095578423,-3.468817087536414,0.23001619888358782,-8.27497697417305,-2.9439153874479604,-5.480556496593769,2
-6.2101985306592224,-0.10698913616188632,-8.61180223742574,9.483071508031022,-4.840703888335888,1.3168356256361005,-3.2866275692264875,2.004915113489562,5
-9.324906722761586,10.879865495461944,10.806550904395355,6.955598760201061,-4.671007323723779,-6.978841689497382,5.4279546481514735,-3.949066496873326,4
-2.9045675621700386,3.314843345756097,-5.325141032610567,2.5896076449244196,4.556682764122581,-11.03004809393616,1.5062989013849688,-8.956261933366026,3
-2.246137359830577,3.856323664831282,-4.002292345131931,-1.090118438092694,2.9100305119594028,-10.15849787241385,0.12418865949569113,-5.621198165771256,3
-0.8195067285470672,9.371468390804978,4.552048435242043,2.430056203712983,-6.045831305744329,-5.847764655755856,-7.949360611030492,7.466852005507102,0
-3.1811962987127016,5.509570346706387,-5.7289792917629665,-1.127522297836411,0.8543163933493285,-7.79638297866298,4.45738622604674,-9.972894106247804,3
-6.354345420507313,-0.02517987035422381,-9.07983892873741,6.380233357956111,-5.1835926340359775,0.37882136513160347,-3.9857472188531125,2.5134288417187203,5
1.3017111288535066,4.812407772144562,-7.963682388203594,7.523266962483846,8.292149499005264,-6.789813449868911,-5.783580845306745,-7.147740127516336,1
-3.0259457632833087,5.840840571881085,-5.84191207501397,-1.265084824453715,-0.050501605844534,-9.841504838028419,2.2547898037450755,-7.321604216464503,3
-0.0077893555924937186,8.086955775526803,-8.649300266794334,-0.2890731760986601,1.4705796498567962,-7.883351372468821,1.042672677867354,-8.511715515877833,3
-9.27465656011571,2.40438272583359,-9.417560205609227,3.8711160659198187,-5.307475008100817,3.19780266141528,-3.4147854413511216,-2.79684395425484,5
-3.4224893904660556,5.110807331865594,-7.073593685141204,1.166879408784565,1.3224470765165814,-6.9542228329315385,1.5358679324818065,-8.567731061511617,3
-8.57964783479341,6.998648787316578,9.524070672997313,6.13454331285418,-5.672411798302419,-10.220015866028714,4.885682264798319,-1.921750849493384,4
-3.0340682246091855,1.8842093999341873,-2.5225197612888755,-3.696704200551018,1.9437509472103036,-8.960152227319977,-3.0096350699143732,-3.5757398136206193,2
-1.837046438329804,9.985247077343395,7.930348539955368,0.16374818741926678,-6.121815868252943,-8.362319401246408,-7.949507522488413,5.853624497120952,0
-2.095339786484129,9.354669769570577,5.8924768121458175,1.2833687726205736,-6.226742636212461,-5.998833477638085,-8.12668966410546,6.002477023015276,0
-5.808348130938187,0.8023091658251822,-7.630835259062099,7.977533432548571,-3.59105242650155,1.6480928679910765,-3.8620758412132608,-2.5290165432254614,5
2.876669510734038,1.316327191815553,-9.967273392679436,9.18348074038316,5.176279029917355,-4.061923368263953,-8.063085163607242,-6.549306680313397,1
-9.19598401252269,9.613368381426262,10.855212592947566,5.059398157894317,-3.040364841103963,-6.23031073488347,4.886661591211921,-2.46196629072117,4
2.5995094423263114,4.2771129113207005,-8.698988469963748,9.035753087427345,5.96016849792729,-2.5396609688637577,-8.719267154275233,-5.157589037548542,1
-0.20316036054696518,6.716906686311218,6.500940839676037,1.9895425815720713,-8.450041032827992,-6.1407440344547135,-8.519832243718458,6.363175912044632,0
-9.242632853217136,7.804649567527108,7.218348261255366,7.5487268908342715,-3.3619030539871484,-6.759051311561669,3.239380515965506,0.37917715794895845,4
3.1377924281327405,2.3899583241100917,-9.171260266555628,11.506262353667726,7.56670395725118,-5.660811151766913,-5.339920645139756,-5.607915473167032,1
-11.099134919633364,8.275157400587506,8.951030790654535,5.691431212756013,-6.361360204244005,-7.35146212815413,1.7951954545226794,1.2768241845610735,4
1.1281941680853036,5.2317947266700005,-10.737978444930416,12.329588415363569,7.200492772156107,-6.745254504957216,-7.305407375008826,-7.15398940726418,1
-8.98877948426149,9.100643185077255,9.26957525222832,6.164771563708376,-6.508816948502896,-4.315278353049747,4.0558290567519535,-0.49684237218856164,4
-9.242953917566506,7.579063233774471,9.554297831043467,6.6307900193548654,-1.824830412605014,-4.722369426248646,6.047896376627482,-4.023396402679907,4
-3.8616285484868693,-1.7819278107929466,-1.2020140939912307,-2.2284783297600583,1.671522261989535,-8.068049635823424,-0.9605553914922047,-0.25724022342593234,2
0.3922119187190338,2.8579545107406368,-10.316857991116452,8.83202270272772,10.113687139538927,-4.065824780854768,-4.723862076207222,-4.462181220093913,1
-2.636430790021818,1.0773548120848435,-1.3492002050618217,-3.84860928778792,1.1362437906958496,-7.699881816288898,-5.086123476899967,-1.2305603878398947,2
0.5061404664426243,11.483475773433824,3.857719761370063,0.1817817906783139,-6.654209196093344,-9.70961257817651,-8.32125941394036,7.0873587774208335,0
-9.694000900228582,7.80374297168666,11.370751082249273,4.68516401916237,-4.974483516653311,-7.774640088355848,2.40633859399824,0.2030890779817216,4
-0.7322964705229191,5.93373004805407,-4.764198863782427,0.40197201523732856,3.607811437993366,-8.60439614453895,2.3677631398726744,-7.708258082244759,3
-5.024150827458877,6.634719504844835,12.084791487133238,7.156771546364824,-3.618478187517432,-8.535333681594949,7.852917411992414,-0.229766828928891,4
-7.797150556254569,-0.23669185876239981,-6.174672580737916,6.035242272681826,-4.253488164834853,3.152116491059319,-4.1667528097868125,-1.1240197831784036,5
-7.49332497640638,-0.645819399533283,-10.262896590463745,8.231691816071606,-3.7407813266898344,6.09117675603971,-2.884202577979958,4.046144111723501,5
-5.439892780701075,-0.7292410912115833,-8.754499069930297,7.5682585164598155,-6.453933166254405,2.619009203425246,-5.565688167066942,1.0822500054632105,5
-2.350265934365989,10.216505525593185,1.9688303864339063,2.842545991748628,-7.939825205464625,-5.967151723526891,-10.059542407104038,4.435711554435473,0
-4.076077991504967,9.275662696063602,6.7423988066674685,0.45517177151193167,-5.181617177531882,-7.573532899973792,-6.033216073331074,6.739278734381561,0
-2.5559438724191264,10.25447032274086,2.967031659149616,1.9311524147089685,-7.8788439192929935,-5.684940249108411,-8.787941257016817,8.427640797637283,0
0.670100155666356,8.164732691699179,4.1036583863537786,2.5209102191241266,-4.3929705180076315,-5.513748030792389,-8.174542956056953,8.064784563687674,0
-5.288145805509505,11.564742283224952,10.058919436155128,5.461151988403376,-3.321456153027267,-11.128470880925958,5.011039110244777,-2.8930032365257503,4
2.9036007711577834,3.8383378459160786,-11.588351163024118,9.88731894843953,7.531151277089308,-4.5919039495724014,-5.804632220091255,-6.765694040310379,1
-2.53088116208806,3.697493096674636,-5.640809018708766,-0.9567056308417561,3.820098097268514,-11.41080891658787,2.9290621673482806,-8.198700308361417,3
-7.425120437001028,-1.8303976420266914,-10.277545393181876,9.39156070867845,-4.504865398049299,5.163949950574789,-2.411272487643042,-0.22114666268115046,5
-6.831549189395784,7.499475299845436,6.99690128157919,4.781154332978108,-2.6777459739882365,-6.225810537470183,3.051016909654479,-4.186248223030606,4
-8.068129231368722,8.859154494807989,8.735487970426773,4.173169571187869,-3.697069798997881,-7.984909275622011,2.3412421907939134,-3.75194503755805,4
-3.710196925834867,-0.8118497676991758,-4.7965109871033365,-2.5781298863137474,-0.16676447625563817,-7.038624443307297,-3.624303622177173,-2.150262308745278,2
-9.296663629570704,9.233906715728189,11.80559871802549,5.9580545049447045,-2.907103807723356,-7.952850571581257,3.50965865863785,-1.5700306017525534,4
-4.731018343750481,2.496966893475001,1.6734330488204066,-2.3088936671217204,3.130056315381022,-5.991291224937124,-1.1868422007735004,-1.4562522289110877,2
3.443815323437863,4.019681785763134,-9.58319332909949,8.55842190672079,5.128859690376923,-6.637619045740593,-7.598938997797096,-5.286520388857907,1
-5.271430259553302,-1.7401594043904,-1.329094475433743,-4.221266253695584,4.110550352240166,-9.176834710764815,-5.017835309334193,-6.10908831695313,2
1.2627893635991634,1.6575740049902326,-5.022263230939625,-0.3290161347775393,1.0569148222077809,-10.160794881817258,1.5686641042139566,-5.596210004794979,3
-8.06959325315968,9.17463293386599,11.679867749033834,7.681310220916709,-1.922831975698225,-11.298200295314379,6.211595334057464,-0.7700515726845405,4
-10.148778113664605,7.365121020209893,8.331365530002032,4.8209778967415335,-3.7274070020574412,-6.637153766199197,5.406518814007744,0.14258884817383244,4
-10.788916621717103,8.121714467648985,9.057935605883282,3.7565839721825456,-3.993710509182541,-7.937008796559509,4.892778501118154,-1.9229746856627006,4
-3.0994464872941094,4.320165647582115,-1.1813683177381575,-1.7575913400188838,2.8094660279305925,-7.369368111195568,-3.919430984957569,-4.627541325634181,2
-4.06779257699894,10.139770795058016,2.548087184658559,-0.5834257312510083,-7.887667158405501,-5.708980789260194,-9.153402649431033,6.580193190513714,0
1.0445641349014272,3.7762926695384276,-12.310134872911538,9.996696384249555,7.072023511930634,-5.651294010809243,-6.710423936213417,-6.800322472967252,1
1.4446694366594137,5.334381797233441,-6.663428872230901,-0.29509356116352525,0.3238968236905606,-6.296632628052585,0.5406370331345627,-5.200230621570267,3
-7.596847114244376,1.9130320130791092,-7.822577014479055,9.067995627764336,-5.058879755265144,2.6040201603923165,-3.808326515554624,-0.4886913471070162,5
-8.060599712414596,3.0512533406177056,-10.011176135519452,7.09040944264396,-4.985187759109962,2.0856154382627237,-5.7636287724419155,1.565524190368816,5
0.5605725111491826,8.449063511497268,4.2790893588926835,2.445988390485274,-7.773700501367202,-7.379424684560319,-9.378831907342255,6.319649740416506,0
-2.0124786878412415,-1.7644851712237233,2.416311847743062,-2.7716376613088007,-0.6077029610761717,-7.56878891414465,-4.42678049474133,-2.0457445278187865,2
-3.2999016599598106,9.4684374358827,6.179882983353379,3.838121516171337,-6.973759757761705,-7.233600353179327,-8.532528982497784,5.483990958862854,0
-3.598704230728031,5.998300156816567,-3.1815760467120047,1.3735696287827641,2.9271701709002165,-10.50687442551794,4.981396323073344,-4.3867685748905085,3
3.281942303860838,4.896772337218613,-6.359868813003847,9.468450326243337,7.572472603529906,-8.074678472184896,-7.683437754403974,-8.25322020266739,1
-8.372814096475953,0.5146962344199896,-7.942673262824544,4.469669036270407,-5.330283203408264,1.8051460593204052,-2.706355197421937,2.605901734763903,5
-6.176212618528016,6.628378174974966,10.04194436152038,5.216408583522189,-3.143900727485764,-10.857453472603565,1.6280357631982372,-0.43645010199177214,4
3.5445180807973387,6.444473413048048,-5.149637734734715,1.445822155468099,1.8863599305518306,-7.208825501851846,3.763769506401328,-6.022515210816064,3
-4.703949340633725,0.9074346027351421,-5.503526920943376,8.443692430419448,-4.461780858825035,5.562172904449535,-4.003583539765582,0.7968740522198152,5
-7.638109508133899,3.8083568615378134,-8.792880066973682,4.626076411243419,-3.59222052978516,4.145590039196294,-1.9108266195809227,1.3587975886710515,5
1.22787292053702,6.026185223839114,-6.622205028561387,4.193812806428075,1.6623499737918899,-8.663081599322046,2.431601589357305,-6.797348903776103,3
-9.892871757607814,7.2141415776026605,8.373357517295133,8.073340610264344,-6.643013649050928,-9.992104911955218,2.9506293550018863,-2.758024073867391,4
-1.838044882094668,3.084099485521058,-0.2676320571754589,-4.2225821800742604,4.8206247792586066,-8.29966972441993,-5.551041395748457,-3.6351815577579405,2
-7.312261533527085,-0.01215583763276451,-8.09626410595233,7.141310196108405,-3.906212782422329,3.4348588954009363,-3.10836833055646,-0.6923907826487192,5
-9.806470530282951,8.63447547086029,9.585370937462795,6.05610375260758,-4.732253271134673,-10.932065809684508,2.397736403644993,0.5221469459534203,4
4.412927270491096,4.4836828498653585,-9.897358473843278,6.232781176722951,6.690749054705713,-5.639158169555338,-5.341169753117595,-7.4654907653778695,1
-6.056197896803473,1.877641769967494,-11.915415781695923,6.112505609434757,-3.6044744526089563,2.9746180155144515,-2.119836579602132,0.7882736942564537,5
-4.335900205666358,8.704430993350773,3.492963123263613,-1.0132889033761643,-7.011916288499589,-7.0749056066892,-6.4168081674486,8.332821610786347,0
-4.388639205143267,-1.521901952937092,-0.32737012693731793,-3.402104110237738,3.3502094157997124,-8.439035355702153,-7.330828114279073,-1.9250333266931272,2
1.5753398395731013,3.56796179014864,-9.718219208700702,10.734730539823623,7.18657347601699,-4.95303725904109,-5.564206402659263,-4.916801903120543,1
-2.6097895246836194,0.8998121593857586,-0.6956233726655399,-5.920623141354755,1.035415003537154,-5.7773864290794315,-2.817571850529747,-1.5146840678150923,2
-5.963606359652116,-3.4575018289102584,-10.439822379202335,7.351534565531446,-5.672217166454786,4.080330227148249,-2.826314521628573,0.2828780522323268,5
-9.762657557862282,11.473377074612715,9.110759059149244,5.627941686148251,-5.6849873103826685,-7.730901253954593,7.29167236070064,-0.5352088605647685,4
0.7893115146636334,6.59447570954818,-10.09167242999123,11.846494041314383,5.62144933787787,-8.995742228993574,-5.719984135998225,-5.934237634740944,1
-3.7896599292930864,0.9419090394853193,-2.706400109653337,-4.288751448079569,-1.0520617438823567,-6.978112679180977,-2.2764019973662526,-4.952356589080054,2
-7.870217056215624,9.570732022899294,9.0455577916446,5.5209552672245845,-2.1119359040507852,-10.119561798106139,6.064433773840966,-1.637658616004476,4
4.441608953490501,3.9152151175438923,-10.451397784129421,9.675105280952772,8.703381258476096,-6.0254938366757305,-7.89129118639251,-8.797122296235903,1
3.2043438356564886,5.075338856525194,-5.238631859554492,0.9221460869124123,2.0702040592567306,-8.025790233053979,2.91701094039649,-7.343203238870001,3
-5.186512038405224,6.9152703808571605,8.269372798791577,2.5416964451654818,-5.68351502829717,-10.87683819496679,2.850584698140212,-1.5623350734345829,4
1.0318748582008395,6.3138256683707334,-4.020734960840207,1.1866323241585195,2.535250850028096,-8.48405595546861,3.1324062646690067,-7.206380082113787,3
3.9662108058321266,4.330684169559506,-10.119156148919346,6.952450969225028,7.145716236671162,-7.537565351187948,-7.632516117640287,-8.237103084109998,1
-0.9920532869884942,4.416251044349741,-4.958556686570664,2.9697853745104887,-1.6987129064960396,-9.19499364766039,0.5983396789670057,-8.974263116740332,3
0.4443352329373722,6.373641924987488,-7.2087325542512986,3.1399059966314495,2.2422245416472806,-5.848703696976342,2.4503330170325004,-6.982562889655024,3
-8.520476543946286,-0.5563101509793345,-8.945679279996305,9.362677984066156,-3.3824306300886575,3.942463744403988,-4.719050655312189,0.9924747397507596,5
-7.507224060262318,-2.043947806570708,-9.105123512474306,10.578152243806217,-6.883039398114763,0.8587614845835083,-3.954642275055938,0.349035928313316,5
-3.771618230218339,-0.5611339059369385,-1.394359121383127,-1.5525417797075196,3.626904387946195,-6.884215141396828,-2.678748094627484,-1.7997860727168407,2
-3.423084006705225,9.930418578368176,6.878847534765705,3.452583576601162,-6.784218599278992,-7.915208437604865,-7.721170454854266,7.9530995321735025,0
2.2740547431411,5.723862098421972,-12.90372629983833,9.070305084453313,5.7477172415402435,-6.876349463706672,-5.747160412243021,-4.538812672655171,1
-10.661378439405954,-2.2990567826746804,-8.909301197141463,7.337198229087039,-5.34973140362957,2.400701077742086,-5.018699100593259,0.9085243505688195,5
-7.1131231291790975,8.278636626571517,9.42537600654575,7.215356589544424,-5.058823733163871,-7.827124516106863,4.721804500784796,1.432225692191988,4
-5.436507675943757,-0.022090982375226775,-0.2659107876426514,-6.19142983228277,1.2653348377792744,-8.158512754018279,-2.6503088607126437,-1.827545917063066,2
-0.8488282271830805,1.9572512824776376,0.9455342661898358,-3.7136417539615723,0.673966980702688,-7.005150623769569,-3.209233417475946,-1.5466713225236461,2
-1.0453313774433262,7.002303729887726,-6.104778038218657,1.4428962668331042,1.1179369517200324,-9.690598232158369,3.1141810751649657,-7.120354956245761,3
-4.161235868696814,9.650969408113216,7.534768995801078,1.6242962513129338,-8.235841476941806,-7.923451815024844,-10.581740616383833,6.0679038624943775,0
-1.3880766436598162,13.517733239354406,4.472930367449075,2.60246096394925,-8.060518525009497,-6.590107733112666,-8.101893156664325,7.635270659930924,0
-6.943082507506566,1.3174956467398677,-10.282316158904967,9.043578616498465,-5.782045234469416,0.22049140174794246,-3.033995066715648,3.7203732450277394,5
1.1113379571343556,5.108120435429918,-10.960683196651981,8.782529805473374,7.538040300877064,-2.4666698801369167,-5.394853448237593,-5.5756861821473045,1
-8.372963766417566,1.3951932424042974,-11.147219419693746,8.590792257856409,-3.128123674349309,3.9388417368666206,-4.672939163838486,-1.2006135699130276,5
2.03043686866935,6.604863370569118,-11.146806365153106,6.275408868823167,7.376973737161029,-5.929859648677018,-7.49954079476215,-5.288581423163471,1
-2.53640734222688,9.822319869436349,4.775108397532625,0.8314342120892506,-9.792843635634496,-8.009347166228531,-11.06546116615878,10.050086240393291,0
1.9712060107828786,6.4527773221682105,-10.068819142188708,7.512698302550805,5.981277079627132,-3.559950852345233,-6.250116660569769,-3.242856588441308,1
-7.508699853335353,1.8631965766910548,-9.199892537563196,9.341328029052802,-4.387304025453547,2.3377643868566627,-4.0644149747737615,2.2888556133975797,5
-7.07980334045368,-3.2712320510982265,-9.312032689902138,7.196964824399663,-2.3946776272251693,1.686887102907906,-3.5790927415528326,-0.28477197906440643,5
-1.0784251838512544,7.788170088548039,4.216605398300546,2.558385661689397,-9.986135672143625,-10.695958407596878,-8.284540030559654,8.11074576440574,0
-0.5449272350954826,7.078860498292393,7.315994655168427,2.643600098926404,-8.007646160364724,-6.969340117528276,-7.945004696601254,7.4451315417585615,0
-4.406085931830997,0.5033576575117163,-0.7316942760061454,-4.464297661456344,0.5896094853397187,-9.447054050829216,-0.0012074974952778206,-4.480467182549467,2
-2.3623803805959467,5.834175864836893,4.288403815688082,2.5445497983595264,-4.514996719564844,-7.709341942513783,-10.13191752126511,6.520711645763445,0
-1.5682749427842193,10.554038399024833,6.153299886715525,3.6909647941928467,-7.88898007241664,-7.356696481206924,-7.60787710792837,6.479700416875311,0
-10.609709069479496,1.436566403359362,-11.815139719281818,10.463912004567357,-5.2691988417327025,3.8652897768653895,-6.943634363766943,1.568661488025241,5
-1.2335937471004383,0.2879226908410173,-4.952922497491169,-4.5625503345156675,4.146488992684184,-7.347625942954091,-1.7101779833889137,-1.9480565851056562,2
1.954382588445366,4.972349792181788,-8.71589654124216,10.81732121519696,6.986652458959902,-6.422416050882207,-6.923018648431988,-6.290834098599144,1
-8.853381821597475,8.135906066528696,7.891338194670602,5.760995326404248,-3.798242516714791,-8.31224473195051,3.2600628004369927,-0.8353567124630141,4
4.294733971292116,4.460761856683469,-10.104345504655242,11.187266720638245,4.8406662042181186,-6.113774800375289,-6.143087207579528,-7.038113808202731,1
4.7891816205357856,1.7757236781425512,-9.58907606299356,9.452827272584226,5.8280940256599365,-6.462852346173861,-6.247902041080064,-7.231369550026887,1
-2.6058435897678036,10.81873452921256,4.777656225442466,0.7780924278284638,-5.2953612088164075,-7.2275193131898705,-7.995869062760319,6.559665785590222,0
-2.594190667880823,10.971996340068126,6.394229610325516,0.9720860239467921,-8.990422702509298,-7.204878613108998,-10.118389459672244,7.221883596114135,0
-1.1338618273030603,9.141968502692295,6.4631676938688525,1.353390540656234,-8.63741987143577,-4.607302733642245,-9.019896790047436,7.67801647329744,0
-4.76610493730721,0.06304079561385795,0.845478617912022,-7.878079568315111,0.2547123827598503,-8.370877521932126,-5.882458697193271,-0.2567957574613833,2
-1.5266241146249935,1.6482922139184666,-2.2159188634331857,-3.8551745323472817,5.458371408203497,-8.047808775163084,-5.820030707500555,-4.487474211110597,2
-4.144562348553206,3.0065438399691,-0.2911288577892315,-5.295069586766515,0.7090295687844241,-8.055051811124516,-5.338570556980242,-2.2930061429429167,2
0.43717718692452934,5.8501593520221,-3.6551781689388436,0.16858946386219484,-0.3876915673364203,-12.268786186006347,4.8201948293319905,-5.823910367612795,3
-1.740534847526015,-1.2561449275456429,-2.063748161472582,-6.059645467838382,0.0949791559204769,-8.214632780484472,-3.570527438425203,-1.43853203830166,2
-4.600640636418168,-1.557808065557551,-2.0509871797170014,-4.924981437210221,2.951372747735234,-7.378125191605758,-5.362329768075064,-0.9059422265090973,2
-6.152859062575082,10.663913611666352,10.582790813881326,5.85949960563381,-0.5015952969691893,-6.398855018262305,3.7445307189302293,-0.8442929802628508,4
4.03225438597035,4.388456424126502,-11.426454305469333,8.087873131281933,7.77444245234631,-4.162161336486268,-6.334932173486509,-2.37140772143356,1
-5.046770922633484,6.006407111975849,7.633423116822954,2.596552367734178,-8.268895562153457,-6.02470305548005,-13.055524139063014,7.32892372605416,0
-6.495351899487938,-2.052585589201809,-8.826485774239693,8.583186156930388,-6.357103117871787,2.282606132515716,-2.656771317108623,-1.4203862134839065,5
-8.616398009876901,7.286824812447291,9.502920688975783,7.971600785102103,-3.4048573048404593,-5.448678865809612,0.850254355808854,-0.5904742057836428,4
-4.79332131622085,-0.28325955222801924,-0.29825930034628434,-3.8195966934236463,-0.8046611916611877,-7.07685136688427,-3.647898634762153,-3.198469560130899,2
-4.740389733227569,10.700512611871735,2.7286421326024453,2.430454942812305,-8.231873524633125,-5.994687220356864,-8.892608118120664,4.771913382437371,0
0.6737973078097688,7.2252317906425265,-7.729744678190842,1.4416421877178027,2.8889052834741977,-10.853085961622757,3.015627925691449,-8.268791861425061,3
-4.729787303782033,10.236462690811798,4.554907953513045,1.0915987982795325,-6.610802646299224,-5.367771137897573,-8.036997211029272,5.917964833351407,0
-7.416208137579676,9.306963403436388,7.913587817580195,8.289731966572631,-3.3512615177418077,-10.043406276248405,2.222471422742478,-3.2189424165096523,4
-0.5292966075581274,8.282603480059457,4.571361426129582,2.0660060596341645,-5.522137779622815,-10.475132527651315,-9.809048228260485,7.661576823145859,0
-8.785936988273411,1.4895982989367313,-8.44405202139074,6.856799145005037,-3.457664814043752,0.6540241639028817,-6.624170419586067,-1.014911835322379,5
-8.49870046038442,9.643056914145916,9.189239257564655,4.253387940390505,-7.6175815708317565,-7.994429920201947,1.4248795854194918,-0.6366665807057786,4
-6.195936720563097,8.43667137099421,8.964722939276236,1.6041110173171989,-5.114479075865417,-4.573001750151786,-8.48798549126645,5.976608304509659,0
-1.5118864503178946,5.032703312066687,-5.758874430417171,-1.3187326366715304,0.23545607857416706,-9.644670945021504,1.5149448144783544,-8.198151868341169,3
-0.12739634575552827,4.984024630584562,-8.18201089713055,-1.669370440792533,-0.2247139659143058,-6.0661244888810355,2.611393833110958,-7.522263477073198,3
-4.581002816189966,-2.720758190504961,-0.21633413630483167,-4.372034863202222,1.8013385184559705,-7.639992573213629,-4.134579351752302,-1.6272633410508592,2
-2.8488661861651807,8.487610858575048,-8.87350314126915,-1.2446139238742489,-0.48481659766632923,-9.509598460944058,1.453263600939588,-7.358727937017424,3
-9.345863829091812,8.502666615993615,8.72050052900758,6.564755823655792,-3.209153007590823,-6.076054734245285,3.716857995196788,-3.4421138540616667,4
-8.332373990665541,7.303933784894664,10.583189433049654,2.6602687092397104,-4.913126177987436,-8.112119060845114,2.465794637513611,-1.7977251655090005,4
-0.06088530487138799,10.078169587881106,3.1605762532231414,-0.5829889874119596,-7.402854899326904,-7.221640440236648,-8.044409056854704,6.467016175390449,0
-5.658014222508635,0.05313879451627998,-8.012909060005,7.511899115112034,-3.878740120718041,3.830946352884885,-8.398204110002222,-1.1996083890538036,5
-8.827857181766458,12.42973509296475,7.998123374539066,7.303331312295018,-4.301855184399603,-7.654866122869167,5.160149946181664,-3.94845221831676,4
-9.21294846000694,8.504647086369925,9.566977759271127,6.731454905759177,-1.9494505523762102,-8.58573905439183,4.5574517575267794,1.688845169243347,4
-10.244840760757867,8.486319419986192,9.339325531035616,3.7045547603894815,-5.589800368809809,-9.10256497750339,6.193831302622839,-2.5261103535681384,4
-2.0724761663341607,6.565999753879575,-5.544244578525696,0.2583921941424063,0.43294979961288527,-8.525180191582272,-0.7275498068335029,-10.423996698049335,3
-0.6755493924254461,7.770491752444871,7.133941531423131,-0.47556857164867106,-4.272199781370793,-7.476390527599106,-9.226645753156461,4.299506641605994,0
-4.919638035915335,7.407421226607516,2.748707642518951,3.566727570095045,-7.996846149153498,-6.681428497684565,-9.447549202814898,5.292378489878202,0
-9.907186408987744,4.758335274315915,8.035171695729277,8.232687322232161,-2.5764368116885237,-8.35276853970351,1.4266513752980874,0.11804151040663258,4
3.070425063073017,4.687678014684174,-7.960259835794949,8.657530836061763,8.369477703074699,-3.9764180013986623,-4.631441441965332,-7.388146390669686,1
-5.705712193712123,2.1751352720892108,-8.05145285243631,9.861230992585863,-5.952138314685665,1.7225546181193199,-3.0668706770525542,0.43339283517427357,5
-6.856386715845068,0.6704602333461308,-0.8858975563341189,-2.446847914001331,5.148476409026099,-5.757761955425244,-3.4523393534760896,-1.590861899600812,2
-9.764213314908261,2.944789306402363,-7.817720457829839,7.063531215820037,-6.612622122263683,1.5861906564421544,-2.8269921117689076,-1.2152483847846973,5
2.543076414583564,5.9207866988451805,-13.1859045692834,7.5980429200030395,5.719667071118115,-5.7587871441516,-6.595554562303463,-6.526611700030955,1
1.3879338016922276,6.188947028176723,-5.761673552382965,-2.3241318359534593,-0.21028322339873107,-9.708725608481425,3.442784798501725,-9.912103145771907,3
-7.998706449450713,9.510585618921727,6.376451314119795,6.0629111464738195,-6.696101931372191,-7.4845013703455505,2.5161460758796665,0.7017211977510627,4
-6.497305107657301,11.146780598230329,10.23062808994052,4.745374301753529,-5.459136513005797,-5.921655380094288,5.720924414368193,-1.2986770974801731,4
-3.661475695753817,2.375855052387373,-3.9301130720581456,-4.29709544835443,1.0206380549220229,-5.818503493877095,-2.950847724988224,-1.860155382016372,2
-2.5074217115530812,6.54319197100113,5.428493191191093,3.3069348116804895,-7.841429675421425,-5.01464316086759,-11.505149207498727,4.931913081179273,0
-5.12347435754761,8.3345559721573,5.443878350034966,0.5479715022571101,-9.162549714001418,-6.7691701345313895,-7.458258181251738,4.611565413872123,0
0.2413976729646914,4.854353870707019,-9.886608379398437,8.631230734990151,7.270688409661733,-6.183012384735379,-8.10531640475245,-1.8497130195153577,1
2.476557928842385,4.150150908639581,-10.224388028557197,7.182968212159891,8.229218441487795,-6.994187964734642,-7.611191337038148,-4.744827707112196,1
1.36582258126984,6.803449464465118,-4.964207475439035,-2.267362778857712,0.895507389257991,-9.606265391877841,-0.9388013492256535,-5.165597372532432,3
-8.119103292459656,0.2772180061117724,-10.797873835227643,9.58423225368486,-4.8342582446455085,0.6753187700746572,-4.130822007682852,-0.5840259409965131,5
-9.905006628949112,10.205075594374092,10.91914435793339,4.888101066343137,-1.5682100662838874,-7.9646039724357,4.498678604048365,1.1842997796552468,4
-0.023677132846634752,2.200023934416995,-9.564112895548666,9.936313794153936,6.049456305086748,-6.521489121166051,-7.311979428943823,-6.369340139321638,1
-3.5861076753216974,1.3562955315734229,-2.4352972582935015,-5.317496341861078,4.517707386244282,-4.227060924783166,-5.643318962751902,-3.743154226029693,2
-1.3035627265710605,0.02157422642683987,-1.7501891440810473,-3.1801133480548414,3.706246408743592,-7.414454318396979,-4.645705007045474,-6.220997567277783,2
0.3940468415262126,7.002717519407043,-6.281716333523835,-0.3971862838328645,3.7158867267539692,-9.64690960930124,3.344388597266817,-6.808466606027127,3
3.33908198206949,4.22791850082314,-11.306218667999893,10.131505745840593,5.505161201622083,-2.8819780290069374,-3.891754315988774,-5.365353920762416,1
-9.131507133542776,-1.5285602933883093,-11.200925865144075,7.77959376032084,-4.740836400215843,3.2849760598506674,-2.3294820185361953,1.0301150045111263,5
-1.2732937038007401,6.427178693113835,-4.995311040257032,-0.5976694897749444,-0.5401105042087901,-7.420113738241004,0.3589846051052259,-6.155622798183966,3
-8.693160571364018,0.12786864095533473,-9.952552430830934,7.894654959353305,-3.3365942009920992,3.1770392702447574,-1.6604062036952754,-0.42471709203444297,5
-1.7375992987636986,7.034026252474645,6.0305285392509385,3.3928350235675193,-8.100884957837,-6.819409056559784,-7.745001368138299,6.988620804171725,0
-5.882063974109252,0.1613410540241602,-3.0089909556565537,-5.245571264629204,1.7505921358022833,-8.697042128145767,-5.401756187974941,-2.553508733770576,2
-8.910141192662719,0.3913492758604094,-8.910407588227557,9.490700215636085,-6.221835039198735,5.27655940541503,-3.7573990395875887,1.7443672298469874,5
-5.4370613365713325,-1.4194213671187894,-7.409907697560243,8.713487071713244,-3.2234997626825184,3.5323485969071684,-2.8588379521514735,1.984726803545759,5
-3.411009631664119,2.4754657464842262,-1.8957128093070637,-3.9313063980536667,2.5677921600649594,-7.665586067655596,-3.0740650489846644,-3.760868144134146,2
3.4743519161324907,5.905842409773813,-10.658864930304292,10.68457543666469,9.7983748789849,-6.855057640253305,-3.4839193890946305,-7.2108699488534524,1
-6.989505535141978,-1.16302628702721,-9.073718036603532,6.588910233973484,-4.957907345034977,1.0447968865785313,-4.021827422757309,-2.229650349276275,5
2.8263742291908667,6.100796706837286,-11.977413813618242,9.128141463374368,7.101862131719676,-5.916508011440634,-10.326367962861326,-5.530165788037289,1
1.3750760994374631,3.865651272409563,-10.81984147286452,8.390244992270782,10.287402526637619,-4.248626284637201,-8.84222456809453,-3.925169161834956,1
-3.1027529768584436,9.515307001878703,-5.4905900243448045,-0.10840480195389812,3.8696149918295046,-10.270124502178973,3.083870265889867,-6.466010272558109,3
0.7908422477362818,7.306233465391485,4.678629966904515,4.232722572605419,-7.007053417144414,-6.156314719276372,-10.538157401671018,8.008814271030941,0
-2.5528848862686413,7.5210573936812075,3.930627234321685,0.5574853414976904,-7.156340887028747,-4.1413760250481975,-11.03336958532618,4.741824678895917,0
1.3962152685594398,2.614676308118183,-10.038220533599837,8.983662548710877,8.564729935696288,-4.64074942377146,-5.942275875737353,-6.336622461063476,1
-5.815755356793125,-0.12274202866155562,-8.988891841756367,9.64934945607899,-3.4840122924344055,2.3303162062276987,-2.7986305985940736,1.35204656420642,5
-8.205512328866691,-2.285878861932201,-9.052212637121047,5.39844557618861,-2.8306293106622618,4.096740215566312,-2.417339162552621,-1.1498140297392991,5
-1.667066203844616,2.688242214892719,-2.4362614725232783,-2.701514735519865,1.7055734241584082,-4.808079773340397,-4.9808904891416885,0.49307892595143965,2
-9.381181591573721,7.328586503696052,9.001572433800973,7.727023344994359,-3.9328093515421854,-7.070103182443445,6.509791967853639,-2.1257152139218816,4
-7.979259090323349,10.164782328595244,8.561777217075662,6.983688461070744,-5.7833847287738465,-8.709765627818433,3.7428028346871907,-2.634949204499029,4
1.286714002763313,3.6189102846779857,-9.43469528528867,9.721516253097986,6.642129751382586,-3.0246380160135424,-7.948679725844043,-6.434635874855665,1
-8.40763515911481,9.584367053016496,7.7261389654164425,5.31444253006727,-1.4403110899895006,-6.191360994154508,1.309581231476816,-1.3323683447771826,4
-1.659901455616629,4.7284142214508655,-10.143569516535974,0.8508008876360909,3.096809121725401,-8.850348359824416,2.0127587426691624,-6.376103912675634,3
-2.2260623379816593,3.7201855500153136,-6.437195285626232,1.3473980007099804,2.734492818734013,-7.060190949525512,3.8052583457033595,-7.435272270123574,3
-8.670555408308616,9.370036185138177,9.699185072002274,5.672594133917947,-3.7190916695558687,-10.0229090328888,5.068918909117413,-0.7972854316824679,4
-11.372379243903026,10.900398682666626,10.13619797544391,3.9747548281423226,-4.104578042691349,-8.090838669214673,0.14990913951740836,-0.8957067204948299,4
-1.4443360165044166,4.657075052908487,-4.701711198213466,-0.8542810787343529,1.6169289162453584,-11.181645508339564,2.447532379431187,-6.480561546729222,3
2.6896527539413695,2.58603765669218,-8.674484126823033,8.240618447368206,8.675510821125895,-7.30691703300685,-6.544554246987722,-7.2203467437523985,1
-5.956520268299371,1.8936780770686759,-1.5897631343467769,-4.985661065278096,2.228399759003257,-5.342297701037321,-4.1503701958943795,-1.8081645246365052,2
-8.680723630585545,-0.22253083366502355,-10.717643328289897,6.8793273496728045,-3.2966018256561034,1.0429591399477656,-5.429422646005884,2.4385985459882145,5
-2.017444636319998,8.617882259014786,6.752541251882237,0.5740726465968629,-5.87545711505234,-7.3273215345504,-9.091616521451472,7.029356686443967,0
-9.885842745351125,8.562041186535584,9.658958276680693,5.8236895652171805,-4.148191302165686,-6.420909090105104,4.1224996543087595,-3.0383658383896455,4
-10.04637569559109,10.610440462534827,7.861209933458613,8.449842469826233,-4.682086020674921,-7.343839864270851,4.438489460481326,-2.6334995984764484,4
-9.925514177806551,8.570602278615794,10.069036217902237,4.9193887605450755,-5.881569318560574,-8.814799730435015,3.6059250229187563,0.9843141390572705,4
-11.143832793109379,7.434469795813356,4.882194451009002,3.9829440722752065,-4.409126634165185,-9.73592674442863,2.353993976557238,1.0279621269132706,4
2.675253928576087,2.716182578674334,-8.09368380651004,10.091720949959056,6.137121193403509,-3.191764999412212,-3.8732349989431603,-4.83927723462123,1
-2.699521766207893,1.0881109877613264,-2.2238668860209923,-3.3653716416590216,1.5120052645500937,-7.1092187397781705,-2.59703654173905,-3.6387488831921875,2
-4.216734116423373,-0.16291924628410426,-2.435516595639408,-7.121808730977495,2.213461545620642,-9.26702773689694,-4.2117820397505605,0.7124701611746094,2
-8.40786184887727,0.37721934688543607,-7.291494437967002,7.6583668692107985,-2.7253046090176505,5.039622094399352,-4.901554643134326,-1.3715368987640415,5
-7.021357019487667,-0.4762283250347935,-8.66870467529201,9.949809174537853,-5.621682087466057,2.416333129898317,-4.421426527618637,-0.6014780525381169,5
-0.04142839212427696,4.617696839592135,-4.717453311743318,0.021775269182948698,3.2486805253636,-5.933451548125301,2.392175263043326,-7.039317892763692,3
0.12997180786552365,10.727263024165019,3.4725148845362463,2.5514373915776964,-8.948653661165107,-5.964285095394866,-8.117362296055948,4.33181677224724,0
-2.9444891703333815,3.6681874609741256,-9.381018921666213,1.5111015696156673,1.2151237393032495,-7.758676152997962,2.796833955555952,-8.19340021676772,3
-1.4106892282476684,10.20000417728998,3.2371634992372327,3.0299056077032125,-7.496416376611043,-10.194313080216999,-6.969940675791564,6.0834509746727194,0
-4.098571542383871,7.388880005014356,2.4182107500981638,-0.5872640832652039,-8.827279498704037,-6.6249695823893395,-10.266787781423025,8.145306058268456,0
-0.9921689022974709,8.524759037747774,2.661513577680343,4.012274048498977,-7.032172937065963,-4.111594689504477,-12.431265192740272,7.636168069552015,0
-2.0157515369564045,-1.28702237119687,-0.998447851719295,-4.3804226591108115,3.905925937385801,-6.256791803742287,-3.9631170583830295,-3.5602301334670754,2
-6.293483699956115,0.28625291902532723,-8.064466785621612,6.529565239566753,-6.538785645508299,3.0223517871796846,-4.372477046109997,0.14946088923601392,5
-0.9107299618657015,5.8033103961877215,-7.023416032620092,2.865618021835091,3.0172558238207285,-7.636946052202799,1.9856125842057117,-5.7715403546363415,3
-0.606429949807532,3.2737063494553515,-7.014835787515911,-0.16452052455668442,0.4845607989462062,-8.673466524875622,5.209534131606528,-4.161098977995583,3
-9.179472728092675,9.913951386241635,9.264695130063807,7.006208276017393,-5.86965273757858,-9.358560863065371,4.455569935841328,-0.08192909792417269,4
-2.1210265943470543,3.8330813251092843,-8.65262736054758,0.2673442247118476,2.9764522563073523,-7.544537283643425,1.3917351648386713,-7.0245634467591165,3
-10.457766348630937,-2.074019289236488,-8.66318352243841,7.459763026413504,-2.4001970732228743,1.751033388054252,-2.2286425532356686,-0.6375838681664769,5
-5.576177996827545,-0.6362490974243777,-0.7947285348840746,-8.061996935505796,4.864928687932906,-7.140298575013982,-6.225852649141282,-4.3003557249851125,2
-8.498926767631444,10.675047761537217,11.436126274486726,5.747798322217976,-2.9936132979293593,-8.69737126296579,5.172824149313966,-1.0525098951220166,4
-2.128865942757714,2.037109236121729,-3.726081570177988,-3.678650352829668,2.471853849975951,-6.682188726414467,-5.3636869969613326,-4.45983435318562,2
-3.92918510753611,8.314352847680865,5.795689008752536,1.3766366405939048,-4.116485029177822,-7.5195274902593106,-8.478832195432993,8.815668246495648,0
-10.548573197607737,1.6997692348689122,-8.639688192013276,9.473233227499538,-1.8965983372737663,4.521377106450414,-5.658022687730895,1.4466139289143314,5
-8.106623038644587,2.025953016269982,-7.594148290304325,11.104017818265643,-6.088123306238353,3.0901410548770665,-4.080192556540203,4.567299679184125,5
-4.2213738738086874,5.243664812139141,-6.175065353299248,1.685054574933135,5.2178524559057085,-8.458380349447141,5.577763956773611,-6.3168255632387105,3
-0.2868210351930949,5.182550754078626,-6.797412330494973,10.459953632937106,6.976529419659503,-5.0985923099928865,-4.0997555953371005,-7.7306286349539635,1
-8.993475571747911,10.127233699631345,11.075023304805857,5.423351400587588,-4.037706452748274,-7.918891548348471,1.9281482770498612,-0.4902901067209213,4
-2.0249808786702967,7.807444768167349,4.537257481679314,2.4991895404263005,-6.365455646430833,-6.205036386499491,-6.256389726142174,8.049177797921072,0
-3.519183441037871,9.973407226313048,5.257016181078425,0.677345525397679,-4.609170212963647,-6.410746335159173,-7.670616777007801,9.550596335786574,0
-9.08615888016951,9.653970174633155,8.01361421287679,5.922429278423397,-3.1876011394647628,-12.976386237914863,2.6931232892275907,-0.9329707015692803,4
-7.805384738059083,0.024449025199278343,-12.037763263569865,7.858754195630726,-4.939342606243442,1.8906898310750169,-4.620963045233842,-0.7610409368197977,5
-4.77362513013145,9.363940596055835,6.255033697981651,0.6212633821911377,-9.278052727884713,-7.027061216211875,-8.9782242826795,8.200834319585901,0
-1.7595789178786725,7.500076179939251,-6.027151210526245,-0.3135097591258281,2.7204285874987857,-10.3430750892952,4.699662421839738,-6.577861570667812,3
-12.177474363803325,8.91438340063792,8.257307713638049,6.683488296133596,-4.331834678937768,-9.671250220087739,5.782031511057641,-1.0649195584752007,4
-3.686231723053169,4.1933644189344275,-6.813872525914556,1.1063777486222783,0.7270288132309237,-8.870114319473403,1.0513320175355938,-7.438504361638413,3
-6.981900474450254,8.96641520447363,8.183800220616437,6.966114257840186,-5.004639526191498,-5.142870275836351,5.073138129339521,-0.8630360386740973,4
-4.3006287638697245,-1.0527059506662113,-11.860694501258752,8.02318396513643,-4.320043029501894,3.9756519179677903,-1.201761700634668,1.7066451277952566,5
-0.8956894421352484,-1.3880124954501618,0.45955665252964883,-4.7039987360289715,3.7336176052871615,-7.27607597634815,-0.7538997670668439,-2.4646240361073852,2
-8.507070376808473,8.16307404976557,7.079761949970958,6.656814068347101,-2.697803319474847,-4.8155631421871306,3.054981305047329,-0.7646595360712443,4
-2.2213346317784834,10.35481498456549,4.47668728961061,0.6252774757386097,-5.678230744109139,-5.833019949906952,-7.283036611452455,7.302235498892887,0
-4.0575559993827985,-0.3974989832010929,-0.9573141484647674,-4.840294430347392,1.7955446526983003,-6.475668539108437,-4.848528011005679,-2.478216670807746,2
0.9625860857972945,3.508190531161038,-5.019077079364404,1.5930794260160857,-0.3050386961417737,-8.143835235339703,3.5844249064548475,-8.108952146859915,3
-8.186658038523202,2.1051798226090463,-11.180013771015702,8.304459514780175,-3.589476821761747,1.8008912313438312,-1.0868459730718438,-0.22319922919778978,5
-6.719069032000081,0.01871049086197296,-9.288366458406978,9.761565972880852,-7.071779041848222,6.08124432343351,-7.261745728113418,2.722633536024359,5
-2.562977726578691,9.741871587624136,3.8135914060079865,1.6588231504557764,-7.209002280559814,-8.074634947740329,-9.12116641762126,4.845733637316709,0
0.8683013381878486,9.329484486131822,-5.61908050511679,-0.8499457756662034,0.6170872868113026,-7.529979966295726,0.5558984473841386,-5.593633719009749,3
-2.5546527653184805,8.283218651898197,-5.814422123662444,-0.8525015995487009,-0.376997691199477,-11.134993022778978,1.5542387914774045,-3.509311312600422,3
2.3397854644829934,4.171028931646298,-4.589179161420305,2.422225658065201,1.2722676015200718,-10.19215106995051,3.0708277305619704,-6.024370689767506,3
-7.664116803396575,10.211514855077496,9.690013591213756,5.366646378713457,-5.673416140104169,-7.94774417297596,3.100733643496549,-0.8590598493080845,4
-9.888614799332405,9.51450058850569,7.873579882966815,6.464148813429566,-0.8700358983374237,-5.764745208520321,4.978888122835359,-1.300068971349025,4
-1.5069021471264394,8.886432603938243,4.967999379003509,-0.6242423639652577,-3.8581280877684594,-7.142896769327198,-7.722188604093292,5.985776243147301,0
-3.384624903012464,6.522838938518129,-5.4142529411202664,0.9669971142897407,2.2888202750517475,-10.29059179891733,3.6963358612184947,-5.0010706461065375,3
-2.903334072940507,5.331931379926342,3.3264725603726024,1.2902829720443196,-7.293929265676695,-7.180684634889898,-7.04809639994694,9.362608398198834,0
-1.5602356103033361,8.519011825295937,5.16169167181549,-0.02861203827575265,-5.401183960420228,-7.175953011584729,-9.674684589466473,9.001937676837727,0
-2.438223547027779,6.221154235622878,5.431407882268154,2.5866657341865626,-7.534520749704424,-5.27063037440168,-10.642321514960873,9.128177304704414,0
-1.0276374619093633,8.868564751633478,4.355725244614119,3.022597104400864,-5.33737609662989,-6.912267596107389,-10.072248235914875,4.485171529719295,0
-10.066133093365684,10.06483502050956,8.111028858188126,4.084011425014001,-2.2091509638052336,-7.221463233360797,1.943007165735792,-0.9753439741166152,4
-3.8140612707168358,0.8821926075591551,-3.8636624487245332,-3.815710417332802,0.5707678626643218,-8.510074518626897,-3.008416811979373,0.5498188232494248,2
0.53632213001172,2.9600109703915995,-8.75375785751994,11.241738904149756,4.291722208208009,-5.1900800677015875,-8.246217753091438,-5.325373148508923,1
-3.440231767135837,0.15386717122724175,0.0027545773194299628,-3.5473406916593118,2.618792595136558,-5.541538131663789,-1.8746491822450126,-4.676621029303037,2
-3.55391787238408,8.134623152777468,4.135452701962092,2.4020503680843373,-5.735348166946377,-6.961899502100551,-8.812528095995255,7.552813003498709,0
-9.282498676329793,8.381076122016127,13.25616383640665,2.7219537653133443,-5.965269395139699,-9.793855215753034,6.547096915697553,-2.2283314148752513,4
-7.093598567973281,1.8273938452533345,-3.9083131585475255,-3.452208606307245,-0.5049318241591942,-7.957091443599034,-4.739162276671431,-3.904953705696971,2
-3.973960869597218,9.216620878695426,3.835288830354572,3.8593551831998347,-4.781767516585484,-5.4975976218536315,-8.348512471671603,6.9538276565532655,0
-4.69235176145817,0.7242244666250081,-11.863620959212218,6.255712224336828,-4.568312428586418,1.9609914398319659,-2.713022416992338,3.082840626249581,5
-0.7429039483296986,8.604236809395806,4.262412389328703,1.3221532927337325,-7.735237864502187,-6.408155264141832,-11.233939988921842,9.373026238165467,0
-2.0592288355029833,11.39764518331456,2.6072995621079635,3.820679710687484,-3.0917642087078754,-7.48453341331191,-10.903835307825169,6.6723639293013095,0
-1.4333746828745382,9.280935435974072,6.529462684717177,2.618408984800207,-8.426350216275527,-8.15381221362896,-8.67365993179883,3.6210524098985344,0
-6.4039668487597075,6.31881452488169,-7.583986022848978,0.12514842043894617,0.5537671804194109,-10.480446120314602,0.9264584247707388,-7.669318102120675,3
-3.462053519346925,10.455139051928867,7.358976409042037,1.330297640834118,-5.789447468630781,-8.72601724341972,-7.630754479727516,7.64260129307753,0
-2.806676792570783,6.455254508687423,8.283217233113389,-0.0020495135351017435,-8.530773245306758,-7.584524320294188,-6.777406596872206,7.34673731431895,0
2.236004899721741,5.2425146811320715,-10.863160086354632,8.664759662099415,7.207834501580243,-5.205858615942667,-5.551321739148792,-4.571281175285357,1
-5.907430781948442,8.173078093509105,3.4252665777421845,2.213799742302664,-6.332817629907815,-3.8782362505305286,-7.31764961553833,6.400477066438858,0
-5.162426301384248,1.1374756062152303,1.0693316888918845,-4.157548380829037,2.916394048123022,-7.724663082040294,-6.626915864293533,-1.1248760634796733,2
4.875283466852185,4.280502231002744,-5.633216078192978,9.34805119896833,6.305619295470981,-4.367821644699528,-6.92956582568569,-6.195366161659494,1
-9.095243469746817,8.214998179251307,9.65255217353309,7.639795535162063,-2.4761508435411494,-8.747009956040595,2.8220059726501625,-3.5811956394219044,4
1.1994698803511503,5.6011787497336405,-10.740931488164705,8.509556404132145,5.512982203285132,-4.005929128132394,-7.151411235717535,-5.595837177517634,1
-8.40721853065962,-0.31326135750890116,-9.262516234724421,11.16888475135405,-4.752817708907244,5.391908405671819,-1.503200898537187,-1.708989531405949,5
-6.277064689448038,0.690800068565534,-6.409186506056818,7.781307545201891,-5.0816033123119775,2.877150812802213,-5.007875960716548,-0.35567362413278514,5
2.4188542859070954,2.448938678077969,-8.48938612135941,8.76087382262928,2.661029373475528,-4.697458407067173,-8.15060607042177,-8.008349716753882,1
3.1229435674920127,3.605993184051389,-8.11987467320155,11.334462795824397,5.6169672794927585,-4.483997792906428,-7.572237938086599,-2.7589243355198407,1
-8.137021648813711,0.76793961479658,-8.634343194711303,10.444111504496696,-3.4845323535854984,3.9036580167056476,-3.7199177709789297,-0.3290927001658104,5
-5.142236232166564,0.5971519777628748,-8.289620312350337,9.672922336686137,-3.255228988812804,1.7798639411556114,-5.478122138623101,4.235602327114886,5
-9.482383467089551,9.633711729899343,7.359465354202185,8.06406898882261,-5.855306456355855,-6.886637154197675,1.803920716201561,1.6963312685345286,4
-9.580655364984352,0.46547246569282974,-9.372842422709518,5.4329065999452375,-2.9523476191777087,2.5753081047282116,-4.595022958778399,2.0278497294710736,5
-10.295549818914804,9.683826588849715,12.364262276218053,5.884796027380067,-2.1744906980742087,-10.012137428436125,1.2535898961028482,2.030842630625101,4
-8.741177279294892,11.00397939440675,9.01051291232954,5.98611463014681,-5.211991290068906,-6.293132469939147,5.1283753326446595,0.06598551156245502,4
-5.589687589924171,1.5248924503725914,-10.446308979088144,11.245589222691613,-7.666078040202395,3.782441508778347,-7.06121857544102,-2.3399317565236895,5
1.603792677701719,3.6098250281230584,-10.272844859232547,12.602912377761944,5.944331720526531,-7.046439906541557,-7.583630943053264,-4.661866672688515,1
-5.132329295652463,0.8989657632880361,-3.1826397730045723,-7.198933654595802,2.588420585349268,-7.176149881717849,-5.0709790555951475,-4.725077730302752,2
2.211628585101299,2.3757488742058768,-9.314410684090891,7.569488969026741,4.752929710046716,-3.185322583628234,-4.652384834859284,-6.338537938841971,1
-3.9466610972101233,9.80135680260873,2.527505704995074,4.903503709307698,-4.992522997997211,-7.630790636643474,-11.579343003181414,9.489718714163363,0
-6.646740957137833,4.883603199636789,-1.8848895326676884,-2.0743455366930053,4.484723241583204,-5.697779887358552,-4.473950580651481,-2.214067422327217,2
-2.554453196324963,7.364553941492417,-6.114768799390856,-2.304713736795707,-0.6035172611110284,-8.370778257483282,0.10960712960393648,-3.614081536488388,3
-7.875205450508928,6.608630118095453,8.46726101506592,6.04301560598404,-5.365424645179478,-6.532886567289165,3.342648407044462,-0.5420569556008268,4
2.1181558733913812,4.359458983959752,-9.08901070332117,10.771429731530882,4.628112117020719,-8.811072706851258,-7.27141630582335,-3.449464350399826,1
-3.1826171737713294,6.3062309857424905,-3.68496224011283,-0.34804578645501416,0.9591386378018671,-7.955022000302146,1.0533814317811716,-6.150344874048696,3
-8.321439783327882,2.0756516783851175,-8.123579799944675,8.092085913204423,-2.03212616054725,4.818044395958403,-5.054542102106889,-3.2151968485713414,5
-3.783016508151143,7.494184532252518,2.3301120167564773,1.2005139408039036,-7.011971229385659,-6.491162829018829,-7.316237765756837,8.166559593363973,0
-5.554332644562081,11.155430706245038,10.493566664189771,6.917737082898809,-1.9395611236154169,-11.587393097997973,2.9165692642224172,-4.17051980034511,4
1.4596214463141415,7.277138322144389,-7.793189327019592,6.938191894064326,6.559907978889601,-5.172260294176815,-7.58295419669994,-10.026636237185482,1
-8.362600782687666,11.015116328907688,8.946041258275612,5.046565116204097,-4.3175976969670975,-8.944788937316304,2.6174916996640745,-3.5067014556083755,4
2.6100767935001543,6.72600235140566,-10.152459069387003,10.51975275956623,8.366197098990108,-4.449722686763966,-6.861433918535878,-8.077584550441843,1
-6.656904822303826,11.355130823198154,8.095900042026397,7.581779505989304,-3.094733338985299,-4.039088687738767,2.40812449982055,-1.3837269748588825,4
1.6513106242629116,3.6142238026332687,-11.433882163505782,8.806138463130772,1.335069527065813,-6.697572932523492,-6.49449933936333,-5.430031956099074,1
-7.133541261548158,1.9818319311210946,-1.5651123934123305,-4.885699587134988,-0.13560297143707123,-7.2190622013082555,-4.103424474386449,-4.757566209029854,2
-5.039518445492915,0.5233555266207888,0.8451583616450069,-3.705358494799605,3.185779189527797,-8.413698045403072,-2.5148360258802764,1.036200482615917,2
-8.191049915366492,1.3536542876109807,-9.433062584679787,5.235680445698021,-5.599059756079544,2.4013070349057157,-3.789422474543579,2.814216790463861,5
-5.333817762300709,11.799792506753507,2.576709896692601,2.066688853069772,-5.419434675086565,-6.205362500470992,-8.933774655823516,4.6008575422388365,0
-7.605143123975815,-3.7725707636697208,-9.736779314118127,8.307923459273747,-6.140940883017549,1.9199605540650166,-4.3085816183066346,1.6358065732330935,5
-7.2249908749468705,10.050197335935527,9.975017667777578,3.8956057254979743,-5.63775010380601,-9.365242967553108,4.2584528611351775,-3.2625579850328363,4
-6.104015926162232,-2.1511457759482506,-8.533851340559448,6.320785018574437,-4.595919504977259,5.200154007927333,-3.4246613903475374,0.381236183968472,5
-8.243105105389956,10.891085396174697,11.056033298833976,5.9144478976844335,-1.2907650483692348,-9.84514346406507,7.50913173816425,-2.6030072139854052,4
-9.676286469261273,12.070184113599462,6.73565209686425,8.027260153255261,-3.6045333576789607,-7.0591829496893626,4.95593415837712,-0.30794435966678435,4
-0.3825747401077937,5.754561562913488,-10.998604042447145,9.542692721970182,8.511911600864869,-4.272134974092285,-6.3085672341478505,-6.911908207542633,1
-10.414558493359722,10.383566938079326,9.165785798086251,5.953427584973575,-5.227250148162084,-8.638342652328943,2.0500563879702316,0.18507609137510972,4
-1.7921049548475356,3.6690548274151156,-5.796160480838136,0.33137782535651206,1.061006558024533,-9.328949290953847,3.71286037562328,-5.516388301615487,3
-9.753811090891947,6.878088612981662,9.531853874623872,5.901510171150999,-2.8871888041139258,-9.242853372556782,0.45129734489062656,-5.3640860907281604,4
5.56522814295473,2.0051167874258633,-10.103114440468284,9.346227385892535,9.709153830979309,-7.872971035926861,-3.1895740390919856,-5.120426889168088,1
-9.2525976199598,2.5493506858771866,-3.003394204175102,-4.98772436145258,1.9641096307834798,-6.558253931516003,-3.134022161787557,-1.2442182472152916,2
-6.401503579165748,9.806203612004724,10.162801102202732,7.787055615118547,-2.4300884578094646,-5.766934692715676,4.626129505469605,-0.8687190200661468,4
5.109132229458227,3.997023617540749,-9.821661206839455,7.8535631070272105,6.687167027927254,-3.534081961997228,-4.706034720766733,-4.964809401106434,1
-0.07006600546082897,4.232802800055819,-6.103001981687805,0.342532812953556,2.283534411846973,-8.608236640133454,6.290803004072699,-8.47089315919376,3
0.5379573672091862,4.469929623930939,-7.253652523382044,9.066426213329478,6.855967444084347,-6.141244105676112,-10.065675848828988,-6.298965519355837,1
-7.669845697576336,1.7199105506886458,-8.561936815010803,6.40417180422354,-3.191444110990279,4.545519728263083,-4.805660742702642,0.86457947406104,5
-4.451608700036985,-1.5350675155244895,-5.122952768137157,-5.6779183959426796,5.123625357785672,-7.705613638217928,-2.91555797186139,-6.07187536307554,2
-5.475457887261225,-2.5998583518258194,-5.671724874606049,8.510470095657332,-6.134696129243265,3.8135636493366016,-1.9911613544152114,-0.9195362554782063,5
-3.3248909346825344,0.5961000270319956,-3.4925059545671266,-3.5382447405315256,5.2077336351159325,-7.158240220259956,-6.707799316856278,-2.6243332603523752,2
-10.324964743157087,-1.3335021611177669,-9.911779955687981,11.038092974300612,-4.782590835679373,2.9080374298609257,-5.262332131374991,1.2364979383656833,5
0.5183091942801585,7.600335503092621,3.4030313008637765,0.5800052493107457,-5.720280345194274,-6.162532866561643,-9.091988064502342,5.854692416876359,0
-1.6711170868334737,5.49937413885409,-4.336132050703709,1.770753725579144,1.760757823234491,-7.046186162559566,-1.0688605768846111,-3.5859646466277493,3
-4.794168555129166,-0.688088281425727,-2.449046339048926,-3.3700911578862547,2.082258845919022,-7.89559755495922,-3.7388598252201,-3.3359890820744065,2
-0.38926107775012575,3.270702919349448,-8.902292099874728,10.630938796339448,10.158372096469853,-4.22409143265229,-6.454362409276031,-7.756607007639582,1
-4.171775492441133,11.714363016577192,5.03206169122429,3.136040158183618,-7.884666230760298,-4.821898174083093,-9.249611610736913,7.767606937088354,0
-6.7145196972090515,11.049892034421507,9.321705596556003,5.803632440151823,-3.0809303248724276,-6.345435607789905,4.568559426207214,-1.8874234106331067,4
-1.779914162996893,3.7488448538062453,-4.741906602984627,1.6392925461938628,0.2970294376632896,-9.41688528831001,2.221806930944685,-9.49313638565873,3
1.761640725462199,3.1473897226764285,-10.247767946161094,8.532975675276331,5.630083921435544,-5.4751001460427196,-2.6711994914812656,-7.521829669979617,1
-3.74403275488135,11.589519193439878,5.003872237399388,2.9907180850795125,-8.194948810075953,-8.830964739711456,-9.749447395823386,7.125088695674708,0
-7.412014516942825,-0.06210145255461991,-6.915904027821619,8.375677728565176,-5.5852007428440675,3.109045501971971,-3.513556792730985,-4.150084569135711,5
2.970487163443837,5.001101605021348,-7.1486208004969924,1.4154769234007893,2.1606563899453795,-10.38040664038593,5.664252497370496,-5.028558329145629,3
3.668218180288015,2.6867030175498448,-5.71894090836803,9.348340459557521,8.642980513728347,-7.601231382274321,-10.200561608259424,-8.585400187520701,1
-1.6521921197729237,6.369808028509059,-6.290537997615512,-1.798937212478151,2.347467491133817,-9.400323159304072,2.3473095522837393,-7.496637339390836,3
-5.27495662099709,1.398569787050449,-2.703476527525136,-4.595181282695191,3.2227289296680963,-8.336197538936833,-3.116248646931474,-1.7879724818519769,2
-3.437670501636736,1.3085185153998788,-1.2622662329552123,-4.273330381811808,4.545182970051498,-4.70949907547408,-4.383761745619168,-2.2925448893089744,2
-6.166441214244671,7.762139948121308,5.86610039874394,1.3109377763009609,-6.142351601365722,-9.315844502526737,-7.561567349304962,6.435348150813343,0
-6.154512955298658,0.44868995451547933,-9.536956104398353,11.980500911998977,-4.7700195075081195,3.1112691529230854,-4.57790419483343,3.9405497159493565,5
2.2803219044250453,8.23694315334347,-9.18140187665778,-1.3634991092208577,-1.7601755341867324,-9.590535737159652,0.21294792074866487,-7.892426964237649,3
-3.4767890863138904,5.485380436839811,6.075184751247513,4.012969749986688,-5.837192005008061,-8.700406665955654,-9.160714210952039,7.31308881113157,0
-2.6622896891509367,0.26573620868960834,-3.2710496787876484,-1.5022679221550312,2.934057701659087,-7.616696725516537,-3.8936853789760555,-1.9142960036275127,2
-1.9226404292977928,7.510478470074553,3.8176917684893916,0.27842804891840944,-6.979913746788345,-5.351881880473965,-10.41548943077288,8.129997340327254,0
-1.2812306717661412,9.01154348232782,6.3831373691507265,5.757822119140689,-9.181579352842261,-7.240529821262112,-12.643818412433337,7.631765367735543,0
0.983778101157553,2.671587138677773,-8.824636499988873,9.746218636741943,5.385889030564312,-8.054700536475124,-8.395377595582064,-4.418095855585552,1
-3.0304460380922764,-0.5340688572953503,-2.586828356992773,-5.150034938211262,-0.004948528272039621,-9.754811200590039,-3.6816395937357846,-1.1710098490459868,2
-1.9151578397401698,6.175036605181278,-6.916075559031876,-0.5560200180224708,-0.4869460212481518,-8.914520093088566,2.8385284330767298,-3.6127553611464975,3
-0.536282476473864,4.790974407965896,-3.4655654250561363,-0.6490562457376555,0.03119299034644274,-7.956618996933192,2.8832715061402974,-7.4576389837355155,3
-9.122398169798684,6.731538845252025,11.055745992019697,7.28071829776121,-2.6108892742557095,-7.094643063473995,2.4694844742509456,-2.3810284695868167,4
-6.195261981040167,-1.6970917557710714,1.78129915042381,-2.3964518059645616,5.5549205751415975,-7.80246523593182,-3.993221166770823,-1.8289955393223847,2
-3.4514572279026545,0.9400559855624008,0.41363314498108394,-5.151770304099728,3.3383140680287617,-8.539535049127371,-0.9838707798224204,-3.95338890100087,2
-5.589319813457712,-0.5567394005471216,-7.608290992772098,6.97646522773777,-5.048213990857635,2.314782814108064,-3.8052780769760286,0.5073526065256284,5
-6.143925729089551,-0.5315930160312703,0.5761127562304598,-3.3847351329611555,2.5236623964939198,-8.24763660362516,-4.1082993260949525,-3.533289643651447,2
-7.097568577482478,3.0088485849912545,-7.897875861865531,7.846672360638663,-6.191282406627665,1.3046511918368426,-2.618459504428717,1.8777990134618716,5
-10.888984312907514,0.1337008154195609,-8.835851250069846,7.108527901388952,-6.546115356711612,1.2129807561192334,-3.4975613486668413,0.5324070875572366,5
-6.255180688395278,-0.3316199914188225,-9.958909959176847,9.516191691128128,-3.0581511584499994,2.1649900962796416,-0.9383692292834542,-2.4533863488967795,5
-0.04182169894414889,12.224034749252919,7.9382845588463375,3.90655565288976,-5.241127149852931,-5.932066474554054,-7.59295003476939,6.44162576937305,0
-1.4451942927430415,6.193172479641889,-7.5044990860447225,1.325656694082488,1.3577401378132459,-8.008735221493074,3.0884717256295957,-6.978336935255498,3
-4.04956972750813,8.683708080684648,5.616224707570858,2.2243264214902267,-7.818077222453567,-6.521363346410678,-7.694952091617422,4.043616869774738,0
0.0634664747379019,11.179811964392247,6.794393496404576,4.283042194606713,-6.413420815445757,-6.828613454017003,-7.441820423550675,8.49485243779154,0
1.8976473607340663,5.671374170960655,-7.177864295984325,8.23672810564984,10.089350085338374,-7.3607455635653505,-4.629823018533396,-7.486624129356032,1
-10.124112645526814,7.092560623995297,9.336850385248878,7.0805736106509425,-7.0210234486311105,-8.845123305158786,6.632055902864565,-0.4301860425360453,4
1.1194364705137447,3.2131270391895383,-8.539936308461934,9.809392956177215,4.531013502660949,-6.450660136979169,-4.959424570335715,-5.7692500349728295,1
-4.824818028631647,0.035354434005341995,2.9022835600446104,-1.1763380809459711,2.4376834493383712,-8.183168469551818,-3.969841372365616,-2.2826400515393424,2
1.6606145321424464,5.576087684646328,-6.503254697444111,1.4812741582338045,5.2986500454139485,-8.421888502307104,1.5470258994178296,-5.474967156086666,3
-1.689993654182956,-0.01065741636389994,-2.906902064164229,-1.3819713845421697,3.070300206022001,-7.20302115078346,-3.057623069137799,-2.2340190779178983,2
-0.13461197739520614,9.583267486255377,4.138985987391054,1.9720359326180985,-8.880279565502818,-5.912885071107359,-7.426594856918555,6.600178382965774,0
0.08901836544509356,9.627355231812562,5.438432142048501,-0.7344636466885941,-7.152244415772383,-8.18062733781445,-7.513433652806715,9.037251716143192,0
-7.2658720426978896,1.3542499661585592,-8.997565055951465,4.68137173038735,-3.6087952699725365,1.092060298460265,-4.910163102938117,0.7188506076368898,5
-6.379732062506411,0.646216949309344,-9.833996744862018,6.996820011252442,-1.868287978205005,3.862878064796442,-5.234052551620949,1.7702312914207041,5
1.6735787848745136,3.7871987792090778,-6.620120397227397,10.003359099930302,7.416069716714521,-4.8897701474823645,-5.383298452118607,-6.464528977131108,1
-2.5462966879588795,3.8839279816502024,-3.5899976851308417,3.178549613595111,0.9009895015888785,-7.363224209734158,2.720561748409705,-8.85164759299073,3
-3.9257213975826293,0.4569786036269709,-2.192125742502554,-1.5643950386468077,2.711130479253458,-7.058541225626512,-3.535868221413343,2.0950040926532694,2
4.719490942022514,6.133816903230164,-8.053097222846624,10.610571625975732,4.584584952886104,-4.692427863150318,-5.761379123623467,-5.361630237505462,1
-1.3612095236538013,3.483209840188755,-9.487138679662989,8.956853107405555,4.79508759415326,-8.658256147840586,-7.186042742846624,-4.895660568291734,1
-10.166204634618474,0.24609264283216215,-7.946114560305411,8.241027899353426,-7.040865822044671,2.4989585147296194,-2.4194009577572038,-0.14572562182563575,5
-4.589985681234696,0.40804975205066824,-2.6740361005239963,-7.034599611736429,3.4833493832804074,-7.251296858701959,-4.080979961851177,-4.251600923203809,2
-9.468177236332302,7.371433704677979,10.594921102366918,6.142009458513605,-2.739216136325328,-9.458238079208389,4.722383888271365,-1.4773493034637997,4
-10.354019057796005,9.309115597310385,8.87318445196078,8.068090120458672,-4.7714627460307995,-5.363337425688417,3.1923205564511568,-2.90873091905144,4
-1.212659126439981,3.8887149028105776,-7.753148433316377,-2.2609976327260557,3.0763136207619883,-7.1424397945173554,-1.3079955440727158,-3.64822870041176,3
-3.5519007339397115,8.572403524206845,-7.833002864711861,0.5881632386551701,-0.758417721474038,-11.230961532834783,3.5872923142281614,-4.944457827903015,3
-1.7523363715964058,7.981370812941689,1.982145371320625,2.7783729875399397,-10.181072235118398,-7.387870380864002,-7.332436770364058,7.630559292895561,0
3.557493957423281,3.577363503432956,-11.947955780065383,9.134973792366013,5.277377017781706,-4.966314744693737,-5.126060950149809,-8.021942455328293,1
-0.8436709449762869,6.989872673661978,5.408817649712441,0.5763873369177677,-7.2108025337086605,-8.529750033511638,-7.522567003202805,5.984354348395364,0
-3.1049081077534266,9.71398722746066,4.936159695155964,2.653881466635408,-6.523963421869904,-4.833924291974517,-10.362033965818085,6.240330693965053,0
-6.187982627192607,8.04106380351488,7.9106475801761595,5.456852741416546,-2.4215943682860175,-7.865928060659712,2.4179944415545553,-0.542310373343889,4
-3.524028021440366,2.157272171816107,-1.1906281448626868,-3.159476598259081,2.1919908409283053,-7.2616203084700155,-4.020343428738361,-2.9752558074899653,2
-7.336142856907556,9.668964308999481,8.803297958993408,4.381409315749968,-1.7818663688724414,-10.19075292295662,4.691647574404979,-3.752780435938158,4
-6.691747747715227,6.802702919803199,9.657489208602264,4.20610542115877,-5.242256827720806,-8.86737725416579,6.1176292578126965,0.8958893405557502,4
-4.41925691616791,0.6010147636289224,-1.5127327023658959,-6.826563525221126,4.721026492503707,-6.816866759149258,-6.0180657253773235,-5.98080044644362,2
-5.037918895362665,-0.022082492233014728,-1.932306810279309,-5.3236341431938214,2.2592532099291516,-8.103366940892048,-3.996590300085803,-5.052247637406219,2
-8.645625516655631,1.214132933016925,-9.522602035170342,5.842504715132412,-4.193219255270449,2.3187582548021135,-3.0683509974463687,4.701799875564901,5
-3.8717072860532493,0.17192863735096958,-2.1546984356941863,-3.9470146562848774,3.4677880504436667,-7.94380704316908,-4.431319308133516,-3.0584574282573462,2
-1.9261092336524728,6.501562510664549,-7.846014799325484,0.9516959874780717,2.743477183975081,-7.336970449182488,0.35342621756059867,-8.997892275621446,3
-1.5628901802497823,10.102638704961027,5.131724547779603,0.6537900832451145,-6.437065966333381,-4.96734055195518,-9.79293425041478,10.680225858110592,0
0.8537353220093846,4.791339361911252,-8.794138708000839,2.5261524101431063,2.1416801825718315,-9.024375920927927,3.9019286939427014,-5.194995122577119,3
-3.0575408494955814,7.730642497443731,4.381821697562486,2.6196510548439935,-3.8617297492144216,-6.600785092745005,-8.426247131479588,7.204409450272836,0
-9.589798057875596,-0.6433795025116992,-8.867456334438655,9.182402504732783,-4.398774475876912,2.4341132008625053,-1.6225585151518356,4.679445395536069,5
-2.170752199847567,4.667849703725364,-6.446499374896668,0.23131356924830662,2.898011322017642,-8.633958847887941,4.005622144380614,-7.088560683884969,3
-3.308993511710113,9.883137775061765,4.265642355502351,1.6594205468576313,-6.2241306411567905,-7.835299334749439,-6.449522789526885,7.067314692142004,0
-6.9692289161980545,0.9031153850040847,-8.369638124557492,8.1523549773576,-6.266675104794866,7.544938191667824,-4.233994018524506,0.9310348411093822,5
-5.600973723283465,0.6000145928852029,-2.9975998576739995,-5.576667236123569,1.5930840019293813,-6.49796717441173,-3.2741509002676206,-1.7462912974256266,2
-5.651879637711794,10.441892257102237,9.971824246405422,5.821426278902876,-5.628064326584078,-6.1360556146999,5.150807127473332,-0.4767641173401562,4
-5.983041800969426,-0.1666325102756706,-0.7583526705667114,-3.0693972104250737,1.0318859317841982,-7.915389500578225,-1.820216412361964,-0.8137093427212938,2
-0.9589678110031788,8.16820555056021,-7.884443785276795,1.5368409709685933,-0.46864175578953393,-6.376531541709919,1.4623937984271826,-3.0230475670160692,3
-7.075839290416831,1.4999426030055578,-8.888112696523981,9.788535993108473,-4.750157119276976,1.5958701666106487,-3.908408736997588,2.246041950739084,5
-7.422594950038843,5.095588511201216,8.020510543838267,8.42283976612943,-3.432816649759713,-9.26041556343701,1.761327049442608,0.14662534357466317,4
-1.6929986450526302,7.9753024168161115,5.1122509562930665,1.5919958038517439,-7.536456763518839,-3.969871941755427,-6.954831815541068,7.542317551337472,0
-6.053399018182468,-0.908285668871122,0.3936591050491698,-3.074444356992331,1.350762400300002,-6.043131114751562,-2.736910287887002,-2.92982689152572,2
-10.209033885928877,8.419082557656683,9.612210384475658,6.736537131082764,-3.80301726505864,-9.008337155151663,5.3805937537220725,-2.041056373043589,4
-9.08997654097014,9.281216337454557,9.306789776705273,4.847469684203399,-4.6550501714494805,-7.520238556931254,4.374254347358625,2.3045050275605328,4
0.7018330975347924,3.3727823160021053,-12.804656761389651,7.279875308488585,9.541062105081533,-3.1269319820787738,-6.258238818019648,-3.6712194874275834,1
-0.38337229785558025,9.51538128638229,3.669473415082918,2.7026163962138563,-7.614171687501657,-7.991470183936978,-10.685308025808785,4.520596824695952,0
-6.13016017155115,0.16246893653897443,-1.5177274754331034,-6.147344221367523,2.8243327631355384,-6.762423820075394,-3.445038709464938,-2.2264861786582566,2
-8.334029694952077,6.442997864464207,11.01829738790128,4.6373967437182655,-3.6615721018478116,-7.532192383380181,5.545017201690142,-3.886811498173291,4
-2.1865906216029476,7.007103269170039,-6.542711665303137,1.4281351370406923,1.258217993406992,-8.505701441876253,1.3213012994298117,-7.378401520606705,3
-2.859836808958594,3.4757615176269137,-0.8763142564925188,-2.563366952057497,-0.34350360117508005,-3.9893934278647905,-3.1880090914889285,-2.7521303519802136,2
-2.2035078248208597,6.232687284016213,-9.066809799177856,2.401503598205097,-0.22874890377904888,-10.863726117501587,2.3353646693410743,-6.262862229866897,3
1.9378920620629505,5.207017927043694,-9.478060301090396,9.186030518055091,8.532053834872976,-7.853165471952156,-5.505277905701866,-9.005745266603881,1
-0.9533086415786611,1.3340682895664306,0.42164928528921775,-3.532401735035087,2.735287496172506,-5.346549919577859,-3.0870310839112136,-2.336661353394281,2
0.2808497318498733,6.516556176045654,-4.587160097558641,2.473217451754729,2.708910752585808,-9.73468394907344,2.3346561709598337,-3.9336821647703584,3
-0.38689624603849104,5.505362819508153,-6.891187307627996,8.364209324605335,5.883165989260086,-4.928160778301046,-3.7685026594019053,-7.163644436091685,1
-2.6065439940772936,1.4137913660269197,-4.118996232852104,-2.8074145805028055,1.0505096718970994,-7.808690031061435,-3.857874856985337,-1.7341633219392514,2
-7.400007830766431,10.449060633372795,12.15358151431354,7.2269637997756755,-4.014902998684131,-8.89399118451523,3.4705352771236524,1.177476259478241,4
-3.468912860364509,6.520226936160174,5.950876065251151,2.6513928558511095,-8.424879403733605,-7.741827470550545,-9.585141855758316,4.950747824326834,0
-5.201451533649047,7.3758403827801144,4.192182288424892,0.4299092120844259,-6.070082305621885,-8.045345117126528,-5.374238048145447,9.228400666448458,0
-8.738816648917217,9.036922156274294,9.374547064119662,7.951114843721479,-7.626749640071184,-7.59133550245397,3.220335126914309,-2.4009437772569586,4
-8.162159434318202,10.734180108114055,9.640422106525923,7.932814506635329,-5.103387215380238,-6.466974268719548,3.048156646317313,-1.1928990270475832,4
-6.406015711831111,-3.6717251779969278,-10.548014343115016,9.45946836873594,-5.892658986336849,1.3122202323031322,-4.854898617466891,1.1152920651249132,5
-3.557267626416356,0.30406036081730115,0.45077734882454745,-2.179422438329923,4.084402290622296,-7.605461181684423,-5.76266952655035,-1.0904864666988487,2
-7.9585344678172625,8.256140485540591,9.612176691065802,4.833568935994924,-0.5976775237735921,-8.207941895400984,3.726596996672979,-0.5729727465943428,4
-3.087179296200539,-0.5329228374452222,0.4302061600120628,-4.940589368612647,2.702451799478127,-8.250989980625674,-2.657546751429054,-3.721965151148789,2
-7.531094225246552,7.056356194993555,7.647663573675976,4.494116561116943,-6.8612837441218035,-9.881764705683201,5.28529559156101,-2.3437735695528708,4
-9.19349492260402,9.587652944082373,11.632583366870957,7.488809239397108,-3.64082812877774,-8.322313030591753,4.481978270196519,-2.0482182968728866,4
-9.633145114007355,-0.5962439446213177,-8.167111407300713,9.976222642029523,-6.070041105911906,3.983352120156789,-1.7977875219502737,2.141724579953701,5
-1.750681602725337,4.036210710210503,-8.256048618569881,2.751625960017471,0.7632601030138164,-12.640219990635881,1.573427641213955,-8.389087219098256,3
-0.7222635822048233,9.312551999788795,3.4692680539744565,4.997874780189985,-6.800733860718914,-5.649966111725711,-9.811490168547625,7.904507919889941,0
-9.747756480748231,8.827760861932102,9.215985789887075,6.781908273898758,-4.658317749515088,-7.333955532678182,5.512477236077897,0.8296616251624274,4
-7.167077803567174,10.858490618102245,8.689030438069562,3.9157152641611432,-4.207571872041156,-8.397394976374537,4.1400171382657875,0.13584334433462342,4
-4.129633167212751,0.6462121916104056,-2.3446846129463004,-2.1371024288792455,-0.1551655591266239,-9.031342202892121,-3.3784894994639387,-4.531398951145592,2
0.9033127697567593,7.484735331223696,-5.813074892695118,0.6538186186045423,0.2502163772317736,-11.234250028908573,1.5483294477223173,-6.729360261760055,3
-6.500797499671494,1.7749383428729755,-8.435072397719114,6.888522682211578,-2.166350304909254,4.076281382460843,-2.826903154964654,0.4907617753732203,5
2.573935799668547,4.672932571082518,-4.544334111317042,0.5895031399324349,-0.4709374489548508,-11.425989894143912,1.4277230429270924,-6.033535791628699,3
-4.076532617735685,-0.20842074235944086,-0.9628042481798984,-3.90589596414717,1.3269692269830968,-7.002366258212186,-5.287234560009704,-2.9470958231515096,2
-7.592734421083571,2.7135215307004934,-8.779317231166067,10.170785166815497,-5.647342464186403,3.6706712394202445,-2.4948744102893072,2.7977727095264697,5
-7.64755388758524,7.741145265704891,9.555596913063816,8.810045779122563,-2.9234376910462805,-10.603761495070819,2.220277444422714,-2.7840469292129653,4
-8.484940384980822,10.34767305642227,10.11964813774749,7.610963071461721,-3.245476417755959,-8.564224183965786,3.515087819980615,-2.559580464830778,4
-3.968891788436749,2.5715667347106272,-3.133984950084793,-1.3340621643732486,0.3548469272227688,-8.256875205083578,-2.965525797751125,-1.0242564213682916,2
-1.9425682745905024,-0.2547281825229195,0.0610424841063022,-2.731430547146606,3.7612027071708614,-6.589599039744829,-1.9533205032457945,-2.067396783161801,2
-0.4567256729103817,9.139097997764493,2.547436331991844,1.4210031290300278,-6.809127083300711,-9.81733960315929,-6.616464524472039,7.551327575515449,0
-8.118740762699925,-1.5431766896123167,-9.412945448605925,8.715734385842328,-4.139679956631605,1.9568916262773808,-4.735893573714492,1.7628278389381675,5
-10.396476932035775,7.504872133360979,13.470312227853324,6.0680233978633895,-2.3169977907657686,-7.76592506143628,0.5096061020831253,1.2552730230312883,4
-11.890989715769129,8.12831235128698,10.758967242085003,9.483590627383732,-1.8116586858817008,-5.990101380066918,2.325363964363553,-2.5111731228863867,4
-4.908020541522303,-0.7049324515842363,-0.9425756526530339,-6.558792575800766,0.931420979333665,-8.56874622137995,-4.511344242391789,-3.959383435183268,2
1.5395212615941638,5.884790311528331,-6.120009507029416,0.29691450577057765,5.9209038387051445,-9.007299740563429,0.8227743192870043,-7.638078968838551,3
2.6557629883970484,3.973976347961908,-7.069675256432097,8.84474539417296,5.3090435525164885,-4.319943837256991,-4.883049627511057,-6.062067614755011,1
-9.21970286493871,9.857467282154655,12.114534282310593,6.105822598754109,-4.858677749347758,-4.803375709952244,4.968757605210795,1.0008631097443161,4
-0.9198619276381016,6.845631561213687,-3.223900123634241,-1.216377997227265,1.007163688757677,-9.223844396920905,0.5916472756897415,-5.023821960191358,3
-1.2970757618247841,8.724415613853594,-6.300771685704044,1.6108890054826819,4.938703752803697,-8.848098290822549,-0.04674555649529033,-6.44407135472196,3
1.9387441757049393,7.3534999602155535,2.4738713566924875,3.1483324759426807,-10.20301895718947,-7.256547849231849,-5.405007876513629,4.851625440053262,0
-0.306506482490864,2.6369725579097167,-6.024630890250093,0.44510790565175096,2.0860546933171094,-4.248922493251251,1.141107639959274,-5.2764547631234615,3
-3.4165490228496775,1.6061675800803368,-2.174673345587345,-3.902237819046047,2.6648839757234395,-5.1512911767587575,-2.9499617029994463,-5.083645765862631,2
-4.178668816741927,-1.27639104392964,-2.6751585003099585,-1.1187201846256989,0.6546507931899697,-8.823351199545314,-5.280659807016564,-4.589852338864202,2
3.76111459810668,5.235467021644676,-11.796933868842459,8.106552611223293,8.83337881324975,-6.078494977757365,-4.463353747029167,-6.571399319595831,1
-2.394691643501722,8.250034213374136,5.406246557422328,2.507029052399849,-5.219563280338631,-7.6961358314435415,-9.270127653105405,5.757500970247011,0
-7.083424512224215,7.30129002465234,7.839841713785729,9.765186592442134,-6.338671934120358,-9.802734285486256,3.753850924800193,-1.1249825614821973,4
-10.0296053934705,-0.2956554837075534,-7.467828151954409,5.69184360263538,-5.520425686511434,3.250078169144547,-2.0578687426729547,1.2728631952224352,5
-8.385601731465886,6.946926238965393,10.378843860766915,6.461893590642447,-4.1936276545997835,-9.03545454001143,3.12717719368652,-0.8188173095076405,4
1.0252117303712733,6.672786061970635,-7.829245151215252,12.40879110621232,9.581835453445954,-8.119760647390512,-8.13924383868984,-7.937970307673142,1
-0.3705319044288652,4.609027002930047,-6.674912144099332,-0.8935960057521961,5.0837711513666175,-9.064434245679205,2.403331136034636,-5.435567049675065,3
-1.0759892842623229,4.988449848202647,-7.978784426326817,-0.9036609313229089,-0.23348207396954201,-7.541581704510903,2.3123035414105195,-2.617233106775256,3
-1.5284599372329817,5.197085605454378,-7.00962937371452,-0.47181906461430156,4.093144861283835,-6.410993720346177,5.022862855860142,-4.8453245323701495,3
-2.854265843128962,7.617548383472401,6.050130882505815,3.126986264013663,-8.34566575205323,-4.711401111507153,-6.966009821921444,7.538397311095172,0
2.935813346230372,2.8584070423318035,-8.675532376356445,10.989260288372021,8.601733782298409,-2.5315309149965572,-5.972943146254169,-5.893652063975837,1
-2.7138237658543405,-2.654762788288662,1.4492896235228256,-3.394830262125546,0.7139717381655848,-5.961766827596866,-5.041979041642734,-2.1920973748441357,2
-4.671692305851152,0.636266241956442,-9.05865717111131,8.079935398319913,-3.7594169016068326,4.1013631804611705,-5.420625126366627,-2.05027177664773,5
-3.2296030434979848,7.804679697067754,4.998161834542672,-1.1412707742334511,-8.668311364010053,-4.417394072996094,-10.323479704392838,9.313008160463383,0
-3.1730636680452737,11.417410872500074,6.898049815021102,3.2297226487571846,-7.40220924020921,-3.7035009608594773,-11.323184201179723,5.077829108196843,0
-3.2230911161963975,5.991020958685471,3.9161887254295786,-1.905037238665599,-9.413871708728427,-5.6634461434450705,-7.581047502794679,8.004255014354646,0
-6.6466533127525125,0.8069272610582869,-11.082079384474149,9.02293902168231,-5.4631323024808625,3.531624289619646,-2.882554686485819,-1.448571096209802,5
-3.8881052278650654,1.062765222449571,-0.3069872356545422,-4.541625457091868,2.916929258277484,-4.527481502540987,-2.5471057502032926,1.0717172112450015,2
-0.2977432373927065,10.05222194834175,4.3724899077211345,2.2079115822340487,-4.949212844737899,-8.187206666855523,-8.248450462439369,6.694180815774926,0
-8.286252407798093,10.527060767602554,9.723919040899986,5.561804042863408,-5.212220177236371,-6.461899041617199,4.4797774650516065,-1.9859671793139166,4
-2.814289464274105,9.362178725285878,6.0319872053301085,2.7662607046968994,-6.638956942921547,-6.296171989329986,-4.99286282025477,7.231332840244966,0
-5.595093335521235,-1.8872894827592877,-7.469265776324749,10.88400843327713,-5.744231540538248,1.8192985194982378,-3.804873864710978,0.6885567484891062,5
1.5218108699607624,4.94295160654147,-6.031705768302706,1.5459367188819562,2.6853678012234887,-7.870171874221055,3.5915834213014444,-9.383300938397298,3
-10.049393640929395,-2.665302166264899,-9.272142295882986,9.172789441236734,-5.909276597513899,0.5621732882150625,-5.566053254071473,3.034562179248555,5
-6.451977391610252,2.604241385430693,-10.473013762434118,8.859834171958264,-7.272010812749368,1.5343499567247387,-2.8656863942604316,0.28871906025784766,5
1.7655801656391614,3.713273943520899,-10.037224844641635,8.412552973291156,6.095085981160412,-4.393786134103834,-9.424062821214514,-3.4882381740825976,1
-2.69938473271411,0.11764887090842646,-0.21305080091659856,-5.763048737043953,1.2242626427735221,-5.700362702487803,-1.7804661915829616,-2.7288141727707247,2
2.3756470673287393,4.092932549400079,-14.303356864938374,11.965773062911651,7.4344591295408415,-5.225500889044861,-6.462342355490884,-6.070425290313514,1
-1.0792566715358012,-1.7077334872866943,0.711712504230249,-2.994958385975294,4.744224050239579,-2.191425109643526,-1.8667821960350683,-1.1916960174735878,2
-1.7366940162522675,0.5210591918192399,-0.5591010882661608,-3.3170368326450346,2.3269521638753026,-7.329772861601256,-2.485864741586612,-2.439169671225942,2
-4.741923840844212,0.12211114057267447,0.9554727986844971,-4.621986566215075,2.362043002421134,-7.892981140436643,-3.028229325622058,-2.4239230739923157,2
0.46202383633476174,4.424687668531612,-4.343979681670028,-0.5692548477992787,1.585735775461015,-9.76430729657066,0.332674076857036,-4.077966186380795,3
-9.928185077320686,-3.6029877664984538,-9.778796955808714,7.429462546546517,-4.002207400565301,2.1536292986326844,-2.207846487241971,1.4488551253574717,5
-11.176137205559879,9.670617443434619,8.297716565019066,8.257685954726524,-3.129614276804935,-5.591108617972925,3.9038125955048524,0.5275662926514757,4
-5.507363938811123,3.036757592543051,-8.74977355485974,11.170881629784287,-5.933044396957365,3.5959526066536194,-5.463089109469197,1.3186949431502577,5
-9.145067963769959,-1.7529574297820538,-7.4985341662382154,5.959231503827715,-4.704904845888022,5.967363073121116,-1.8359249954357848,1.0819340798699555,5
-3.5448166088112085,0.9906958375839712,-4.453474255267987,-4.575286771782407,4.096675671361441,-0.9023931696684659,-6.084001321358853,-1.9958351976072013,2
-3.882570071342692,10.134781935252708,3.718858314247663,2.16838538737331,-2.7834919299211984,-7.033805432835386,-6.999490434578929,6.198440635297283,0
-9.307358040775537,1.4793606999638071,-8.323873312842258,10.542560837393275,-4.525149567380045,4.561083755634206,-3.697371827903918,-0.5420856408764068,5
2.5258361426893914,5.450887999122619,-9.63725901685316,9.757556205973101,8.862331341697995,-4.996103253274115,-6.0421817923788295,-7.864836810357501,1
-7.6458627705078035,0.7417814126980464,-6.436797894754524,8.11161806691346,-4.1207875207709375,3.0771877057528316,-3.9306434089166693,-0.38278752656773896,5
-1.2973869638551347,1.8117033890981202,-2.838090321936133,-4.291303707466814,0.902055795640009,-7.3101448160426985,-2.491334522856336,-1.6279504328303198,2
2.6029263432774985,2.538616600870129,-5.308727414801141,-0.917929265358626,1.2880863028127512,-8.104702259711512,3.0386069817710393,-7.678631796913035,3
-10.077870552325267,8.700637351842587,11.042833728380725,4.870257483878967,-5.123865300922966,-6.872252208749426,1.406398385207869,-0.1399403283655829,4
-1.3665918378140658,0.7680342754769591,0.8153723615621713,-5.592969327997768,3.0432337891235752,-7.0738092990059025,-2.84880892840835,-3.0468293222857135,2
0.3360182800888152,4.395025152429307,-8.424037584576919,0.40650245441587785,1.7168420020562813,-9.072626789124357,0.9274656497683058,-7.589697714847835,3
-8.833585606738277,0.8907837972166119,-8.039404194852745,10.361762922383054,-4.067716949168275,3.8096210592599165,-2.087192655341566,-1.7916144213330472,5
-9.050626141794986,7.365254433058616,11.65222304001144,7.7314357280589725,-5.209992358690524,-7.056356893480497,4.130408265982362,-2.294474806006801,4
-1.0608853702372696,0.48832527789284985,2.781923920664793,-3.943919387199103,3.158966294973065,-4.970277281087869,-2.112893669603142,-1.8555918283087363,2
-3.6971505601696277,6.902250110245192,3.661048290779645,1.9139108086632728,-7.566510750378886,-7.9879831610741165,-11.088435698510946,7.190553999292791,0
-2.593090941413604,0.45447044173020534,0.9896418764054977,-2.931403328413724,0.558451926627024,-8.092415286793406,-3.795144979016263,-5.338665914968738,2
0.22766625641106408,1.839500809905012,-9.728395788409454,9.02527353595857,5.981228231492606,-5.886674962028975,-8.127942853970499,-7.027622783517106,1
-3.8179773398791585,-0.7329457693234878,-2.2293570655161914,-4.828755885072255,4.54576200298828,-7.325116044256402,-6.27258375991965,-2.26419618674696,2
0.5189959672578424,1.2681790303216856,-8.599400523795884,9.952640272540688,5.035359983158602,-8.200816114441023,-3.9036658867631235,-4.069333177960473,1
-2.518725157793117,10.268690575095519,4.338660700090011,3.882150397302377,-5.245202562700288,-5.40984582582262,-9.573778592272806,5.595774999048324,0
1.1746719053873105,5.449221057009036,-10.920272708841374,9.550757482172331,6.361444219647611,-4.506608785493113,-8.887066049329189,-7.692226196234773,1
1.3143730947248873,2.9773890915943233,-8.130060795883212,-2.398662525283232,2.2488555507625363,-10.94890984280602,-0.0064333704200945085,-6.265089363656761,3
-9.057073538084229,-0.20662964002462203,-10.440437540900257,7.915949294814219,-6.4827001529213675,4.774766669948013,-4.2867330569514746,0.4234848284696912,5
-4.0125445446815675,0.8811564330696108,-0.7176363366412132,-3.8869615592547833,1.8643298729299358,-7.3014506320726,-5.042941404576904,-2.1716047485156635,2
-7.709449593410151,1.434586437482888,-9.53198873268278,4.862874809979187,-2.4181870156653957,1.6896849192353267,-3.4210156631406923,-1.7070848777784504,5
-8.473790978011262,7.488440947157435,8.341687427421611,5.463304833149603,-5.091673160370844,-9.346693004190955,-0.20199508978642333,-1.0578248610289827,4
-8.295974615980866,-0.637848468188566,-9.868604879935445,5.065494270167317,-7.170969385057873,1.727594146896148,-2.7801517274686423,-3.597430711993471,5
-4.078157308868529,-0.9785128525176883,-2.5581523268354305,-4.378503916153517,2.8581495628062323,-11.351497448641481,-4.1300353506288365,-3.8665567542622226,2
-2.544878077001635,7.912069260077672,4.967493048070956,3.198574931109716,-9.465046051008027,-6.400673292736189,-7.346431963108543,6.6593624531573115,0
-6.342727212210043,1.304961092767675,-10.557467512928433,5.725618798971697,-4.3797817163932535,4.729462803496869,-6.29521599556289,0.5114917457157273,5
-9.31657649642425,6.211976703817143,11.436149627325015,5.275910064339984,-2.3312188987115805,-8.833865703928277,1.7727600087221762,0.6838882289614976,4
-2.9381574044658327,6.953937988856151,-8.254786532736459,-0.22044011529090313,1.9975872781383968,-9.849704303727268,1.8602257266417408,-8.808670242943439,3
-6.144006823543368,0.837582773142408,0.021259218301292293,-8.05618983372346,3.2681797471090013,-5.333768899242183,-3.518918030685808,-2.771517071216443,2
-8.655449141601755,6.557192356370397,8.786895934461253,4.553652009111323,-2.403357727190429,-9.421233492474695,2.768901750003549,-0.7455476836805996,4
-9.689112779346154,-0.35769894169262273,-7.780622088067139,7.052947477596126,-7.2780573580431795,5.9814050170647715,-2.486905968093353,1.7299503504193656,5
-1.782922310895751,1.4970575312563499,-2.859929388234317,-1.4586017002211555,2.5060202324661427,-8.366838814535246,-2.3898197893097306,-1.881288703009326,2
-3.1416699717733074,-0.4824943301721438,-0.07709778124829403,-3.9215812740995153,2.8845844747042952,-7.106404548950458,-2.0317761390806726,-2.1169063698140023,2
1.9455229631032458,1.9737292178649795,-9.082272065668409,11.584140699569147,7.098338411124958,-4.458836011668063,-4.612200728475915,-4.353526583436641,1
-10.731876975598862,-0.2765632375673802,-9.441490459398791,7.5376021352760585,-3.9621352582779825,2.0930189360693956,-5.841996075035599,-0.8742103986896612,5
-4.203936356449393,8.21386850165964,3.814092209233806,5.372459651667154,-11.317731095045538,-7.16750114752496,-6.077217688132377,7.5184740581106295,0
-7.964425954690841,0.012931643689464423,-6.900496106464001,6.750525384137551,-8.903358675922366,1.9914621438611708,-5.700318420086008,1.9501835667545018,5
-5.039687641505951,0.3443384830051547,-1.0576628993578485,-2.5233549587573663,0.8198809334335824,-7.630629735000947,-4.085390018203982,-1.6124777618283024,2
0.36055935622179547,7.085054389948686,-9.331262369908226,-0.20648761880775784,3.391613768712829,-10.940125723528391,2.297571250569188,-5.75837442127256,3
-0.5232317248716167,6.610060197028849,-6.644980361881771,0.1930990066163059,-1.482835086041649,-9.689788005564209,4.966717863255605,-6.352117082594816,3
0.6066710635947095,4.887134233026147,-7.3260506114480775,0.10415758697386679,2.432918287848391,-11.002722940543793,1.3168704823110278,-6.421257837144725,3
-1.0121121940168123,11.048774280188976,5.794554138697277,0.16668684999316508,-7.718859617198908,-6.0971102953112775,-10.793732250863123,8.464320403774524,0
-2.5322638466467797,-1.4394681215890655,-0.7855922602504104,-2.817559672563605,0.706657430969158,-8.1377385897176,-5.442214701498927,-1.4365663565773128,2
-1.5614665482969214,4.542521758040846,-6.0511411282593786,-1.4642340344137528,1.2277241391458529,-9.14778299615898,3.18920170396152,-4.597854508494816,3
-0.5188631230683369,2.7713211752973725,-7.201201219425325,6.394934395831392,4.078518574343773,-6.534510245172864,-6.056310594062359,-3.7843496850932836,1
-0.9270025081577953,4.435287237171247,-4.789611625590328,0.33813495740557054,-0.4570468287927194,-12.487463345727546,2.6275325187655243,-7.916675604458496,3
-9.518210379356999,8.305079665772857,6.221381541353333,4.243447188654152,-3.9630094260344806,-7.439722935161971,4.4705374228552115,-2.4457412002008287,4
-6.524730167393681,-0.7447870221020683,-8.195038706710765,7.332825224886176,-2.1583085071244543,5.951011743769372,-5.136028597637333,-1.5594428748211304,5
-2.7280559675386074,5.275269995851387,-5.6170192140485975,2.052870437510777,0.8560103796172402,-9.374727950501585,0.6321554688180744,-6.228997238989361,3
-8.452395430284843,0.5072692030597865,-9.981354899783444,11.149592849018735,-7.983749023017229,4.26031895453902,-3.901450093661537,0.32085507060303853,5
-6.551009977200163,9.868786961388182,9.301314053488541,6.189181766155398,-3.6320770201865282,-7.819910966130587,3.58753842227425,-1.1564015180578113,4
1.0626271915543162,6.674922914019756,-5.635822243304405,-0.4591846574746121,2.4776458028831563,-6.4805657520038356,2.473509737773,-8.941571265151651,3
-6.981236366405577,0.43942892903203334,-1.8660079352129206,-2.6609395516923096,2.8047668835330195,-6.26554325397525,-3.604969131671505,-4.163948934579829,2
-6.812929095347703,-0.14124447902393897,-7.696976670931671,8.875078414486955,-0.0955474065973716,3.716714360431949,-1.7855152790660596,1.8126918436099915,5
-0.2529933606045143,4.505502664630439,-7.870923582171995,10.78951307308536,5.353276068184737,-7.755182451038758,-6.818201267305634,-3.823443387258261,1
-6.7440851286278285,-1.1930914424470225,1.2593084025032937,-3.780652057981125,2.576837180540514,-7.662302610972984,-4.239707707870308,-3.360462210656374,2
-2.882539665998235,-1.07918827276733,-1.3492087432542181,-4.296560241811574,-0.35120419296530025,-8.510619570258022,-0.628807349041077,-2.291359286380303,2
-2.046527792800241,12.942766352055752,3.619494861425996,1.1235745559378238,-7.876652033430894,-7.768872983932354,-9.858147160326439,9.225949365270786,0
-9.124505942427117,10.54220921133583,6.343919219533879,5.460860386497704,-2.9150566427333597,-8.5395285541043,3.9004419385742173,-4.462791638264623,4
-2.449077848115365,8.510780802137374,4.846867646954211,-1.8360128848968635,-9.807118095484203,-5.894562383601006,-7.17883750759753,5.866744189848269,0
-1.9522031081571019,7.443985966159647,-6.704252704185157,-0.7348501515021912,2.6906963662138197,-11.53928292955609,3.601583488753256,-7.232988178085151,3
3.7072945589022606,3.370254797816945,-11.719106089121034,10.903903525562976,6.611064048938905,-3.80735254358287,-5.662777035090379,-6.334333007648198,1
0.4211484050628922,2.676137650410903,-4.841430415889558,1.788087674195701,-1.7353041230588033,-7.846612939553006,-0.12762079023856998,-9.74152609656782,3
-10.264653484862727,8.83237862027407,11.458985981875816,4.24238686941715,-4.3616995761941295,-5.667135083170962,3.9370050968251693,-2.0385690503923564,4
-1.3164490164539426,-0.0028957102422083603,-2.941352954515192,-5.266999587678095,1.4290927184359115,-9.000277215969362,-2.0928509912700477,-0.548446553435499,2
0.9260165365766415,4.542424324099358,-6.663104068430167,-1.5303360883217036,-0.0974150530414013,-10.301655740846002,4.852348532819901,-5.536657700346283,3
-7.252720851552256,7.629526680124412,9.820682133995017,7.377320296053029,-1.6929996671122365,-6.491726569635558,4.600547644479496,-2.2173212662479624,4
-2.8438148353721604,-1.5733662312403025,-2.0089695322832846,-3.344808160920074,5.754081125614762,-7.023799622627404,-7.32930915441485,-1.1468509219089276,2
-0.6767094826024342,0.3355121921419306,-2.0678037942432543,-5.208775577309591,-0.5258272298832196,-5.895537583379702,-7.914016464656959,-2.681919679574039,2
-5.978436229996706,7.717303880844641,10.863195615133995,5.699541616935939,-3.665934409619098,-7.9136597080153805,4.600517708534032,-0.34865520160477526,4
-2.313608815777444,8.343944615364347,3.3204996206040662,0.2790894467442202,-8.024447967927635,-5.085710854316061,-9.895967844040001,6.499620985205468,0
-8.051348246804286,9.680525928075747,9.194326408022384,4.842595650418377,-1.5963168809537542,-8.988318537548217,0.1765503551504355,-1.1648344690315982,4
0.22848581445150007,6.3696738581105325,-6.328773090534579,9.633519967153445,7.465709421530414,-5.430435938760807,-5.514909953459909,-6.5232038135335575,1
-4.401056244292186,2.3712949666335676,-2.8070975758147343,-3.7355738151076068,4.5645207606636635,-8.34071759648924,-4.632124601603316,1.0797241674287594,2
0.33158773573132727,6.647572498825895,4.863321514973536,2.07720909384278,-5.578378541447921,-8.230275797155786,-11.628203920470469,7.574439741255812,0
-11.368341843529585,-1.29031621803252,-7.787824439012569,8.704613770226103,-4.152338642831629,0.3261398216174545,-4.428496843101182,0.21595393945818406,5
-2.7520537751096836,9.955593658573644,5.0894658246041535,0.9768504522277819,-7.212622791722911,-7.668911088730079,-9.78131136774675,8.682886270732343,0
-2.802837539877111,9.147773772439297,-4.967262533646297,1.5285449534845308,3.904337500997103,-11.695336687401293,0.6926024162881541,-5.272699355175334,3
0.6680629456198752,6.952016651066474,-9.93034251098371,7.792914113679092,6.074242211034236,-7.833938152709539,-4.069285506743956,-7.444998993597748,1
-1.8906596552044426,11.189162287182011,4.40445562852553,0.9225711706612043,-5.481243589540258,-6.754606799542074,-8.545536637203593,5.988688766589958,0
-3.442787555040553,-0.9657500617500137,-0.7598482132620469,-3.4713361389294435,-0.9002943319015166,-7.148141012252432,-3.4933071907530686,-2.8066989055486014,2
-9.439577950744567,7.7976117143957335,10.031410282587176,6.7757864134178885,-4.252203953250365,-8.284854409026941,4.350177154050989,0.3533812610062519,4
-6.990307801071838,0.19894189194887496,-7.330019872878523,8.144708049548106,-5.828406237514737,4.738007025475795,-3.2362040681853674,1.8159963121716425,5
3.6236130312936385,2.9107762401658883,-10.944513654078966,10.707948432589028,8.123951020820623,-4.39096188761423,-8.468776509007014,-7.077431367846605,1
-3.670703353448869,3.0581698882765522,-1.687159738224487,-4.9827140476169385,3.2518624968018717,-9.233558422617582,-2.678231937602657,-4.753902015073338,2
-6.744691381567241,-1.1813491779098015,-6.9256474180594925,8.67178357803322,-1.4687525269960209,5.136960905135245,-2.426525848303877,-1.126826844810641,5
0.13904962453926184,6.661218770918076,-8.165929715390122,12.16702576616462,7.5127742572166,-6.441204040218219,-4.246155179874087,-6.384818605110152,1
-4.727618326099816,-1.2436104004384594,-1.1751272794895766,-5.870758769962496,3.8749472531077593,-9.00833522237069,-3.2807771202346068,-2.8017493178302972,2
-2.1475348621285155,7.405599789266223,-7.775411067869296,-0.7970304428865429,2.786402911504707,-7.879054448080997,-0.07611963593526694,-5.658834509909571,3
-8.954041379517449,0.16045277625439486,-11.41825328985794,7.090882031663059,-4.765239300934679,0.5534577873708901,-5.607994603217835,-1.2016500712632638,5
0.3630042602362815,7.572691386291412,-5.1247691835370635,1.23925775001952,1.1343179903857348,-10.000830963315087,3.3999061169911577,-7.50821363508037,3
-2.6516996883608206,3.641532194868788,-8.639411481462146,-1.8425447650368452,4.459476988621057,-10.175665402181577,-2.5557085167932545,-7.528808627823781,3
3.7710348122988453,5.7141917749715745,-8.926914867475318,9.485575895895998,7.700566568199698,-5.250389911552584,-4.666220540968471,-4.8926116001500315,1
-1.9261894162519761,-1.023718578084419,-0.16722114123760812,-4.0700362899275495,0.9943185490725321,-8.921977416025097,-2.56527769347423,-3.6294758775247797,2
-9.41648828584603,8.12319042611114,8.643853087678115,6.425369289514499,-5.828753188365965,-6.247489770837659,1.8485586440390618,-3.960242177751363,4
-6.555722347456493,-1.0762192182355879,-1.1525281029063092,-4.039596009596494,2.8412473447197386,-6.500241623938177,-3.615355936310257,-2.3629146275157775,2
-8.071515651362336,8.70636809919602,9.150527566224094,10.067634360745492,-1.933185824657012,-6.412030466561231,4.533573555006295,-2.3033727195122538,4
3.6725090753079055,4.7825488289684825,-11.140744235537133,7.233611620897424,6.886901831700124,-6.027227874154372,-6.223674369585793,-6.357596265729062,1
-3.558572746872777,1.3205786011472025,-2.2774134688509857,-5.68230156775909,6.168265003648411,-7.692146282277941,-4.452234182342946,-1.5882189777775508,2
-7.063758250186611,0.09968344753740715,-8.9380593209216,9.261595259785599,-1.690552697485391,0.022641871353313192,-2.9017737599332927,0.4717088971574115,5
-3.3981673130066294,3.913837692593304,-4.8569567749437725,-0.20462237304984376,0.7858757328848822,-11.320156776668917,-0.6005383861157974,-7.714648534459288,3
-8.817760880665466,9.374043805054997,9.398659805771958,5.814383164073744,-5.126216354879487,-5.54210898691723,2.7722249096118707,-2.685769431619964,4
-2.692492707008782,9.148837149398636,5.74533636805561,1.2614787428679475,-6.657181292026269,-6.95230621779443,-10.31975160286185,7.141656212968407,0
1.1843733822409352,1.9761780710393975,-10.844818786505133,12.516538021556077,7.825901045834626,-4.271771103670128,-4.479966595990923,-3.3972944999514985,1
-1.16844171842932,4.0002904709274105,-5.317676978149551,-0.2886727234966511,1.640068870232649,-9.728681037245604,3.3031585304579965,-6.2230647892971485,3
-5.232241191082087,8.116145333890792,4.112695955879324,4.652945160603236,-7.319310878755571,-10.402099150797415,-12.03655000761401,7.377970253653393,0
3.276156993626908,4.869189571882824,-7.584855654938175,9.201446728624894,6.062104546286783,-6.308200167113854,-4.990103484702584,-5.74762013844709,1
-4.7709277896191615,-2.1473349088435483,1.7968738812196783,-4.436662612404446,3.4278244857461457,-5.840527122468689,-4.8976358667842295,-1.5968386935083163,2
-2.3779127706342096,5.702942067288631,-5.751945210976317,-0.8823156145067206,-1.7354318716839003,-8.765559589414082,0.9457130538651533,-6.403056042067861,3
-8.513162178950395,-1.0688701336141095,-9.655663850411843,9.535437405275639,-3.812802156916299,4.8600160507167125,-1.9957333255173273,0.054171066358262576,5
-4.3185521948445675,0.5302859061859033,-4.305087226219497,-4.601119045258367,-1.7402139652103035,-8.146957285992345,-2.788804543867113,-1.9571366409244555,2
-3.5150700183021266,4.825273010290673,2.2693496017459123,-0.1699819559916782,-6.663322645571452,-7.402083520382122,-10.990864536500396,6.8736604475554115,0
-7.625068809941244,1.8700858147129698,-10.808110067642279,8.202004916585889,-4.646156354212897,5.124642394961564,-5.312138841174986,0.7871126522097129,5
-8.180694247793271,-0.9876880530060467,-11.003184230585699,7.541944327386009,-5.794615284868191,5.812971693892173,-5.440878624101386,2.0611398115296513,5
-7.142710053110947,11.187235688935512,10.099884015536285,4.782546030631297,-6.531992346519277,-7.447552760665804,3.0442480142389767,0.8568115829317455,4
-10.583041839707702,10.10838042009227,7.477534668243508,6.518602675162868,-1.8364122440688244,-6.487261590251158,4.496124344190577,-1.3270870475147676,4
-6.339689793472138,-3.149555037046184,-12.925520332994871,7.298780690629365,-8.43992128449147,4.41800272800886,-3.800664012789953,2.6430094284380603,5
2.1895678277429216,3.9299543387331597,-6.913043277216238,10.193745811964996,3.705432219908751,-7.77703993699881,-6.275167841470254,-7.819666520359565,1
-2.908622950023262,1.3776462947564776,-0.5818852786646369,-4.027366969253438,3.8783691477306244,-5.229648380860587,-2.977390844214772,-3.612685173895297,2
-5.805461159332941,0.3894934551311113,1.1485546747772375,-4.846031265781409,0.2574499218481854,-7.452388495737446,-5.300487528694512,-4.814110054641269,2
-7.241855033505745,8.187363383737637,8.32458314674781,5.219926808681052,-5.07441110001524,-6.243061599322691,3.9129854516223137,-1.6486535244103866,4
3.9541814335148127,3.590983670092452,-10.698224502026997,10.805019291506383,5.287069157073417,-7.708778937781603,-5.924278275868734,-6.6245870803914695,1
-2.9492803384953805,5.331212264621385,2.2155731367104177,4.160168511851971,-4.2476788495492155,-7.278567256566152,-7.915836615746784,7.821523162768361,0
-8.816020656978285,9.88307023747374,10.413199451639677,5.5017509345912226,-3.2994653506737857,-6.368598453493601,4.412496919366681,-1.6011197047877155,4
0.45970772948248584,4.417881727789031,-10.266443775214324,8.173219191991585,7.8234229533000335,-8.213550280082481,-5.4598586329553465,-5.23673198924653,1
-0.9119001860160134,8.323693627849444,5.285846980766676,1.9344567137152662,-8.325550168319475,-6.361134742521382,-10.724791422491695,9.223809937037206,0
1.4655169555112426,0.5573979322670701,-9.890998650338224,9.148286803084373,6.288980446511601,-6.7571556527956,-6.01559812669664,-6.226084018692921,1
-5.679075776880353,-0.32425764188247475,-9.21980745505073,6.639833315695577,-5.754790842697913,2.268438257480822,-4.20860909751475,-2.252077710777298,5
-6.580399646983836,-2.285046012741375,-9.353816053245012,10.02660425019093,-2.566660669588466,3.5273091029927124,-3.924394684400016,2.5902153077453964,5
-6.201325723038742,0.7474393845852535,-2.081297184427912,-3.3637372190315586,1.0527668150775444,-8.177645755114495,-1.4965132715931446,-0.7033037887147477,2
-0.9117219206462597,7.9099564134143385,-4.053611889080663,0.7675508975477265,1.3744680495069135,-9.268398002149652,3.53915326371775,-6.647916370168035,3
-1.4192488378388473,1.3666126333334399,-0.09992515491631782,0.51247003481772,1.9909977937345764,-11.537247700795296,-0.19241378750981264,-6.736635858531022,3
-1.1545793303375773,5.224596070586858,-7.215069668396367,-0.9516066291262173,6.1185037903980595,-9.384914401726576,4.334990352448325,-3.8951281862236566,3
-6.390800822804316,-1.4399472935821778,-2.686228756212561,-3.6709217932062153,2.663979768176209,-8.296987298363332,-7.721586321034168,-0.3084545372747214,2
-7.0284339501434365,10.835803458456063,8.256386643279766,7.708793980192005,-4.263342476850043,-8.212122372009127,3.9133537830893865,-1.8061995209531778,4
-7.300170120202896,9.030967945413652,9.613534980485337,8.194313621259392,-2.785636158601709,-8.017744242479111,6.063335058269185,0.10629713265365037,4
-9.965022333150774,-0.19720678791491977,-10.117395657343891,8.20264890615407,-7.239667842860472,1.0194391648904797,-4.484742342242369,0.04532345174078889,5
-2.2562473853298926,9.067795676955363,4.5088478289121126,3.5590754646233984,-5.683715236867981,-6.403507687637794,-8.118078742321375,7.156549396397764,0
1.1528674343557128,6.193107409952745,5.891122656346706,0.5145820004944879,-6.91149662523084,-7.276717783801807,-9.52363696911242,7.306778709014337,0
-3.8183158365284418,9.008886996340799,4.367583440188216,1.2480048050170915,-5.765407275220525,-5.35162125956313,-8.696876738569054,9.687571045187122,0
-2.4585210656169627,6.500742759373685,-5.959049436868893,-0.8201560730421789,3.967135798248324,-11.02288118558439,1.5723522926462659,-7.398567571339725,3
-0.8401195899381304,5.7728400733807055,-7.554661954994126,8.874879553857827,6.172133832307279,-5.028062742781842,-4.004329444052779,-5.678132606829056,1
3.0386930934305063,2.519463755436269,-8.611934104973557,10.157784410983712,7.252940388549092,-6.044482476171527,-3.4343105361279687,-5.542796701347518,1
0.1247172956432947,5.855572558948325,-7.72170257504898,0.7716688618204911,-0.4292964086893063,-10.74101270282818,1.0145429086448619,-5.725299411302386,3
-10.438080659201175,11.091904514133187,7.672113380262306,4.165594062550991,-4.174163036857428,-10.093433716335657,6.1837653881493395,-1.5660753567008614,4
-5.007219214654919,-0.33169947542930633,-0.9179086973671242,-1.449453748523581,1.1380495187865851,-8.851779183047547,-4.330845392220346,-1.0219807653036717,2
-10.829387818873958,9.941428637874818,8.50146544720982,10.04555675987614,-2.3985720061715745,-8.887192043616706,5.625226512297868,-0.028292853075163826,4
2.192708877134874,3.293136557676727,-8.117492367393885,10.59156747219761,6.353475224909156,-7.605558464740508,-5.54632377648635,-7.960628916747565,1
2.501019860606409,3.163696547388686,-9.454957552523805,8.86478895426762,6.118453794729213,-5.624638064893628,-6.298663948150772,-5.114031340448702,1
-4.277713803232602,0.6700676784005104,-3.775257520964879,-4.838435941813618,3.05376185924918,-6.642352322546719,-4.969375588031168,-3.111552747688481,2
-6.405795446766128,-1.7516426034032127,-11.156970599618138,5.49834824952536,-4.979231768959275,0.8528822738270359,-5.633942951335658,2.110706580986641,5
2.4137789692360556,11.190471568486823,2.648610836092545,2.345758623823769,-7.852437019850988,-8.503277156007808,-10.982443070434307,8.01506962071351,0
-0.7771941254747614,5.466446580253504,-5.733719111767453,2.2949975263464446,3.5682123991671326,-10.961968829550216,3.7275399450798705,-4.6836881298573125,3
-9.791441113896404,10.767476468908093,9.59380020234718,7.202957449562591,-0.9335550194061177,-10.98617997166156,5.11906722305632,-1.3484719138180798,4
3.244612816808922,4.089580294873816,-11.69902219851243,6.3078733806859315,4.842511591795371,-1.9243981148076181,-5.207057817565551,-6.030130055771305,1
0.28874435791584685,5.852938380101781,-5.6844028086382234,-0.3275549890261952,0.16438429465777404,-8.824545456428092,4.082810708369467,-5.879339557085509,3
-4.7126976728745955,0.8100917150044701,-1.172255284847575,-5.149222455984866,2.3550431523780615,-5.605768522675461,-3.858697082282197,-2.310228847682473,2
0.6439035644336861,5.574671788201982,-4.79258223710175,-2.5418144437601664,3.5095688360722113,-10.382742335295886,1.3007917271073053,-5.781275813526726,3
-7.720720704283649,1.7347816509282883,-9.482858894711427,8.25040575878026,-6.59194976506144,1.2515935955644355,-2.2007713457320652,3.1578709442631885,5
4.390593157875159,4.975472885599796,-12.19351659042823,6.56698066507593,6.545956095817642,-7.693602770234165,-5.325825859645191,-6.264288898987357,1
-0.6562202254526417,10.280946438539019,5.638470543511549,2.9785224987635797,-6.899222027706333,-8.315716587653277,-8.717040463526049,6.240064177079324,0
0.24272624406072274,4.426900313466848,-4.771639556394119,0.03154507096389941,0.3488665393511814,-8.969087816917023,-0.9498602651525978,-7.484068841622074,3
5.1232520738932,2.654997283492519,-11.764347836180903,9.057621230829698,5.110497914391625,-5.8359582513309105,-5.263078498159158,-4.739425162084567,1
-0.5683766555612082,5.16903477897489,-10.013782232796835,10.28919659902892,9.631330464667249,-9.179507194946005,-7.482861949781769,-6.666910784230385,1
-9.484744376805377,8.54650465444353,8.702839223354292,7.268775315392684,-6.000803192471673,-9.885430687941028,3.2071640572072235,-3.381916050548252,4
-2.5810264712488094,9.306287777157063,3.5676945155013287,3.8479183474865875,-8.76150452963892,-6.100013117937197,-6.947302007900072,8.092975863896935,0
-0.10171174999571342,3.3595681367960526,-8.377020511172883,10.502101486273625,6.328506149621786,-4.659754308738428,-10.000576179932919,-6.165783026879008,1
-0.6544747868002955,5.478670383309268,-6.041434431824688,0.48663831646440225,2.6179502781917545,-7.2004028761380265,-1.4739794285947698,-4.80753750363227,3
2.142954841143641,4.943834804976981,-6.906840053908948,10.295415072048803,7.289442079148533,-5.365551889150767,-7.13706567184899,-6.377492402147952,1
-1.1723319788483353,6.293006921355904,-5.842558785579954,-2.2948029927816505,-0.6348654423562099,-8.992834198553208,1.4710353762550124,-3.5629889848244254,3
1.2533811737402165,1.161624253444856,-11.440175378428645,6.228858689763671,6.58753467889264,-4.443192233076371,-4.5926614260590615,-5.668254663604538,1
-6.34694400061006,0.40649899187302013,-2.2793950400764054,-4.16055308674845,3.398535673085033,-4.821946871016706,-2.702884571104777,-3.827068333854495,2
-4.322671252320947,9.57416407259735,3.207311838373381,3.6737355927938786,-3.13910279852999,-8.257320475998858,-7.9835951768365305,6.160735867687472,0
-6.627717023832714,-0.9980523932061788,-12.617264446846912,6.756772072559554,-5.317750820278383,3.475996538278785,-3.927340246080877,-0.04927255967173061,5
-3.681178694373468,1.4411919755143139,-0.29190262885152074,-2.4247502590549512,5.149113594875493,-7.244302582865526,-4.990849368705103,-1.6911053274298646,2
-2.789133233765404,7.80509387300977,5.498294585940747,0.5356209130750722,-6.834537339360665,-6.894699987906672,-7.100894851305485,8.083040088106628,0
3.2607366733778598,4.149482281135715,-9.241607558087674,9.871261925611085,7.294132182675354,-8.67427057949785,-6.845942729088943,-8.707012312040806,1
-1.8875173066998348,-0.12285070929343067,0.4291600075737929,-0.6214917652040235,2.3430974741983657,-5.954300886968467,-5.101812261620877,-2.641948239676226,2
-7.141226037486311,0.9999235259623441,-0.3149164197298806,-6.336693072216256,3.616350039322062,-7.388553021368431,0.7570316932739667,-6.156340844360943,2
0.299563494252034,11.531117688542093,3.894589925639041,1.7318293454340195,-6.997943296124698,-7.602764755131343,-8.526287782191007,6.110271605278559,0
2.055800353589371,8.56733413274164,-5.228071072385823,0.06539466361030855,2.3345342605929833,-8.564028003626781,2.087078234241404,-5.884007094377982,3
4.387922440581844,2.4868609829713058,-9.080529900875373,9.646590726533132,7.210598882691212,-3.5512466334175605,-6.716763295525274,-6.9807151894178645,1
2.313773239203538,5.588455771233348,-11.55153263774561,8.310347608444955,6.944792955755775,-1.9106839287859132,-7.7446041953249125,-3.0676955853362533,1
-6.406075497581816,-2.5443254156009534,-11.456718373415697,7.230511014180802,-4.698999114233825,4.652927006297482,-2.7991575062211025,-1.292646311969308,5
-6.004611123402129,-0.5735588255044952,-8.322509123069377,10.017024493954182,-6.058238102253685,0.8101807340235232,-4.3346032644279395,2.438302024726041,5
-6.278567809820914,0.25951454346755803,-8.011024441826628,8.965957706031801,-7.5662011502053055,1.9171574376088425,-1.120640374262083,1.6575029847614318,5
-8.676159701736802,0.5093837543929192,-6.701885630826981,7.476798509498812,-5.400596272528702,4.73278822571611,-3.4251802826222044,1.1935403511816753,5
3.975444547656882,3.468090667785667,-10.181543068740767,9.282441082998812,6.732085856711827,-5.54973951572362,-5.470329284852703,-6.608111967744889,1
-7.819930006426808,7.817510177998289,7.658478565562426,5.001808956524059,-1.4636624435016086,-7.513089045487876,2.227962325841657,0.04359363848499909,4
5.163984768534281,4.697708462377097,-10.168879117881723,6.954258873449959,6.297793102453123,-5.377332786293492,-6.9836300818669,-8.996525224116922,1
0.7315365949089263,8.268910415072076,-7.919088450752221,1.2798123562385215,1.2524718805646176,-11.418627582707426,2.3872263512495797,-7.922537974557467,3
-10.422869610743266,7.734834068904025,8.706968022778565,6.747735082955688,-3.131851102673006,-7.725785491566009,3.3490361372251143,-1.4145506439125208,4
-4.630692319280529,0.04958509069534123,-0.6839239431286823,-7.3234765326297575,2.1180986707549145,-6.6501619299580605,-5.0698825263213605,-3.4396960044699765,2
-1.2571170175706703,8.825005623169272,-6.7687505906496765,3.3442094412465266,2.6585705723566035,-8.16972471236613,1.3320747072549275,-5.666450037608268,3
-1.4339028007583896,6.0241842893544435,-3.316527334334406,-0.8550665153343713,1.7201419476513526,-10.796152106555335,0.9957806918772116,-8.32926382213333,3
3.0253035365106107,4.083426512971925,-11.169956526669392,12.983679533169154,7.411141082755836,-5.998434671873365,-4.09917341313507,-3.385004827912752,1
-7.693452674681852,1.2999145233360083,-10.289433789373916,6.639825988951575,-5.323028728136862,4.813676624108142,-2.7583018844803338,0.5407972362320834,5
-0.8625178000845619,5.683440916474441,-7.081774079468129,-1.7033626152840968,1.3093180183776894,-9.698108397110872,0.9721274580017427,-5.226231475358131,3
-8.79472369520436,-2.331747770562861,-8.123898624534599,9.27068463372515,-5.352824367196307,4.375568425224241,-5.055531982711575,-0.19434587551761406,5
-4.940935024880369,-1.8963437196660098,-3.5496944702703748,-5.170842723354577,1.1188132832087023,-8.808797735512755,-3.553755465387886,-1.8499381862623911,2
-0.6161947258359884,4.94137320277145,-7.974250605079346,-0.5299425108268082,2.2794216047577427,-8.373716103407736,0.1213624445523327,-8.089800273013964,3
-7.475737886668722,9.974566351452896,7.0295625758874785,9.093774520318794,-5.115726003437431,-7.663395254243122,4.087506965185277,1.3517397192677976,4
3.9314878750904665,3.7115116162596475,-9.097595006836212,9.374286516166167,9.804980663123528,-7.0272820888218215,-6.129883680216825,-7.016942332519811,1
-1.8409082534882173,4.256909029473185,-6.650657270608017,-1.3351191898519312,1.2100869673073307,-6.9414702482835295,0.9169133592297269,-5.612107473370989,3
0.8322019045964142,8.790942723150044,6.412971343008127,0.3093202005398825,-5.899188943051159,-8.565574494353797,-9.836358093749299,10.385973081685561,0
-5.041288353720386,1.91188156534891,-3.809309113147016,-6.951914321787596,0.1956642946045113,-7.263682483482213,-3.0768439877143665,-7.434415092541405,2
-1.2113034785378143,4.4333630936032815,-9.84575801532651,7.496781570055773,6.958930758035783,-4.109905305403855,-6.708409365328308,-5.902842683216166,1
-2.8965977367953784,1.4147237192455653,-1.0387119101444462,-2.116539031677719,1.7310154253421217,-7.674608016935468,-7.206024394051686,-0.9829006640301088,2
-4.331405988211926,0.2558800493755269,-1.2186930502721138,-4.803515879811306,1.3496273215739758,-10.17072708277011,-5.061726563887825,-1.5284059051953627,2
0.8441519798419046,11.565393954997036,5.726194016647674,0.6733259256408599,-6.958074136492129,-7.136685722947676,-8.308965669251085,9.645125216508841,0
-1.5850568423316371,6.278749438313454,-5.4735290657252795,0.6901346326182594,1.7528116574271555,-7.69380386522094,1.7396281963031055,-4.3630337826355845,3
-0.8714169056857974,7.798749478207853,-6.993000430542519,1.5841097460553897,-1.44849873487302,-7.203743464843669,0.7103418906499432,-6.381080775734554,3
-9.436409715443641,8.390901520026647,10.097334129087791,7.406573068480245,-4.493987268885959,-7.495661994394995,4.229966761176222,-0.01561114915737094,4
-5.0340653380199205,-1.4214373598767,-2.376772398524472,-6.756425226302664,3.329958024860814,-6.578885018700162,-3.2602601735028167,-4.199809615046394,2
-1.0877208384313453,4.491665378293214,-6.978730252072806,-1.6792451728674402,1.1983027805979143,-9.454396354852067,1.4592437114208239,-6.501270234507632,3
1.3547784002640757,9.241053965896873,-4.507302057921633,-1.4623201465038695,4.669922309749169,-11.569283361037456,1.6637107115082448,-6.5018730990743725,3
-7.991563912649014,7.366847788539692,7.43941770678302,5.602783028722401,-1.4250997714504279,-8.32120259015603,4.179955705856999,-4.344640241244125,4
-1.2557728082005974,8.611823910527129,3.6838625247214747,4.248961462658345,-4.097387729075144,-5.313936712025074,-8.701818728531972,6.030297760873221,0
-2.87687703197306,7.65203583338182,4.92021710648172,6.749584088106189,-6.291656526392383,-7.381757091151783,-7.3634453534724065,8.095823535033443,0
-5.112394588453558,-0.17729381720936854,-3.297043673025167,-4.359079310654442,-0.1674248436405219,-7.530338073724183,-6.1548377318552605,-2.34185695525992,2
-5.942667583987399,0.8780589316471868,-8.081671872941694,12.329777116924994,-3.9789867855361303,2.8265700898619257,-3.968409765065495,3.017363197819647,5
-4.210971113767143,-0.8119133702793537,-1.267597715343945,-4.038715299687306,2.655789548009733,-4.384134931484196,-4.369018580814953,-1.065406546726994,2
3.83620183182179,2.0417186667966933,-8.043887099075235,10.551779688729358,3.4196782377185215,-3.6370292404172413,-6.213967069031823,-5.704638596741715,1
1.5902010687525432,3.7885254910447834,-3.3399470551300863,-1.9662270905732178,-0.5949736346188641,-10.593837853222599,3.957429787287836,-7.463310853853175,3
-6.2919524002033915,5.937650065793389,8.581000419125873,4.125729983627139,-5.197767877297649,-5.323338998037714,4.042547708521845,0.06516763646430546,4
-2.790564670144064,11.672638393363151,4.6732972175016405,2.3422911330906255,-8.895890815427398,-7.866287846139111,-9.438641965154309,6.815178760688728,0
-5.377628871588357,1.392855097837547,-8.332132483657071,10.413562692527968,-4.277246519797348,3.217595741784912,-2.604944132613663,1.1654878977987262,5
2.92608284631371,3.3793718785594185,-9.255622606945272,10.438980467221384,7.712136679039127,-4.513580362315505,-6.95283299192067,-7.100485278917492,1
-3.7454527354860687,10.342593027178498,6.0805165776602035,2.695130194850345,-4.986037324127386,-8.764974981078156,-6.170769178154191,9.760704710238317,0
4.815674587301194,5.317731275742187,-10.793436164629505,9.216449584516743,5.779380128366008,-3.7310482838802552,-5.943496030495053,-7.586571976307056,1
-0.41406009927266085,3.3141477256494323,-5.359785293472452,-1.0579457584011391,1.012751814821417,-7.516210925565316,3.3757035720780975,-4.840557713733492,3
-3.1365706680642025,6.672662211186932,5.113671279531423,2.3908581194285548,-6.8714456605233325,-7.255449006676182,-11.102920943916674,6.650490399074129,0
-7.226683941346864,0.16752977303556377,-9.358753563337203,8.329407431403325,-2.892132122527583,3.8170412369169977,-7.4979803699539005,3.5176958515150005,5
-0.3141075151262688,5.919478089541656,-8.33918206590373,-1.2553112364209804,0.9828319996251595,-10.278986174602364,4.155394550642608,-6.5782948320981705,3
-8.96386852597454,13.286909123855924,9.444865378261742,7.123268069445308,-7.14158343247742,-9.370328756919811,4.514689401652937,-3.780186162842199,4
3.3452420439987587,3.9950367915613967,-12.401444316732647,8.996408507811982,5.093393267299115,-5.62589051194398,-4.068817397425465,-9.114990193702969,1
0.7504100590362655,5.909053813043977,-4.9248485517616345,-3.968052448452954,2.239766632195951,-9.889830447194024,-0.07911821943821673,-6.68980927497165,3
-8.044687400419528,10.411354498124556,9.34674835495299,4.455338086323913,-1.591872403525111,-9.27571301607054,2.1075127230711175,-1.571831589217314,4
-0.4292178274333356,10.55077439713699,1.7691718497490032,3.706202024197907,-9.821256988386583,-5.443121874680191,-9.4267829991497,8.447576217792871,0
-3.624820729701183,-2.3401158928337105,-4.556375525746445,-4.018894809075533,2.516046034876875,-5.191724401675349,-3.5178320836705077,-2.9124602841194314,2
-2.1118773950273386,9.139274504575948,5.280256205070941,2.2958143321475393,-8.527582830794367,-6.806382838662905,-10.556229610904415,7.453254984140021,0
-6.210947755589666,9.733347888021118,9.48087583593049,7.222709996402688,-2.8528462376793975,-6.532960979440547,2.473602271310561,-1.9657947750444364,4
-4.492187016888951,10.315141386891227,11.048064521937864,5.990518166746917,-3.7385211306406676,-8.733906432922726,7.883669970987694,-1.371132234969258,4
-3.7505973401191244,9.140628601267256,3.614148809766733,3.0276566342022035,-5.236595801938607,-5.920785527283377,-6.2482675331786215,7.988845522627252,0
-2.3749734212706333,0.5623910918403264,0.09047582893450734,-4.792910198464064,1.8581493455886164,-6.068845704366152,-2.9853501018547974,-1.3966581378286393,2
-1.4361838400899605,5.173204892486895,-4.0425866091855465,0.6098757664777397,3.0111433429371246,-9.860226499408178,2.6865775038518724,-4.504140081566717,3
-4.021988449146439,1.645822042163617,-3.086956860806569,-3.759329971301913,3.6773869399683807,-9.5691353778682,-0.13527748016139185,-0.7673456415397348,2
-8.964252663276678,9.769187169973012,9.95524020020054,7.547576451293355,-3.448302376952778,-6.693973353953392,4.496326736927047,-0.1452941112974404,4
-2.6505783577812867,8.422268480386917,4.225805135960737,4.531005156748279,-5.982156074445288,-7.352878102122603,-7.723200709418833,6.789411731889087,0
1.2646628243774598,3.8708193336709353,-7.442182002804463,9.546070878982665,6.865304829692144,-8.06876623324721,-6.858290908070355,-6.71801364892289,1
-8.1233249449609,1.732707636939495,-8.44208863862089,9.500979378421379,-4.13254040766963,3.9773767602386663,-7.432750230570544,0.022300261245679187,5
-8.404090103029507,0.22505000659523533,-7.477787490045024,10.24370977609358,-4.727303558913169,2.4352587866418745,-5.686805183250135,3.5351686149818793,5
-6.272403417439152,1.2737198008497352,0.03362858254051826,-3.8709645401632864,4.078393333942571,-7.3483387619215605,-4.2440690683359605,-4.140007980111431,2
-0.0021686740279416306,3.915106510554174,-4.467778820011653,1.0952842401950273,2.4576108905815053,-7.9541892055831935,1.5761768976021173,-6.346447344243276,3
-2.4334469916366928,0.4892548910759324,0.2736608028584311,-3.63529922253674,1.5921102308411743,-7.06992253868722,-3.401752323607483,-2.4500056965843804,2
0.3723602564735189,8.032045523671789,-3.8350295616739714,-0.33177427750570443,3.5065831464331176,-8.672957889524536,3.9384650344030288,-5.679702192553449,3
-5.447126220018025,9.827072251258391,2.8744922663499035,-1.4714552647832408,-6.257901423901727,-2.8913103653834815,-8.84804121509984,8.66510815462133,0
-1.5052877313941075,-1.5904272534057715,-0.820683115261188,-5.210525707380228,2.9250793024853254,-6.519991288794287,-5.736178042467367,-4.1146068823407065,2
-5.066196586066747,9.75376239392943,7.878774233487066,-0.207908723407765,-6.576097322974637,-7.939281077750521,-8.156908226727154,7.354159359363907,0
-3.804563254927384,9.692783799340866,3.8817358809146354,1.9500460505354855,-6.005572394345351,-6.869833961578446,-9.53654518147852,7.148147229217374,0
-11.286937356558514,8.072705245949155,8.941224983768484,4.602599870643558,-4.332079133322962,-10.528373562070145,5.160147346721608,-2.0249574703830633,4
-8.106687415782686,10.063065761577116,12.785048442253307,5.878388139132179,-6.225192576173406,-8.852787624562751,5.039956404453788,-2.4331824294164663,4
0.13341084603960796,6.753311958050107,-10.001452342786283,0.3010050594836188,-1.0260425766311587,-8.25636858452558,-1.1980759976827486,-6.878219182815289,3
-0.5453866625727248,4.43249647578022,-8.979771473578538,11.85439182694013,8.745164585695317,-4.369882119631643,-9.823787072681235,-4.858224798054644,1
3.4248696426116627,3.662594638711269,-7.584555934407138,11.216525962159638,6.8138414971559635,-6.475530410954371,-7.920025283990719,-6.39201141791723,1
-8.495159125146776,11.010328390073035,9.89626922606959,4.425679332292551,-4.829346979284201,-7.649098418185151,1.8885176887053652,-3.200661697864944,4
-6.722640618700754,8.576172836859934,9.234957111585542,4.566553118475172,-0.7350755123861266,-8.345297670394814,3.209116727786824,-0.22628976740498974,4
-8.110003656099538,-2.1301071672311895,-9.545984840545072,10.071359190953237,-6.855275434067437,4.943524758555409,-6.478144888802994,-1.4178134325048195,5
-1.8278477692450235,9.683415337619078,1.798260029750658,3.675475264038102,-6.475517037556672,-4.664858317125697,-8.127610432970936,9.085639647875922,0
-1.162023710329347,8.423554607482409,-0.011302314686525428,1.3734543933458423,-8.541297304501626,-9.490150898013459,-10.818210377792127,7.4985764704314555,0
-8.851945386987259,10.011097414398236,9.582726757369711,3.919630104462883,-1.5893834228955148,-8.443072615590618,1.587840426693226,-2.016523738717308,4
-4.165307418407943,0.5568458198067632,0.9285320210427237,-2.309998412889694,3.098608914054781,-9.500021612314182,-6.857941980650637,-2.2880227424434407,2
0.19578322947155558,5.168502018425112,-5.908366332302827,-0.6378281420415579,0.09591149578169356,-9.866295116205144,2.2691887983102172,-8.949660280605045,3
-5.771846416128788,0.8632248046347808,-11.35427735664821,8.903143853331622,-3.14812914388928,2.3189268794495828,-6.302777101701506,-0.30375250867689185,5
-8.884313127383926,9.576898430049459,10.556122910716264,6.989399955909237,-2.5574145496249154,-9.355692612873696,2.1224743962152197,-1.6458474540986452,4
-9.45665222117405,-3.250306628452435,-9.653638339317595,6.7777238224984115,-3.9483944832210374,3.9445099410182785,-3.7442104466970574,2.771880088443232,5
-0.09814996025973022,6.315217034100877,-7.692049263781007,10.835481122742342,5.538826244013634,-5.205296379751434,-8.407294469538977,-4.8744585468773245,1
-6.142769508435503,-0.3075599270116707,-7.8574290750317894,9.558594386337662,-4.4830415263814265,2.0499635894064907,-1.7807795684662686,-1.5340915140572702,5
-3.1286066627159737,8.94162817950674,4.680500309095958,-1.0983073659755185,-6.90176758490205,-7.983674031778625,-9.627324272475645,9.633334121048806,0
-0.632198202914124,9.605713635715272,4.468195405821335,2.689516765237176,-9.39302903446087,-8.682937543531635,-10.7486077668745,7.552231867120634,0
-5.778825221380552,3.197840354702643,-10.406876675771407,7.907902984540859,-6.794889112523291,6.2163649565687376,-6.1535968091188575,-0.23830072980512673,5
-7.494310614333161,12.224446713819143,5.062659261048266,5.431853243407573,-3.925760807115599,-9.122124878209878,2.1970593707993116,-3.9444055497891046,4
-4.19610895626997,3.3957529845502386,-1.9950761232683552,-4.321689775189753,3.8223424642441497,-7.851300064745322,-5.351540212259639,-6.278773398703314,2
-7.461351735649892,1.354178215222645,-8.510613568647337,7.028659333724008,-7.201977475311392,4.738111225370274,-0.7920209534630622,-0.6707289500872018,5
-7.130953190463186,8.652155867311006,10.098082756078504,8.909152674898825,-3.0232342636895684,-7.67743265423123,2.8568405987953778,-1.3218686172327425,4
-0.7174914900688653,6.3139391494620005,-7.315948764395985,-1.533343534877778,0.43089679421604776,-9.922700771939832,1.7840468267369083,-4.929876917230457,3
-6.042446865017954,8.64534789056054,4.857253914758752,1.8891615742788885,-7.111432890267889,-6.811244199915326,-7.201781402154788,7.0188090180119564,0
-2.3610383418047762,6.294316737221804,-5.578330672732542,-0.010960563956236624,0.3631934560191892,-8.118610363111783,3.2764243090996725,-6.407754284689555,3
-2.228344352292188,4.943898040956469,-3.999074684950105,3.158524573579045,-0.1752062789036115,-10.676928977159367,1.9208382277532954,-10.063267973362194,3
-5.260949328905873,3.2822046836750585,-1.3799281676754995,-4.2339147042458345,3.120271190952836,-6.299240118336152,-9.492935366296965,-3.7069351935651476,2
-7.396531265097307,-1.6914904202679266,-10.456491668179448,9.19322106444978,-6.641175303934077,2.3194166487185255,-2.945148107188907,-0.6405191445997334,5
-4.7740361301146805,10.578881763736142,4.207284597610835,-0.2504785451675384,-4.716364205592349,-3.5210575604719314,-8.904324763002736,10.77811676286397,0
-3.0541555541085286,9.814514981180535,2.468781924708781,2.3302145715370473,-5.996609636235823,-5.79174125980774,-11.937132080639955,6.105354483804398,0
-2.560001035101715,6.166354831067162,-5.144337438162039,0.4787651030278086,0.9475190350377565,-8.119246111628431,1.8460373744655967,-8.49205145800641,3
-0.45936835367582096,5.487939926674173,-6.490185865782412,4.004776793673171,4.304205415691268,-8.278183588647689,2.27643926754623,-5.728505447288675,3
0.12977760230133106,6.902237334306169,-6.5059330168735166,0.4796698619830623,1.3897976865271318,-5.697247132228565,2.3186613427345364,-5.86710935231594,3
-4.931326425044516,10.023687093952171,7.463740925109336,6.4407038725966705,-6.733758156484967,-5.618982968000448,-11.687328833287992,9.727897837587644,0
-0.010480958066739099,5.702614010151212,-9.761084011704128,9.21742724626931,8.079986964976642,-5.218218191437199,-8.2608045134819,-6.851496899062482,1
-0.8614847842589118,7.224994617494138,-3.9152676657050014,-0.06268042696260179,3.5456172764182643,-8.955363089969808,-0.2993669335604028,-6.602439984619561,3
-7.655381987359926,-0.4109849770552633,-9.552810261709295,8.647228675447737,-7.499093029496512,4.38430179472028,-4.275742355591062,-0.5525552597840909,5
-5.055205092615903,-2.515824644138233,-10.526871773470884,7.492772974707026,-4.714258992601346,4.059881859558136,-4.552104282292853,-0.7057460222381882,5
-0.6147260149791665,6.833302156949026,-5.721707515351355,2.0572332483153346,1.3842297070181582,-12.677964022567204,2.449645135257945,-6.300516295206042,3
-4.571911311370383,-3.4478927230750513,-10.908377756570477,7.065333084498569,-7.0255467319530975,3.4311221211937086,-3.5098861655238363,3.561898405346423,5
-3.721500935204858,0.1660855736793389,-0.7841716017396027,-1.9403076660666474,3.545033863680101,-6.427339146299393,-7.302784490044306,-1.9633615627623655,2
-8.227047575309218,-0.4836298345458803,-11.446035883229616,8.463593321475312,-6.852482777489142,2.6904360381129924,-4.323715084914083,1.6332155034827227,5
-9.903996742011328,7.350039388761382,8.705100953142662,5.144062398604394,-5.622442425357696,-6.820934271301197,5.656878085309883,-1.197114564573413,4
-7.395889785594409,7.857187284223238,9.720164827324947,8.429998808504187,-3.438593622806458,-5.751304317054693,2.896901840984255,-1.773232134556625,4
-1.742792593624336,7.636190800682948,8.12557831461476,2.284103225281905,-7.11537155374568,-5.337828916387033,-8.439206243147895,7.9622880242016265,0
-10.698159958576346,9.552819934800631,9.987184181708221,0.964699870054682,-6.491463451003691,-8.783855650619738,-0.449944140059638,-3.3378321672198337,4
-8.186316075611469,2.1058635995493904,-8.51791422306011,7.942316388812817,-3.4770534382579203,4.039293763158105,-2.442074236300058,0.5385506295507386,5
-3.5314802068220636,2.2609316893564166,-5.402430324445059,-3.388569372678056,1.5007586162109834,-6.473447158184141,-5.591458129695957,-0.7587455528351656,2
-2.615788029206369,4.859754038323929,-5.682329803463286,2.4608679850831328,3.6168327180570365,-11.655658856429906,0.8887478402679472,-4.5100929273590165,3
-5.477839453301013,-2.384614623976743,-2.138917974115817,-3.4905231997972965,2.4167986124193925,-3.3831253638275083,-2.4180420408332357,-4.162615694376728,2
-4.857063180316433,1.1282670845118825,-2.525819415116586,-4.743291361957935,5.640733756446899,-10.16280100264642,-5.3651614227524345,0.3618033755921193,2
-0.5796063965778444,10.258137892621539,5.386552407373831,4.406779647395741,-8.39789362447101,-4.084328476611054,-7.346821253819394,6.94503445594839,0
-10.666549759764667,13.389766412932428,9.52926273455187,7.689211144745997,-4.4010784397227285,-9.653935822603302,2.9146089744322516,-0.9916283907145305,4
-4.19740642661457,1.0610159854538845,-3.5333115390759366,-4.378279998704667,4.083087556989296,-7.100280455640309,-2.654564719485828,-3.6201457282621714,2
-3.6308975464588626,0.21896343645784128,0.5248589113793098,-3.395228915665085,1.0602088289954588,-5.614249285960201,-4.490695238928084,-3.2020807704848933,2
-1.5023611302649744,3.8085460514932064,-9.193260412617372,7.597880518859529,4.906943359246288,-4.854861578712664,-5.462933487126579,-6.552295499552007,1
3.372622475694466,3.7075536024374323,-7.4821583740527196,4.7443398520710796,4.692452370027356,-7.218229460608013,-7.675044692445812,-5.793889081033891,1
-10.27371386217569,10.738561764978972,10.941427221169539,8.270367350776056,-4.2082753730803075,-8.740330501506314,4.970396218650823,-0.9914894930321346,4
-7.356052371152083,7.649921947500188,9.027249313704939,5.9156660269202925,-3.572301869093056,-7.286875132128692,2.22673061244744,-1.2930378984900814,4
-7.8404021764239165,1.227459936704496,-9.261203046277496,8.200289708496554,-4.562088442676955,5.61848454435914,-3.46733435912813,2.1760321832043736,5
-8.369536173517657,5.060223710202288,-7.040903324222027,8.622333323643659,-5.115258803373999,2.361933870212324,-1.107746458603465,0.7381599536792647,5
-3.6784049317968255,-0.9112983852188428,0.10683981859226743,-6.198117349625889,4.292248898503802,-5.6244277082030605,-1.933466556782379,-2.9259573300327513,2
-0.7997906891423239,9.98087955153995,8.325700839595765,-0.39394107308282633,-4.864854007492392,-5.045804200634782,-10.395733897479266,8.934936253855758,0
-8.66794292308523,-0.35568572717138347,-10.079120663353704,7.837192223319905,-6.135848981145132,1.490043607116464,-1.5759869381715146,-3.822184376377261,5
-3.1445821535613145,8.947931283399685,2.8814160769771267,4.84783400662076,-8.245219959249416,-7.951208655089531,-10.403620476352007,10.201091054919692,0
-0.12089591271751532,8.580488366530211,4.605691165270604,0.7776309973042146,-10.758411607587977,-5.465636959098267,-7.659377521288117,6.873398824109562,0
-2.907983321442662,6.908529284810918,-6.06386992506667,-1.1933038154105928,3.145648268381426,-8.337350680006047,1.7736734587881935,-8.582473429512348,3
-9.681826282527203,-1.4767520150242892,-10.856760492532382,7.816474981068321,-4.7127849814918585,2.0799163405431402,-5.8101085746182655,0.11507039590196178,5
-4.989839035698624,9.347013948923456,11.550387220978783,5.49349670044005,-2.1992406198834606,-8.920837795938045,4.20207531145042,-2.167734299778028,4
-11.32345771941413,-2.2286971009527856,-5.858011370163843,10.0737158942664,-5.757083911558691,0.8689542153541412,-5.764989778245661,1.2160180921029489,5
-2.463205906357042,11.05980910837,4.9456373450599465,2.04746816099057,-9.05539701671914,-5.6861038876323935,-7.8055530668102895,10.78473047278744,0
-4.077078542704341,5.882544385583937,3.5708499589036746,2.2825768070193866,-9.036710463835254,-6.855018014921348,-5.797898277738467,8.960413403902287,0
-11.82789505584204,10.17860533499854,8.41677211085893,5.9768916363830975,-4.504860028935717,-8.437139760429485,5.706060235197887,-3.359344384291624,4
-9.744393475899733,8.440627964420663,7.6169163573893695,7.254366051588154,-4.9421136028326,-8.102624421156783,3.653455624815192,-0.9032531333457157,4
-6.331326851334815,2.5153296703767247,-6.36391882302423,10.852921271783316,-3.7538705883806234,2.7028897022037706,-3.4043409873719503,1.449732840090078,5
-7.244709381627753,8.264305600736884,9.311133676700793,5.200773028657813,-3.053577569492221,-9.63726388017613,3.206918629337295,-2.244236178409756,4
-5.17326947033102,-3.8663551006056505,-8.494356738728843,8.15379613184728,-5.118179923812132,2.7235297845085387,-3.855146484840321,1.1670344567014492,5
-7.652146454982913,1.5371261548357538,-6.999242571774746,9.368207327340848,-5.28929990328248,4.122651827225937,0.26042289189641465,0.5219663285045913,5
-1.4835996442506305,3.864718397155821,-5.035978978364227,-1.190870465861984,2.6767819164042788,-5.986462508852633,3.7188603026036917,-4.363222606013132,3
-2.5547623098190284,-0.2586522051013237,0.7180779699331339,-4.221343710759729,0.09650369954207294,-9.853937277285972,-2.2078943531040744,-3.269569094543884,2
-3.182880562899508,2.3593800308759922,-1.983129627845016,-6.194421105412738,4.168210413859189,-6.992775989986183,-3.9341450966573515,-3.686091008574544,2
-8.03194758265624,-0.3757670577095448,-7.399204515463474,6.559638169774551,-4.050594755249931,3.3892090939882893,-6.793786273693517,-0.7591206956740313,5
-9.202395621676084,10.418643549255272,7.849470913517166,2.8909142130430685,-5.574107635339557,-5.801564415705462,3.2119675086468513,-0.758343715313945,4
1.243690333761345,4.145122595295416,-9.486896685863602,8.23277254205315,5.188711698924233,-4.630993956339278,-5.011063380590635,-5.36585945164659,1
-5.791013713343235,0.2629132998106106,-3.5426436530544243,-4.619334811000722,1.788037927546059,-11.152017385208064,-3.308090767304421,-2.9650667608162786,2
-4.102502254717117,10.056104115116172,6.013400622878766,1.5977767720088698,-6.818446399215225,-9.197855856689618,-9.31781039344687,7.243195528231912,0
1.4265908691514009,6.666179011855489,-8.710104489251417,8.767652276870963,8.504930302258689,-5.04058295105162,-7.855595677372716,-3.357825586002499,1
-1.0321764692276227,6.721443482904725,-4.795586897645843,-0.09943676961402326,0.30840278153613565,-6.593683416986584,-0.01784269079627654,-7.542009083745608,3
-2.958897538764453,2.8325741144760115,-3.088991278192628,-4.889790932990245,4.448927702459036,-6.468180580118448,-3.0832328548130636,-4.354573911368035,2
-5.286570677504511,0.1828379559814337,-0.9270627789828161,-2.658377177155784,2.3851548819218853,-5.0456841057523665,-1.5887902049603966,-1.4003355941546398,2
-6.110151223566605,5.017606292149803,11.048029446669176,8.643199864529786,-3.1060234198916388,-9.13033759620008,1.8410246136028536,2.582002973853246,4
-7.467816486170939,0.07875222279317154,-8.51015631587411,7.887432550668338,-1.6641498256324367,4.037371635276888,-4.481938826053021,-0.17173174450470607,5
2.41701167047563,10.805605986493644,4.435210689858875,0.4443049789800506,-9.449941303563387,-6.55456777588839,-10.048488949090896,5.047916980142425,0
-5.128943599661214,1.1481596041372528,-10.66566879092755,7.027669859361369,-5.447845445648362,5.105195378625947,-1.408262515705228,3.8441257021008854,5
-7.894624344610414,10.48832075431504,8.250399467922524,8.372245981975695,-1.8462349212728593,-7.437786571843619,3.2238692536270595,-3.1545968750475577,4
-1.7097835865331672,-0.09066287035579845,-1.1619994705065744,-4.02071207142025,2.300252712371093,-8.253960323699127,-4.376772737952224,-2.9609272962883386,2
1.3754550441248492,2.8546708649370687,-8.429914862240905,8.940114798609187,4.350209948521642,-4.871521587688984,-8.292432417495997,-8.177126079211737,1
-5.350824231087998,-0.1861031637958196,-1.8341646064943704,-3.5617097853078574,3.9004696213293757,-8.868542996172907,-2.5396517247472454,-1.6844661536280892,2
1.8725257974779892,4.1762147447136595,-10.527021456102947,8.19632949184168,5.051140197636532,-7.980391045309799,-7.771048434073278,-6.610737058078405,1
-3.6481801169809644,-0.6767975689093546,-0.7254734901632887,-2.917663083872161,0.7224820381091139,-7.692253765204574,-1.794301061537352,-3.8273586400931503,2
-0.9949980731821358,3.927314522288598,-4.193167567067539,-2.4128299534385684,-0.5249390074766622,-9.242164180727215,0.12812266707774578,-4.633317084212689,3
1.9669974511140904,5.610599716716694,-5.835311455049646,7.158083068197104,6.4827528409636885,-7.641954562805808,-3.816260818136254,-7.2722905538431615,1
-4.51960865389956,10.315414426995085,4.193538147697208,1.525553414347397,-5.615032157468532,-6.336027521965722,-7.9253469610847604,8.872618372351281,0
2.1804187068904666,2.9010383437282057,-10.842456896619446,8.830708467350673,6.434971352560737,-5.767750256987576,-7.77788449413319,-6.684245050345847,1
1.1321230611834698,7.650726699402603,5.468841559476063,1.1264480682423113,-8.2704863703331,-6.897497012531902,-8.618563789584753,11.992600603594852,0
-4.257647573820473,-1.2589443108532448,-2.387418536754271,-3.9459790471855123,-0.32933828916034313,-8.525974590594583,-3.2467640135575024,-4.933847681111448,2
-3.965716570138005,10.126550525526547,4.038864979080357,-0.11453734075198696,-6.172967088453573,-9.174077632972313,-10.178176917140796,3.9525003320969736,0
-4.314631889302465,0.23642605980465947,-0.9212708129001297,-5.1051248761352,-2.3936381976669443,-5.301692384323808,-1.285604713835558,-3.652602909495306,2
-8.774932079917399,-1.8709758715963851,-7.028513921410775,5.587511469082451,-4.23093227319529,2.340805212210899,-1.6639496048198277,-1.2862143409202014,5
0.2922838840306796,8.963856506873356,5.051675806495861,0.96381543922523,-6.187862848430726,-8.0276006344319,-12.090093779513426,5.209033657081021,0
3.1354935028204043,4.467758831672283,-9.577230560414009,7.920710314085658,2.998193500135512,-7.532178917096923,-6.9879872944367065,-4.576033503054992,1
2.682069785401693,6.6833276003071145,-12.561576495244124,8.585886437816349,3.2459192355296107,-5.70262262817808,-5.928806920657939,-3.7866366154573194,1
-7.53019101577533,6.864817562028714,9.55582171587695,8.203332865915575,-4.856858723355224,-6.714611892258196,3.7281191016657282,-2.276157552621852,4
-7.832417570417355,8.185878033749994,6.933880841654417,2.82760153823786,-0.3742721844306165,-6.241263232572048,2.9620471765439107,-1.0563773065456734,4
-6.527867011858589,-1.3406919775622752,-7.743628486186741,5.0846973999408105,-4.068414157654736,1.2564752482865362,-4.603057538796594,-0.33257546972542607,5
-3.270339689131646,3.919270910199721,-14.189547598289192,9.209063530326372,6.637378878438313,-9.725288163891818,-3.2837592765302026,-5.874284510715924,1
-5.854027412215348,-2.0652361512552355,-9.370321130771583,7.276703126089191,-3.4770498608669875,1.7357566550887262,-4.419910626411764,0.4716220268242089,5
1.5924156308242448,4.717729223512908,-13.075971972308345,9.307258079708767,3.96164834734699,-7.68650341148941,-6.662965532440165,-4.289887422333637,1
-4.216622095863207,1.1601900287065274,0.26427080323107877,-6.522671518341111,2.25071807873426,-4.634856135697772,-4.541441222899669,-1.1831441663355988,2
-6.584962223210503,-0.2170961875653895,-2.1426133732995267,-5.580857959782043,1.1110787636876494,-7.1879856298033316,-5.309367675183347,-2.5596478994624228,2
-0.8480860744533394,5.651429477106003,-9.448208649187825,-1.6629264907833585,1.58063269379907,-9.347626041825338,2.9706171247570334,-5.847690918996813,3
-0.5430271427318549,9.752010979872617,5.040884007593385,3.266883294964919,-7.302596524276817,-8.118835702640588,-9.802526644019302,7.326375781266077,0
-9.787896072682992,2.133459655056299,-9.463112493632316,10.811522332141195,-5.018046843963506,0.20704677736707477,-4.486408754063737,0.39719045394690233,5
-0.6806811198287173,10.21737898049716,5.905529951496977,0.5181497562691497,-4.635156293653511,-9.123071293743596,-7.899356406555578,10.828251916794668,0
-7.565582824054444,-1.415063551667171,-7.1999774289048215,8.344070688420809,-5.386735972389389,3.5348939013067215,-4.94440296602129,1.0657638260411282,5
-5.250378909724672,-0.6680601555447099,-2.556485644809878,-6.767568138751253,2.7839864094013596,-5.778670864251955,-2.8830108967299797,-3.0927581108633735,2
-1.1315357203919392,6.030153795073161,-5.150180120657293,-0.40439345886411204,1.5821840813533554,-8.683863101886427,3.5399838749139185,-7.857308348943208,3
-8.638226710415829,0.9091267805284253,-9.63926560935932,7.153734775126447,-3.203294059353282,5.071106691058031,-3.5598122559546717,1.1224874559864308,5
-1.8045934968956652,0.7440488130584485,-3.7728013575286643,-6.177853666926412,3.179120098004635,-7.569027547315354,-4.27643539746126,-3.653137814149777,2
-1.1279354996704816,9.626119822798358,-8.56165407795148,-0.012952292857711656,3.9473738977708517,-7.872451172319892,1.912911894350145,-6.823675398523285,3
-6.023002136812664,8.754887767430548,4.868756868034425,3.332548865566673,-5.771055056371371,-5.947995483181858,-10.118232567359104,4.27071949610141,0
-4.493498067470784,-0.11203817697403351,-1.04935751678073,-5.290743456520277,2.1213314923638986,-8.39032481139253,-5.278808678862337,-1.893745613645251,2
-9.071430255498658,2.513448213345604,-9.980793565736361,7.035356541087619,-6.859497752263329,1.0576245956329298,-6.005457093979414,0.9043338237967444,5
-5.32199428013833,-0.8209027980459354,-0.6012278290875974,-1.6452156453648676,-1.0138597956678357,-7.482884625329877,-3.415858482431016,-1.4244207786057792,2
-5.861489138114,-0.26274193640608384,-5.84544282483734,8.542804040081663,-3.160152059704147,2.9174504151304124,-4.824458103686937,0.8219191517734867,5
-4.177321934525672,7.1387121226996975,5.38287061790262,1.0922865932071515,-6.373453876693438,-8.296507491074703,-8.548627368202279,9.408767775204405,0
-5.033341029516436,-0.982312123395372,-1.6266383975143648,-4.768618770131397,2.5233486607486473,-7.321268469539282,-1.9815242212364068,-1.9934853745746954,2
2.0542930127944463,3.5217287810624667,-4.1844974435517175,10.480609005543846,5.993907895658637,-7.442996297133815,-9.371962112768044,-7.972260340111217,1
-9.683877437402588,-0.38159253112332253,-7.314729942525937,6.671315085543828,-3.6254284948737876,1.5212198115833757,-5.208836128240061,0.3869999847994099,5
0.6226491218762511,6.880096550487515,-7.300143865232279,2.0968348625472277,3.0723348894880775,-7.965645233828309,5.74981990519486,-3.3191835062410693,3
-0.6239930669759464,9.667303588643692,2.4388642941699223,1.2153369516988262,-2.1707498547214756,-5.720923896665182,-5.0474680753376155,9.5562174470174,0
-0.6634530737456694,11.232445163818872,4.156389897055907,-2.1918496565829457,-7.457724090298935,-6.982804251338058,-10.455284908522271,6.499173485405515,0
-1.084534998563425,3.9524258657021885,-5.372383298176604,0.5061379279639259,1.5782656418485157,-6.642555291299481,3.9244905055121526,-7.112902075200619,3
-2.1172511092787936,8.203177047604514,3.8862175472387848,2.34444958371295,-9.196562137546989,-9.132051632278435,-9.987838510639907,6.982007472759747,0
-4.48701489670149,11.021227505410065,5.809479839084871,2.8346656154870558,-5.734452405277925,-3.049130552344025,-5.34217592457823,6.224778366693431,0
-0.8578899474269085,5.802370144969907,-5.798665680557528,0.3810760184221631,0.08210867290142287,-9.314529267209013,2.574814799943762,-6.4338555605913035,3
2.698495174621548,3.9907465864628238,-8.738213863617883,-2.0263280549250005,3.2982367679698115,-10.021699378462216,1.896358375038985,-5.3689852995749945,3
1.858062517343165,6.343223228240429,-10.28979390162839,10.376759541719379,6.708954178218215,-5.996448035446793,-2.6835500568396298,-8.638056596075915,1
-8.454525652259903,-2.3786619436436873,-9.519099994553242,5.072764331398279,-5.303032370652912,3.377768920087016,-6.575041492621409,-1.210252243705523,5
-6.685370022638282,-2.569079780874465,-7.677559139300295,7.757066514970645,-4.432837593357645,-0.3239773473844907,-3.4057991811599684,-1.2676745880558788,5
1.7005595379035867,2.182326342412356,-10.260108773738924,6.078261553807401,9.708337692269161,-7.253079847932578,-3.8257180455838884,-6.270974593780136,1
-3.9533486901043697,-0.691385381584855,1.341015880526598,-5.11212922951111,0.4808285127218124,-6.397430515019938,-5.21382281810777,-3.9198930561297374,2
-8.266269145176162,7.911144943804013,10.259814659270035,6.42013545372594,-4.008259776118943,-7.254886064946706,0.7793069641313091,-1.357789313040258,4
-7.988438097299374,1.2408062028186178,-11.364975008820657,8.484118089044687,-6.71616733916589,3.0749962402940887,-6.069290152055249,2.152246907885897,5
3.355012943384242,5.101763398909409,-7.510974930443284,7.658231974260097,4.431370150456042,-5.763352411178887,-9.821360021572723,-4.362876516246505,1
-0.5091174931958317,5.960514147990598,-5.090538948109386,-0.13446619949788474,4.569531037306333,-11.046663347549677,-0.6105724790426716,-9.483406436027888,3
-1.9361972090426198,2.9752547509825056,-2.8219952080541773,-5.637176917004062,2.894170396491635,-9.109675442547786,-4.945271623059349,-0.9087200037965426,2
-3.2268661614973286,9.395974054236305,2.574980561114151,1.7439554193580238,-5.125151801982864,-10.386115755140397,-6.383156393764786,9.119321665423758,0
-5.320116379283784,7.598124308576338,8.482503174345588,7.963095342213742,-5.954285210550221,-5.935049947190901,1.7527319187478225,-0.22059242407031876,4
-5.52988018470907,4.045118004694116,-0.19511308881247058,-5.532324279055829,1.9120077083135398,-6.713824360033237,-3.2870163830746484,-4.11215298619943,2
-9.459165197860461,8.954819447304633,7.458223546808789,5.617814687702286,-5.4162606166941165,-9.409000994153539,3.6001577337359856,-2.1680188732079713,4
-2.8914889817242613,8.42736706929482,4.013065797757986,0.4973133887431278,-4.295026088000164,-7.395822344014091,-6.890874123315216,9.757628598574625,0
-5.840118802842378,7.9321770277381765,7.205386751548426,6.663868528480296,-3.5694506508685198,-8.05433310032659,2.490423714620506,-5.442356685499894,4
-3.3555950857777535,7.293107490691743,3.9495498049322855,-1.418969860251547,-8.057329036700892,-7.377609619437697,-7.8625196811313405,7.259640574101321,0
-8.966677540481946,-2.155336276789661,-13.609330710568244,9.533860421657641,-2.5369041833636663,4.140037630082642,-3.1576598534123366,0.5373003250111847,5
2.925497361340171,2.302649475638651,-5.85548384487965,11.471681621757888,6.6689740473689385,-4.365386597637715,-8.982383638755255,-2.2945124726920305,1
-7.688460213310907,0.6057732894634662,-8.731462843271075,7.721636547275606,-3.812772620122752,5.949231916439656,-3.956836400533444,0.5530336615738859,5
-0.04711279483371689,5.56875480799854,-5.706231340777388,-1.0217012408704773,2.043406534795444,-8.881318319053268,0.26220100621238407,-5.561437774765225,3
-2.336227499639439,6.8553281617114745,-6.5068641604055415,-0.4749007594026421,3.562492992841096,-10.42062824297587,0.3043158751571582,-5.853236253903633,3
-5.753898215539702,-0.28279475164655643,-6.878414706112137,10.320550320208174,-5.116740442811307,2.6620621613480324,-4.3247160728729765,0.6171283099976699,5
-2.121498762066056,3.948345718047466,-7.193234755055388,2.0698193630883672,2.9790267400985093,-11.056930395107164,-0.6433284343151304,-8.369186575528428,3
-9.585046093968346,-0.7277209462684932,-10.378268568084142,8.323813701988847,-5.718532036271371,3.1884393736742473,-5.863086652304583,-1.833594534947094,5
1.3360238828150615,6.1854183607847,-5.793048141617943,-1.6358939607559184,2.904639865458175,-9.860288358329498,1.4344311035104078,-7.374395678902444,3
-4.0188499465070535,0.8234244578226511,-3.2835562587405445,-6.314172530673757,2.952875968805074,-7.8602937491518405,-4.42245247835484,-3.2482713992474834,2
-1.891523897969301,-0.01874240582513398,-2.933952405909291,-5.876924182057971,3.4138075092982927,-7.1627289598280965,-3.143161588135325,-1.6917671353594708,2
-11.39127076173585,7.9721667730643215,7.340608261185228,7.1664377333943206,-5.106378257477081,-7.603963653445794,4.88131083540063,0.6771977332056616,4
-3.2583442744310354,0.510347576550348,-1.8551184930670979,-5.633701096099903,4.760017615390337,-8.550889530446073,-3.754558537676857,-3.4533536750442386,2
-2.8118026369353055,7.52208864631334,-6.94643226631124,-1.8333839430827417,4.577439795445867,-7.5940366303000015,3.622898613252835,-6.001268651392131,3
-4.451726453682834,-0.3522378454389111,-2.2365789937877136,-4.395668201595445,4.9604305890102145,-7.452038604074557,-5.41518287789541,-2.632370127595553,2
-3.044882402963953,6.144012347091181,3.733150663340017,1.0134554536734335,-7.931043130796163,-7.996459839513139,-9.883868389795701,6.705056330062288,0
-9.56299706370637,9.963436940137502,10.755974161651988,6.1388787496751425,-4.337308392034021,-8.082177223256556,2.888883263084068,-3.914129232710133,4
2.6912465188747383,3.0815509848593114,-8.795483675452118,8.065383833896782,6.008465163317419,-2.7278731143718122,-7.012440426654274,-7.610072273358998,1
-0.7219877182612975,5.482929288769954,-6.8950067925999035,10.026626424121686,4.908454935442567,-5.951445567610798,-8.1531382305966,-5.303341012590607,1
-3.2609803198799616,5.670348783035164,-7.228555558733629,0.8371840581358654,1.593418413141851,-10.041607051556221,-0.576967091137579,-7.954138527582742,3
-1.8014906339895738,7.813118756989363,2.796682760101472,2.147702436500463,-6.262075043041069,-8.762741503516033,-7.35338277905028,4.490753095056978,0
-3.8329279904495017,0.07809047281288178,-4.198466082529641,-2.108220994237471,1.5217033378625384,-4.722378402277151,-3.8433321618847005,0.5676915996681458,2
-1.8688533150537623,7.172688636624659,-6.047604773399985,-1.7599722022181203,-0.551252320212845,-9.104559677463167,-1.7214509163067628,-7.4185819899788115,3
-6.443918356533925,-0.4385975281624845,-8.382462001986715,10.918641488341162,-6.21697743248484,2.560946553730301,-1.4455740792529252,-0.063396244332586,5
-9.800186456331684,10.22572994753529,10.438045125390282,8.147722507506554,-2.624136211304555,-7.590327879699908,2.66396973502892,-3.265875876397025,4
-0.12710514591396294,6.981041502835399,-5.467524852236368,-1.1125219146918286,2.525256260183524,-10.59434038940406,1.6520916955738194,-8.24751537396333,3
1.72415336793525,5.66858470598064,-5.712929936508576,3.6097192633034,0.7550349560927134,-8.022215226057478,0.8832191443167929,-6.075883666181468,3
-1.9288281358233432,7.605309173186537,-7.880013661507445,0.4191104452669999,0.1438729704235875,-10.614843354255097,4.840154082611493,-5.438684499731949,3
3.7150373770062437,4.292402491168171,-12.417361172889123,8.917118066529994,7.390135232383205,-6.286093979995313,-6.804933810162266,-8.290953334206959,1
-5.580763490063305,1.4286223432943017,-1.5907390982344158,-6.439791485425518,5.807452030771536,-7.774089099897799,-4.761698155633799,-2.41702657107321,2
1.6082771758683696,3.366167576983817,-9.50079832948455,10.104468659068607,8.013677117198032,-6.198209569420611,-9.409515704889337,-7.1045141537971395,1
-2.3750750183657727,11.271020760523928,5.295499309763297,0.5954290276630192,-4.634235238950964,-5.763464357213502,-9.547198190441582,6.556334167659914,0
-4.368081658566446,0.9290669930927147,-0.6075523155014257,-2.9994734908359852,5.0105640374624105,-6.835412144562034,-4.054628877267314,-4.123529478686317,2
-4.787530602568921,9.299932799751087,1.4966211752634218,-0.39666347545401326,-6.883417456963763,-7.749880627024831,-5.651069139101116,10.257757389137705,0
-6.284287855509735,-0.8470387548228222,-9.508779678962423,6.2987340551093896,-6.417142098440916,2.73576200724462,-2.727998911710875,0.5578000123505606,5
-4.593677690196412,0.07352947596309511,-1.7830281160801715,-3.2827167456001636,0.4642316640783626,-7.170478392564345,-3.7633186621749903,-2.038734467621361,2
2.8968437959659976,6.013482925216842,-8.042474894229077,10.18423547640194,4.844707294074414,-1.8354786053559855,-8.609286593572884,-4.813088724079629,1
-2.5884051646937474,3.4986435114541123,-5.1200514434892,0.09977542138167031,1.7654861943725089,-11.799781255751876,2.0971325624108377,-5.575698211081877,3
-6.072009943281293,0.6538960300544739,-1.1490866722101951,-7.07269652135065,1.5314197816098158,-6.801003526082135,-3.4711422400251277,-2.999654667886431,2
-1.8198177526286903,6.973193872205151,4.43420476702497,0.9304894884904669,-10.390639142863309,-4.320956089093883,-7.713299689084004,8.176654624137603,0
-7.840511658172182,9.640579171845195,9.873955488727859,6.012629079189477,-3.8229337234355834,-9.498557496734334,7.6529872902391265,-0.94575102012447,4
-6.5617887897265215,1.333584660396527,-4.569599462063385,-3.673121080342897,2.648667569694528,-6.904510572086415,-5.3329632703083245,-1.793520455038736,2
0.19576395863205764,4.617726239801262,-5.027990075582018,-1.2249626183612743,2.61798053586772,-9.11306566698507,-0.0641999282213721,-7.284035641069221,3
-2.6974455136162128,9.038330528657676,1.5721206186116228,-0.3806325646568971,-6.34158256835517,-8.059356571120261,-7.147567898587341,8.870414282299574,0
-7.18496778554754,-1.4188710962695648,-8.198457491823447,4.829315905105021,-4.545912047609208,1.9510553946757951,-5.188365454910249,-0.3399742256743734,5
-2.601233301206328,1.382916216987938,-2.794201245870921,-2.9649325549151895,0.315117384218369,-8.550509465917335,-4.34183873679834,-3.558253127686518,2
-1.2285423826884585,10.22115225590004,6.54214023058753,3.106455839462434,-6.317310059084737,-5.167869211969663,-8.880761771434507,5.912523473534355,0
-7.219863347062694,-0.30923995818479744,-7.363435621603019,7.05173178468164,-3.4194708141977,1.6711939020799846,-3.9353484844461546,-1.0138576900348912,5
-8.583462632456714,0.3242480191192029,-9.445394260033472,8.420805294535628,-9.007506089893917,2.7785860588088487,-2.40054732222388,-0.5840395291157217,5
-8.393963218491301,10.78390673330146,9.523387578441946,6.43627708091395,-5.178030284733385,-8.90163541855888,2.064155509697641,-2.3777782667754375,4
-1.3009751907268188,4.936103921859009,-8.08972861555549,2.0444785678327655,3.077791373075411,-9.5527460567037,0.7103051931264581,-6.3016638839819406,3
-5.087832535225087,0.0013817762822995044,-9.756482067394662,7.271042234470636,-4.550541566681688,4.543187749449984,-4.5572867815679565,0.6054942515470723,5
-0.8316253813718022,9.794725841933262,3.465105521074441,1.746722264200176,-4.322312298925617,-5.706433091666561,-8.824273908798974,6.943229608361128,0
-6.285359292274729,10.135611908350779,8.553208345674934,3.9223663845371384,-2.9668385976081306,-9.524906536887087,1.7928574300531124,0.908248573790535,4
0.8110392765651484,7.795213818214797,-5.468475027621036,1.1120589714872873,2.000785830321898,-7.84343100376071,2.9300780601680696,-6.676698476426656,3
-1.1010920823210024,6.720196809912858,5.168060900981612,0.6707526130742427,-7.464710523200102,-6.073276396414532,-8.004008718140764,9.46267343318824,0
-8.685672701309514,-0.5247893881677332,-8.62915870049147,7.8269919174059295,-6.693799497234598,5.6595662627769014,-6.217909691869426,-3.1771117482590867,5
0.8216036801615016,7.17940362884957,-5.710791735458257,2.189551143268692,0.33871349113780447,-7.347252725954654,0.8862110950696183,-4.606006278151382,3
-1.3322024274595554,11.865164382232017,1.989281703943663,1.134052665920489,-8.056112728242393,-5.725742675264197,-10.518552939999443,8.53551515443868,0
-1.7408352187818599,-0.3502007899319216,-0.6946619556134109,-3.8596276564636556,4.041862096370002,-5.353725776031773,-3.848225744562653,-5.101484945075368,2
-1.2373206408518556,11.172902296379808,6.332950986346664,2.725985439746423,-6.8606469044620155,-8.449370406737641,-7.654417274429104,10.01111872705315,0
-10.350605953599798,7.421012773703464,9.929543096123348,6.496816435191799,-3.0414028662795016,-7.214951755953817,3.3076385257240797,-1.5850126351250335,4
3.9371213948328774,4.85284394629494,-9.661447321517276,8.696557834271914,7.099971014102918,-3.225526654591997,-5.981794854030666,-2.864774975336178,1
-0.69180574132178,4.7354377768941935,-7.73643500049383,11.237360340565534,7.718185983378293,-7.560394710587124,-5.862503188349201,-5.263773866168751,1
-3.202125533625087,1.4891383833704044,-2.7661157440739155,-1.2624887668152152,3.7194901894019017,-5.685883837051257,-2.231570938255002,-1.8181456265005909,2
-9.756877288114874,5.52733933078242,10.862564694620588,3.6566189108331275,-3.1940901393612453,-9.794392480986778,6.0958355179312615,-1.6387960416530216,4
-10.413055709844617,7.036906424465712,7.590892107869447,7.647608096974534,-3.015164902510195,-10.760161219378901,2.868393353593135,-3.0494886671652273,4
-9.458648966503446,-1.6576954371005186,-9.304921492335446,7.157541379033342,-8.281250427998371,2.0584037220475135,-4.211414571734826,-0.23864218823722527,5
-10.444509756400326,8.996661634824333,7.83932453051297,4.924238100505088,-6.645115024671178,-7.832797012105044,0.829021219631886,-0.5663369430444892,4
3.195387142740268,6.366479844717089,-11.173307271487563,8.849090533341148,7.863223528744616,-5.03629244081385,-3.9116920437177924,-5.659051073484813,1
-5.994031433659616,3.4830983213220836,-6.808612500055116,7.5402106025814835,-3.434699822893952,3.793496374969526,-4.820900237742951,1.0850294074812301,5
-3.9951182886207963,8.714402160084513,-7.962491117340898,1.1290031735524293,4.265400068981929,-8.834835635466996,1.1901983556812388,-8.871195992967309,3
-1.112900622810988,0.35965519664529455,-3.824500737887222,-6.086910744865644,2.30688771345493,-6.9864023528374775,-1.0056563333738842,-4.334362074308928,2
-0.775464658076757,8.480749019107487,7.07180204569098,-1.444110074034957,-5.6639676120263465,-8.223353686104199,-6.642693650063224,7.550794081627576,0
-3.743982926407602,8.217547173289773,3.8198242591936213,0.6907255397734655,-7.4351255833308905,-5.646826041295193,-10.524464549218964,8.008025947743349,0
-8.154257457441336,8.557640009000684,7.238961878120996,6.009788304564843,-6.039164328995692,-8.54243647414469,3.5837682928165715,-4.973816510344733,4
-5.463824452847726,-2.0846435768358407,-1.59552887357615,-3.1856435198627073,-0.3927567331043309,-7.248599307118885,-3.7072778249891396,-4.256091780092797,2
0.12020742623450431,9.591322754495593,3.258289068284207,1.9232441016381976,-6.850800195880155,-6.123901039926498,-11.025301137885332,8.271630553654433,0
-2.472268568732077,10.01413187964479,4.9493965562149755,4.068953955034386,-6.998579718764909,-7.175391900773459,-7.890600481414661,7.482425019420862,0
-1.124120077462296,7.544644467327038,-6.533807361625544,-0.7541730899053856,2.5215695993648755,-9.193449248429486,0.22205127065158603,-3.681728198603213,3
-2.161757612846324,1.0304208479053654,-1.6963450375849738,-5.119458746584476,3.554329885416119,-5.1926000901896785,-5.0096694946719325,-4.485573639376401,2
-10.38427298202874,9.589375450034478,8.416828631726881,5.863148009833388,-2.8079873078689213,-7.279938261902758,2.2191493060918233,-1.282676829682895,4
-3.5478153056481228,0.1139377496072308,-1.5517544590796597,-4.2695394507080415,2.684686226812736,-8.745036011309516,-6.501651642807584,-1.6258873045673252,2
-2.2551879415526814,10.863896799320125,3.6662885902581785,0.36058102278532367,-6.473647516311537,-9.74903182993577,-9.298977479624682,7.715584778403352,0
-3.3051245056604794,1.8042094733991165,-0.7172737567125564,-4.368246595045871,1.985495147421798,-5.711219879882896,-3.415595128309937,-2.5564599932694727,2
-4.636224224918058,4.110491877032723,-0.20724071182303705,-3.765297751288996,4.41873140907097,-6.727033770954328,-4.966099966766339,-2.5445075173460805,2
-8.685857048121875,8.21888063264789,5.445866821258234,8.123655521733912,-3.4380816843001036,-8.763669269980102,2.260194310114813,1.361595809242035,4
-1.9279218272477225,6.365650009434538,-5.683492011130004,0.7796063662245816,2.4105442827060974,-7.157929445144792,2.137180410209406,-4.976126432118791,3
0.11646160467424727,7.465003902526164,-6.3658235051087795,1.7050993023418544,1.3119509081577818,-9.216110403709601,4.954783099448402,-7.055949612184459,3
-0.7281436777151165,4.557185601682224,-4.418756786837944,0.76795168521489,0.933370120081733,-7.710618862660814,2.163601874865947,-6.555122477150248,3
-4.038236350055893,5.188897762518794,-2.009951933977618,-4.033692188972385,3.111465820221052,-8.973162743741103,-3.583430687088873,-2.6173048428346695,2
-0.8517422719798815,3.616485031530882,-9.947201038793784,9.287068822678256,6.70613697606578,-5.532181696246357,-10.228081875183635,-6.308460347139121,1
-9.950918847243925,-1.3338961505989928,-7.951400573264875,9.24095281948533,-3.087776430239753,0.8348763699845669,-2.954787480977661,-0.4944755248718009,5
-5.1050273651428695,-1.242237709903142,-8.604454365714316,6.671805237484539,-2.069047267048609,1.5869433764540708,-3.1518965115611444,2.8964970103267005,5
-3.845310765924508,0.28263854932204535,-1.931366081594074,-4.051259772446622,2.592327571481305,-8.792750115088158,-4.716261009963439,-4.361060645536043,2
-7.579042769063688,7.8402864592014065,8.051919130927098,6.123853032600345,-5.854813427668814,-7.412371536404347,5.088338162034747,-0.31215550122007274,4
-2.3268445540483143,7.744750560384768,3.1597434434622853,1.2528466572753825,-6.761445696093862,-4.970371136513927,-10.983109582822308,6.811800870876693,0
0.3350357495642886,6.416044287341197,-6.512659066016536,-1.3181962992366696,2.2718399662223994,-8.9367635546463,3.615147178036362,-6.830957637810158,3
-5.5046488994222305,-0.663974983520484,-0.8979779105966313,-6.45275606784938,2.4462480688767894,-6.344441212460501,-2.5807547528010755,-4.910134453262522,2
-7.795679918207335,10.222250207476035,7.589454699592763,5.5687480196487105,-4.663067852419537,-10.460037245032591,3.6264568019789407,-3.029336807509684,4
-7.979930303542113,1.2171630678396097,-6.251753440763659,7.293862214027018,-4.964771035225634,1.6653489594104385,-3.517436807097966,0.15112143243554915,5
-2.3401751894780007,-1.6320610828639128,-0.7135036186528794,-5.500045783824456,1.9621378229648399,-7.944559987750067,-3.460534026018601,-1.7922772557116216,2
-2.4195581335430894,0.8545403380144774,-0.19867575718203123,-3.6041125969025467,0.26162522647660524,-8.628104280340704,-4.670950528703887,-0.9680994889448034,2
0.9804679582813489,6.782175967456935,-6.2097026516806695,2.0039825417858106,0.6778955101264061,-10.199779796933086,0.8002766801180985,-5.681322366068754,3
-3.123551658176513,9.414606458201032,7.832946819882444,6.94903937354931,-5.908870296533378,-7.173224183228567,-7.9831187190671296,8.743771596896842,0
-5.778429985785432,-0.28588941558264125,-0.7283485230847506,-2.2354316855079945,0.9280431398273103,-10.463401364623365,-4.954330111601635,-1.0565539911689656,2
-8.589965810540967,8.993724099960328,9.998078438227193,4.648903182068647,-6.668539978189374,-8.545921066625636,5.400019087007522,0.7767326158619328,4
-4.625048970684998,7.683139364121437,-7.37595444280268,3.095775261391286,2.7516384191737617,-7.806570436190039,3.823653038774483,-6.409230572255659,3
1.8053382510227631,5.41904005624592,-7.711561795421126,8.560182177597193,9.784347187137849,-5.252031076524691,-8.032185874751967,-5.741426525187375,1
-9.691066530726282,7.830948762564301,9.808898719798826,6.257754088244857,-3.587615554992081,-9.455529120738188,6.060495458899769,-1.9234222967619519,4
-6.232524609542532,0.027328067694859626,-2.861558293303542,-5.282022676716462,5.446826050315436,-6.530289020283318,-2.6667557980092544,-1.3533078335673612,2
1.6820424930577178,5.5933512393511,-6.585424026042372,1.7392774524290477,-0.5204400011911439,-13.114456712026595,4.003664995847769,-7.927600852097421,3
-2.4419543917470543,1.316029981466468,-3.2050107761318736,-5.3341712981686475,1.6279420134609919,-7.325971022667798,-2.5469017896095876,-1.567511411757153,2
0.9281419940648536,4.146797094265461,-9.491053518081866,12.480254411008515,6.778896284154146,-3.867068275993447,-7.059624242380093,-6.830591220155698,1
-8.531219998928451,-0.36515456372077754,-7.526555359773806,9.3856180723613,-4.691732544397747,3.477505541245243,-2.076657165577667,2.4867688589858954,5
1.0014519698203765,4.613215818288353,-8.582007538569593,9.194736569169276,7.108481502601704,-5.813881271446908,-6.205859016009367,-6.652621775214884,1
-2.4974173327750426,6.648611029000243,3.8596653627001607,-0.32483649994425656,-5.769350018045257,-5.733566649660504,-11.606748125410963,9.45774010829962,0
-5.424917886280175,-1.3787396358372217,0.6438023359285752,-5.835323910292482,5.2031925464511435,-11.620463262304302,-1.8809547128316741,-1.8937314362670228,2
-0.20697210729084237,4.364849182383397,-6.972754198665934,-0.8902240369661281,0.9440811823729995,-7.011502070870299,3.3125591070053426,-8.312594516149122,3
-1.750991626542331,6.388081901624398,-6.136098939953175,1.796879009027967,2.4492285755726435,-7.74265672473649,1.2698811737814224,-8.211957356907508,3
-7.856524770929995,0.1952145988046129,-5.953221879803017,7.000310610680145,-1.0930120454233645,4.433903432606086,-3.0513145270397586,1.4315983353020558,5
-8.52002595618308,6.4199930460207835,11.051312499640044,6.259674559029672,-4.401471050910737,-7.329023220844111,4.043364056367963,-2.9076669149070122,4
-5.18568907137796,0.37757174534200866,-2.9253345666053745,-2.5292132893528505,-0.656289391991185,-7.433345232292076,-3.180893357154942,-2.1253720619507144,2
-1.5975699746812237,9.730619824226025,5.668235252016172,4.099813732152622,-6.565193319628918,-5.745703581134327,-8.981904867495572,9.627710460217859,0
-6.792594767996,10.283750086239209,9.54798399243201,3.421861965733626,-3.9395966204971113,-5.278668577207716,4.037273041830402,-1.799296568538954,4
-3.998456806728044,-1.6834898444429425,-0.4402738326871778,-3.377705690432399,2.5659010915939264,-5.489736695821052,-4.108501147034903,-0.8945613917433564,2
-7.843788161871096,10.037882243746992,8.45736303733771,4.553537908688973,-4.141233976552405,-11.856464177111452,3.813728144301086,-1.848851045425835,4
-0.8595983870592285,10.50433431878424,3.29713079907188,1.4784298825787887,-6.349605700905568,-5.319237389880172,-9.605006537188475,7.0264685528365955,0
1.400688927474011,5.482342875712213,-8.050560582512617,6.721262623230702,5.718323594844887,-7.122062087139475,-9.263865399975018,-7.983963044866381,1
-7.9969920762024485,9.785013585601812,7.5639001954027485,4.54658277593424,-2.067026184954763,-7.657426028025501,3.496730838502722,-0.8434674658253105,4
0.9135690276142314,5.803191461456915,-8.23824607267343,9.90393755861418,5.575983757741742,-5.995453773540731,-9.809241636569272,-5.972837741519723,1
-6.715880469510165,9.084538673555812,9.306281765438236,9.203096936549082,-6.07460007478543,-9.308898728086287,4.35317731993251,-3.788221475409094,4
1.8611868383566925,2.647349439524435,-7.708607621946844,6.391827531633762,6.124380726604494,-5.819873823844612,-6.338046802418578,-6.043116113206394,1
-11.026895286298076,9.905892141854356,11.97014277141085,8.454534491097384,-4.842195252209799,-6.976709462018947,4.565066619686355,-1.2665903858947427,4
-6.199543090406601,-1.033856747589715,-9.85047781224474,7.903855093962279,-5.166256185701123,5.388961673104905,-5.772879179983404,-2.7259524054083517,5
-11.497269190781363,8.159080577203333,10.129516206921055,3.238710538515361,-2.382428120906968,-10.352127024446848,3.05188670786444,-1.8501743012009604,4
-4.973481716730479,2.074708214115568,-1.0798937844567484,-6.244938032406954,4.240698658496575,-6.802857752719899,-2.0205544585163686,-2.964617055303636,2
-2.680719091407455,0.4816667670905732,-1.837476665367655,-3.0136131618785633,5.263386078878343,-6.729183707536553,-4.982803311744193,-2.976365625741659,2
3.711966805197863,1.7461689599689811,-9.219456246545809,8.158702550977734,10.077190471151134,-3.44986110254626,-7.550413682580801,-6.535682071925103,1
-8.111393293379026,7.186377538950475,11.711113431157859,6.8631096042238955,-4.41594936028687,-7.368673717267561,2.7353578711442847,0.8052577186441487,4
0.9288905764319682,5.9353306278500675,-7.311086240378893,9.18477252786129,4.430469742902446,-6.59136685893591,-6.657882512022731,-5.5230475998861905,1
-2.1775698960144396,9.125237067456322,3.485098750888496,2.2560830793637687,-7.754315326490895,-7.314757769797632,-6.160804412158351,9.46826059836326,0
-0.27728779447777374,2.4550789857045343,-5.280900598277008,2.03905925979109,-0.9929218864491558,-8.476489495429165,4.300552483802304,-3.9013788873110244,3
-3.5487871159698123,5.916352408805227,-5.039637509310269,-1.8172621833968248,1.1819510005035183,-9.055749542048362,2.5251609042261896,-7.035283451413906,3
-4.110842634343703,4.388458785591639,-2.7198014230871412,-0.673970299801259,3.8714533125161585,-10.048337168570097,1.7063842356136254,-5.76457857368854,3
-2.5705733815215996,0.05358767831675593,0.14776539933997856,-3.72570163601097,0.8235473252286298,-7.116931809904154,-2.0637656420087125,-2.911409516473756,2
-9.658124050125696,9.517656964404443,11.270573286064856,6.02953271002527,-6.2211306100558055,-10.019490245120402,3.9859107520990484,0.395456906273717,4
-6.649102192116526,12.167901289880627,8.06381049619011,4.77560730794981,-3.692732156401212,-7.395524508198242,3.4569978661478373,-1.8204452097446224,4
-2.825897989428241,12.322936269260005,1.7091872406984594,0.2910738253177807,-4.483736498063868,-3.9077858436155744,-9.003817715500464,5.341038591456075,0
-2.783785284638745,-0.6528691306903174,-2.9060196370934275,-4.346820743512243,1.1731114763355954,-9.678638225418704,-4.448810550442826,-2.5024664678361037,2
5.998802514118074,4.37925097044226,-9.00925757590637,7.442416552033079,3.698848081940228,-7.063702015424567,-4.06238771952399,-5.79706905720889,1
0.8173125058712476,2.364788072004796,-5.583235248634813,8.623822099879002,7.767592717883614,-8.325443883271593,-6.81088100770547,-6.535428817303233,1
-1.0619873140180154,-0.4053582974318689,-2.365063602167531,-4.386875999807679,2.2841502151195785,-4.190040626549808,-1.6517940787450556,-1.6793624686753703,2
-9.16439925185196,11.376867032349677,12.774649465252473,5.446833074618517,-3.3700058925374554,-9.392602459962955,4.91290261801355,-1.9592702242923616,4
-0.599064877850194,6.236195587225026,-7.540995840691945,-0.87497894270985,1.7892864823692454,-9.105140466676723,0.41981325355468857,-4.859022516633288,3
-0.7388539860192036,6.478874591874009,-5.7799627367045945,-1.500006037373809,1.875922618849888,-8.861740369293587,3.3667741921748586,-8.299258437683713,3
-4.777414607386218,-1.6337815265874798,-0.6657224822794079,-3.137261131039721,2.7788581466661504,-8.947620899605312,-5.350329019872703,-2.2978607523476797,2
-6.238734486389612,7.96323882220493,8.579991437500084,7.714720274880433,-2.910092047927266,-8.197573041567818,1.6646352354135296,0.6540130143550837,4
-4.882774540631156,5.006760750999199,-7.88501040531003,1.0743436663706363,1.5424217315332727,-10.076272616266452,6.3795538102276526,-4.928438363543394,3
-10.561734038789764,-1.252766528320589,-10.639863130675554,6.166622805257083,-3.944261625478971,0.7755453965804979,-4.706478449214352,0.6148129655779576,5
-6.174656288262871,1.6259759805398861,-8.541902723596552,5.418374716019091,-7.487388959430978,5.08610964255118,-2.0335760499228743,1.4189941402681614,5
-0.4323545439168615,5.24548525367195,-1.3622839368428519,1.0182863302609237,1.9413501159675401,-9.34751647468231,0.201998085325648,-5.6873070415268145,3
0.6944240488120592,6.957505596122319,-6.229385736400009,-0.8218659643740029,1.2049469621728606,-9.37791407261884,4.992954748953434,-8.727687815901417,3
0.4080151114067261,8.207007640401798,-4.244372293564065,0.06673903152422617,-0.6961900650463768,-8.551555097728269,3.22067357465915,-7.820904566707804,3
-2.4614093885091632,1.226668850583935,-1.6538468920640867,-6.2015910437934165,0.3789029012999938,-8.760970754541239,-4.530984296055515,-0.9508771603583017,2
-3.1186951368180726,3.2728415337058188,-7.7169636941998405,1.479512350288611,-1.3490138171392636,-7.743353583769078,2.7781862352931346,-7.001520647105234,3
-3.294086287314938,3.775763274423173,-2.0995206435655387,-3.559816342012276,6.004596130838137,-8.146453822004926,-3.9248691154230686,-4.184571935924591,2
-3.3267802953659134,4.928606774508884,4.370462960271538,1.4515496906337733,-6.255041280118669,-7.126357956435447,-9.35094385173488,4.476484626687149,0
-2.563532707460472,6.213380175341403,-7.298795183854293,-0.6854108428929859,-1.6497539775976797,-5.969871357550406,3.657815485188287,-7.381207211577277,3
2.7788043467487076,-0.19447506966619343,-9.322485133158622,7.558610714651257,7.167805953920314,-7.411344501375538,-7.732272969338918,-6.769713979560553,1
-1.8844538631665269,8.849131323506327,5.0644585952675065,1.0407558317622008,-10.781734644393557,-7.0949562527740335,-6.5619307388761055,8.805467559085251,0
-9.303198799945706,5.056968371882554,11.607605821606095,8.306423833071996,-3.7356575698764325,-7.5354180461708715,1.656377687162081,-3.1089019576248007,4
0.7610054112242342,2.769190503473065,-13.876285291627102,8.928490104694468,8.09063166570791,-6.7320463659428285,-2.9339889461881503,-6.742461540194562,1
-3.403334392242187,2.0035505928884536,3.096359435232804,-2.604502084937395,0.3643606824515866,-8.437758902735135,-0.5114793237660389,-3.0157854252890113,2
-9.50864849540384,11.028821181371555,9.312389828455556,10.418712321471876,-4.358285825324966,-3.2438878994078166,4.388382214801168,0.15819348777628806,4
-10.817063559920342,7.912943167265977,10.775197114949052,8.767126461425104,-3.354896982480007,-8.454751255888192,1.9779008219656624,-1.376974374829241,4
-3.8255436349781275,4.84686921386832,-8.519082967304495,-0.3877625512955869,0.40670434112737297,-8.46153761177348,2.4216803395109934,-4.523110477239699,3
0.4867284991314811,1.4995475908066958,-8.697062718103465,12.188613417761058,5.055180911736608,-3.7977070982636043,-6.29402320175173,-8.469016237640245,1
-8.009341656268516,-0.9571778553005514,-6.508405993672564,9.941066392413854,-6.437386479660828,4.8146301883313924,-5.086354596136536,0.9202256335759728,5
-9.879501256642396,10.288651593699578,8.945995644049981,9.165664682375013,-4.806115429699226,-7.82141084194983,3.2224817203714826,-0.49330523283225725,4
-6.237743151735768,2.2362999862803727,-8.932158501258453,7.9720143109052755,-4.7537888388478295,4.957400026751382,-2.5043677653364167,0.3752264219005482,5
-8.684137387125206,2.4532422203993463,-8.206777829688662,10.230162189167993,-6.34464154731289,0.13407645781408295,-3.2595672798449677,3.367117054249915,5
-8.19966086175269,12.847555142423285,10.2165934118972,6.411002410295625,-6.100609340949708,-6.887488070808394,5.080223538533888,-0.6965930903482925,4
1.8720545249233,6.022253107449395,-10.230244844555436,10.533556210253593,8.133677870651134,-5.419630633513548,-10.130673332172552,-6.302705865561543,1
-0.5009643616529043,8.218010090711859,2.6108599482676014,1.7039550687606655,-6.770232685603016,-9.6744563542024,-8.30769148923479,5.64807080559428,0
-2.4741755091890147,9.521409339372907,5.9359224178378875,0.8133919498606483,-6.793144530597669,-6.679231854634109,-10.368021439329441,11.031741777376908,0
-3.3893820757512123,8.779045450708962,5.98505400763538,2.3056536957060336,-8.947827746594891,-7.73157929427945,-9.810094849775549,7.1999692431418305,0
-3.0815489062414008,1.1416072990975081,1.5163643395060258,-5.539845776151051,2.3118100868715454,-8.329433632684637,-6.624615659995194,-1.2559193384366383,2
-9.939558559105778,7.952501041078243,10.710406652226297,7.074065308352221,-2.5070695358641677,-5.898923172429217,5.456428600911111,-2.8105337163151525,4
-1.2396156701692094,6.216634971017232,6.726823224833145,-0.6868174969163472,-5.2275532642046185,-5.0773813743518135,-10.583874044980327,6.666220054771367,0
-1.5832544218165476,1.593190299415659,0.6235138682109895,-5.8266138222235435,1.7147896926106379,-6.52316164510113,-2.2995827241075384,-2.9051289674684373,2
-1.8474851457937134,-1.7382957424970331,0.2488855685409339,-2.865163905883507,4.722809591167314,-6.593949935556956,-4.22792322174136,-0.8404164356115116,2
-2.8191262307406895,9.878746838655434,4.997128297436694,0.05574228401745951,-5.144910000681602,-6.543624728920754,-8.520898129152032,7.308831150082481,0
-0.9626404783782456,4.701097897324484,-5.470150639435875,-0.6591340787136599,4.4003494002417884,-7.961459734744998,3.240314977835084,-7.557456332368263,3
-7.991069079685266,9.905857507463471,8.113160482332203,7.698474851957561,-4.347525319398568,-10.400547633319073,6.157120274745045,-2.6745030437268835,4
-9.01443882633722,2.444742858333863,-6.01495086900089,7.749101687645758,-4.166847663169152,3.4684771023274568,-1.3439929080572046,-1.8268513277279896,5
-4.1987813221357,7.334198464481224,3.1843751747747664,3.1883697439665273,-7.866467769582803,-9.036902848263416,-9.807415756533286,7.272255122409924,0
-8.123206577645945,0.07631693924769334,-10.771006663793523,7.532077870023949,-5.752264991138398,1.1161755906454975,-5.2185217134469255,0.3778286663229472,5
1.5132720226058924,4.0787348529205385,-10.688077209057221,11.155374328877368,2.8554362187181344,-6.602912459040358,-5.054198677746048,-6.802460696353138,1
2.215315852293702,5.831891763028716,-8.654170783621456,8.701799928031617,4.3945156211411724,-5.313214109167579,-8.75086388329057,-4.259578486659893,1
-6.643387549831864,8.554337470886447,9.848208176055106,5.917606146854128,-6.9123095867303235,-6.514800502316725,0.7654872135912076,-2.743383085228093,4
-9.531923470477967,8.74180282252716,7.427894608748165,6.927829632833076,-5.442280682366989,-7.992565735103981,4.4854462800709465,-0.25952383501627163,4
-8.56909033541173,-0.49122688211105275,-9.237099436712107,11.086962375754037,-4.720155314330711,1.680922719204372,-5.616406164556801,-1.0565984135685977,5
-0.6186892767821162,12.764132612698521,6.0330734675695465,3.4912706382953242,-6.670523152008259,-7.106550798663064,-9.599600467043853,6.001743728755436,0
-1.6636175064438112,1.4268292494839294,-2.557793422162385,-4.384674345643067,4.219227548940988,-9.606327372670375,-4.784232898381411,-3.2215068724409566,2
-3.2462196565884103,10.705681690148587,5.18966809953764,-0.8476945646396423,-6.361092840119598,-7.496241241942053,-9.921402957125544,8.302204977644092,0
-8.179906586936752,8.446109065375646,9.317926032512416,7.458866346894765,-4.7365665037627505,-10.17801561305294,1.2426376667576755,1.104552333011008,4
-7.241761582259933,10.791160983651737,7.46234338610295,7.624629867839514,-4.878998699294541,-9.42184695819591,3.4388298045624524,0.3896310628918105,4
-3.6939817931842036,10.39800522978394,4.882123712950873,2.450692586311036,-8.131784947021012,-5.74885781789869,-5.5027870826663845,5.710864202813573,0
-7.835493512477634,1.2417510829052611,-11.38986763184005,8.473019062978599,-4.586879395837348,2.768340467717522,-2.9713377721134555,1.0456152254726265,5
-1.4567369343657532,5.664530679866924,-2.519796177778774,1.487735530917246,0.354570974520227,-9.02602549935668,2.6827960958766717,-8.279659712780322,3
-9.30820633100045,0.03526463122598725,-10.576050654456441,8.951439762435223,-4.243654538513207,1.4146373006472461,-0.9098287893197701,0.20464227220769848,5
-8.068564680883709,9.175117171206299,8.400230445453424,8.727959185992185,-2.70220125537789,-7.081492425439288,5.604750073647045,-2.8271275067965638,4
-7.254270978571754,0.7292330563377165,-7.807748978629731,5.8361211029893045,-7.399751796004853,5.654684441751787,-5.080802006723172,-0.4424862564574703,5
-1.4477898432319831,4.7894473206128065,-3.9723026656988956,0.23832997699182984,-0.7341448988590051,-8.730184840205343,2.3517179070052245,-7.339289720124587,3
-7.887655274268042,9.658981903542257,9.935336139770138,6.762926027817438,-5.46002483502859,-5.3403983574679685,5.21465917056416,-0.436859355207333,4
-8.125275582905305,8.813636616008326,7.600855369233715,5.693520854096701,-3.567160989072292,-7.602366775580276,4.074862608115656,0.33826565040969747,4
-9.597272311103252,8.87402802749623,10.558337227853904,6.1026644322440875,-4.876802472681808,-7.314799824254889,4.016282496039147,-2.2681558210908945,4
3.6158281200264253,5.339415468185112,-11.16127514951459,7.781252078186134,6.241853748765936,-4.57427838786619,-6.126608793632684,-7.360950459127572,1
-7.162452589789295,11.417321407176207,10.188211592363142,6.018411193142258,-4.030649219076583,-12.777808521438532,2.5441896185129864,0.295167507328574,4
1.7963133211545248,2.7910484245298326,-10.779099501212865,8.076966490490832,8.84261091826751,-5.724465922408124,-5.45910525749842,-3.9091136429619042,1
1.0074606879564736,5.967607535999932,-9.962081251656535,9.7213954604516,5.856909534583314,-7.3788104763033235,-9.15511727602647,-8.020428456679259,1
-4.341670796695622,-0.29187849505839036,-2.6464467876224456,-1.2466676360411224,5.712247029638457,-7.776050854568094,-4.010356709698252,-2.9733116462282316,2
-6.257419232164423,-1.3232056678319966,-8.407685251788976,8.58737780344504,-6.151471478441485,3.2566191751304085,-4.640422607321286,2.38590155061479,5
-1.1136212819024662,6.469719179944197,-7.323102622045827,2.354171768212952,0.2896396303959847,-10.090552862473489,1.2512183421969558,-5.399398389241157,3
2.8090836600741285,5.382880483252061,-10.318179470052046,10.202316682234185,6.1226296213351405,-4.602293623507375,-6.091991603103934,-5.560761279646696,1
-3.167480194438354,10.860527303007517,1.648292116715428,1.3515364436479171,-6.574948967271178,-6.161359639219892,-9.654018465741423,7.378628534228049,0
-1.2216913892209758,-1.0984667384934674,-3.5141042964827203,-2.652933871112623,1.2904280700259552,-7.22170248847842,-4.67269287543279,-4.772936361570471,2
1.6346392777787544,3.2178367708534923,-7.508027671182928,5.710425567085824,8.627847845637596,-6.624079055483254,-6.488475072038451,-7.1756911432834976,1
-3.945452639492837,7.994306232478303,4.039226921853762,1.895041946446807,-6.5028979189734875,-12.781494059561457,-10.130568649030835,6.69701095172904,0
3.3345299854610717,3.4130696617471776,-10.865439836256998,11.027856927480517,4.585652704450068,-6.235745478900245,-5.837670214570294,-7.250021665187514,1
-10.171057154281563,11.483110021214449,8.75617485500693,4.350131549734077,-4.794041962231814,-7.936517869276528,5.691866705988279,0.08116956849327561,4
1.9376574045892165,8.015626954058302,-5.226925382808574,0.7764268714422428,-1.2719818779981886,-10.256059324238631,1.6786272812835246,-7.740579525456072,3
-9.365291986207689,-1.2757960534146884,-10.827130642710314,6.576877333467247,-4.687906184572561,2.939187134100102,-2.886430168602766,0.6369282257663931,5
-0.1041119846933416,2.973726735318394,-8.745139887901946,9.410293331870498,8.157554607844009,-5.463211469082396,-6.927426626478375,-2.894634820872189,1
-0.5956601312027814,4.857270308846509,-7.3815678732066985,1.8390663655011952,0.1758774734878037,-8.602247275419096,2.644259631254621,-7.952396753515968,3
-0.622844444317382,5.452314958329205,-7.804055568287866,-2.0250527507881912,-0.9900685101897118,-10.344343680837595,-1.1944706376722176,-4.863389600269991,3
-1.1887685657349347,6.555099606822701,-4.786507376524542,2.783793947771084,2.6806672105615874,-8.62793063232052,1.4368248596058557,-7.648302179426981,3
-2.7774345839026098,9.006541870821795,-6.304690030596752,1.8456904634696523,3.6511744561043304,-8.440692843207616,3.7784831999316126,-9.97013889931772,3
2.8606985637991005,4.309840461168193,-10.383559219149404,7.8731450356317385,7.229645941500736,-7.631026414509353,-7.953774142538617,-4.487248593003628,1
-8.273836782530477,9.63771649684929,10.066061166697617,7.064369708501524,-2.9033629315084823,-9.044626667140369,1.3364132283852594,-2.5946067850213335,4
-0.9383728438661993,8.494555914584526,0.6408296924303842,5.638677800085919,-9.102943137973025,-9.512747588406974,-7.202215065420586,11.22712676564154,0
-4.665068559038094,-1.6889712367148126,-12.147671773193666,9.69251815165886,-5.401740887410366,2.5038471630003456,-1.4009362229335371,0.672980203471423,5
-4.408387044341942,10.706788817511596,3.6972994237782983,0.47621560592085044,-7.164295792438307,-8.340607064150367,-9.506216367819102,7.874009190000249,0
-0.8488095012780668,2.3674042095500534,-8.167258399294445,10.799870285914972,4.171119962214208,-4.481183451603801,-6.211015217212199,-5.0822954755598815,1
0.3844446410550324,3.7043530789732872,-6.9877816195636395,7.219516994498076,9.356553646576238,-6.168771660156929,-6.306906388516165,-8.070647101146887,1
-2.4855985097276614,-0.3367783072307744,0.2735543379590155,-4.079969892027827,1.9761598468844301,-6.000338505078872,-5.008108297939267,-3.131493249012011,2
-2.2444371902420057,7.202431297579086,-5.956931125383354,0.8733303351958562,2.4218435853903904,-9.563314338454344,0.28632087827929187,-8.18333057535164,3
-3.599405999164069,10.562807766638649,6.229930379476804,4.171432700279052,-8.243446016869836,-6.1195246161687304,-7.826401010008329,6.5648378353323595,0
-3.865211797337942,3.8829251389173054,0.23403234327850653,-4.98278454881512,1.1137561946790906,-4.805758497680307,-6.5185007846578955,-2.367355236656233,2
-9.3212850933182,0.676897316996457,-7.3161701441239195,7.385641149403768,-1.8386409692264305,3.8529704506461493,-3.35269915394617,1.4493895145344033,5
-3.6282608872500104,9.273003770925927,4.804452560919836,2.2121167416365406,-9.137318120857001,-5.595062005093512,-8.454923727453613,8.496409765844302,0
-3.73486994689339,8.27625884740103,1.0354094046579583,2.5107187614456548,-7.316178465295479,-5.327829461167372,-10.595782505376095,6.3329261982988125,0
-7.226414523731324,8.16773420874287,10.00635106920286,0.7794577896318486,-2.8397845013501395,-9.995026053944743,3.1605103198432567,-0.004548351377245297,4
1.1324369237889762,4.399468729258023,-7.124137596093501,10.947795127439688,7.48212370511684,-6.541833646248426,-5.163599227146246,-9.03091292512821,1
-3.052812035288788,9.384858086867268,5.898128775421408,1.0778956274775817,-11.412475655379655,-4.705406402613507,-7.621517965301382,4.534806866720039,0
-9.279029191539133,9.604506092422044,9.428848660119955,7.843002547808766,-3.29385115547102,-9.575917717315548,2.92058578795588,-1.1644760704459296,4
-5.953238106070428,-2.4659301269350196,-10.838730253110908,5.504392967982522,-6.221485883695543,1.206902572466376,-2.903168721470986,0.7677677072212532,5
-5.648829048726876,-2.1675640946688866,0.28075991659303146,-5.80649997008011,1.0010299333525594,-4.051125738816291,-6.812683607506151,-4.682820800377247,2
-0.43753139400137964,6.39787455641444,-5.598143627170516,0.7556216404906488,1.5941596003097955,-9.473750690572073,4.971976925025038,-5.825472868476275,3
-0.2684672795754106,8.680118770965276,-12.234645409470055,9.413899027874132,8.478139654936458,-4.0950003326952364,-5.001353260380968,-6.839475224085684,1
-0.3505111448308216,9.053377072483176,5.153474938125738,3.576747550665413,-4.383218343901781,-10.002674253888566,-10.943033847915764,9.41863347774294,0
-5.509473574485941,9.198327854834188,4.383666363321477,3.047313806261477,-6.538512585970968,-8.083260524058057,-9.348814053702599,6.049881544613121,0
-2.587433116611319,6.765982373312601,4.55603171530415,4.699738509949518,-4.884600446295719,-6.9793160082615975,-7.3160089133430715,6.73711168290982,0
-10.725611660029575,-0.6902069557038285,-8.613659991673204,8.243322966656942,-4.763184265958305,2.278982099710022,-4.906374467427423,-0.09209033459260252,5
-8.108870135272522,0.5298871913142765,-13.586115470401317,8.167831702629702,-5.391724851320244,3.4695850639425894,-6.817909674618138,4.585787075223599,5
0.21189175270071559,4.186707193297949,-10.235449774762516,7.297536280426703,3.9383899660477875,-7.107968711116887,-6.053406242528198,-6.342151007096344,1
-3.6412812795233203,8.152221640875585,3.4875396026172374,0.17212173545979592,-6.945693370006729,-9.239313892553124,-7.323435650217018,7.411527613152103,0
-2.7390528708881394,8.750157224193448,4.690693966758422,2.09424734892215,-7.571299477722999,-4.843766018921922,-10.709496763360837,6.1699707419468695,0
-1.0254640705597466,6.52615428007516,-5.714525459052486,1.1814155729919245,0.12129535701580241,-11.612992305164887,2.2861063272396294,-8.556482707396754,3
-11.197770637590818,2.7706279806967835,-10.024725479378926,9.13370330264497,-4.501102337884007,4.710539668404892,-3.8690390591969024,-1.7233900875305705,5
-3.4404957576015702,9.652756753232763,2.527755335848419,1.591165520639237,-4.822695616172583,-6.971407659565796,-8.611774497852197,8.083936683046401,0
-0.3817979178654518,-2.562416864302771,-1.5867247767411927,-3.413393168428672,2.29089782810444,-6.599048114954348,-5.3059599607712755,-3.6323180876163756,2
-3.150652496136197,2.8582038681882764,-2.265022069806038,-3.1688007188267076,-0.20044939856940225,-6.921608788275485,-3.0874068431562343,-4.989762774569156,2
-5.349762819609415,6.994525788862521,10.104760947620576,6.235517261940786,-3.9533808744125425,-7.113740505039859,5.4542622443267454,-0.34633878667695095,4
-1.300315963246796,0.01641639237384296,-1.939520790528673,-4.828055475308998,1.72639472129852,-8.266049207993719,-3.723525885796117,-2.626196626688708,2
-4.951952257142644,9.711950860180488,7.5411216630413955,5.7269372028605945,-3.8989716917239887,-7.90831990107374,5.684665678805869,-2.727012385470948,4
-8.496359181215446,10.49046511625477,13.099796917585625,4.402733006226632,-2.4616407030116125,-9.178096032988924,1.8791304661615174,-3.003187131377536,4
-7.136661591574027,1.511046821001401,-12.049821933850849,9.028077192519364,-2.919978650273725,3.243432020022247,-2.3240331352738544,0.706012638198424,5
2.9367493499053627,6.382005108474466,-11.379335521677406,8.641104073148504,9.470130896487747,-6.164924187377305,-10.867698559707346,-6.65665915196794,1
-1.4453784163096688,4.132305766389715,-4.594887487978284,1.2076555470335766,1.9993216292345743,-7.271659540082119,4.063913427140055,-6.722034180370618,3
-3.450488796791821,9.96022491944233,11.578739845001257,6.864538167926804,-8.124433553657607,-9.300261770458281,2.587727825145045,-1.8211665693097752,4
1.1788475574051822,8.550636975492456,-8.727315458635033,0.33308049255167077,2.284952473506508,-11.48303978750636,3.43504322109783,-6.403497242391493,3
1.0985530097308416,1.7454624829941778,-4.3278922142619685,9.172357567491398,6.127670586916244,-5.571882644185994,-6.7518663987556335,-6.1355435506025495,1
-2.7250277254778466,1.5836132599415187,-1.2246124030817584,-6.059130862070796,1.5566605412803791,-5.8695889029200545,-2.033601072812778,-3.1952216995282914,2
-4.537892973124068,0.36559035306591964,0.25549373314684587,-3.630023929885112,-0.2785833531117361,-7.051903241590869,-1.7375311722306792,-2.7318690324741635,2
-8.739430080888972,6.412649359918808,9.16603140650843,7.586475865912787,-3.146068922458303,-8.281349036504059,1.0229657655820446,-2.8385772530542495,4
-3.0016427989775516,9.364926652460625,5.03889273016531,4.497094931562291,-7.032100042970393,-6.433675152043404,-7.865693341089548,7.622097512548876,0
0.4439954363053811,4.9883719812400305,-6.1381507033170735,8.789085645167738,6.04727908904545,-6.650960396004073,-7.14656343104906,-10.72438908880714,1
-0.5246605815962964,4.5033994253170215,-5.395950884200234,1.4421281890044517,-1.3070874151426985,-8.884625705550578,1.8465933605898366,-5.063579517598854,3
-5.257473060434185,9.392113984004883,6.087818102618821,1.611878885419065,-4.5813399598570825,-8.006375713940818,-10.525854884581483,7.215954423984893,0
-7.14437138613569,-1.6879762615172598,-2.0786843165439755,-2.7381422021094846,2.791510929358382,-6.985794585085171,-7.373151225687448,-0.6406252978380143,2
-4.942729120153366,9.847188519926863,8.650470762515278,5.608961426516229,-0.8530279934419465,-7.555389688134477,2.4591948972512006,-1.2965102266049042,4
-8.710218689271061,10.299178156711916,8.987031805197176,7.124078346231742,-3.5317403626513943,-7.5392322633144975,4.74312694785615,-1.6686750579652416,4
-1.3096048623513938,5.790444156187748,5.1748021235137065,1.5091995168421082,-8.221228177365594,-8.068088437707306,-9.181588019864751,1.561786748363474,0
-4.218800420118015,1.305310186344058,-2.730871871407974,-4.03128363197499,2.5070140182009935,-6.841833496992411,-4.030588856555456,-2.12138822117559,2
4.316432776719927,1.9577787730855492,-10.13764639544787,11.225728871856779,8.500444092378077,-6.02761074705566,-7.538974405740963,-4.802412487202104,1
-6.047705218476899,0.2040504186781225,-5.2497650680205155,7.9669862430051746,-2.1750303227671304,5.08307171374449,-6.741611190230097,2.790117876242761,5
-3.632384323543559,7.9536446601168045,2.3957104013485915,4.772492473039835,-8.869808367777326,-7.988757909749398,-9.987779381546726,8.75540191860981,0
-9.386362268009785,-2.1705401496732226,-9.025915890725246,4.970767318703594,-7.516943735435715,6.138840347283317,-1.2867450412750152,-0.5118595118200787,5
-8.932462852621748,11.103377708825642,7.2300059307401625,8.40599068240897,-5.28596597096169,-6.680343067999036,2.301731790292407,-0.2075945134789019,4
-0.5948749346334505,7.6723912361939535,-5.62091933657303,-1.0442560642674101,1.1006423849716982,-8.104929232429232,-0.4317721851803302,-8.742926189870243,3
-0.5744597043415269,2.2199101796762317,-7.832334159918889,7.523102756482775,3.7383711915243594,-2.763574285517531,-8.593608892456716,-6.037318765606252,1
-2.452931554367721,2.025522993991216,-3.8664698426046913,-3.6721327226673464,1.1670513048131659,-9.459950694131805,-4.81929538925357,-4.120727921167461,2
-7.815536325686364,-0.3974862514438952,-9.816497854134886,8.26747825450549,-7.45794693856574,4.701884595344725,-3.2081271390118546,2.253793393307071,5
-7.097632669958594,0.13553838235848847,-10.63093671959767,6.4068156165286885,-4.571844349456978,1.7113808701241142,-2.4946727038234155,0.19409683771281458,5
-3.0840565437024656,-1.3609039784645045,1.289016385328007,-1.0956644038415275,2.3124254108624913,-3.3331529779774764,-4.79555171977551,-2.0320719439561175,2
-6.394159622614166,9.548217749188582,9.426899627755688,6.035805421356225,-4.1231757521817745,-7.54687873714655,5.865977304829402,-2.1757921417426433,4
2.470014788375019,4.585912907575002,-11.875232467642455,11.45620038156766,6.842744259049521,-6.077463006949916,-5.674147047586393,-5.953442293147543,1
-9.118293863295701,10.851615418302654,8.62168491138392,8.32262844526689,-3.6163067061322587,-8.635167026404513,2.428229737748591,-1.4441896931003726,4
0.09178788619470257,5.815321441614646,-10.791486673960064,0.9635545805193729,1.2221627288746668,-9.465030803868109,-0.8849066908077403,-5.799775948855462,3
-11.982214477280952,9.599346240985275,7.332040066559112,4.958434513000021,-3.8455812106961584,-8.347186398091926,2.543153584118064,1.2333362956908398,4
-9.406391848471111,-0.8910155000760366,-10.036018513117178,8.664745022994778,-3.766984639400511,1.111926296727769,-4.861154517658649,1.1175914524789592,5
1.7905134266304246,4.810770094599012,-9.56211132699388,7.819088664837395,3.0395866862568397,-5.063602279026354,-6.0851851223974895,-7.320989870291594,1
-1.9272443524447123,5.955376519945017,-6.375484216100221,3.0435339669430572,3.1262601966987136,-8.198984930451743,1.8669277556265031,-9.831155043816585,3
-8.628815383890995,8.63563784059065,9.224258430262923,4.258197993615479,-2.6763257593785195,-10.378264770749718,4.310203095102917,-1.0616313695928463,4
-6.831318189897424,2.9060184528491195,-7.1027418553678565,6.27626007904558,-5.129721689423452,1.0668157412591444,-6.708555868723023,3.914142963785636,5
-1.5271642537888963,9.615015500401926,4.907991005509686,3.8327850399497994,-7.742973144330681,-5.448252703633026,-11.449551572678278,5.875606382797797,0
-6.015149303409274,-1.4028269857729112,-0.7847953321733306,-6.892339032710465,3.221760696513541,-10.62599781217678,-2.313533612392252,-3.187483633219924,2
1.8308459909071355,6.5843007330736825,-9.93711912387775,9.348178780593093,6.920812079607266,-4.6303009215651265,-5.344447729453211,-7.092110248442689,1
-0.9204117419039046,1.0624730784122496,-0.4814976725255494,-3.9152321983075336,2.669137275959904,-4.972323410064099,-4.558474487259949,-5.003863206959334,2
-3.4520272226346274,1.9877712904201021,-2.955178050430221,-3.75167960161039,3.350725595900216,-4.738447032744347,-1.0404814616128184,-2.560987458955348,2
4.2525794837298925,2.85189141811264,-9.31730616217562,8.156939460339727,7.322409268058783,-5.778737349597309,-6.611599927375553,-4.430349856525686,1
-8.988197100099148,7.745620661539889,11.232414847403055,4.772922698795856,-2.4762125183763626,-7.298511841443309,3.09996993408377,-3.3345146140298008,4
2.966732732584691,3.997825395572761,-11.65132145664938,10.573895192856554,4.897345545564642,-5.718615177484773,-6.909933319866476,-4.902985907626217,1
3.6541860035485834,5.016977875338826,-7.941003035967549,8.804494596998522,5.835628582275123,-6.949673953420048,-6.563959252289088,-7.007119237665852,1
-3.403005480139597,4.452734472301017,-7.650962625494971,-0.7500101966291934,-0.27312314588505293,-9.703215919401988,1.0096984330944103,-5.988535322821118,3
-0.9047375354250722,6.21628209091876,-8.401997854155068,0.563370778519593,-0.8494773627138379,-8.915105671687227,1.1070603676134345,-7.974908353322666,3
-10.455456854927125,-1.1096631919863518,-9.283191071514771,5.890733768446969,-4.774485957697615,4.001356721797262,-1.511604722059011,3.311291662855918,5
-4.954775590474053,0.4224050091386221,-7.782833698617175,4.421235517916754,-3.806312853841505,4.022867423825072,-4.341889281388989,3.4342098735006257,5
-3.7246558156203236,-0.3912962205499628,0.5406590616974107,-1.51555703952355,4.258160491276443,-4.901976192646567,-4.731037014521504,-3.473033689924412,2
-4.0988808180417955,3.7782891644297987,-6.380279453887178,-0.04417149559523592,1.4586237766478087,-9.683401524108143,-0.21046891834949166,-7.988795164892652,3
-1.4655077804763814,6.404149951531004,5.408295638477581,0.28499740317201283,-5.563174741816866,-8.420351212346308,-7.7298973056778335,9.092855821570243,0
7.074734287735053,5.612311192612747,-8.927274152559756,9.025063446109655,5.926902692898233,-5.962498736397606,-5.894974506119294,-9.340606673432255,1
-1.0398910534490493,6.501485162401238,3.0564738177155615,3.4784035847218773,-8.451607020812565,-7.239522633271186,-7.958244398196728,5.774171787716886,0
-8.477063399034916,-0.3008186505618627,-6.516890027960256,8.039087359795642,-4.044336378782397,3.3009943046416326,-4.257820774430436,0.3626441003043659,5
-2.243761884871403,4.904230864067743,-6.272657202004258,1.3993712878960656,4.054464774513029,-9.437628294356776,0.4792401779241011,-6.532482661032682,3
0.2821365690676476,10.390019826546254,5.549116239672556,3.7113788218700727,-6.346235429133865,-10.868606392308513,-9.636950078988596,9.238991759095269,0
-7.805361883287237,-0.0547101154332314,-7.401446267444201,6.518777503459445,-7.912722904981006,4.387264695900487,-4.391320405348212,-1.2281358858251608,5
4.703318305017076,3.8510598878143085,-8.934733573049598,8.020136079422445,6.07856942316831,-8.193514485093994,-6.675164049911165,-6.820404448561027,1
-3.6472827861719175,9.201684874038083,5.017836670250874,0.4705207723076412,-7.494646993699944,-7.209336783159422,-6.269336024531821,3.994338074873138,0
-8.512573427186105,8.668555218092987,7.847368322213381,9.024362656455377,-4.300382989407532,-7.58807300934493,2.6628474664903976,-1.8599069583876533,4
-2.856424903731743,8.52071366666901,8.522625214380938,2.665905404517846,-9.083815192358049,-7.783747999949455,-7.204114483948973,10.665031352090583,0
-0.3478338939343413,7.968399503178452,3.3496757496392213,2.0942815879488816,-5.782683597073804,-7.10674733089215,-6.972134883565207,8.173083974641248,0
-8.831297921102507,0.11958176675859755,-8.751012180373824,6.660406714671656,-4.018205775434869,3.824722070966232,-5.044122486087153,-1.499568872172657,5
-6.915921394052364,10.808963351243975,8.316687130644977,5.721291933115274,-4.747965660947997,-9.489509029528781,6.039331591080332,-1.0966080308353074,4
-11.053366908673086,7.631062638468344,8.972091600491584,5.580527767727391,-0.6204169260054968,-10.151128827834267,3.612509411542502,-4.498485744882602,4
-2.193519449463714,3.459013169345733,-3.577692302358013,-0.07277882873522545,-3.6358287855676137,-8.436538818752831,2.7522204052404504,-9.576025818782803,3
-3.5352960223917416,-1.1114464188850328,1.743307242413374,-4.073795977990427,0.9302725086509307,-9.81738566690351,-4.061198406260168,-3.0895447866275307,2
1.6981309981952575,5.729458333735139,-9.100068776683996,11.23514242947578,7.195659089150099,-7.830539289904721,-10.396855866374363,-6.093815784243979,1
3.525024797523451,3.0875138357066865,-9.846366807941783,11.593843304754406,7.443063450454588,-7.48037605775375,-7.987367169136522,-7.290794264729285,1
0.652239237007727,2.2943830737265998,-9.271384326833392,10.165163857349489,5.7758041850283,-4.507325393273214,-5.618886132947306,-6.262739099499499,1
-12.459473244999941,-1.2445151673736279,-11.459051840978438,8.413879081885822,-8.326985439569583,4.127007038991513,-2.7160345952877445,-2.2108284488199033,5
-0.17003472551770182,6.293593320593553,-5.048264006359886,0.5738790001573832,-0.4923937545847714,-8.259862888954455,2.606491534914757,-8.909115047622896,3
-4.275069348701341,8.485023369274229,3.3915602296401612,4.102089530403196,-8.794489025433368,-5.450193290253369,-7.40960156446198,10.250915238244442,0
-7.197585543908418,0.9648333895604357,-5.897826347841921,9.230313114258806,-5.628422494451291,2.916600962242651,-5.20758106510651,-1.5814206124611367,5
-2.7774813767367608,-1.378537030814149,2.064452846970881,-4.1523506958222836,2.3152153235827657,-8.276755095691927,-3.362326618454487,-4.525566024561737,2
-1.8100965514585905,10.919320167856467,6.15916545293422,-0.4026670655791138,-10.965901006994397,-5.385197735293109,-11.025333674100684,6.963898272470409,0
-0.89085676639938,11.160647593047731,3.451904064166687,1.1966803473521428,-4.910227970103694,-4.184086747342331,-7.937718380357042,5.9158199498954165,0
-0.42505298819477977,9.234545233587195,3.758939529026971,2.788672453900182,-8.182664291065388,-4.4787607448273405,-6.67384690080125,6.577004401574261,0
-0.3695380061024439,5.34346759752173,-7.04620487725621,0.7904138757180154,4.580590124686243,-10.513154853797843,5.209559254761203,-4.670321605093928,3
-5.434515531313252,2.893547941818435,0.12506236652267333,-6.169544360436641,2.2977998595846065,-6.979639216516768,-4.710152879864707,-1.4378023568352942,2
-0.9750915327044742,10.818584199424608,1.5241308776027984,3.5387021730072123,-8.176472998865872,-5.508948734103489,-8.947842144902275,7.3695638180283005,0
-1.3418608722094598,3.0837881192853205,-10.961455764918554,8.524174628555942,7.549509872464572,-5.9251295973052756,-6.486485307063847,-4.230352744810945,1
-3.308557327898466,-0.3571931074432071,-1.329052029038729,-2.9912918109107025,1.9135533578273984,-8.709415069304978,-4.635481425090583,-0.40901891579134997,2
1.4189822830112333,3.373975159964878,-5.911378873032044,-3.2611042668507886,-1.5987225529043085,-10.413954878868257,1.0337609062895212,-4.244355265471073,3
-1.0384313277324244,7.945255591335931,7.6371552781761745,3.7012465890841697,-7.595342224205272,-4.830483414499765,-8.729758939792164,8.687960795694254,0
-9.313797211162514,7.195370641346376,8.058264144274267,7.7112134793478955,-0.5769220365539103,-6.711432260651971,1.6652374425817746,0.0840944845725673,4
-2.0152315451557765,3.679955087168696,-8.559962669873578,10.551219813411514,6.772634784462991,-4.3303963068201154,-2.289813398349521,-3.5922223030311646,1
-11.353045095417642,10.430133141817471,8.982109412979506,5.878901707953901,-3.0848183212800637,-9.280772170134973,1.8046299111573088,-4.0516617604570575,4
-0.8225068470654985,5.785067576019763,-4.918620560297212,-1.0872733861965487,2.5298643720969083,-10.54393725675139,4.289385312832341,-5.738111811733795,3
-1.794026875836987,7.992548807966273,7.28517425571375,2.9701094405632844,-6.495854797792395,-6.1020136039155926,-10.43583312123876,9.92073362034359,0
-0.37228550192773635,5.838911305289951,-8.187478202561316,0.4443906383868595,3.3851895428140155,-9.922971099359716,4.25479631057324,-7.985824623716585,3
-7.230370855262209,10.594672109680376,6.252463312389638,6.886883046629917,-3.3213187801328194,-6.921678832374679,4.269044970272447,-2.7366552336723293,4
1.8493762764881527,0.5616711407382516,0.9115418498500838,-2.5552007889960553,3.830709899739631,-4.371339398094873,-4.8280078788708,-3.470659172424373,2
-1.649338418540141,10.041968104216203,1.9290694026359767,3.583740149592937,-7.7911455318324405,-7.452634286781974,-4.61771695301969,7.806520324652322,0
-1.856020782972668,5.8482853836274975,-6.73850932402532,-1.1283710877669333,3.6687673317721776,-9.26233849340462,1.3062121637360873,-8.321356103377331,3
0.9193737259360606,1.9047036896604688,-11.664675515173924,7.058820314927223,8.264190364634345,-8.176535400928167,-5.925038510819102,-6.757388513447216,1
3.0810788142192926,4.5265512182584375,-7.43612263630509,8.435161585747704,7.78343583942169,-5.493660639396346,-8.979965087972472,-7.801696136568176,1
-1.7849421543506772,3.1409712046203255,-8.270235488794382,-1.7408469498082986,1.7548037717323746,-9.803716545925415,0.6161962986753051,-7.216530373647692,3
-0.6519476706652293,4.178238475165179,-5.7545735690975475,-1.124835365290312,2.105404351091919,-6.927957949697394,2.568471198054479,-6.0745249144412785,3
0.6895462766574496,7.596920517193167,-5.218069998555162,-0.7558158635246872,4.511760225669052,-12.578164329184363,1.0576703224802442,-4.714826010697672,3
-2.11272651091212,-1.0630572132644533,-1.6602540476653358,-6.423041550706363,1.6820588674234398,-9.89753958328977,-2.963000593201035,-1.4463571069172396,2
-8.958335340641764,-0.5664667334470617,-7.4813488565104365,7.26591173333228,-3.5284518575107544,1.136399409097761,-8.884014766025132,0.18828026784025784,5
-7.821600854278798,-0.45107012478234365,-2.4879709383324125,-3.284053280941337,1.983889676030172,-6.187932589072952,-8.236369980874326,-4.015320290239843,2
-1.6847267084536024,7.679435232142922,8.134433609636831,2.8859812173079575,-7.808664475237592,-7.858325989097752,-8.987038487217752,6.9403198402639035,0
-6.1756168652752885,1.1356183816924688,-1.823327490092161,-4.150797092837132,-1.088573703777247,-7.70588634646396,-2.372898626363132,-0.41764396116269786,2
-8.819881032942343,7.3258334080033825,7.53708534951531,6.602918769085916,-5.373381519646776,-4.434306695250789,2.831594950572893,-1.6293214599402812,4
-6.975196856336194,0.3696830799639281,-9.819090796550062,5.856737912589232,-5.504577708257172,2.557558768457507,-2.8450731564741174,0.37700102184089707,5
-3.8475557737263095,-0.15151761648695905,-1.302689671340853,-7.314564157124467,-0.23927234753831028,-6.6507139202877585,-1.6479875244516586,-2.115609367495496,2
-3.425778707605985,-2.6921754710694388,-2.741365799779336,-3.999668247025064,4.14742953153374,-4.921123751761732,-4.535581556721133,-2.4236154228774605,2
-2.135040781789393,10.670995594465433,3.302179392868062,4.252362997935848,-7.026356829783472,-8.300540811737612,-7.242116433563619,6.864652138317473,0
-8.142738399299965,7.897875430034971,9.953272530408123,5.496735630360647,0.1503322779305103,-9.860854707290056,3.1130627221406684,-1.7040013203320603,4
-3.1963299905824076,5.892998501446504,-4.55907238577706,-0.46623632183585095,3.7939741376063543,-10.266176350731534,3.1115899607983692,-8.677174728587815,3
1.8379989088218092,2.268514731521284,-8.094213432363956,10.20336885849188,10.337871755795938,-7.378147993875349,-5.047383981937219,-8.430380148590526,1
1.2203195028640503,4.484471066787282,-7.924267362303651,10.028799459934522,6.454758941785107,-4.2683025757773745,-7.89926113940406,-6.691781066219886,1
-3.6442874747783116,10.045638820062603,4.027954999957237,-1.1883715958858598,-7.792129699609616,-8.766682736256504,-8.78408339874427,5.418870538419519,0
-8.123658859888922,9.77984310412965,5.108902357944642,5.788875659647521,-4.685126410749642,-5.836896401948335,4.6322518967718285,-1.4898741610540585,4
5.0999218150297025,2.636586814537149,-7.863309480812316,9.260249686427962,6.441375932762675,-8.211666891045738,-6.81916371108262,-7.927533735680789,1
-5.3807032709934886,-1.9772379513531169,-0.07579395877715855,-6.809403354609163,4.188310591964804,-8.657154983686556,-5.922375417815039,-2.2752232603160993,2
-0.1397644094533197,3.681245496995789,-11.195250636154201,9.601116539455825,6.062706132588024,-5.470398421234055,-6.327739767911803,-7.9105642472899005,1
-6.696668044941678,12.228832384460404,8.096649416315536,7.9306264480091615,-6.090970989390239,-10.593969454493093,3.049530718284587,1.222850094785155,4
-2.5354742567691533,10.915715365715256,8.682970717625896,1.1237796472682189,-7.662730299180426,-5.209452189965432,-7.7473013732339115,10.278254636676357,0
-7.686588839846342,1.9104403345048997,-13.39905132832778,9.052361459536392,-3.1715579772233715,2.149178788258429,-2.07644426153319,0.11369785035149843,5
-7.923026619424995,1.3745747751224993,-8.01057537738299,8.117914956421256,-2.596702651248607,3.6240110123769234,-3.583858184799737,1.5166292617253017,5
-3.3769843608562624,-2.3234032509626803,0.27639390174553036,-2.7237793003724278,3.0447080719117032,-8.291528169922861,-3.8847825099139746,-3.4941671141496045,2
-6.364014811157651,1.453984848393598,-10.707683951636255,6.830057062200972,-4.642551510261411,5.656296257281511,-4.714112916854473,-0.24375392005481333,5
0.9264184797358148,7.376804750049059,-5.015616661473462,0.355475608902394,3.348207401483309,-9.51250810208646,0.9917148598156316,-4.685342093262585,3
-5.95437147569713,3.679365070753999,-2.723989224249957,-4.581658736424562,2.3954362737119914,-7.382026394698299,-5.208104280965068,-0.4418206508386646,2
-8.30335162874604,-0.14714904091399453,-6.518228437324532,7.202912432428094,-3.74374519572635,2.3168470278321545,-5.32288488935564,0.2708818440016612,5
-1.2939738030749774,8.547472316584662,4.544157006580256,2.7628660108755985,-6.41419189900726,-10.072960441998728,-10.632317740787038,8.810578891164008,0
-2.812707212576602,10.37362137787291,1.090166890706342,5.843214130842274,-4.486893998762539,-7.335510400081833,-11.99367019926612,7.784368304787486,0
-9.333901634168171,-0.08244334053576233,-7.905968754592761,5.871325133467089,-2.0299419732613906,4.167290568867859,-2.8170370095475867,0.3992080157588519,5
-0.02226385942941067,4.862943221892243,-7.976121456841224,-0.23607279313015528,3.0917511947231415,-7.831166735757216,1.461956924243652,-7.966707613691863,3
2.7654481864218714,6.001670441808295,-9.48255932000559,12.083086003964038,10.486371672949346,-4.903481576872958,-7.951755080580518,-7.209997839374793,1
-0.8758043792205862,6.719884793926199,-3.484352282767328,2.703966552735124,2.796847534456843,-8.244412771877165,3.2645648957831446,-5.012524064915614,3
0.7550945163117844,2.252045456010797,-9.076425535132314,9.22161342837291,6.335903637049675,-3.498744240175133,-5.484897974964603,-7.179898493656884,1
1.2801331476546625,2.4043533418758694,-10.306563533784761,8.74842047200244,6.803660685510517,-8.336817566100606,-8.676329692250505,-5.752846969762481,1
-5.639209392147208,10.882267085444735,10.787901303738181,4.877455469381567,-2.367533223847782,-7.308585755250326,4.725693535630559,0.8208199211032459,4
-1.4266201684584057,2.026859175403102,-5.553629082418547,-1.6498892941094496,2.855841335831128,-9.215670306680515,2.3190907924774713,-5.468990853284246,3
-10.21765699366022,8.816695325989695,12.018194170533658,8.303860529938266,-7.108867754438672,-9.278301249497655,5.1932913071541265,-1.231740649660825,4
-2.4194724804961982,3.1177400373320108,-3.0895037256826114,-1.9118246552900091,1.1026033160016664,-6.672326142246248,-6.191432948380145,-2.8678517958573626,2
-3.1382048687388417,-0.8992883182882945,1.0192018870879367,-3.276679551369652,3.9133804046517655,-6.625865774998892,-2.8372925689295823,-4.06964722960973,2
-7.559461295493185,7.430975190614972,12.407187813946955,6.61291551351484,-0.9129280417487795,-8.472310588724737,4.12023132609582,-0.5055674606878546,4
-3.049830004194059,-3.2693297191718176,0.5230130354814575,-2.715054295047467,3.7591900642244616,-10.267688192631576,-5.217890967329313,-3.6146908678169978,2
-1.0154960504332,5.814772555694234,-2.1543780823567116,-1.4465937049956032,0.7066415592979718,-6.440870257457496,1.1653268890930029,-5.9597884857170245,3
-6.795464513185726,9.29447860646645,13.701766533830988,7.928658521145285,-4.1916831579922915,-9.315474227384154,-0.5178830289791856,-0.11746863739975177,4
-2.8998482395177883,10.556825597459692,6.543031618507526,0.008997179721544013,-5.923787079391497,-5.7582332055785095,-9.314429362011998,9.524653816797294,0
1.9836936581362181,4.97841266057741,-10.861358328205243,11.637265725886099,6.270393002618779,-7.851696407072367,-6.062583284671151,-7.6937985748473,1
-5.595769712568936,-0.7532885281213195,-3.764978983387368,-4.275814836949803,3.1972442228388,-7.244392058882902,-5.01170165587627,-0.8704307227195129,2
0.3618274780350812,6.524241429182174,-10.583714082654174,11.855046280634898,8.72651894363897,-4.770759764102944,-3.4371410458510225,-2.7601561498341423,1
-1.1990224903822617,4.962637697089473,-4.474505975515741,-0.14182072981372046,0.4213168646305814,-7.909055497980875,2.7513578508733434,-7.090072079223733,3
-1.787657407410387,10.625054242161625,2.1260350744394882,3.703592222020318,-6.819560244772355,-5.1332210507565135,-8.950680335064197,3.287878247517982,0
2.6537307682348414,4.734731259813338,-10.937273801544542,7.530661866256912,7.09938626414577,-6.044193891698736,-2.9119552359416074,-6.273343952430397,1
-2.644072438007888,-2.645658419599597,-1.024186423423378,-4.09145230456644,2.5779865280020777,-7.350320460965933,-3.466138239757051,-3.5921278085805906,2
-4.387477145773559,1.4784042128861459,0.41345951760506505,-4.343052414729616,1.415476512409104,-5.061726621652337,-5.204220202977728,-1.6656007387430027,2
-4.400196223726033,9.733444388730012,7.977554115487484,0.3495544948433684,-7.457967617861647,-6.213795932313622,-8.924575515045193,5.751837186895,0
-6.569262603208092,1.0640774253887637,-8.530597305735045,12.151503477825019,-3.66229003317848,4.798962432585586,-0.7644051065737578,1.7615477884353883,5
2.0908971459950623,3.696820612950382,-5.054847242815092,1.170272229964748,7.215608799907054,-10.794401057971063,1.1493213684232677,-5.284041868922083,3
-4.152631376263965,-1.3126923079996446,-1.4325978694619885,-4.797409665913563,1.4849855981998,-6.697312526801342,-7.070162218414524,-3.0393072995392116,2
-0.7591358907706827,3.587937653030229,-9.908197991073418,10.586842331933644,3.3364151447870034,-5.687330559316181,-5.541620310588698,-7.390290419381755,1
-6.518358217259721,2.5153299964032345,-0.6418594861013471,-6.651003751964311,2.3262628600360267,-5.554401004789795,-6.099577225413068,-0.46863939677349853,2
3.515206804017752,4.263118603218409,-8.463103989130435,6.560156831715856,0.37301241341908753,-5.299156941893549,-8.643125701812371,-6.671832527272214,1
-8.66030231833403,9.323262280627777,8.674766768943499,5.206521817329081,-4.498542927530125,-7.142024387467529,3.129369082224141,1.4039229744712736,4
-4.097267662702979,0.6095817239102688,0.5995740711761812,-0.6651369531520497,4.7336448024554,-5.806707395954603,-3.2142535365634823,-3.4838810385415675,2
-10.778662925278946,8.106201645352172,10.470752686675999,5.164577189595188,-3.739108839558997,-9.192861553168774,1.9416385183049396,-2.6311479674587845,4
-1.648768518463176,9.504509299515783,3.042587995762413,2.803238511863486,-5.497982003116836,-6.605758685131321,-6.994090791417302,5.37567684590358,0
0.7555808601801939,7.161460193932875,-6.886673623802528,1.0623393319315704,0.0437213834076402,-8.350329087494917,2.3884895273105355,-5.983150546472681,3
1.9039245844061454,3.5065392125822124,-11.546301868733982,5.434187253433459,4.9871874447512266,-3.9727406734538264,-7.008034141417674,-6.6028359743154,1
-5.002226438317871,0.9600571892440171,0.36942953822596625,-1.6323020982716283,-1.807749447985195,-8.544833337157215,-4.64204475267486,-1.936238624715793,2
1.4703271757328678,4.524697732543221,-10.535311820232899,11.437032657214878,6.467111834214755,-6.365351934790371,-7.843381961008826,-5.901868540293497,1
-7.308064540879922,9.110227370928806,10.219193836675181,5.911015917098141,-3.2601275878793095,-7.483503213266388,2.870227529228328,-1.7655579276836082,4
-3.1480472396389056,3.7010342045083346,-4.763382980845707,4.1500484276060465,3.2506840974841325,-6.088257671883685,1.4559024560836016,-7.608847411594679,3
-8.857108118931706,7.779184027451276,9.285078769049036,3.078690384681762,-1.5108552799087445,-8.008099994614232,5.152125592620873,-1.5684733625985454,4
-1.5143016835052359,6.501926576373592,3.476459354908312,1.5771398670583243,-6.998720677711344,-5.887034237194862,-8.554006155142805,5.1869719415625415,0
-0.25765364004048363,2.602327479744435,-9.220993888365147,8.239215232354349,12.053282002071416,-4.92806639576226,-6.488830014146239,-7.156660639865498,1
0.3083884622737978,6.29458845412898,-8.385035900293824,9.430999810228155,6.649362594352545,-6.6448678818177624,-5.931365597701565,-4.590961861797581,1
-0.15532509906297642,8.679368244755336,3.569362454372235,3.6370171837744545,-7.8486120547302525,-3.9584940516008484,-7.75364636249318,6.542864662465579,0
-1.3729386689947054,5.028703843553555,-4.250951899769835,0.6559109113244952,3.5198068466298773,-12.893350264564425,2.3084731932599056,-9.113372065405166,3
0.00779637654706633,2.5529473543253323,-10.745379616210979,9.984767038461975,5.375704554375457,-2.9588327758830824,-4.720058998428946,-5.03853452346619,1
-4.965987714171992,3.1770318446479817,-2.6261774510338367,-3.60971136125442,3.409020341228549,-8.027366294006319,-4.016364185336796,-1.2160253702032202,2
-7.577274782684447,7.807147759272521,7.501403559809166,6.287106919818961,-3.599270210790994,-10.965210784510658,3.6678806444660754,-3.1599531991511904,4
-7.863312069320523,7.473974468541867,7.411140208754066,7.029669629254718,-1.7661199325654318,-7.700307824171812,1.51600876727818,-2.26984694167042,4
-7.171508644598293,8.931317649800521,8.102155455015687,6.043348478041714,-4.41904719028648,-10.217961591345757,2.7701770739349647,-3.4254505833366844,4
-3.8906646210564295,2.2373854529091393,-2.337887349192939,-6.3727360436564755,2.704035995271036,-7.299361727246864,-2.5527477491650377,-3.3999764130097985,2
-9.19709391962923,10.408154031213597,10.550938809178025,4.964539144344099,-3.5553324908818884,-5.874398015526575,1.252553257690765,-1.45108769380402,4
-5.727326805643251,2.536363545858073,-3.615345874238333,-5.850912164436327,0.9516027587796905,-6.404304169074585,-4.104281626199861,-2.9401808687867037,2
-8.746832429711496,-0.0521766605173595,-9.381408002556121,8.457521516265746,-5.419607620681131,4.555035150208765,-1.9960029443145546,-1.1340257844310124,5
-1.4108314299725269,5.117151025576592,-9.329681992663815,-0.45776844892267166,-0.6167760326652205,-12.800053310459873,1.7311965124362496,-7.0633497195403425,3
-3.2950436184801175,8.558485338806848,4.229991232235493,1.5867737705474858,-6.978449910927476,-6.113003164338244,-7.439100438023974,6.2838985525414754,0
-3.7569623370073724,10.74546182299823,2.48055689774565,1.3088276552922975,-6.825183333435699,-6.701913430331863,-9.12487701266186,7.95683456525218,0
-5.177490032180221,9.32634656890195,11.203834988248342,4.544569639443836,-3.8889691779952016,-7.060680762479964,2.0313801433282572,-1.1644017863110494,4
-3.7335207464445386,0.8808549948940585,-4.080186858529714,-7.067036891344336,2.4676440748950808,-5.9465513875479505,-5.231315739127561,-0.0006128931932227744,2
-6.780794378798819,-2.0304532288868,-11.81268568842276,8.854916168420395,-4.911544291401719,2.7130265656487103,-2.4114322112900552,-0.09758477792660741,5
-0.3098195949302629,9.589775484496435,6.53920312221491,0.42950610373323506,-7.543036005253719,-8.038993648008214,-8.335216411236246,6.749189499211641,0
-9.33318233712895,8.94899027356886,11.389875168546963,3.92904700349742,-2.8709937428922014,-8.359353932815093,5.874262258288244,0.9077217170464773,4
-4.1735155605815075,10.132391200647083,6.957991009568446,1.4690385992864545,-7.265916094711259,-4.533257502237585,-8.029435191491999,8.021500043180392,0
-4.434318991675381,7.347015068609357,3.860354162316218,1.4100955754343174,-8.111620897067201,-8.953896256075778,-9.568121080594711,7.613805507681057,0
-8.463483534411258,-0.24828828277608922,-9.25883250742417,3.4408788285450242,-4.009515475390275,4.335409888628082,-3.1778895127193225,0.8761077362350036,5
-7.826559587203939,9.493855861678828,7.9324579721522515,5.547506348646992,-6.099920626383886,-5.863675596844967,7.2002733423556045,-0.3063926626909719,4
-3.148631852013322,-1.380348242597544,0.18774774435647146,-0.43330048959396983,3.5727950745830497,-7.47065725024093,-4.663580154431225,-3.0072655048021795,2
-7.2418987433985595,5.013961316366663,11.090922192441662,4.103822014953577,-5.624428173457901,-9.173945703058331,5.418828883573436,-2.619829883839426,4
4.060801968490015,0.07738731268770938,-10.232006150488306,4.608266478982889,5.318792183237411,-6.538736106005463,-4.147706905787517,-5.697305100176992,1
0.6591462427842167,4.63537226528865,-8.442853448277855,10.85699724159551,5.110032942771313,-5.057953630827612,-7.460387970231596,-8.714185412644246,1
-7.9024799819428155,-2.3272339703604197,-8.760494682697855,8.744941804877678,-5.745109285455766,3.095669943151625,-5.176808010329824,-0.9960971734713728,5
-2.9176876870473922,3.5982703119569557,-0.09724723219145592,-4.656125690163243,2.1296716743914117,-8.542294338541321,-2.7463927461632496,-1.7667300012322646,2
-4.255919024875653,8.39492660423928,5.752739248333345,3.3317330611297624,-7.349974307413961,-6.994668396248853,-11.266925751325306,6.752276194208128,0
-7.913608923016676,12.526446051512346,8.701886586926145,5.712140281946397,-2.0141213788654673,-7.420944303558317,2.178249841919245,-0.30667601509017883,4
-10.218788550041442,8.887146522083262,10.22067946197732,5.3238610453058435,-3.0246688559779815,-8.084999841820974,2.3303328235942633,-2.4149377071128475,4
1.7274378319318364,3.8321077800467584,-11.771463479871601,7.912971701390292,7.9443048642456215,-5.3840789879145365,-6.200639321926263,-5.8417537486400875,1
-2.1757816404936436,5.263497672252196,-6.130909401362886,-1.7591598535356354,1.270983885827026,-7.607786597837113,3.3180232617373124,-4.808694067106221,3
2.1302522752757325,4.849473194019077,-10.143467639052139,7.994427866992056,9.346463935641147,-1.8945934795727668,-6.134241980846747,-7.542758390164711,1
-4.725829731029383,5.334975965299467,-7.887932684200154,1.082511689098944,2.8677469669224416,-9.753135453864553,3.029332377423832,-5.643810428118072,3
-1.8565623478919058,6.704260891933331,-5.073385517172103,-1.0702213881395077,5.138372993548883,-6.168030823376405,3.1189532633275974,-5.900872049883469,3
1.372653587803831,5.020939259187687,-8.077566369681048,9.710456318666795,9.31325639031995,-6.03914880173607,-5.363792138971787,-5.044001685111568,1
0.2660621503311895,6.106660994465178,-5.401474859861664,0.502645828074894,0.09749485506230249,-5.282118798151338,1.3452364567234878,-5.894859544207922,3
3.117844001344003,2.438324290516195,-7.383551179803289,12.836127113539169,7.482798081910396,-9.088148380582957,-7.256669075694442,-5.3513892882604095,1
-9.842643155182001,0.6680001710682122,-10.812412434800226,6.408707116809156,-5.986963814563954,4.553626476822829,-6.3263699893532985,1.4429569698620044,5
-2.0163817795050045,6.929734506558729,5.363187377443575,1.4036111489233996,-6.8329223848543625,-5.763351145067791,-10.810392254588459,6.228336146518227,0
2.7560609610683846,5.614607594467675,-9.053998037285488,8.790344296774963,7.537460265848066,-4.377081678045965,-5.756124565594819,-7.669809186192643,1
-9.465546787631094,9.82291785971732,7.700959886258,7.088821320559943,-4.678394416270975,-8.99792067444842,3.544550593788822,-2.9404228227866485,4
-10.83790838775404,8.155088575787637,11.734134128261402,6.117722425005429,-5.134048882272513,-4.981366276959557,2.195672818681211,-2.735962872096594,4
-1.6058281416229896,7.382823186290937,4.60219539482932,1.6942028712961945,-6.519134515885764,-7.47135267940932,-9.048683909710679,8.645198389805113,0
1.2509013799498245,4.540086616197469,-11.013640802293203,6.280791432468444,5.466908391140618,-6.617440249576253,-6.931261826020893,-7.866172346940904,1
-1.2490633926472503,5.672977227482766,-3.6728559317760316,2.02565723643292,4.9714696679426105,-8.716364396843431,0.7477977329075696,-7.2943446372298695,3
-3.7986722698295505,3.232422303227663,0.6115701115262877,-4.7142060441157945,3.540001597756187,-2.414605520208541,-3.9888510583336974,-3.685000336430197,2
-10.950424415932826,8.58660682810509,9.274828744690373,4.3958378367863915,-6.76045334812793,-7.093656309013371,2.397247737062491,0.8010844644879977,4
-2.8762228135615944,8.944723008496142,2.190106832138946,2.7959772935692677,-5.964335284408639,-6.9796152204748445,-7.039362380843206,6.788999345930798,0
-9.006083588986865,10.127712734037594,10.021203332382559,5.206089270852924,-7.076250675656382,-6.150651531678646,2.118406007527709,-1.8429630139739643,4
-3.118239370981292,-3.472157847901965,-11.230815393670724,10.27475825032452,-7.238735796212021,3.265856763638234,-4.539162284672981,-0.6233180512835257,5
-2.278301591956624,6.0803568999912265,3.3061215834818514,0.8853480203628339,-8.153179789312068,-6.573086321241311,-9.095223131838885,6.435065151337045,0
-7.054788452068848,0.20136701745319202,-9.819479554795771,9.918826625568164,-2.8547854710706346,2.559335231236885,-3.191943505348128,0.7729035218293656,5
3.2973187578572833,6.9085698052781925,-8.038659938453048,-3.6799568462887464,0.7482861210204039,-7.976014706228449,2.935648869148934,-6.7668751428119505,3
-0.964561647706877,10.99209528308827,4.781730981766401,2.288874815789685,-7.86787022384623,-7.385826162919226,-7.853093917002184,9.249738014968809,0
0.16910081132443522,4.0806119530910125,-5.777106335665092,-0.8341323635420337,-0.10430646768110252,-10.44876435051367,1.279733691187392,-4.598006283016007,3
3.4900868740287327,1.7341346968718963,-8.626331253041274,12.377260848280162,6.308086965528098,-6.163386814999511,-5.386796656951029,-6.858944132471392,1
-1.0255017296394253,8.269550576361244,-5.468551418592187,0.4443082383000709,-2.150539886148881,-10.47676130308274,2.1837301093486747,-6.2716515219278035,3
-0.7142250530839966,12.726351283425936,4.953689170666353,0.5266604203631315,-9.35796403123683,-6.4673480233220575,-7.0721240073299985,8.083791309891314,0
-3.5602573034797067,1.0098828278700354,-1.589081789920178,-2.818477741957682,2.6163238526284314,-5.949034772326932,-2.645907263496981,-1.9872356436296421,2
-8.05721333814938,8.782969978642292,12.12884460444307,5.613468661993587,-4.1387888801434425,-8.598722072824728,5.406726586743946,0.10516656602968322,4
-4.93157335610302,-0.704338488868705,-1.895584558448638,-6.253403894615948,4.992685720026831,-4.832280666729812,-3.434386707734134,-3.0302006002735116,2
-8.621506343073483,-0.7494069131805356,-8.519044757617493,9.550313821725933,-7.670495542263922,1.3279417576848263,-2.8891563003266474,1.4129751329910878,5
-6.797734851901897,-0.7161643652069762,-10.327284475291176,8.637328967164583,-2.958873908475235,3.4718986652677657,-3.9808510130243127,-0.7110934785952965,5
-7.7862535543178115,9.408906120761738,8.698304726752442,5.984649139908182,-4.81241049449753,-10.151204468086414,3.741344278373697,0.5756723732805082,4
-8.1193459615174,-1.995237513578702,-6.956379955170547,6.810470928078867,-5.635484487042458,3.4250464115042187,-6.121746633561262,-2.076870139157059,5
4.350022113498817,1.543206725190533,-6.4909324729949835,9.615566485745951,6.4952517572342625,-6.070113407584727,-7.061521507346034,-4.654922988100676,1
-9.368195620068995,9.291465849432644,9.197632904153117,6.960314647838831,-2.3077680875038933,-7.494966394766794,5.121589638368103,-1.6284866228475094,4
-9.765554867176624,0.4994621255014343,-8.199783871425952,8.734908485245072,-3.0660867601418964,2.238650096733944,-2.434207855942268,1.2998006008690268,5
2.5638653862527288,5.175853337867521,-7.578498602170697,0.9860094554348626,2.6434685286388966,-9.189028327567552,1.7984794332753424,-5.071271196554833,3
3.499064339088865,3.3284425854212305,-12.144501680753482,11.782417078599632,9.93607663905605,-3.2847269484029855,-6.900758158225587,-8.179324744897475,1
-1.1264002075349318,4.682215959588437,3.4878955830729987,0.49466919219502725,-8.88523681094609,-7.224037334202269,-8.2211278075453,8.447778913097592,0
2.610346710962435,2.0416734697605263,-9.867290652344005,8.237209112738626,7.220805113366394,-5.218615790693302,-5.593667230633689,-5.872235286532784,1
3.00794136886045,4.624923255341934,-11.016254062429002,10.898047095191078,9.020763262015855,-4.2524344259683335,-4.780141728513234,-7.226671079659662,1
-5.351173995690062,9.668130626567395,2.992884423136787,-0.191102773408923,-9.315401889099896,-5.099808193292066,-9.845149186544472,9.777487251365102,0
-7.25617785349682,-1.2819096880462062,-11.235155341329548,8.227158991650612,-4.8190086471735505,2.2969531073163303,-4.992194626718808,1.2948104860748342,5
-6.117358119852825,-1.965360293081425,-9.162862270911596,6.027788698047386,-2.7933510689034913,3.2984998546264945,-2.5733109827241654,0.7135296734762621,5
-6.666056516482437,-2.940025357194602,-8.515347842315347,6.938459303885842,-2.9400545567904963,3.518466273550729,-6.385014332924467,1.8641172971474205,5
-1.8447421187359065,6.695384903386851,-8.200869567389734,0.7446171850829548,0.31107538096663134,-10.320218737993727,2.7919235804944704,-3.111944998343006,3
2.084531460842166,4.499660603354452,-7.695678211879271,6.927069188706199,7.48113509056887,-5.771761441344591,-5.45780872172668,-7.1054840563774295,1
-7.319412677253152,10.65879283356562,6.52726515829922,5.680517819895391,-2.3187633035539825,-9.524368444093065,5.635488653733814,1.6996540590132678,4
-1.1560857638333961,0.8147705875809086,-1.0484117615152553,-3.8885075941834764,-0.042994116598287224,-9.524987833086946,-5.449899299879434,-1.0521382156663697,2
-2.4430766114197606,9.723089536914122,6.16235846914657,0.3393097518442516,-6.122072152694905,-7.308335338714016,-7.48349451628962,3.9199590429363105,0
-0.9156139461940201,7.116358520446172,-6.9443423788536975,-0.1274167270962372,1.3262222181931844,-9.032807716440855,0.09251129992944085,-6.949525371251548,3
-7.130728527799194,-0.3833584572094282,1.0560710153050565,-3.7516984080955167,0.31967941924903465,-5.582686507952263,-2.1870202075857397,-2.506288764463629,2
-3.914418827570297,9.174105255253062,5.4090701638568754,4.367906335854302,-7.671571959740187,-7.676225590570689,-6.998852526430015,7.7980460171471915,0
-0.4593416563091366,6.5697651541273725,-7.067157393485926,9.428261861332592,8.765534672545288,-6.635898007309162,-9.349494151617332,-7.548364904725874,1
-9.070517045309652,-0.2265923081560994,-7.123310001090228,10.304248144575432,-7.328161388139856,0.4933333181339017,-4.714788967555098,-2.4452070613903953,5
-1.7229772290478418,3.854487052991396,-5.0861299054503455,-0.9592276434538183,2.61377329857598,-11.044303323789348,3.605647311760828,-8.631889568920556,3
-6.9840237275418175,12.813745494338933,9.547686538156572,6.702208852494409,-5.225786816829217,-8.848784993434847,3.46699232164877,0.6873987314169838,4
1.961284924744751,3.824595651356122,-9.842949268544317,8.251966173318692,5.626476729501752,-7.481645082083586,-5.755392750939857,-5.418145597185134,1
-10.067341420989617,8.926644665376246,7.525437606912313,3.1329172111339267,-3.7860771178942554,-7.1917324872621,5.629124806463225,-0.2257905841335952,4
-9.61717700375204,9.772228964558874,10.40370252235908,7.4348213521958275,-5.07936031192235,-9.840289012565739,2.1090555623093854,0.06860935018797854,4
-3.208020402633898,6.443762767016434,7.439213082956774,4.183496209845511,-8.94724750332026,-5.776577104883636,-9.64308738951816,7.745102460028399,0
-4.210716599976419,1.3572705583041114,-2.4704274745206956,-7.766107663508157,3.808442393911687,-5.648819341195114,-0.15128840163430457,-6.2042615628210696,2
-2.4456555083013347,6.7376830756998345,5.377914171136632,0.49419795013213097,-7.601217618398165,-6.409790572566887,-10.074395135583588,7.230780516029419,0
1.9711468767986524,5.228603405191734,-6.212587594998535,0.1002971169894471,-0.3045168570063672,-8.156114748135861,1.1062952482938242,-6.637630513517751,3
-5.4630982026337005,7.527068751890465,2.245432028083975,0.9331313888896948,-7.0131279428158475,-9.199541944793594,-10.313303457636511,5.717191120168305,0
-0.5561911216571076,6.968480983284779,-4.0734544085282725,-0.6425449776472423,4.114971122399119,-6.691022243901945,1.750920422519151,-6.600049656499177,3
-0.48694417491276565,6.384013259042319,-4.9072454020746825,-0.9211507691779133,2.6610003029128912,-8.890031620403217,2.0584930424266417,-8.575794050266506,3
1.2435088313160452,4.092240751680525,-7.152039139847809,1.8680560366839851,1.3599101416370079,-9.359256343566576,1.8275579877280794,-6.033359492694513,3
-3.1364182922884476,-1.6122284821632085,-2.6854698506722183,-4.564079965778806,5.023967358383133,-5.954402197281572,-2.433599022467173,-0.40543988077713466,2
-6.598760134857966,3.004337444223985,-8.640556121564885,8.82812524198096,-5.116429637527523,2.6351244032047823,-4.179621424109804,1.9999972631438387,5
-2.081794981434377,9.828246165366215,2.1099737129766876,3.4052309864625165,-7.652524873844773,-6.645240774099068,-6.258774751427332,8.758465820883554,0
-0.6922053875600396,7.244216508339707,3.3206561777838237,0.9994261267572113,-7.725991524053694,-8.570601821692351,-6.88139484928349,6.909355874906972,0
-4.034512820371911,-1.6280664927307533,-8.44891045057696,8.648080327823584,-3.9793455486441167,2.794599931103993,-4.713387678989966,0.7637491573602204,5
-6.672817203654186,-3.244695725905263,-10.684371069138647,4.364557988866994,-4.409848042962019,5.768349961674533,-4.682864360231346,-0.8651103174352786,5
-6.822295915722021,-1.8962143200544006,-10.173352718534948,7.993833244621683,-3.6419490833478427,2.5661687503372836,-2.8645194302288837,2.2670164335550216,5
-9.675898695727147,8.214752890414022,7.96934328407608,5.969552645707863,-7.118080800591777,-6.954786499211107,3.6227968907563723,-1.9446070871315047,4
0.8038895784373805,7.93816429335522,-7.419736419860085,-0.44004257498868793,2.928968612186869,-9.282242962263597,0.6239658172499072,-5.724405801621538,3
2.264951870296204,2.523442039588348,-10.602053338874052,6.348218451096876,6.507455555966202,-2.216114224809254,-5.075607230686266,-2.8272426010298464,1
-3.1571844835793943,-0.46986350851703484,-1.0987772577259882,-3.518680840995837,1.2981575494826592,-9.13633980195594,-0.2753700471307523,-3.5171981356388478,2
0.9635964413180647,2.3365259727392216,-9.095304775625543,9.274708601457972,7.517434768581587,-5.797061451820883,-6.907532320855519,-6.451809917689281,1
-1.0990851165934736,0.5993979783778802,0.29436933564701206,-2.9162898934876447,0.1684599229203423,-7.481691566615997,-0.7597942080460061,-3.479724500430578,2
-4.218263584851132,0.06287246206527869,-2.382000442063493,-2.1031033129979315,2.257238429411178,-9.240877235524316,-4.7714433525513815,-2.4674206906014646,2
-2.7270892535131876,6.320725658054899,-8.435951687035299,10.231760040826721,5.677135943254972,-5.068934952818589,-7.4904771746113985,-6.004138122583019,1
-8.001102275175237,9.09002631083673,10.739022811356485,6.988637587206075,-3.7377769942573824,-11.409265956380032,4.708677539067045,-0.030164562553235186,4
-5.070888938969572,1.200815213149789,-0.5819240949035038,-3.097106171478665,3.621703126451173,-9.389586102033117,-4.9729938218808245,-5.710557287226678,2
-10.74720719619997,5.49052194142989,10.18538034597669,5.488512135884452,-0.8139194548643527,-10.037182014379916,6.04676376249105,1.318664811354461,4
-4.541295364992001,9.473415495081056,3.3087509682369793,0.9519173214951413,-8.184228196457063,-8.586085484314706,-5.4386935118088715,9.453665414680149,0
-4.107863721035128,1.067642332676594,-1.8624894372138032,-3.2371315933847358,2.872952252616793,-8.801565074913093,-5.655934921428454,-2.717193102672329,2
-4.738236450028035,-1.172351058712754,-3.4750736074195916,-2.59699478995244,2.429654900776487,-6.86614752882676,-5.473824830675409,-5.0143680994132165,2
-10.335818759932275,-2.3645048780538,-9.388561327005991,10.491980277380282,-2.900035369365998,2.2768940368386046,-1.5109169832761133,-0.11004229716575276,5
-0.15461254856236062,2.528428200095818,0.4254032034243922,-3.7824526887464964,2.8122949508961055,-11.088118496203927,-2.9370901000732417,-3.5997080454474712,2
-1.7253576644916286,-0.6160764255709388,-0.9949408942042333,-2.0122855074016277,0.8989162949841853,-5.883365049939783,-3.324209755945445,-2.7359896016966636,2
0.9644808553586197,3.840537666871679,-9.712986491169577,10.277515948942996,9.063123046835482,-3.963876767565472,-8.634515625131652,-5.973517852689645,1
-9.41194368633001,8.071611113288398,11.66350510600632,6.240510099656977,-3.591340079599312,-9.037580938173104,3.6372386790316233,-2.758053073536316,4
-4.763830131619808,1.4432548563129965,-9.900351180790437,9.398231525206473,-5.9974252142919635,2.8020483719969986,-1.4191645004460889,1.0214938691598023,5
-9.42055832756916,9.190429038843734,8.828537834739333,5.245527007198994,-4.35955872900926,-7.975949855243732,7.394648157558183,-1.7175762932237708,4
-4.030654790552322,9.52391973587652,3.0531641747236042,0.9605612441250648,-6.576701899483472,-6.404518755867748,-10.741099700759417,9.009900149391305,0
2.7435999729950553,4.49694925764009,-8.8562430196763,10.092193218197542,3.8138181244141256,-4.7342255330018315,-7.437124408917914,-8.085252463737657,1
-1.5990947052349016,6.494246470091528,-5.947124488099946,3.1887906386292606,6.028799335194939,-9.813741179713203,0.8175886257019047,-4.78181105207986,3
0.22526171082853685,6.607834757200321,-4.275876066001317,-0.6496372632003615,0.9365645650951695,-7.993517494252984,0.7805352954246505,-5.641086349416962,3
-10.222148410067504,1.815130120942107,-7.973645743120418,6.480430890188424,-4.975227804404628,1.8834411459674347,-2.8400195253994935,3.2811313406018314,5
-1.3212633613045577,7.994146060876779,4.986571826570959,1.4878095759773173,-7.229813193928271,-5.654120833211131,-10.502637708341448,10.435835034341796,0
-8.377101912189076,9.36458354669734,7.446922380137176,7.517452336859842,-3.829889205469547,-7.294334217977298,3.539517613690949,-0.9888812245413731,4
1.3321512429505402,5.377038512461745,-4.639473508599582,-1.439501574966424,1.1839511482295784,-9.205461204683992,4.172365101969248,-10.105016631867032,3
-11.156711872486262,10.720803222221907,9.113752963429228,8.492931740388803,-5.352275270989845,-10.94701807882744,3.6383457857022763,-0.25762841665238545,4
-1.374102346524685,5.722712938162011,-7.035016837213458,1.2414065506606136,0.5947068305607703,-10.499776572928413,2.0424209775808935,-8.550899560340296,3
1.4476148660177373,9.002615157466055,-7.679938480861184,0.4724063632070706,3.964800607881524,-9.476781311915172,1.243716375880482,-9.575145803925356,3
3.901919115237037,7.547070846850501,-11.878211447261155,6.321050985304282,6.256576941046219,-8.18268290456037,-6.28956208998452,-5.1336120208418405,1
-1.5571504777158465,8.122409243225007,3.979082320798607,0.4904523897850348,-6.929929863750912,-8.23759540798125,-7.9213232554500905,4.466136528404125,0
-4.9204327280376505,0.17908286577881338,0.774072134031921,-5.962933461223873,5.641726814059201,-8.4019192434012,-6.044334959920456,-2.4610687010245105,2
-8.216325268269644,-1.8289475688302461,-8.321102393108868,8.72498647485973,-6.057798270012574,2.8775534585370255,-4.056451962556095,0.41157152049309614,5
3.6473048492553293,4.461386567263166,-9.50437829506084,10.645922868447965,6.048678424098733,-3.24358740967839,-7.6243768530308005,-5.280823296783982,1
-6.712308073386661,9.778453236841642,8.077523828274916,6.559316057680566,-2.297865578560609,-7.8673276491573025,4.066098662488092,0.4542558648784718,4
-3.8808688715097097,1.9566433176697315,-3.257808581025374,-1.86098565506407,0.11030211837745818,-9.531174644599924,-0.4954574879121978,-7.20005624194639,3
-7.486747517066412,8.880656214187962,10.114567353305782,4.885464561399141,-2.2342660735139432,-7.754212877848607,5.586777832864305,-3.6527390993777686,4
-0.9882643737828256,2.4843192788904975,-6.832356147806016,0.38631366063527134,3.0755406484161627,-10.669647655123207,2.74879166758093,-4.2399280792747644,3
-1.2190521882761511,-2.736753245662883,0.38454502754867814,-3.775180850382591,3.71543018103983,-8.09090400338737,-6.986328644498014,-1.7375810722902272,2
3.915978798994743,2.2979901983010773,-11.51457195243016,9.758607734413646,7.655829829494663,-6.231728322802565,-5.276630543886228,-7.468128373871135,1
-8.595774954103316,3.310924837213262,-8.60620843098637,8.377588025432269,-5.794540073320121,4.71562490629422,-5.704886040254742,0.9065947240875982,5
-10.086797730517326,-1.2562292914707327,-8.498196991032001,7.1733161084024,-2.986817535922312,2.67003022619578,-3.2438294089383284,1.197327914824863,5
2.961183196041224,3.7309858088999768,-7.73217809424617,11.577014504584243,5.710061198840417,-5.630445211405746,-6.069973893502415,-5.340950930235806,1
-7.7257963945399455,-1.757957271864234,-10.453804943733031,6.3557268556379665,-3.2939137602368724,3.136964373659648,-5.272336619569436,1.2291593504102638,5
-1.6245492572935798,7.515738918208494,6.409849330404051,2.2942875948029373,-6.468021717372867,-7.431273127279871,-10.037393335767167,7.863948673986066,0
-0.7925102398409956,7.648846969735743,6.184401503685904,3.1001076197072583,-3.916363119449398,-7.548562413297737,-10.594505328277172,6.7449179405026305,0
-2.087118629602614,1.3487606216725916,-0.27881465864420973,-2.74085512427427,1.8518864356570688,-6.682170906974864,-3.7535995881786897,-4.046349694518903,2
-0.8809392761031463,9.448678625519358,5.522240876611338,2.5181124301815268,-6.2545137176662395,-9.002464998573679,-7.162619426041693,9.19486690338314,0
5.063338701619514,4.790723776987278,-7.81797867041252,9.004839735329513,4.508574118268141,-4.773743196644743,-5.452637738625885,-6.217240116722933,1
3.3258693894588665,3.6724402682638204,-9.508963189825414,10.050803524675871,3.8363929377011194,-4.840282266242701,-8.695179515992118,-3.0673552446809405,1
-7.790990974584041,7.234639919665193,8.807075026429647,7.909040672623297,-1.0354321955309573,-7.342693381873718,3.4138552729189553,-1.999186958225137,4
1.5031627914639105,5.990848650770892,-5.066483892730415,1.677569915793051,2.87698150911708,-9.276062418026434,2.096682889526495,-5.345292825492662,3
3.2881242418335894,3.705778665285016,-11.473397613818793,10.090757687271845,8.426057891871864,-4.544921828348167,-4.628336616086328,-6.670933052848512,1
2.10085180495325,1.9987195046814743,-8.49088538378328,8.978623332227317,5.951715484192857,-5.805816962678372,-6.2990083369295915,-4.900021704426427,1
-7.014204209214062,6.786272057805758,8.243295736343336,4.063739375919164,-3.898272121363137,-5.702261490476917,4.284527465205261,0.43196907274854635,4
-2.1251456896397363,4.71469511206472,-5.246157026422198,1.7260365362399928,3.889776101687031,-9.379174807612205,2.8919417796895193,-6.201105148824137,3
-0.7763977214257605,7.292076228355028,3.561814667172939,3.50522914518836,-11.219807293247971,-7.119238702339929,-11.127657679235485,6.561036833205064,0
3.5171990151374093,3.4696096562761705,-7.551653766488073,9.297240958512932,6.748743541332344,-5.209971726587731,-1.264980796960299,-4.180815549998517,1
-1.1601588030458734,8.980041755309463,-5.356117403242806,-0.1800523127857913,5.687294907971108,-7.743164705567901,1.42332281889681,-6.454770983939862,3
3.3302476375815715,2.6999178285093524,-9.097047334481037,9.31621970638838,7.649788165888436,-6.1104523279277725,-6.855094616916758,-4.141358470510761,1
0.3424625527055065,7.207411341698961,-10.66598039626603,-0.4095397407933006,-1.123527672180153,-8.688680458172854,1.6697636334623658,-4.420191973315601,3
-2.0202907011612865,6.0949917863738055,-5.689687875907892,0.2587268343453601,2.4590540121014675,-6.249331741692279,1.1988127079633288,-6.520583538730778,3
-7.556829996857087,1.5843469722521588,-9.09889084340764,5.886907735657953,-5.619190228265256,1.3989338695522557,-2.864965830856925,2.1364977624387382,5
0.2293992272280556,5.86800448389216,-7.4326998460361065,-0.41621901753651036,2.823252810165716,-8.059664731949782,3.2203264309740254,-7.755112301240507,3
0.28353740312371745,4.216932660177555,-3.648759380572203,1.3860230624179137,3.271168368110385,-10.799258587384262,4.025139022368956,-7.095376048878815,3
-6.569116437103214,2.359812592550357,-8.177121284146795,10.705241727159203,-5.061995888364405,2.560159744903624,-1.9274919674546913,-1.175833290933212,5
-4.888708214744935,-1.9434161740972358,-9.296955469591547,5.952230439054201,-4.283688015805198,4.150837855569652,-2.607170131875014,1.1501348293525342,5
1.2196655487898433,3.770707491639838,-11.931840804672058,11.210926906929707,7.464959365082141,-4.484569191494954,-4.298820136471008,-7.65225040380447,1
-2.71996147944069,0.15543031587609135,-0.6717971140418211,-6.536503193143415,4.478627253956471,-9.121065450350002,-2.9178057422837025,-2.4840428606980995,2
-7.491927453383939,9.223992045171217,6.649869370909487,6.365352982254508,-6.2958014425254465,-10.329738932764903,2.0897487090326416,0.48274778099749915,4
-1.053222051412489,5.174582686326942,-2.0599835418863157,-1.607422253373601,3.2449665490123754,-9.04631499217767,0.783750628001515,-6.666956007259897,3
-9.099701906687894,8.138013010306217,9.750623665503168,3.733053560231909,-5.3935848999325335,-10.753784212782138,1.383373265178971,-2.2536505954673096,4
-1.0845845614210923,9.934614153968827,5.440943990438037,2.052807583430268,-6.8683261373461875,-7.936623416433462,-7.720202284311955,7.997079626521727,0
-8.544321873594505,10.56429260193207,10.729573836232682,6.494957109641665,-3.8015136564914593,-7.839282991520167,3.448428242343806,-4.675898487812255,4
-8.90739882075388,9.904876878224936,5.96896195955258,7.707754013384831,-5.220189411984574,-7.902984860601356,2.5204645096831184,-2.1910595255973524,4
-6.9276410031375395,7.8703807752779005,11.211340625055934,5.682664046810224,-1.618733329768686,-8.912012125766012,4.861376249808567,-1.1286144133448326,4
-0.22910024606125612,1.357679199452921,-3.911359669852097,-5.337023761232763,1.238795171495729,-8.525326819143016,-4.777737149190389,-2.081731356494259,2
2.9287658141948256,3.123900835890289,-13.038622717292004,8.804185250167256,8.218692360921,-6.372304900994393,-3.582724679660355,-5.645561085253696,1
0.3517547113783479,4.6479597546851705,-6.387334262001527,0.2820050608584723,3.951245159187288,-8.426539319287897,2.9923591200892488,-6.85776542244217,3
-0.027205196768382844,10.425944516357067,3.421338252170149,1.4835473569688777,-6.6469436433020554,-8.00604623220624,-6.130573240694883,7.554445270260362,0
-8.981653398270458,8.43016164735015,6.113244045814012,6.305180172283675,-4.449521058258926,-7.647757908602786,4.4707233686756025,0.7887592700634523,4
-8.643657073176641,6.7823615560540755,6.713798107560393,8.084590024606806,-5.1996234508396455,-5.579685195621874,4.731210048405192,-2.428260068255469,4
-8.517164362314336,8.045481755431187,11.840190709630397,5.772972287653024,-4.388370950162625,-10.279995257051553,4.355407751170768,-3.0757057763229056,4
-8.285566655577064,2.450022763497178,-11.554296577688113,9.08605360164296,-5.264756395064092,3.724491908103307,-2.9432267478670306,-2.369229211402069,5
1.3011697401805615,0.9467070054800102,-9.937059530021118,8.36680163351433,6.979261816241764,-5.610452527434878,-6.262672401619222,-5.49401421672466,1
-0.5563018453916232,5.965562221768841,-5.918962076656771,0.43317604196251824,1.3596238251912156,-6.801556755976264,3.368088656645341,-6.560106273820538,3
-0.5729014080091948,5.465671822050125,-6.0692664591117325,-1.3964683440386807,2.3173091471990723,-7.022161926660851,1.8904303472294566,-6.881176256541328,3
-7.347452983846114,-0.8805414479704377,-10.95305818046403,11.454345438429478,-3.373399394762928,3.8899831282180006,-4.031347617912739,2.98036630226882,5
-8.494755985921898,9.735851457972949,9.104159661496471,6.774231067422543,-4.0485154130857,-11.641359230201353,1.5872342262876713,0.3630249695005372,4
3.1716307039749694,3.999535352212858,-6.546979209978759,9.94358040203704,6.0730039565152385,-6.149549303929673,-6.29964994462637,-8.160374914925566,1
2.8596182872299174,2.8805070081639403,-10.083525931567518,9.70540382238977,7.09287819021946,-5.24091721855948,-6.5848371070841925,-6.935787244739851,1
-0.856124477613335,0.5100841148299253,-2.565511622129055,-2.8785679755758826,1.830624988574511,-6.251302266317886,-4.571948588301642,-0.1703407049872645,2
-4.99454797977995,0.7680495630079929,-2.1107315139737683,-5.445344523242743,1.463804463571451,-4.918907312769361,-4.375696935659753,-4.797683186533705,2
1.0837150579685717,3.1239878615868086,-9.376014723471028,8.517474046937147,8.860273607763114,-3.8523187844327804,-4.472575385550725,-7.1237661157158065,1
-1.971365682210784,8.65032411227287,3.321582057072902,0.8225945616220345,-3.5999278378937882,-6.8790170829439745,-7.586919754185676,6.058083904830618,0
1.3962718910121104,2.739171861425276,-10.415044689171769,9.046954511324461,7.800874466946438,-6.405474712139973,-7.681678752854927,-6.894331205745562,1
0.779390652342957,6.269132058686656,-6.197388845945988,-2.228994759463328,0.656514930624511,-5.841286605787362,-0.2624502609803492,-6.991676373680878,3
-8.90780457959255,1.924002585988005,-9.399358446688012,6.39360696827854,-6.36464857534171,4.106439343674303,-2.0866868141994868,1.1720040782066388,5
-6.9029980987352,12.146173198971814,6.9911457131953325,6.087459928397082,-5.610785180800476,-10.81185366217071,3.5145458883169347,-0.1806828658502977,4
-1.9210058787172128,9.251229199875564,3.2301694975700337,0.8336164621022504,-4.9808517988675405,-4.581972944146381,-9.219304454735298,7.397127311103942,0
1.0408507504642643,8.759813791558239,5.112878018223453,-0.45345839513253416,-4.51653210936203,-8.748556875304644,-8.491486854615804,5.567838871286153,0
-9.31001991724237,9.465892558102913,11.694240517955906,8.61114505572923,-5.309174464042243,-7.0989653732429705,4.361789446678061,0.2852699459035468,4
-1.2675147976032881,4.829837019705026,-4.3854502805968725,0.5374628127087676,4.489467873240612,-9.948135855512781,2.9297327044642243,-6.993160933319178,3
-6.52145606313022,-1.6736972158097099,-11.138146587286311,10.872605037577943,-5.063550279043043,4.711591701021424,-6.024851131930568,-0.05148481553237316,5
-0.484065077669229,7.62840637105512,6.19101035707088,2.656680662935428,-7.913590886901355,-4.039612165100728,-10.74814668744638,8.794169593274706,0
1.033479299718298,5.919341958143978,-6.353118984164274,0.15111797135155824,2.5585582506085722,-9.186485208848211,2.0220271611665663,-4.883973416933563,3
-3.2811110769902507,2.064029847031214,-0.5338553954380728,-2.8017348438737555,2.4952771738628043,-7.616724104063328,-5.034167635599875,-3.7404585028797,2
-4.428047144591524,1.3553936453424758,-7.034811829457823,3.806668751634712,-1.0808862102701777,3.0834965730379973,0.0037705472900220194,3.1720011180248258,5
-5.685340823501903,8.458479832523643,8.083014154323559,5.708254661743092,-2.5492348545447356,-6.9845329646996515,2.7643742022469047,-1.8362880026336157,4
4.257116518701762,4.87340086052279,-9.53860863184566,9.139369393374816,7.178240061458598,-4.553591180851781,-5.388718526434383,-6.862893581846491,1
3.5171386630826507,1.9503110999417017,-6.7886837046746225,6.904177438218859,4.832346766026399,-6.172078064233031,-3.283595834758697,-6.8251204105367425,1
-5.217141030596461,11.461566639335304,4.387066198501718,1.2901599720248598,-8.498994191567538,-9.527880268261178,-7.521254822296947,7.440831663000149,0
4.499113388174084,3.155943253272355,-9.426033371300498,8.192264811461092,7.997291264166879,-6.615179834988783,-6.519650880105051,-9.025321215799845,1
-6.293014780179831,1.2834795871519975,-0.8418927113643845,-6.043252364147341,1.043652284149687,-5.352167149912502,-5.561421450922134,-2.3994848878320822,2
2.9615922902154326,4.171929408408172,-8.720431762832588,8.103854814558606,9.141501507717807,-4.165012821667389,-8.515385115162264,-8.052074679918132,1
-4.0629057560993145,9.684759471524005,6.333215446698637,8.048644172883755,-4.527166158301681,-8.368042202990807,2.608640909427068,-0.8839700953864333,4
-10.032233149041259,7.284836342382526,9.998626413583162,3.7262929574110863,-2.717714379679289,-9.539172953967464,2.4476967546359103,1.6354102907779997,4
0.2667008982861434,7.643450778075453,3.751003989049115,2.3001921345054948,-8.803066432873013,-7.513198732085969,-8.330402538635731,6.790946268486685,0
-0.7709118282043174,5.012008982267784,-5.702306364989512,4.615040085854245,0.7514327695197589,-9.470901491618555,1.0819171986159173,-7.490663743098304,3
5.022660856437597,4.328674013642223,-8.63123467354828,7.837344346256475,7.877553077634895,-6.595443170611562,-6.249227323728238,-6.506067603041982,1
5.054538014238528,3.740393520625186,-11.784165694182043,8.909185135389013,8.325979164288878,-7.094300158164927,-7.324042510268367,-5.382246711262218,1
-5.566077621974742,-0.9276748273087116,-0.6660965519122963,-3.9648325988027744,3.0235963065923475,-6.867699763437824,-3.030165267459484,-1.2676207370781745,2
-2.415805157744117,8.048111838219194,4.090749353279241,-1.3640982183072747,-5.321665221787482,-6.402033144761128,-10.075857107089499,10.361498885667086,0
-9.955878139245533,-1.1465478423353035,-7.923107251323489,7.548588339473004,-3.74924321327627,5.997955835287515,-2.4328137817518174,-1.5218798417959893,5
-7.123753624235634,8.274327028972202,9.196518699393916,7.8240312882876,-4.1077224823021155,-6.47798359436578,2.0379391527763753,-0.50422066182192,4
-2.686561708914346,6.3109957969553205,-5.35858484068694,2.6211491861519125,1.8623418526735878,-11.88414635339137,1.7698257702272118,-8.807724041799425,3
-1.000122635327612,-0.8778106463081683,-2.5165542855923984,-2.3601558664262416,5.204147335274216,-9.662925312724651,-5.686975925696708,-4.08504924958312,2
-2.7923131870432294,7.737010536936795,2.432968071404858,0.8036816200336614,-6.932630347749345,-4.008817011647486,-9.666505835093885,7.681583638120941,0
-4.588527602136907,10.341857996805,5.938113323414649,0.13594842193654255,-5.569582961143493,-4.419418523815862,-10.634399446627073,5.855518401875881,0
2.581684764509592,4.375050626419103,-14.345599988152042,7.373178731096188,5.4519072434505755,-5.286563493332003,-5.900558406829212,-6.60426787008521,1
-1.924566835972525,8.951626743489907,3.5926251226308055,-1.3060535419605888,-6.28197329769244,-4.551414419011426,-9.783957285809501,8.027618801935736,0
2.451761472775475,4.562973189060178,-10.913399016281565,10.495247271261823,5.626143162008183,-6.003259925162546,-5.26466214305262,-7.35882404924227,1
-7.101769812217999,-1.017079275056057,-7.902534351958187,6.261791961996806,-2.7090012894204607,1.8169189481346386,-2.88915457094622,0.13773970201540092,5
-2.3663566564836165,6.015847618824283,-4.774758024398448,0.28978452748000627,4.218666172257118,-9.017971806095867,2.1497632078959885,-5.516621540345899,3
-11.689204893716209,8.85957802666968,10.252030562175985,4.012067014395312,-3.880492183535871,-9.334000964954592,4.754741866825919,-4.9000014712862185,4
-4.4024112433179905,5.75151464378216,4.208827901116809,3.121237293214272,-4.475855907797625,-6.761557944604307,-6.232542883721943,5.115360582354876,0
-5.548874456162155,1.3099047431921278,-9.45837269419217,8.446077184974948,-6.468590392499491,5.315458333336741,-4.916417713829317,1.1010016442147612,5
-9.497833227172501,9.600453412255604,11.826648238854403,5.420106355207855,-1.4456809508234847,-4.680300186396757,3.1248095441811765,-1.7979815189060657,4
4.258851126114573,6.067328427825062,-10.454666924495422,9.234986995036268,7.722481303876868,-4.044421341540121,-4.86114950593032,-6.434114335461478,1
-7.788884958283422,-1.3398310965706086,-6.609049784941428,8.384741491422972,-6.697201328365489,3.898768989848837,-1.4633097028850166,2.098666621511942,5
-1.9602759073057943,5.520554339564559,-7.796022762876346,0.09438249430052867,1.1772958781740708,-8.852526223054898,1.0150348026016636,-6.9326082303920895,3
-3.2442081448706452,-0.7825039948496879,-4.41265482665977,-4.498256198117815,-0.09441842302594061,-7.468407423811669,-4.101476232344506,-0.8830968791886469,2
-4.127036076718585,0.6308049990865867,-5.3938011801481895,-4.148685380458401,-0.6864556055064264,-9.163643700557357,-6.293623091304445,-4.340896179780287,2
-4.31012776882661,-2.001564915843293,0.4183388733328721,-2.8043687632310013,1.3173887309030823,-5.1627401962747665,-1.8382391438495147,-2.8538361713902676,2
-9.019592187024314,1.0169016575105914,-7.826260478740313,7.210874560636745,-3.7904916307961125,4.151136782977625,-4.2628141093248875,0.647521800203732,5
-4.627107465588649,-2.2825386626374726,0.8293984525902593,-5.406347042999808,4.881592592590033,-5.428488621425821,-5.191214705611504,-4.38789855307989,2
-9.433127587876875,9.607105450919954,10.261560715454248,7.292119897604577,-4.1968188440373035,-10.404476660076597,4.071521884130856,-0.06608051571900297,4
-5.956518012857735,0.495613157401424,-6.867971094427336,7.19998875529589,-3.0004702947440545,4.37742146749666,-4.741779080988375,0.7736578358409746,5
-5.125014349047112,1.9197701301751056,-7.984211807216735,8.694191498235071,-2.9812578250467054,0.03302752296094891,-2.1821178079655668,-1.3922478303646786,5
-5.641023279440334,-1.318620525901387,-10.252413811783642,8.684333004147387,-4.455879082914278,2.5946856203616475,-1.0719843356899101,-0.6076568767482142,5
-3.08460509897669,9.496057870905108,4.934014062344108,6.282023546309527,-6.319947151842618,-8.486596948223163,-8.991070551978527,4.48152878195238,0
-8.495301768217002,9.2190047748667,13.072321699561467,5.190305235896722,-5.250725804642783,-7.60010290292251,2.0961222627693274,-2.913830361806091,4
-1.9379728455086744,7.905630775781274,6.0792386369213025,2.464848917343307,-5.579047801008934,-5.872703446198167,-10.164719774111326,6.4272332511835515,0
-3.1561294365595542,-0.31478732998343095,-0.0769000110321203,-5.084366878584802,-0.2668075842085238,-5.01434047453489,-5.92200185190526,1.2499770658694995,2
-13.316168530189056,8.427465847395771,11.031062494044788,3.142894233644414,-6.02338352820197,-8.308538307509412,1.9826556840776532,-2.9068265525148402,4
0.255667504201905,2.62876701272848,-11.173356638082733,8.939442331527786,9.771939359236313,-5.628518111941341,-4.470859872837949,-5.520747649606297,1
-2.8746572248150972,1.8686627808672063,-0.9595905179790305,-3.5897277313018954,-0.3188688548790064,-7.328414571370219,-5.566951929049653,-2.2225926740647735,2
-7.974715918209222,11.56834203117683,9.947470835630348,9.421998981154667,-3.179241570968519,-9.274287788205193,7.345945321008898,-1.3966589529603202,4
-5.408380563152037,7.493181018733913,-0.3817446297463629,1.7539863596304242,-8.706734101809369,-6.784261182401645,-11.43852177084805,7.4561818805739675,0
-8.516513918783353,11.256253299915429,7.744594937951916,5.96372285116291,-4.857163926263848,-7.424740017372697,3.238791818431015,-1.564172824557792,4
-4.765469063936862,5.447355365952993,-5.594020828424823,0.10057548045925141,6.435662284741609,-8.464829778824086,2.386323948906687,-5.902171440951625,3
-4.660318440707593,7.544443013823605,3.0332536094247926,0.7446935797741263,-6.93512301097012,-6.5053660212175135,-6.357526968133487,5.726156450316638,0
-8.071519977891194,-0.7207774847795068,-6.603606833918761,5.466717604016426,-6.176198849036224,2.5807117691520527,-3.72740237355433,1.5389826623844305,5
-2.244357362474993,5.157993879270615,-6.841964136214226,2.034920124465174,2.3050821024989996,-10.774982301314077,0.607686808808336,-3.592053328474728,3
0.34722543469312583,5.246203509355355,-11.643874540351899,8.868558108506956,7.376379850275275,-5.859083281708773,-5.9492806307176584,-8.037194141089337,1
-0.6964006201008504,-0.8215171129176018,0.12341150262800915,-4.172356498405571,2.139554675589995,-5.327502709172372,-1.8170584169893256,-3.0560422651419072,2
0.37669227216344403,3.139088862939831,-3.783150670802684,-1.212698754522104,3.186936772194377,-9.032230367903296,2.5842014909081206,-7.533586920297952,3
-1.7219674662642714,8.172630379930194,1.1945301644341102,3.728614022746645,-7.645767120764717,-8.26055081574494,-7.72876149757362,6.696302691628095,0
-8.120432559999825,-3.4947520480080674,-9.299514728993573,8.932287396182517,-4.210839180272291,2.2874567674831523,-7.196450116215406,-1.5851337829320258,5
-9.28776804448225,7.21195241036922,6.438328213635804,9.309375092476563,-3.8294737376919588,-3.9002107259057173,2.341799031567163,-1.883043899134389,4
3.08014492072233,4.977855111768939,-9.16908359511039,10.891673770401269,6.070105635500813,-5.467346146083962,-11.764427216142149,-7.051350113079826,1
1.393885910997281,1.758512476513168,-9.524527382097414,10.651746013174154,5.667471055011259,-7.045025876489055,-3.9379884217872134,-8.614282853525188,1
-2.150935008549292,11.196910816156473,4.840238040464753,1.2861208181403272,-6.683951186299616,-6.010832746817726,-8.760151644114883,7.388469621424915,0
-8.98146457393618,11.446971117788696,8.526697261769993,7.1220207334356775,-5.105128926832524,-7.486645989591901,4.558633637104477,0.5378647336764091,4
-7.711920537631901,-3.1446113580502235,-8.210780754897424,9.110482643837011,-6.895831667408887,1.3847708978231301,-2.3529924409808007,2.191878218640561,5
1.7316427513668882,3.765622852005012,-7.720796540709399,8.613243856194396,7.571925473103304,-6.310702506901027,-3.2592500449218873,-5.144248190806038,1
-7.717767500598267,-0.8289530997236825,-10.773358996945419,9.949891373063316,-1.5480586624535508,0.5079477815399893,-5.2444744601578765,-1.2056164367073272,5
-8.249932422994926,1.224546497599945,-9.011423956818202,4.891374506342428,-2.6012267559734874,4.526300676474691,-3.460156357474304,0.6640709285342847,5
1.3479274393979952,6.196969242721066,-8.647258490986566,8.267836242014612,6.70047651324244,-7.183350939457021,-6.655636461317894,-7.219258987623407,1
-10.550315018026142,7.811976521458987,8.731950891529562,5.090112307752196,-6.242006943760668,-12.374084952552202,0.7617093851691639,0.561497766922411,4
-4.105692488692955,-3.041990611180132,-2.5032662836265063,-3.6996531275150764,1.38528882202171,-5.660324729829823,-6.650477340848469,-1.5897506218810191,2
-4.635786246113965,-0.27135132501469883,-1.3516855825970877,-3.9690127832171074,-1.1237650115264897,-6.165514192603502,-4.621105244250772,0.4199779466234883,2
3.815798654714169,6.672857295024098,-9.696224607772242,11.307975851516026,6.101165066489798,-4.3098716878932475,-6.031518579294497,-5.618825151600245,1
2.8772557763902307,1.331986874899993,-7.996041849830181,10.897984906045775,7.977111011762522,-5.1566701885851565,-6.011197753129775,-4.680086765929088,1
-4.395475209130071,8.662815004436785,5.615120508561864,-0.5154282902052558,-6.558275042166135,-6.7188438770442565,-8.772267827696107,8.982977153351893,0
-8.399790826256995,-0.6792580662683153,-9.351518651175752,6.109138606573001,-3.766187427561435,-1.009291331771573,-2.9017672470306106,0.9026404073974231,5
-10.54300405780939,-0.5245852668427216,-8.492981167170344,8.412923458267752,-4.5510998011716755,2.707975824551274,-3.862656113207937,-1.3705777014301326,5
-3.066477598448865,-0.14221316365724712,1.9749478548594213,-7.838180818733665,3.4920453116804637,-6.069635099031384,-3.2905743380965777,-2.390822805104369,2
-8.292168391761317,2.0228261416262994,-8.795167227680226,8.373946921281593,-4.2784157823441324,4.299868795808577,-3.143116403392182,0.7431124436689608,5
-7.891116942955737,8.499467523459941,9.0579381156705,6.955884451403566,-3.7674842569872125,-6.7777278379018915,5.711977335756778,-1.359775662797996,4
-7.783646021530309,10.840512334770633,8.31963691866123,5.015377937771872,-4.162723221948487,-8.131261536214303,5.397979757628649,-2.3644444438981407,4
-8.664343413852247,1.4339715247350813,-10.837141113014926,7.44224931654857,-6.071912482048142,2.9458798856502444,-5.4433821466616985,-1.9716383854293902,5
-1.1438803446240962,5.792992285337422,-8.826855540899373,0.06825590314540952,1.244537484312959,-9.104406384999885,3.807339543917176,-3.3056847388602404,3
-5.94848993346892,0.14723637470539785,-8.87267838575946,6.870210018264624,-6.490956750328921,2.990868103364504,-7.010923149345704,1.6490617194991635,5
0.3653337451915446,5.571145783212803,-9.512632125077987,10.50966764182962,5.950429034783566,-4.038529188209533,-5.891141042505599,-7.419021778799722,1
-7.7691037943900145,0.5846591965944696,-11.839834660093993,8.48442477341275,-5.469779326982964,0.26952745516924637,-1.9723560339090251,-2.9706440031026604,5
2.9089289172845736,3.178373916804362,-9.434106717101495,10.27426075551037,4.843490675991191,-3.731555369160064,-4.07295840751541,-7.488358211642514,1
-0.31092039926345827,4.534265093388547,-5.844300711824967,0.8117300320137834,2.0756772485460933,-11.805384404979218,2.19294638616862,-5.878154420071119,3
1.464754328685007,5.751856017311064,-9.65593891157962,9.100359892894847,4.650991336388232,-4.496445642707155,-7.406624102295405,-6.4919543772374615,1
0.329258646911077,4.786843408404044,-10.931985965841873,8.58042870351383,0.8325324519442718,-2.405860071845823,-5.482609563336016,-7.559665780432387,1
-5.657118578379138,8.623900613564714,7.539949258362177,6.320136597372802,-3.0483729494265077,-8.089119283668067,2.3833481646001387,0.46275676645599306,4
-2.6508683663855703,8.288059862353316,6.063971208188837,1.0015514214029968,-7.199949198031862,-4.641344873162092,-6.37570000333897,9.839360051931227,0
1.0809561431718782,5.614219168409123,-8.55463756459798,7.625117528864291,7.740835550825454,-5.2895626205813215,-2.63064375647964,-5.685605137222036,1
1.534831700855126,5.154252994479569,-13.955357129961925,9.4065254622718,5.913484337996467,-7.454431684884522,-7.2486862588016665,-7.249834833799566,1
0.9330593287438873,4.629076285770048,-7.461055323731111,8.45511958486086,5.270543328865577,-5.597235483996562,-6.726160181816387,-5.293273449218651,1
1.1213705115803778,2.646948326276405,-7.779467522824254,9.447488459236606,9.11405661843527,-6.595589554106354,-7.059172165253535,-5.026959011577463,1
-8.967950179042761,11.012782738005685,12.404771875098081,2.4984649165428188,-2.604015216546169,-9.47776381563422,-0.46383299594850147,-0.3697209148652646,4
-6.044504807863804,0.9972872691219785,-6.145357917084116,9.315023353626207,-3.862143736409677,4.612770856726013,-2.2917527038645797,2.7283526671735543,5
-4.035786951634296,1.9618458499966822,-8.97538275655803,5.989496307639971,-6.994536320166228,5.109716627092151,-4.408683673924088,0.13189665097690428,5
-9.323661315685829,7.937969493401015,5.926537026025304,6.4753443505062585,-4.331204222054723,-9.160707455148135,5.921494596439448,-1.584414708496556,4
-6.75265247268075,0.35686976163972073,-6.665959272590675,7.808190650346243,-5.418485021856018,1.956907947772982,-3.196876575534288,-0.731810071316614,5
2.4374663518025383,4.191525463097696,-10.957162385932936,11.285458271412267,7.476493499786526,-4.746436697962091,-7.175550805499217,-4.997348887875214,1
3.710387513172258,3.6267203590145907,-11.124266144714417,9.982830976417794,4.881383446245065,-4.896193426407902,-8.274154505604095,-6.842322651687889,1
-1.6196913004194027,5.9663750017813,3.945681295461399,4.728617840433843,-8.106935119791752,-7.846250869265045,-9.55506589815597,5.379833098076874,0
-2.3622377850921,2.5571783281718683,-6.619399041148817,-2.0050672198616875,2.9879888695136025,-10.916597461667447,4.527145939963426,-6.59878614903053,3
-2.7655199931752574,5.1087796083952295,-5.8843234149087,-0.13484263084216652,1.417419015851579,-11.82738106504688,0.3065223962053416,-7.234221284877007,3
1.863019141768226,3.1564950197932555,-8.489469331607687,10.869250529245722,6.523434096441407,-5.38435124747331,-9.821190251616821,-7.005674238390254,1
-6.323354645364858,-0.6453182857974697,-9.059046974689148,5.1303687427055555,-3.3351213107351727,-0.8375624173775993,-4.243680676424042,2.8705402696585463,5
-8.025138025110587,2.1694154979595637,-9.02245603726357,8.000193841216422,-3.624352443848079,4.958486020105928,-3.8127722967249373,-0.04384627956126075,5
-1.8360782134231841,8.089612885265984,6.0497135895294925,1.9752907859157836,-6.246953614530409,-8.412219921300286,-9.78125932691979,6.589701097736968,0
3.262443293657201,6.579568034646034,-10.317370110905808,10.577433612129989,6.261944155962068,-4.2746607802892145,-8.877883355980025,-8.964729395131878,1
-8.852202241476144,-0.9560260603701368,-9.498578048202937,9.244079107124012,-3.0279118865774564,4.084161092425329,-2.7525453002583955,3.318239700323587,5
-4.008630837641023,-2.4513763537305397,0.44465088080804316,-8.58798300331495,-0.9375470123645844,-6.366394659790088,-3.3137931114106522,-3.692890906730223,2
-1.99451195685035,9.283181817745234,3.047641265262694,1.6827646245236645,-10.362931265459839,-6.594546931059323,-6.552155424134302,4.964911504231334,0
1.7779323228959258,4.933791972810729,-10.249960128178879,8.034080901245487,7.624707412255866,-5.984398332745564,-6.309792418947578,-4.588902065083952,1
1.5649046268975826,4.41987315470236,-10.279703783091023,13.303675387970342,5.307054938249187,-3.8661386374097924,-4.993164954819929,-6.354089218138157,1
-7.701565069418722,-0.8843796324985654,-11.55407772607565,10.684179714495814,-4.775768790741965,5.7626067154827805,-5.552665079946552,-0.3357537878463711,5
-1.8572289367871377,5.26442798470435,-2.8305613448404614,-1.6717327088859688,2.329038292930224,-10.475345794114805,1.6586443321073032,-5.397769789926996,3
-7.329395864110593,10.756731680982153,6.856420792012161,5.590568880704685,-2.370084276695103,-5.492892064635484,2.377038685189669,1.0083665615641508,4
-1.1075227550050792,11.370559209399893,3.673509834677334,1.6058918353641767,-9.502801851191965,-7.508063362973344,-7.243814939708894,6.577130308733587,0
-9.280597443910505,6.510909217199275,7.766630101635169,6.240113921544806,-3.452339090988498,-8.30934193119258,5.891459612102963,-2.117740358578054,4
-5.310758542101115,8.730299114159468,4.7717856628438495,1.3822596516876298,-9.406725269099429,-8.188736540697555,-8.21239283305618,8.254373748504083,0
2.3548416482466887,3.5237042936588945,-11.2480320313661,8.142889855075849,8.582170073524008,-5.361562395068877,-5.384049764729105,-7.770107900335051,1
-9.584232580742816,8.496942086734604,8.449331485569981,5.381066944120243,-5.1373589529783255,-9.263261301431019,0.4831503943589768,-1.5548302762127473,4
4.326226701149984,5.882454426349165,-8.681493504295698,11.108024594584021,4.9182110619859385,-8.156842190178928,-6.11214281482786,-6.222020667490463,1
1.312365072465147,6.197011037347635,-4.132716716016975,-1.3294412836487695,0.7794211246832312,-7.845689643327417,2.6242491263868724,-6.826924339850601,3
-7.1546852677259665,-0.8785905243671657,-10.078203441041271,10.655595384103723,-3.3641257082688805,2.1877685756420506,-1.6082409673751825,1.6094900502982357,5
-0.7688609412001643,10.120875848392544,5.076868331097932,0.3760300703224835,-6.884084968218312,-7.73305423650128,-9.388830087362773,6.724268274298302,0
-5.697450007944125,2.046427456456427,-11.355434191746719,5.119537671352567,-5.4810165971378595,4.079028931863629,-5.2742436433442865,-2.144294639702143,5
3.666384576744427,2.1273967573383454,-7.8435546435927606,11.070165835452997,5.1481273618566075,-3.1953816366887002,-8.694472861054848,-7.331545935375509,1
3.0616680190447934,1.429702830081549,-10.523076663191288,14.263296169894993,5.100032072665586,-3.9167333196188725,-7.301021885800087,-5.517437571255893,1
-10.386795711320017,12.695676606874562,8.13965364360242,4.932123871071789,-4.790077429403641,-7.783155458556794,5.174038766161357,-5.435016707109073,4
1.2856725026135274,4.116700492741737,-9.150526784218822,8.437386426577545,8.359706746240729,-6.086346199218422,-7.623856549082818,-5.969842175341825,1
-6.615541393808228,0.10931272162411249,1.0659489381797251,-4.463346074727761,-0.14461352800353255,-8.181977583240979,-5.166214750379758,0.7517309136123322,2
-8.910138580799552,10.778233316359909,10.211342729276858,9.2369250875978,-4.053850136168893,-10.417821035050856,4.229718802209772,-1.311628777870499,4
-9.35609086062524,-0.42092553883818856,-10.126747314368872,5.263043195001275,-4.258299773614766,2.92522685514199,-3.7147767162764693,0.11523854451353754,5
0.38278336558448967,5.127469109286886,-6.3640019132194485,0.690437474977523,2.279198957795108,-10.2108774894986,3.1507531795789148,-10.30055455008847,3
-1.4529994760582952,1.953148285505275,-2.198623514892816,-2.106380276005127,2.6592435278923023,-7.841610320815969,-3.7116899167822246,-0.8930402151017454,2
1.6976219044094112,4.073857322838964,-10.261887502905033,9.54226357742702,6.589639865491262,-7.098895275071748,-3.670879233541457,-8.711356580066957,1
-9.354622024282005,9.916710761643149,9.907430916505582,5.16009729400316,-3.1848594074795344,-5.568326346636989,2.065166800440644,0.009089412962313581,4
-5.080303180498118,-1.252717012226916,0.00572847136769461,-2.7310761587832095,1.904341736249112,-5.9843026517164795,-8.901443877112182,-0.5486756929913881,2
-7.650185029209159,-2.4508242488869314,-8.364264862567804,7.055515570433559,-5.802374899517614,0.24447557295849087,-2.554869030085449,2.335227168168901,5
-2.191288742645768,2.4396501854070882,-4.976093041288402,-5.134256361263393,0.6063849003645432,-6.970781530046065,-7.382755380518473,-5.945759759639131,2
-3.9269773326177635,1.7972735456858597,-2.6709956962956025,-7.007243333464087,0.6796860233530351,-5.499853322578309,-4.40440114111602,-2.525463461251666,2
-8.327663871789515,12.568761525694203,10.090786257756083,5.3734045307801885,-5.8288685820900605,-8.20060005555114,4.402617153271232,-2.002307916118445,4
-9.386055187129934,1.6176759294914491,-7.5022500256876175,8.762528466979758,-4.331137003778553,1.3299045262896936,-3.447076099313102,-1.3936962380734426,5
-2.272205401295175,6.131819071583934,-5.852957695654515,0.057019259456757954,0.24384728662088295,-8.357554969909401,3.5046116458921848,-7.923755422361018,3
-6.777811876371353,0.7460824258078804,-11.146023334479821,10.59483045924986,-3.301988005482534,3.642643175347958,-3.3760080073252112,0.25500042180326615,5
-7.735778834909154,-0.9982833409217311,-5.812921922066482,9.980139480537698,-4.804415172985156,4.290384294613244,-5.437740357816088,2.1764305354397977,5
-6.513964961673494,0.37667759125532263,-9.017540733477306,9.346426355529022,-4.512504511436648,3.272711189242553,-2.5895218270741296,0.6199198129145647,5
-2.433867714255551,0.36406895948378404,1.4340838899231092,-5.085915421393679,-0.8314743644292477,-10.701484857680702,-6.047012534248784,-1.3661635449065999,2
-8.785105779585978,8.760324174968476,8.040207908040964,6.086223595740647,-6.935125085049256,-7.3447837289345115,3.0454721821581088,-1.6085011521255375,4
-2.172236280176523,8.232724400021747,7.188150833480716,2.004120197239539,-8.781968662407209,-6.959917839880935,-10.512121492736018,8.08097478063865,0
0.11930882062262593,5.7284545439717265,-5.7331267108376345,0.304297457282699,1.1584432709730668,-9.075034402956504,2.9362436388174764,-6.791376932620313,3
-3.919532030555027,-0.13623051413782505,-0.7263705207354185,-4.485270444509226,2.100776146813987,-8.591263202096894,-2.981860279816457,-0.02469557977619452,2
0.7844764829631674,4.519210683034357,-10.699507570480833,10.094025783523628,3.19139265158168,-6.533289076685025,-3.488695111175601,-5.6287324781381,1
-2.907540260619268,10.56879964972529,5.672480355564337,4.16298017599249,-8.423504728079438,-5.782427257278444,-7.14484857767667,4.50953973722172,0
-1.6558009413251025,-0.25538435606535237,1.2995622208222235,-5.568445661585828,4.525106516721781,-6.888446524108452,-2.091423456971743,0.37006199979630505,2
-4.044904593734202,4.582079833927365,-5.309227465878369,1.1234139862195394,1.8407333557164969,-9.04247113930679,0.6491564410956712,-10.429275467783269,3
-12.031200321169786,7.144305636314066,7.475261740454584,4.966896305643143,-3.8891948319267335,-9.368119902445374,0.42640300752667537,-0.45542889528688724,4
-10.761045762808145,11.215305037551987,11.260135434069712,6.803145080748255,-3.2596520592935505,-8.344551959088664,3.751887095579595,-1.9386868830179957,4
-2.9849993498417207,8.620072684175044,6.218081245677601,0.8340125203264555,-9.34811234033991,-7.137119384516738,-9.61300607863399,5.777528803893497,0
-2.8428875214005047,0.44489513333911845,1.6929424102466921,-3.065296535469532,3.2431600197800083,-7.289330220663272,-2.757499546560267,-3.1889355706088,2
-3.195300918679281,-0.8320197426837028,0.27313666698695194,-2.556368262039527,1.670142150049032,-3.6747169434537827,-2.3865065346759815,-1.5416767579082953,2
-5.085095924067434,1.8396761210075914,-1.8492204897212936,-2.228441661432759,1.4589236908587573,-8.894004323347438,-5.430315152593892,-3.864226977990028,2
-7.960347301311189,-1.2154382332207838,-2.7134677958566513,-3.934028990420661,2.534462508243216,-6.192234005064705,-3.744976230558938,-4.753939246745903,2
-1.428978332801677,6.268632930901219,8.977149714692953,1.871177227134386,-8.28360162660028,-9.131449104930374,-9.190356600891489,7.119671919674768,0
3.7437948311854545,4.39466537884516,-8.769821268448743,9.982887991759421,6.454473447303778,-7.12922174663016,-6.494919317544462,-4.753091214958808,1
-0.6457589105281218,5.680802316236813,-7.742243670377608,-1.182827144755848,2.2329403563066403,-10.583551862891623,2.4057321934959788,-6.983037181527138,3
-9.313689747927198,8.154120126165134,7.549853432621437,6.6325903822270655,-4.636691820594688,-9.56944005434439,4.461420842391442,0.15956507282929233,4
-5.055599756533396,0.5056053792633723,0.005619810622821131,-4.545740740019408,3.519914189373167,-8.820215595908103,-4.415422442367424,-2.784945764651016,2
1.686876245393516,5.135038193805835,-9.00079043604333,9.347842850913992,9.064091204326603,-10.500022696419645,-5.547681059184075,-5.183527872276956,1
-11.039351444050787,9.601744274817655,7.918307276644942,7.088904446252516,-4.8598325964550355,-10.14759545861624,3.0319507138838606,2.1540498306609126,4
-9.885677281882415,0.9973797241316953,-9.47346897532622,5.628455182166713,-4.66493631944059,2.732069084733659,-2.8705871243118564,1.67218666906789,5
-3.1380820343509916,10.616897048532017,6.869406080267192,3.110048247617189,-6.192681874668495,-6.272686155858402,-9.72811775145326,7.115426445812911,0
-7.0951920818733365,0.08673106515165233,-8.76799691359833,9.589553805464082,-4.3284764149764685,3.406810761684046,-4.608755615254505,2.6187653841431886,5
-6.333949601750309,4.026016523931909,-1.718434618252249,-3.4800915944944917,1.002854332304215,-6.696545236124898,-1.8221795867331858,-3.7163842281161736,2
-6.893151763781751,0.8912554290904453,-7.792842979927908,8.472022232773458,-5.161533280044999,1.9529947325203099,-4.474761214974848,2.3317518147913914,5
-4.981097377735564,8.151398105057089,5.258091082384999,3.3135924384152746,-7.966396236259998,-11.542919176983052,-8.001170659456758,5.371009811588342,0
-4.44391556103612,9.105072821473232,4.821408500318586,2.270509890185137,-5.407832765624182,-5.249832409132109,-9.789065152446677,6.337693382620394,0
-3.706287472923872,0.8389121677869413,-1.9837157807201873,-0.98157348443128,0.9376064855930819,-6.8726409278168745,-3.9730661231471456,-1.0587431227131496,2
-2.6381572219275675,7.681396436997107,6.10450327712436,1.093905244587876,-7.066452656423665,-7.897002139522992,-6.056165593670681,6.809534489710044,0
-4.52946493611078,0.27892062132363393,-1.6225511963277848,-3.885960115679121,2.1759865553013045,-5.981135663070052,-2.184244415774124,-3.975277090113659,2
0.16519709355636136,6.46691630086758,-6.1684070964766855,0.07324734405645428,2.685967629834938,-7.80943808157894,2.251536905879391,-4.797214389603215,3
-0.6394944714773325,4.9123918633475485,-7.677884019838275,1.06843399185286,1.7166912385955315,-11.579072340305707,-1.1693381078396947,-7.501535923972977,3
-7.702130503762542,0.9285415514926556,-13.296851809878305,7.486737646726406,-3.308288751490828,1.0169983530517013,-4.299303559852934,0.9128195127844924,5
-6.514573977784094,3.838308130573585,-6.644844017909176,10.57385880596,-3.4873081813240927,1.819685065213856,-3.297308050320913,3.997448781590409,5
-1.5939875777719936,7.886720631220907,2.1797431619094207,1.741322357410442,-7.593137133329126,-6.6990848619911105,-9.419314414484917,4.111591938306687,0
-0.8836980653510602,8.36887853464843,2.26358097590821,-1.3059894931307579,-4.8622679591523745,-5.893447230922157,-8.69757008122934,6.619083496537417,0
3.85665523884482,5.426549491962254,-8.330682448781218,7.559509679693038,7.48852093681055,-7.158815851985684,-8.41376462350283,-6.446639956987273,1
-0.15303806822877153,3.1329180779197716,-7.422688130785423,-1.6842527360115367,3.107038744775192,-6.394411526380052,1.8153783912876205,-5.739068945344955,3
2.491351795380925,6.326974054282699,-9.605200409893316,10.896042793845023,7.769805451651839,-5.555685696563849,-8.106722109095516,-8.627239180378282,1
-8.26812450221939,8.46879825592769,8.639958652286387,3.9158285711351786,-4.38430252404777,-6.213705240006778,5.541950626019683,-0.5993299976584603,4
-6.23016788762637,2.820943274044674,-1.6363498065427564,-5.3503291997405595,-0.32324496437186534,-6.079689549486159,-4.430980941682092,-2.399634361718955,2
-0.6721061936096877,3.0270053122169536,-8.282580443501649,11.280347533114213,4.613272612437294,-4.6123764257417585,-9.479244452117065,-6.474847187684997,1
-2.9946610062468126,4.406013939308745,-6.0031234893801395,1.0324960798350944,1.321795377330227,-8.454993042816815,1.4515906593189825,-4.631245203667102,3
0.5261676965801003,5.89852661061473,-9.824371215044193,8.56321221675709,5.153478555864066,-3.8393774319926743,-4.020778619820248,-4.436319565000634,1
-2.5739563236762804,5.321711684065356,-7.642453798031768,-1.4533739094934497,3.777309951431905,-9.74312935349479,0.9645214772927126,-4.0007820312447215,3
-8.652117516523681,9.325375560626147,8.116971027768704,3.944593990546478,-1.7661202675108365,-6.4657197306619905,4.289144680424956,0.2737601734513917,4
-9.629759046309529,-1.7321444245826958,-7.734650556421648,6.426528303094428,-6.6518227754030494,4.178961217816756,-5.543033012646644,2.030495666581068,5
-6.296368281326098,0.815279127250187,-3.6373131779007317,-0.24911531935853715,4.565855161773899,-3.747760653676634,-4.05719186663463,-1.7918453842036093,2
-8.158932415225838,9.400861556478905,6.215538092659692,4.427782447501138,-2.2375236967617873,-6.930703082440461,2.3240301347312426,-2.8527277018710935,4
-9.275959128120196,9.077694722167285,8.739554106640266,7.582630900552111,-6.3858546651610375,-8.901953072346101,4.211340007158714,0.19518508624884578,4
2.5643132945127616,3.9560143304527347,-9.697568046506817,8.97671922704868,6.165221788676393,-4.9038303271270385,-7.860830623522893,-8.05333992889014,1
-10.375448852171179,0.8531155170514894,-7.297787671653952,7.899074632375943,-8.447150190531705,0.8649411918488319,-3.067724336987685,0.3852725000637711,5
-6.726840574381323,9.16845205347771,7.214979620622879,9.391022892970595,-4.221839100429976,-7.650428157523164,5.14375456082147,-4.337582455671864,4
-2.803291443351021,-0.30607843726036854,-3.4954462367383115,-3.2738915614771784,2.662417332060845,-6.68426758988346,-3.1557651772385014,-1.9421366904334536,2
-4.119485865388527,-1.130522930977846,-9.683438550844993,6.975582088619036,-5.778182146594218,2.6061352369426545,-5.517595420090114,-0.02041888334587122,5
2.6633268562079144,2.900529549675035,-8.858140557071637,8.810877609610793,5.214315950972929,-4.8357017970658385,-3.9768224817750952,-5.172182805353993,1
-8.32650208734536,-0.47037344261334835,-11.335053217348573,8.511077575668036,-3.8276591278860264,5.756476158272761,-1.6724815750749342,-1.162352128630567,5
-5.040754689847114,9.09465044686341,5.407090913030675,3.1394755952534528,-7.987388429925341,-7.934572433097779,-9.756888837089768,8.181785155324853,0
-1.8373551869086384,5.4921877853980465,-4.277530422506137,1.530672424847513,2.549901226375017,-8.050374053717796,2.4391728068238843,-6.10613663457989,3
-4.094221837127973,2.0168196126151017,0.23707982936745808,-8.8338970669522,3.265846942020924,-7.165376316593361,-6.254937144154798,-1.2644205107274828,2
-4.425744084325891,2.1196770906783513,-1.9254208991634565,-2.8494324701422413,1.291384741284643,-8.891984557119473,-6.7088283971369504,-0.5724046232899078,2
3.0692693398181237,5.967782332213625,-9.908716236984393,12.580412465247651,5.705914312672147,-5.378465124675181,-5.971057564309816,-8.127058794850388,1
-2.096179180156369,5.898365831797134,-4.6387932408508945,1.997250289987228,2.221073245211128,-8.777809192321646,3.142426926315345,-5.8468462712235265,3
2.031032785714278,1.7173220497516941,-7.65331942874833,8.33217562506262,5.923487295847495,-2.053947296259227,-7.489318966432755,-5.144373863048923,1
-10.60648902567957,9.802997765568772,8.726656636815127,8.059853572077937,-5.341997229247205,-11.97839814859848,3.475532340157993,1.4391379234221398,4
-6.8440395029388235,0.18178725190685124,-7.274550621400531,7.331531403735132,-1.9766419142557288,4.958031576433971,-1.386987823225454,0.805789310871583,5
-3.1261670972636373,2.0245056030847253,-2.6567164937175773,-5.464059868144091,2.2694929218432507,-9.661677646543662,-4.588691999874289,-2.2681604821010986,2
1.281921598070035,3.6701742104407464,-7.758604442198171,9.568587411704033,5.299575517952512,-4.629969268566755,-6.047219748731195,-10.366477485270593,1
-2.6933731333299327,8.460815201722848,6.062524955888591,0.17836791937131125,-8.106609651958554,-6.7711939624781525,-7.192297370358442,8.126218987768764,0
2.6843069595799958,4.54937184493822,-9.479179261919413,10.706984402051624,3.868554898815886,-5.616667457601661,-6.475574965822731,-5.171239679478898,1
4.584019124727204,5.588396483272609,-9.835749644581284,6.496927488012432,6.617943529173498,-5.590609700780997,-4.4959522825709906,-3.7903943209471445,1
-5.02818786100156,-1.0103688915838596,-0.5097138124594744,-2.230019496520792,3.0178794726492058,-7.176836348923092,-3.6608609075332255,-2.454480065218518,2
-5.857094659166446,1.8768974436628179,-0.521315640397479,-4.44887328159875,1.707195069078276,-7.549697669544038,-4.143867838347925,-3.908339168272634,2
-1.1284980784535867,1.3168906070042707,-2.5285338704562133,-3.2425360264969454,2.1774079456162454,-10.966924602006113,-3.4179101913706886,-2.486122094101195,2
-3.2399138070899443,9.556675750293394,5.369878017873754,-2.898280778848328,-5.245010849027097,-4.58192073848594,-10.518626216414681,5.767845723922967,0
-4.698549791526272,7.27930916485119,7.236884805584717,6.3323463404220455,-7.233994185619585,-7.007493348951515,3.865589751159709,-0.60929156638977,4
-4.444026479939516,0.48900504787068766,-10.256024404680694,8.982102612035684,-6.136294586484142,5.237906112966516,-4.888417572338849,0.09233574211070983,5
-6.127113281787843,1.0354030794694928,-8.534245844003145,7.42550554678946,-3.0310042355314657,0.47300162795403455,-3.071715643591384,1.7474323981412625,5
1.4040055443341721,9.221040019358686,4.81491050759593,3.1343962821786393,-6.110012420372529,-6.521895154429337,-10.10308688534851,8.077872286916296,0
-9.221451593336102,-3.766667515368783,-10.24058605594771,8.223989576124731,-3.815247015334247,2.329396633596609,-4.668267904387258,2.0503518944706176,5
-7.471005149551124,2.615895693068991,-6.833533632288294,7.2503591194109465,-3.0503166197592377,5.217529638331311,-2.725149150618761,1.0214895640088346,5
0.6702321238977498,7.075129686519042,-5.1240955432814745,0.9154978767218531,1.7310847952371036,-8.09570219520676,0.371165560158387,-10.347863241221065,3
-7.371386789747414,8.36761778378244,10.847318461643706,7.778746379286399,-2.545593468777815,-9.124560973054813,1.7981775018018225,-3.905537843929513,4
-6.557504017871944,8.220069736614978,6.5405305776543425,6.872854007915123,-5.116681813882985,-10.103039831192271,3.714745350764479,0.3596381016853121,4
-6.83436929185153,10.098886639447773,3.593357743224223,-0.9558429510295992,-6.061703031911301,-4.682255921015214,-9.058245380040317,8.848122191023405,0
-3.3657337622787074,9.587811917333713,3.470348795083344,3.1858446438185233,-5.782814809086943,-3.922335460001688,-9.119230069434755,8.393370603111354,0
-9.35281624832069,2.3855200212272862,-6.460369858344086,8.851723261562046,-8.075196907089069,2.569680678081585,-3.264550499824022,0.03661439147014889,5
0.47697740143063294,4.540198949563138,-8.50263066669027,6.398411994437149,7.484085832185662,-6.622340187036617,-6.671990395549848,-8.475138480635383,1
1.5541486350119993,0.9789968420468353,-8.090753059258963,11.150091532266973,9.589560063996077,-5.077787878922057,-6.76145813439004,-4.9959267191255865,1
-3.776443826432391,1.6839212901473997,1.0854619835195107,-2.38738431799979,4.02926494457726,-6.901834899200007,-2.8868108358388214,-2.33100861482326,2
4.395514450634721,-0.007471253180743709,-9.410602156970938,6.621022744123682,10.555714552536068,-6.5022170405083815,-5.169303468937391,-6.3884167782831565,1
-1.6481246831607634,9.60495818013332,-2.8694180596482988,2.411497775600363,2.8442647125393488,-5.858210775247795,1.686712454029713,-7.921684585438545,3
-5.019694440726598,1.2008608916214034,-1.8519359226194938,-4.666611367499327,1.249379382834717,-6.092402017579931,-2.7990182969253183,-2.775838653449668,2
-10.173078148591399,9.269175411241374,10.93940203109827,3.916796544445896,-0.14195624487107494,-7.7235999007397425,4.295418914395887,-3.5005570617638337,4
1.0133621906602164,6.675219356929544,-8.482573997615102,1.1332946752126936,2.6842590941914537,-8.39430597198199,1.9238942758159492,-8.093625454881133,3
1.595094216036925,5.551901596770253,-9.787440721627027,10.785648065800185,6.903881932450391,-5.60718274936636,-6.54523164502725,-8.647719936472267,1
-7.61848681250747,8.623979356348467,12.159315537138857,6.167244580473366,-2.0024530833185987,-7.600868471285932,7.094596143054868,0.49643148107072865,4
-5.234609526020998,8.925409809963732,5.254383554530993,1.920858086990183,-10.187534551215073,-7.022701656496408,-10.925478957443776,8.394998993626764,0
-3.3896858692054224,7.939688739497439,4.598992322641789,3.8495361147557157,-6.009866943800178,-7.473092524613716,-7.603609819598659,2.765854722490582,0
0.5047955649591183,5.777379022705106,-7.868907499436771,1.2563406397509471,1.1920190728711257,-10.794736283690463,0.4688228425139622,-9.362059532928935,3
-0.8620656524953785,10.409990736243842,2.8110479369101355,3.2854227827495075,-6.9831289592033,-6.763511036451122,-8.721212571033298,7.0831341334214875,0
-2.2533082810976692,-2.692368273513985,-1.8219488102604389,-1.9625253583085933,1.4180684526979617,-4.736349090268908,-1.8935169183199365,-2.7776097189084883,2
-9.960415913854469,0.26678575387899023,-8.387152410794462,7.334958085258927,-2.777967206285172,2.7888125094424443,-1.6749143464806395,-0.18798733785737853,5
-6.057019451988694,-3.714381098025103,-10.740322059623855,6.418707580824935,-6.744171206017797,3.2593579972460835,-6.0814255337644365,-1.1086656279640459,5
-2.4546640738379883,7.782328958504495,5.0139362950932975,-0.516263349985072,-6.350218819608139,-5.546463254701667,-12.02830478475034,7.922013427254819,0
-4.221012968248575,1.2700139397989696,-11.029563716265264,8.546456906687682,-6.417440988030799,5.480582415158689,-7.397374806886452,0.8418361845057629,5
-1.9037905008042764,3.228234553104021,-5.542780425541464,-1.622506442185836,0.537893659683218,-7.593652638876067,5.153935878631456,-8.190621712400546,3
-10.252246112249473,7.855863858211315,9.221757818998482,6.48319438927655,-2.7704639899908443,-7.072380664204844,6.175983355148309,-2.7532510732040834,4
0.9077411450710358,9.46554087893327,7.280795577400658,0.9664302446936242,-6.930903181813211,-6.826470069454206,-12.386473483610043,5.454438390938383,0
-6.4905213885135336,7.961088668464164,5.365492776315249,0.40149922913324465,-6.785252436607914,-6.16511359199163,-9.386406478008434,7.596264949093216,0
5.926099382040978,4.643439524067134,-10.566211717684409,8.066373931288778,5.862026235758512,-2.2695482703559717,-7.0023112893715265,-4.8809169475548675,1
-2.5396430587328203,-1.2594714379909513,0.00807688621966074,-4.9353479232733655,0.9347030210227711,-8.185967118077887,-6.470083350538137,-2.6080768303926183,2
-10.118442691065239,8.733085022137509,8.640817928180235,5.039033045919438,-3.6924834330207257,-7.465138590562697,4.085895745810892,-1.3605673969463181,4
-9.171214500486153,9.872083273425908,8.244874920408481,5.689143352915813,-5.09576052468793,-6.5931714364097775,4.932670067829756,-1.2524417396815626,4
-9.115575764348746,2.9887425010916853,-6.194168546453439,6.812939780686444,-5.771293479420622,6.685346317134476,-1.5333452266642964,-0.18959433929930936,5
-3.6856780407539107,-2.483782182589996,0.4322102109715882,-3.080585266981921,0.7551604921691686,-6.152301965618304,-3.978684270489427,-4.287179503861942,2
1.8532094519478357,3.171263752701321,-6.730528913138487,1.3170804807876195,4.4703093723609015,-9.374450185798757,2.194645828862196,-7.98956140081005,3
3.7889804853340565,3.3400168666792105,-9.258493506687785,9.394818355264169,5.451937929093768,-5.872021158423409,-6.811446468348434,-6.151511502008524,1
-2.895175315622878,9.577574762621197,2.637415757523391,4.283193050457948,-7.01106907657938,-5.092436262734942,-8.289967202431683,8.054328066144757,0
-7.751184855512317,-2.190380094221284,-5.721970782297435,7.222177552538348,-6.681876986731486,4.397627706436335,-5.2780195221775195,-0.22648531428353025,5
-8.76585283349951,6.519181118367797,9.827015966851283,6.079211625799856,-3.659429035655898,-6.785542289961659,4.044344513116137,-3.2397941834222377,4
1.84009766248699,4.185505836787773,-10.547749332405441,10.087380937610847,7.208577476296576,-4.311977575569584,-7.29010679506899,-7.064416954275621,1
-3.4643564818064685,5.189799140247221,3.980325644188949,3.4347276551685826,-6.019419346431462,-6.1950115967790245,-9.286317039635177,5.277073737547045,0
-5.828375784678848,8.97903034579149,6.434857243898905,1.67448334423922,-5.713125359147487,-6.318244845072612,-8.291671385511808,6.889418950589427,0
3.8349824545458313,7.458127873432428,-9.185104096160865,10.356731739711602,8.30806133499909,-6.193989490720913,-6.071852298197396,-8.434629050328299,1
-3.1415566998833113,7.577390688066418,-7.257306985779505,-0.7915445836694621,-0.17225665822205904,-9.718908368556017,1.5919913361336127,-8.089454626550422,3
-2.9953054753451864,1.3438515975873986,-3.99033008247013,-4.758844482626573,1.4583974027296769,-8.467852705051975,-5.436916094116992,-5.565759860432764,2
-10.831730117119417,7.412322144017972,10.364571264193849,2.962052383614314,-3.3657984406279935,-10.176440595689316,2.2958096862277566,-3.454658297476127,4
0.2551773102961816,4.855118132676956,-9.944429997643716,6.707046988863229,7.41371332031609,-8.056590795712602,-6.139786482228851,-5.950311521854437,1
-4.6489669764920105,3.591372261869265,-4.155866613583433,-4.08235495768354,1.8873295679069093,-8.091244198106773,-5.273367582916532,-2.6838989467859387,2
-3.8170506381156937,9.528352481410142,0.7940090744672528,4.20109919031364,-5.803957738286627,-9.280872071936749,-11.204371154790067,9.999148362054747,0
-8.946609218593247,8.800133890232935,10.955966962229555,5.725793930229809,-0.7519138707029942,-7.114917544311199,2.907482853462298,-2.382943221177047,4
-7.901409083631286,7.860981959472987,8.746367241514509,4.523618216382821,-4.611345487083512,-9.140521973450316,6.391725156017709,-2.6281433367724345,4
-2.3285209355919623,1.4568133287633227,0.8577494244986528,-5.267805747725937,2.7115920338888744,-6.527614128105279,-3.044679028892058,-0.8691133366348547,2
4.084911171564087,5.211702060704864,-10.355550105494805,12.005106671146466,3.6918766361867768,-6.588044438112991,-8.29707218268851,-5.672576259136988,1
-3.552135395536205,9.090124002304584,3.2632174517737775,1.3578808131730113,-5.269558696408165,-7.803136584512985,-7.501220377331784,5.515991948046514,0
-10.6110136491289,1.2955856292642935,-8.925726727796302,7.277473995891333,-5.493119617975113,0.8519367731318259,-2.1535671722907352,-0.8776008432552616,5
-5.437694202299852,1.7353081907136556,-8.050657999867205,6.301633924217907,-3.5712179083070676,2.9266724927465537,-4.397689247346316,-0.6907219304873145,5
-6.6079913147271565,6.923763162606301,9.633098967830058,5.798219383268512,-1.6384326646510865,-10.3035369296621,9.448524568979984,-1.4761247962029722,4
-3.958194904792261,0.7650370243397845,-0.836876848403412,-4.083616309947991,3.2100060927949,-7.05422472779331,-7.3687932687761215,-5.4693784855851355,2
-4.047068675447891,1.5945531222495233,-3.1624929505898844,-1.6035699163216748,0.8304401454752941,-10.279865864654049,-4.140999815659508,0.04477078967473824,2
-4.191837673611497,0.12501290833784173,-3.24266731318506,-5.275455327087109,1.5705074214041344,-7.028531832997976,-5.048010641546943,-4.063369922122854,2
-3.35075478039505,1.1816700784222485,0.04907875141211071,-3.7491034750493335,2.596891166265702,-7.1165594774101395,-4.378575593039596,-4.13163974478325,2
0.4462928429097206,3.1825964291722912,-5.019374213702274,-1.9715319917557377,2.0628332741741793,-7.57663283037025,1.610203733065128,-3.885645791043255,3
-7.695225367163267,7.3752659020634574,4.235769793999045,-0.02328340720302724,-4.267769104860653,-9.16833579801296,-9.542398935351184,7.5327078391564495,0
0.4485798281115059,1.035738649775369,-5.301082175244807,0.5408840765326255,-1.1696535271077817,-8.420986973228574,3.096323799430483,-9.555489917988856,3
-6.175671433519614,-0.8956149840471612,-8.647966552015768,8.854110221481488,-3.401088491507262,2.2158990429150722,-7.848705053303654,1.0363438404918277,5
-3.113948677889732,7.761574326047123,-7.710727391236919,2.297781741474946,-0.3043705017724796,-8.0168673021754,1.6528120660122299,-6.862743556901157,3
0.6843884737375021,3.736126170885721,-7.864640237258842,9.369617595419513,6.113486648759963,-4.848205143415725,-5.9274718714906385,-4.6832077459124575,1
-6.968797917304462,-1.016584926207866,-10.842932934251113,7.829143463954979,-6.094578211370321,4.244490891606378,-1.3194486149178406,1.30318522968226,5
-7.563496205149523,-0.2407557375514279,-9.10856959575282,10.195032808666275,-8.041801679602745,6.323919982719916,-4.327022597531643,0.2767129137694202,5
-0.691681069542635,8.767889863881791,4.380751129121977,2.6746300031353645,-8.294025361945575,-6.6681141636829135,-9.44871082035456,5.210733406050652,0
0.16149566241066493,6.412343601893653,-10.904898282080715,14.14941225563295,8.99665439733272,-7.027797897839243,-6.331478567855411,-5.126078952317782,1
-0.5988928196870784,3.7460968010260767,-7.650026108272062,8.589481507794243,5.8317585148953945,-4.358458707739858,-4.6538213623295075,-6.473623510561388,1
-6.060842338975712,6.774795720626024,4.240887435952131,0.11230144348536886,-7.541105224169576,-6.828275651382221,-6.498720390180444,6.8587966495342405,0
2.4465625112587155,3.1230539231638565,-8.174539256493281,7.212279702969617,4.918591406825576,-5.215862162882367,-5.537265987399461,-8.323991760537716,1
2.2480834295931245,1.7214756516904135,-9.802357110117935,8.021495494332953,7.759775025847314,-1.636813963643318,-5.5637860382998925,-9.517734041258791,1
1.0154428627152818,7.361484230825178,-5.081801505082324,1.0678929347373018,3.2959008301456363,-10.864263325587405,2.2035824248398845,-8.381944967289307,3
-9.046540888246204,11.641145203361017,7.54013909997187,6.6845196956910975,-2.065718418204506,-9.631762214049354,1.4178018948578361,-3.2227138590497724,4
-7.243329567477317,-0.7339651498640072,-5.650790576094064,8.973183698192381,-3.3412712280956773,5.1413777785243315,-3.557532310473076,0.10314707843654292,5
-6.668298446067985,2.012846028132067,-8.068938540309949,7.797054303130361,-4.959198584785053,2.348856314499731,-2.621472393038734,1.3452034301032703,5
-3.725404063918247,0.21439513657793663,1.6640681305927623,-3.044123022597236,0.7919321202148675,-9.960378716605373,-3.8734314882599437,-2.6744769477860286,2
1.434917562748478,4.211993965765034,-10.147390035101083,10.843090110018979,6.996810388831195,-4.300653970578685,-6.866610720334195,-4.211109451377313,1
-3.334646124064494,7.5336585159695915,1.8311782005309656,0.8609307110177362,-6.122594465922811,-8.004767894139254,-9.218819016517514,8.06981297535841,0
-1.9576305790656314,3.4282947091105074,-6.925602826429712,8.6364969507953,5.863873241565791,-6.205632710641466,-8.156935813887042,-9.059550993696195,1
-2.518094092889663,10.899906431875799,2.4424342138765027,2.805013107186736,-3.889518646281105,-6.208580619904321,-8.395797347690332,7.337212644817663,0
-2.386623110330095,8.195464435490637,1.272279627077678,5.2406543407963015,-6.631107192432228,-6.243073969079887,-8.930980156439064,6.147336034339363,0
-3.3272544037006213,-1.7555605215471037,-10.585266497223095,7.398786153432519,-5.657754298312704,3.4471675783807525,-4.5496164040655165,-1.5019205399063347,5
2.421648196583189,3.9259769193634106,-9.557584640539076,6.9705908663245175,7.716621271135921,-5.463438124211389,-4.760507994192246,-6.331652991079988,1
-10.568191797063903,-0.9423578812022081,-9.395352171052908,6.442538411269115,-6.799317498070298,3.3161659765123073,-3.8937648988423894,-0.023830608441112233,5
-3.351194193480624,11.235626573331839,4.02384393748752,2.5859520595262175,-6.6536157670113285,-10.289015960967468,-7.609196210025231,7.668157324228764,0
-7.559945983416013,6.069300189141834,8.976736107533757,5.033677975956903,-4.484849299426766,-10.493582930716217,6.3408807550651884,-3.2554510493845124,4
-2.3279263361665974,8.102379641421372,-8.843706082052666,-1.4020296761802022,4.217078821511379,-8.0457975360022,1.630156987240895,-4.594963423392325,3
-6.028776567934184,0.5568780084760443,-8.657538350769583,5.482214109392233,-6.838178820955246,1.4360941002623857,-3.672417337892847,-0.04907294946388152,5
-4.3971057712943376,-0.04715557751387134,-1.134604800124414,-3.0503670897677733,1.6486809612060436,-6.577006776386355,-4.133401413406828,-1.1759721007206534,2
3.8922567056341544,3.768959578020425,-8.59187951371987,10.715567970403363,3.4815019746443903,-6.414719870236893,-4.8439800410133955,-5.892760465912819,1
-7.631139092821111,7.44626978394613,12.724871103641005,4.445764615789757,-2.3085820810114246,-5.615093017143984,3.8602726998325205,-2.4285082749373026,4
-10.059238681945635,12.446069338058072,7.1280422374971835,7.587642232765303,-4.3266921527916065,-7.306080767453364,4.497644317727337,-0.9456809570149247,4
-6.149503177300481,0.5542153080638376,-8.737933405744656,7.2868745662983185,-4.295555633579961,1.1941742564052098,0.1998887410424386,2.561786656619814,5
-4.205941306527178,6.780590931572676,-5.12433603798058,2.2171311551131847,0.1576702337120146,-7.878253418007244,2.241815537467656,-6.322979127604795,3
-11.141615327098169,6.604324907706015,10.045190913632846,5.1661342193682085,-4.972121058882216,-9.77301536970586,4.225782428606286,-0.8359391258269657,4
-11.352083100287587,7.213811114157124,10.80493443688639,8.836792464001045,-3.553467660870948,-8.536183734895786,4.478519139665233,-5.352845351157974,4
-8.773475641627972,10.532390459495293,9.648515177041071,6.392259880292289,-3.990699926418008,-10.251357866533796,1.4707266565416117,0.6739732774171625,4
-8.479679159865347,11.473770997691988,8.119655769067391,7.591431186468056,-4.755976381416065,-6.308024370520104,4.96153757739124,-1.8565963065315252,4
3.0564124958814967,6.5206473440337325,-11.070292694225632,8.979347887491555,5.689883687923641,-3.776526945223596,-6.2114560394226705,-3.56658279402519,1
-3.568055966682171,10.37817946387228,3.3718456547357802,1.7895913775936936,-6.071647544782539,-5.494901282603752,-10.758802007925253,6.788320938153186,0
-0.4700290655523405,6.070346173612934,-5.763725731272005,-0.7422620507252755,1.585806060298752,-9.02037731971378,2.463473672842979,-6.694606282745351,3
-4.71974437259448,6.13714254514375,1.0821601675285866,1.1442592527806412,-7.361195690980425,-7.89040883724904,-6.848878481136551,9.28837125087172,0
-5.8237890506281,2.8581883067411873,-3.0689668045795875,-2.816406672234984,1.6403242781065888,-9.041975999181526,-4.952145504739795,-1.8008764330397753,2
-3.5489206398486486,9.148955296495435,4.660404665897998,2.7408929405276647,-7.309460396446858,-9.818285247308582,-9.530765970377432,8.593632462928808,0
-2.4126864826524987,6.888597490797432,-5.167953151739463,-0.5877491926577177,3.115712859420308,-9.323107907556908,1.7962194826286053,-6.987778514146865,3
3.3342580626190337,5.675441430505412,-10.68924151661246,9.08043359467431,5.0649883151707575,-6.08999863529373,-5.2689326703624015,-6.116576547231729,1
-9.644202216902896,7.659067558215544,10.724252280258835,5.990258998161912,-6.083532218237897,-11.395409076043208,7.120865040293507,-2.7744480830812543,4
-7.931064159089731,1.3355719230951064,-8.875954980424773,5.636008790150082,-5.116889811058926,2.4800296266322044,-3.6291076173351495,2.0351624839295095,5
-6.882168124066009,0.6736511125894333,-8.913977958205336,8.119079511413705,-5.637491637224316,4.858216445817284,-4.448917138145365,2.917086164134726,5
0.47692808812701326,5.166376897638845,-4.40371886277809,1.5842030762832453,0.7569079223408328,-8.56710619608897,3.276678292551719,-7.56637315437069,3
-1.495753313006599,-1.0187170971627317,1.316805488556458,-4.535597293135347,4.676540683003697,-7.218485342899675,-3.6169370733388817,-2.7276565046421,2
0.1519307785241759,1.2628278005314892,-8.438851397641344,9.755029527979348,6.665633588286636,-7.993308245895885,-3.7395699649321306,-7.1372805838104805,1
-3.926121532651631,2.2846796909541074,0.936084470338125,-6.068266260547722,0.2270272625910379,-9.29779282475251,-5.595820782972468,-0.9060199008145746,2
0.14792722691059756,3.9582710547929403,-10.919463887009602,10.349411447450237,6.41207081997187,-3.0175965837711596,-4.502717302774246,-6.576838610101568,1
-7.890646275909293,2.0625138650827135,-10.760023460639797,7.500200265937732,-6.206017806627794,4.780676613040712,-3.305211976692314,1.8827688145329873,5
2.4025284849441104,2.2242633533142455,-11.089857483269688,8.523944852098008,6.197267868931269,-4.071978921679095,-8.224203034822649,-6.903773880004444,1
-7.047788863352814,0.46372026992996407,-9.83628984544366,7.878876960174612,-4.99552428865335,4.2527730618013795,-5.226464478800074,-0.40916295605740827,5
-3.3797800264354585,8.75381747848265,4.705349516861255,0.36966975469037555,-5.694308238479069,-7.701251299630483,-9.20408762118004,5.732563916125083,0
-9.118835574866027,3.0489140306713853,-9.155152736685965,6.032201451767728,-5.510505253260126,5.479462046241716,-5.328708944879753,-0.17692960769637,5
-2.739257582002341,-0.9582173700880192,-1.3117417598720738,-0.21233058208170164,0.24895548996806083,-6.364890884694994,-4.673498313652985,-1.5417290686565466,2
-8.301538227973047,1.116272619190474,-1.6786299304281427,-7.101968258313109,-0.44967504963846494,-5.649951357697069,-5.328919422247765,-4.124757343303753,2
1.5044078283982754,3.734975869071713,-10.629579962193487,8.18513493204,6.282797865737425,-5.484911330659179,-6.869575114041739,-4.478042565585241,1
0.375446804835061,6.710956049348105,-7.878823677540574,0.5196699034024963,0.7645913320405484,-7.4533117205555115,1.8927966815911055,-9.020738867439904,3
-10.910678500721179,8.762020165927085,11.171580552883952,6.361326430493592,-4.2204273190310255,-6.782708924785055,2.7256381875125806,0.16530722191866465,4
1.4763302812267018,4.059451681234224,-8.111370446163743,10.119429710737911,5.9827484042579915,-5.966523076863447,-6.874001327513508,-7.795355779452492,1
0.48287426975956005,4.16180987271417,-9.740509918169503,7.1388760731348775,6.91363931862146,-4.207394329056799,-8.16884716828324,-4.295936473573309,1
-3.975311093570222,7.6752130021242735,4.415278741979563,2.465349953043446,-7.718934413178552,-4.716585307088515,-8.159820778206488,7.386638192683886,0
0.4571071382088592,5.326549238478061,-5.248587068980691,1.0956118264767403,3.880216959569013,-11.004204132193685,3.621322098060377,-6.563178930353295,3
-2.6431042707531898,2.2841996964770885,-1.4254904666651822,-4.041046672047554,2.3548801231519736,-8.465229856945157,-3.466377772781269,-3.0430159367713774,2
-4.851452504968101,1.1227646752856346,-0.3591088014563768,-5.766964834496633,1.7811685846185052,-5.449495868470417,-7.074695405374975,-4.673448806191116,2
-5.348670346551292,0.9287834372227486,-2.5388039768227246,-7.572822857476327,2.727649553618665,-6.972580896484141,-3.3286945241614916,-3.7495426847905766,2
-5.166653931212604,0.745248862973467,0.8440681275145541,-2.4901577817153218,3.687107686729223,-7.709046071558448,-4.681279071043016,-2.1192532653580596,2
-2.9450406874231394,-1.7961027773086489,-2.344164395575625,-4.446033133114305,0.8390052750742714,-7.813420094450434,-6.344209683027012,-2.66360908436757,2
-3.3813371910456946,11.921095135518488,2.609013067839135,4.431020520508644,-7.057737349227751,-6.401572418842177,-7.505275330028915,6.315124043491605,0
-4.41710396432062,1.5225895086132095,-8.651693752323482,9.843197335491274,-4.27119673608674,2.169781519870389,-2.988756930196055,0.5094456379865574,5
-6.936945844357597,-1.1221732411429497,-0.2281202028623428,-2.8732711652222704,1.8999211255257151,-5.9029465579299085,-2.6446909046650173,-2.42533920032401,2
-8.203919620550934,9.429441408731973,9.876547307890677,6.916199792233799,-4.09036656457493,-7.035535695245144,2.6291690166830803,-0.15533788369512713,4
-5.103971150891931,8.077565638377667,7.607446561338248,7.046733327815215,-4.305475668881501,-6.982148607945231,3.571411650402466,-2.568416592615902,4
-4.494890274049026,2.9654496002625894,-3.0777238123015533,-4.1555692230046235,3.1650204175792043,-4.835625901806047,-2.912635426541381,-0.9225120115142214,2
3.266676310460743,4.280948904139926,-9.552309492891247,10.620276679021103,6.022179840801984,-8.76525098878242,-5.576294169293252,-8.141619610827277,1
-1.9143970804897528,3.9371668682003587,-7.712670178711042,9.248979978373063,6.000835101687319,-5.546143103529996,-6.928492943861902,-6.282550614520221,1
-5.662893217530862,0.7060370047995074,1.120735703079145,-2.9442854987545157,4.695707220431554,-8.108542021270349,-4.386173163112488,-4.343861049018614,2
-0.4883925367293491,6.950613743099998,-7.172291261402596,2.627231729342315,-0.6508551762714392,-7.610466687862186,2.943840574348406,-7.798892545061249,3
0.3802774317283122,6.002457207910636,-5.957161239216065,2.662550600216485,-1.7686690978432775,-9.384919580517012,0.422288499524059,-9.72779018086703,3
-2.799516133848777,8.844146924148218,6.232809258631349,4.698245859809592,-9.500473683048897,-9.738310337843446,-9.83358344552302,8.255903048576887,0
-2.810167105376256,2.238335767945647,-0.9553904621371319,-4.190411689672384,0.8073168946101235,-7.556053855412484,-4.976354252110485,-1.757570114297871,2
-3.423263574476595,5.798695131855734,-6.083890205212013,0.3741057885795198,1.7831296512485544,-9.667328232991643,-0.17853675643521205,-6.708964041408448,3
-2.8028918077675393,0.5196941554543206,-3.582386840459275,-5.008519748869793,3.6458116631330197,-7.9024339239324,-7.70951713303902,-2.723007961205372,2
3.0352067108597396,2.275057679189876,-10.663860310167799,11.407281084425648,5.7479468963362725,-3.957791012163238,-5.60413437900237,-6.249161187230224,1
-3.543714237840793,7.28380932241529,7.339305452344205,3.383793295059853,-6.892383417257858,-4.512198971051905,-8.714538464399821,5.945468193373481,0
-4.812154955809568,0.33059822253389193,0.3668734442570376,-6.083029050429225,1.577607406140683,-8.412912490458664,-4.21889444297358,-3.768252562146413,2
-5.536697069306985,-1.1281409217596134,-10.227096134771626,8.616404119283178,-5.363602694975994,3.8293669986236347,-2.889950372600813,-0.8197206375149566,5
-0.7059258695938264,2.5159735443518025,-1.0601403213132878,-3.3633966007074365,2.8704948655569793,-4.995223982109906,-4.987187097089833,-1.501134942240995,2
0.05947538838329214,2.4030924766568718,-1.0346990174333788,-3.0919772374258923,1.9131488157542527,-9.014129582297556,-2.067864504035604,-1.0583767710355292,2
-2.515045501239684,5.685649440213023,-5.949561208184751,0.20117275953165592,1.3510478911805652,-9.592688261523277,2.7657100569433726,-4.775209440431493,3
0.585593057839807,4.129962348995678,-10.185203982346216,7.661970574180153,6.4039188431929865,-5.085490903777774,-5.52473236793474,-2.8591863166200335,1
-5.300810253166673,0.9411218392528597,-2.5324736666590786,-5.066192415758792,2.8856245653742065,-9.031851960934176,-6.1800467121154075,-2.275602322269619,2
-4.536865935612878,0.46731405737650855,-1.7481734305693486,-7.1781217261797625,4.991766073863817,-7.64859636917634,-3.880779962772511,-0.681484748905272,2
-8.606481016168788,1.5405354439375143,-7.270125532613914,7.3625696529677125,-5.071653370182885,0.5234078183042321,-4.056883455440446,-1.9211283752935904,5
3.0194776694862835,6.780846419923638,-9.8648114771134,7.591693968308203,6.542291172773278,-9.312232360208668,-5.824455433495402,-5.608270798693598,1
-5.190760897058844,-1.1041480624617657,-7.3228277553714545,10.413160541807816,-7.897143040211192,4.611411538307242,-4.5524242400655135,1.0143124689604486,5
-1.7901195284527285,2.399328949889373,-10.591591466799713,11.33020215516296,5.346750988922149,-5.4644687595045465,-6.001032254368394,-4.255243393874104,1
-6.382276910597506,-0.5651476139010259,-10.305844063117835,11.327398460213164,-4.604201710080957,2.8384659869161233,-6.129109735252472,-1.090608499514722,5
-6.798824221259969,14.000293140716817,7.915302975388182,6.7157628021232965,-4.118290437742058,-4.797147231995792,3.2356142462669775,-0.7990437611790353,4
-2.569286915510779,5.484916663497775,-5.788042482081874,2.6417951890334463,2.0456205894310493,-8.088966155508624,0.9021482573820163,-6.522795918367572,3
-9.890599039749986,6.526862682518803,10.530142233890368,6.732712681931531,-3.3038139916998994,-9.005481084126078,3.451431017427077,0.06876345257376082,4
1.8667969647466773,4.19226590368271,-9.825563134767796,11.026670593697423,6.636167076083043,-4.525937436846141,-7.057656693222103,-6.018884957631618,1
-1.8766597115823722,-1.0249383757805495,-3.8012686527806623,-3.9623508130588325,2.7732597073654524,-6.626759901031432,-1.7920127322732338,-5.446790478139363,2
-4.211949633960509,8.998534434357708,1.9382705353185012,0.18109380798893637,-5.80616919390827,-5.914044760831316,-9.465330581254996,5.695100020975579,0
-2.4291270846880058,-0.20579720432090176,-0.20812274927139218,-7.831552387510122,0.12410383085302934,-5.142268498209196,-4.514977868012303,-5.652304456444322,2
-8.59083777904116,0.45638297529220617,-7.447472424789028,7.091370546577511,-5.583252858721173,4.873665952231454,-2.6339019448481373,1.3637341504599978,5
1.2468945315040454,4.390919765011271,-11.30935088780377,9.936729915974341,5.916557517321911,-4.078477444393255,-5.125808325927086,-7.125039317451163,1
0.40947907779109083,2.9307918460934674,-8.771228293509859,10.900451174503178,5.654302343735341,-7.886365072756071,-1.1089115337973725,-5.0786230235893814,1
-5.151432565865977,1.7532058020852026,-0.3370098975050173,-1.4743659113946959,2.8231818681133136,-6.377038359631045,-1.9169473303711348,-3.67702344776888,2
-5.6544036656112855,0.8360735524351108,-2.588205646970586,-5.016941579710032,2.6505941733581,-7.732494985006453,-0.45853202881462174,-2.792488803436883,2
-4.930839434357064,1.2326624596164406,1.2729537865766787,-5.935572336163651,3.002657465321014,-6.3477818707100075,-5.534287810852602,-0.5060256537340329,2
-2.3636113458189367,8.18527890657537,-8.28939640935149,3.9342877091920068,0.934111895782003,-6.541687895530872,1.6619949666002272,-5.309671779852328,3
-1.0694951051291182,3.633774344647565,-12.768006481646237,8.0036522895304,4.215698368593843,-5.138561501686513,-6.362637675651782,-5.847170110933354,1
-0.7026826543260339,7.342828290237569,-8.60983910122554,-1.6808452774094194,2.60757899701359,-7.894133256307423,2.597949112037969,-9.60182900637948,3
4.350942375226083,3.220621925461762,-9.886827318972534,12.872105620939879,8.959802275176347,-8.429065027734241,-5.744063350160538,-6.331013815187811,1
-0.5658940989376648,4.8809917279153225,-7.459760502100401,12.418771423973709,7.178809231784237,-4.9423336351505185,-9.77659574006302,-2.972305726137741,1
-2.2945485193277824,6.840067198024249,-6.723576546889154,-1.5594657936763838,2.562296993172441,-7.231086416625508,3.009892498252518,-10.51520644089485,3
-0.5902220989243772,5.522224982074988,-5.834690187834485,-0.2221375927136905,-0.21648777404927433,-6.603316580728651,4.005824395357886,-6.755900228489182,3
-0.750144392670288,5.052554312239112,-4.087725959370795,0.6040390452053357,3.065786701102649,-8.504658721633835,1.7982420248831588,-5.102367828174823,3
-6.668830541816707,-1.076737352124742,-2.0497631610573404,-1.9863147580414364,3.6788877032943494,-4.611944527243736,-1.5112906836478635,-3.52836442147163,2
-8.783334340016648,2.5964012588805896,-8.439066576653884,8.417880639242018,-11.697025942508471,0.19721463831356623,-2.601317627109636,1.652628891726358,5
-4.66216539261151,7.786120248868896,-7.325032624689729,3.253111343594415,4.040934259063112,-6.563479242768462,1.1104187140813186,-9.1629594253431,3
1.2757098857831428,2.9824093923500303,-9.677744460665703,9.272451769689775,6.979537021671022,-5.96009371769129,-6.577305023420822,-7.574620287686754,1
3.2621980062377345,7.392170360258932,-8.144025085765154,9.91600899926065,6.614721005398696,-3.0609571229974946,-2.9263179327257625,-7.270858090170021,1
3.243327915999627,5.637421428293884,-9.389308318402463,11.9551744764427,6.995604243405048,-8.02013543115318,-5.779230254180674,-5.940074120190957,1
-2.9522205922828357,7.939532865385398,2.633221257035135,1.0851429614701569,-9.123418044629389,-3.534358756903983,-8.874225439804928,7.230802048678355,0
-5.350361017102868,5.242190790814654,-4.926180572310833,-2.63290552487145,1.5069587113191185,-10.894123336884112,0.5394120556177491,-7.233386658577403,3
-5.928964445429507,9.63773407430018,9.882604735629286,6.5665393567933625,-5.9273835249057765,-9.477405450124115,3.5972398043452007,-1.2711636912420543,4
-3.338401845230674,11.134727872897582,5.96326352193333,2.225928583543055,-8.914697592931628,-6.541875085322892,-7.138076091375968,6.722509050273846,0
-3.6117764994076147,9.762590294372538,6.736848296729643,3.846932838612027,-8.890131728663967,-4.81738471102495,-9.347381359224697,8.28469573973165,0
-0.09516405617928614,6.176589843851894,-4.391600988778871,1.3335431306586363,0.27149108351230566,-10.694658447505216,2.6508248078715253,-5.004708847178129,3
-3.361289827121596,0.6045588096634174,1.10033234794356,-4.376004373635175,2.2128761503100733,-4.684338162193354,-5.210262619295939,-1.3698465718737225,2
-7.1033542125006415,0.6492154382353171,-8.689326020752727,7.048189576049139,-6.026896020644285,2.296433022860528,-2.053273795033271,2.287819826191628,5
3.9555398199075986,3.4009340876294067,-10.872664860043818,12.506320529368896,5.926652446278286,-5.507572254833915,-5.641384136268529,-8.150618793204629,1
-6.801124830458286,-0.8233033784865822,-6.892866840841811,10.94011408691216,-4.069217505437211,4.77322985791343,-5.403943992713117,-1.729674274137536,5
-2.3522895597904387,11.087680979179144,3.4897470160541326,3.1651781845443816,-7.1911428649379605,-6.982810676649543,-8.691523781518613,7.727107549781387,0
-1.9248415270105548,8.00610568257862,-5.615790605013469,1.429326557210973,1.6554199086797599,-12.090341384316591,1.9450795631015034,-4.922803034220603,3
-0.31418366147058086,4.462158398213319,-8.672355855236374,10.439742129286993,6.460083064636631,-7.6044121154974595,-7.45482033269604,-4.488151980592242,1
-3.2414108219929347,9.311387856868304,7.054488457675383,2.942139656150833,-6.065853793977762,-7.568604505203375,-11.212818420514946,6.989973778634051,0
-4.746875496286908,0.7966327613179682,-3.7740210348393015,-5.362520322049523,3.4467985035595987,-3.0704884576066673,-7.319052732320136,-2.994535606589248,2
-7.052866821833503,7.866241644649703,10.582300876535212,8.1117435269759,-2.918047029995378,-7.568273747005289,5.441977454592585,0.034278642723887254,4
-8.02454630484407,8.18020997518943,10.793915930983937,4.350758333697108,-8.591020364546297,-7.594471878684323,5.748813830536552,0.8819837526444161,4
1.4440513667707018,3.9554741689619783,-8.133438407896858,-1.7132125559873324,6.107266487760276,-8.32722857620744,1.718472423082554,-6.480204865441151,3
-7.937787773732331,0.6527706104604993,-9.368579026603186,7.735986510076119,-4.575724807678472,3.5177910405528108,-5.531578036507756,0.9345291712364131,5
-9.607625222715548,7.4516629373834125,8.340139922259434,6.004913960537897,-3.94820715823332,-9.03916776048748,4.476995817667465,-1.4993603206453865,4
2.3411254151489906,6.321104525491222,-5.547872727125365,-1.2458376713830932,0.1272232019315942,-8.59432837733504,4.484005001518559,-7.466641508892619,3
-9.765837903934614,6.255414388921222,10.848586811569703,7.33566925760228,-1.424876745655089,-9.513184950947371,4.8308454333874185,-2.032215047360485,4
-1.3543467878441167,5.336320213809713,-7.476486972841519,2.599744679984965,3.6716973846260683,-11.01183947193292,3.437214065184846,-9.541525628545955,3
-4.41008072924812,1.937719750924349,-3.635770104052137,-7.328571246992073,2.599163419085156,-6.415968529246375,-5.312787330021385,-3.598604820718894,2
-7.6879178252077995,-0.9386476266531466,-9.844935355458913,10.096769504116434,-5.297390430537954,3.9364035628992258,-5.3158591223522205,3.6658070522204613,5
-0.42985694049224366,4.59234145922065,-7.749130331667361,6.879250294868745,7.301156394947919,-4.823618522495769,-9.658157429765701,-5.054307662279771,1
-3.9283269241204626,0.5864147715653394,-1.4915808993013313,-6.250955658705198,2.493273729620186,-8.143923723686603,-6.312856179950737,-2.079634226741232,2
-0.9727099490023976,9.754259926705288,2.7528882416159135,2.248776702198392,-5.805177316384785,-4.435259418255415,-7.418321408773515,8.540877562397068,0
-7.839423120118471,7.637342370326781,10.218756284160532,5.973772549503359,-6.199489985954652,-5.872768056122214,4.927294626012166,-0.39186939400980336,4
-9.16554011433341,8.516675721645562,9.912483129971081,6.804178920753911,-3.160429649219169,-9.314115258624811,1.4161751533564462,0.0900687265560427,4
-4.602105301600789,-1.2218432299131259,1.7190813711413857,-2.9131857867839823,4.18181076177525,-9.167993622256397,-3.867606506089238,-1.83911723119592,2
-7.688081296779764,11.078231465897085,7.78691410946526,5.034772359852385,-1.9826410273300326,-8.122313047481587,2.77409395155745,-1.9961741632285168,4
3.4319997346732407,5.026394822820494,-8.597777043063134,8.797382674216687,5.599097238399409,-3.722408711396684,-7.159208090030259,-5.861378540862181,1
-1.7108442940516115,6.807173864877062,-6.0148270981589,-0.7836292479659857,2.0946842255253197,-10.18473050826646,1.2904562396264914,-8.985138468716258,3
-1.3037296655790016,9.17400823235795,3.5721454262817325,-1.613895811273529,-6.550898091893186,-8.121080160639773,-10.118864406500496,6.525143305932124,0
-9.4595075183079,5.746593504958284,9.532486503237498,4.97265201362713,-3.766906405076693,-11.19259627171909,3.6418503926608308,1.5209239647656179,4
-8.899698701342048,-3.0454150335719063,-10.892282260466967,9.1560763290813,-5.308963957766222,4.217635537173473,-6.966516206901996,-4.370706636289194,5
-8.631285864959425,7.7739627399345235,7.927458696056078,7.45722890496907,-3.192590526021938,-6.813950303493845,4.700866132085555,-2.6165009396944576,4
-0.9775099069031001,8.844541111652049,6.613328558392372,1.9608672907865408,-7.500228442131221,-4.7903940670813405,-9.624826859066298,5.063161701257814,0
-5.390129028693371,1.9965547671400958,-3.798652442043361,-3.4955731451809453,2.122949269623879,-5.221402462091863,-2.2815046085198913,-1.761109773271122,2
-5.305038205578803,0.1260787624558793,-1.2621689519286936,-4.311268913695727,4.384663536533367,-7.738391686970092,-5.648445290987408,-4.064140789971265,2
-10.153858079394654,0.6555558542709825,-10.643293451744809,4.832024860375061,-2.172865964988488,3.370966995794698,-3.418613068643175,-1.6094733644523536,5
-9.235451106382875,12.667812049029045,11.219725621368864,7.337542438696679,-3.3956159836003112,-8.066944063262799,2.2340490676905302,-2.895654804100824,4
-8.057699876894082,-1.06463283003878,-13.013070200091054,11.55846496343634,-5.42917436382247,-0.12109058986282983,-4.204403114323798,3.042592792054053,5
-2.641345743614815,10.246236098334677,3.3999383177257254,4.16212046284457,-3.732560051138064,-6.942740036425294,-6.838791084341101,5.633127602498287,0
1.6730537587195151,6.903510756326115,-8.25775216601126,-0.6998441020780359,3.415648563763744,-6.541215396946285,2.516835158467841,-7.51619358082664,3
0.6708166135949758,4.2602270382573835,-9.311193885749955,6.477212757536451,7.377087025527666,-4.516852381763448,-6.48715703580406,-2.5327637496769357,1
-0.15632220558531285,6.228696133716681,-4.054044704024667,-0.3910249247040928,3.157550191259264,-11.040266315610328,1.6956904705865117,-7.608307322956263,3
-3.8866124794487997,6.993989409847083,-8.084841573689431,-0.36834246803138615,4.526832571728711,-8.093418387122082,2.7746817652846714,-5.078601617261995,3
-7.363496319812765,0.942706710938541,-11.744501741791161,9.573068133709246,-6.6296105131227865,4.824053074532475,-2.9619291287512315,-2.59094287587573,5
-3.133851604301504,9.840116591536528,3.5958335670814687,0.9952862407098086,-7.724417625976252,-4.715198937009695,-13.991953926213153,7.956481051119411,0
-2.938846659702082,7.588378567533861,1.1969741941012133,0.8225243731528598,-7.217435573275581,-8.459596836717841,-9.048338903983698,7.4464859282327325,0
-1.2178209433945475,3.8824781957274093,-5.994976923092169,1.5008105480936953,3.1147357560052864,-8.198709864590553,1.1614071705175097,-7.629723995737613,3
-1.1820378759619525,8.704164306161836,4.216655090131124,-1.2330100991100736,-5.8629583428165075,-8.862923025041503,-8.742435548209885,7.767326016231809,0
-0.989846308869569,8.919221838162331,7.608684139898923,2.331945275197199,-7.433909600762309,-9.458617367840471,-9.258582989141878,6.785303802840885,0
-9.350378538888098,8.80046106229007,10.741061050984207,7.7412605526447145,-7.863707512094763,-6.623276926028062,6.319031557775277,-0.7879751394258521,4
0.7001157784387857,3.533884177770471,-6.903222238684158,9.281445952229841,6.3580791558229866,-7.259428164257301,-9.394830496613672,-6.587971680658275,1
2.6619481030511376,3.0722252413944657,-10.17839533838614,10.911702580262986,6.965743897424676,-9.008187175049457,-7.925781519428545,-4.771372627109308,1
1.6848096340034946,8.787145992247273,-6.732268493507711,-1.933863242219232,2.3868386394841483,-9.842355774350324,4.030386850073618,-7.848952079102016,3
0.7273455391923671,2.520294123961537,-12.892094558377778,11.353084539202609,6.009219997699544,-5.501784532510421,-6.367081642216677,-8.039804095668122,1
-8.073225736587368,0.7670068069663816,-9.475942564386097,7.214927601653404,-5.458045518506204,5.198642767213141,-3.2583131270383805,-2.2806826029648373,5
-2.2385361940173625,6.897851422743645,-3.8992891976638604,0.006779367454720686,2.21593419377671,-8.384956832017405,5.037303595770944,-9.427235033795254,3
-9.513966857615204,8.256168428212744,10.234614187720215,4.89184531536835,-4.302868245960155,-6.6086898930097515,4.0802212823540165,-2.8762449513817483,4
-1.039044300692309,2.617378626999021,-8.153910641763686,5.013514767983996,8.548736258699636,-4.919249801403211,-4.257618925409952,-6.64962050194086,1
-4.921002491598789,-0.08846173614104828,-8.368154649933116,8.698815476162014,-5.1014986236014845,2.9839052615885935,-1.6506476509562633,0.25699193345304794,5
-4.760867132640595,6.937319882298869,6.742641357353828,3.1143956852152,-8.521170899120515,-5.908447169113238,-6.489767044640315,7.275102023343526,0
2.5228852772496335,4.266631811996569,-10.01770019270376,9.528263323307856,7.424199022151275,-5.325257164197579,-5.754178386505582,-4.183554824769427,1
-7.640099718224754,-0.2206136783713482,-10.346037931454974,10.234055667280957,-3.905075726639322,3.4661550709223716,-4.342916546259897,3.1742062211221533,5
-4.117596820055085,1.7349919205071365,-0.9030544702266703,-1.2882988408597615,2.079545391764792,-5.061309852981353,-2.758524498387061,-1.496053876199512,2
-5.140569650122239,1.2245728457129925,-0.8751914768837702,-1.6375015719125527,2.1703702494405266,-10.017736256201177,-3.1221142854607917,0.7481252044882414,2
-6.868938032529711,-2.3152271748593027,-5.797448350470716,8.302986525007224,-3.887462123923085,1.7543721955894602,-5.583523749089858,1.1231064795280798,5
-3.1330755535478625,9.267171712070532,4.485280964204278,1.3076225992249582,-8.39282088826612,-5.906915686579997,-10.945738828550546,8.565167577648264,0
-9.043467095868293,-1.8630118524897648,-10.630043782263188,9.621387590682154,-3.1662309588153112,3.6851769714365594,-3.4220780362227727,-0.6706106785238333,5
-6.048646573528556,-1.0230023619525916,0.2087396038835707,-3.3691966018321207,2.6740000680954124,-9.346357365616537,-3.9959818868412724,-6.358915085307,2
-8.612342282322686,7.738219245785801,9.279893901635466,6.065148984431484,-0.40079159132252107,-8.57910480662542,1.759391245086566,-1.1626170464440722,4
-5.211890483800369,8.26026414307429,1.4790984022806812,3.1749288111524283,-10.183760065161383,-6.834577463382892,-12.162826668405925,6.8110464282400764,0
-0.8132994085781551,10.001495647521038,5.733589753348865,-0.21235945398012301,-4.940516814533029,-6.462108743301777,-9.429171179429936,7.5529444632463045,0
-8.643866832847188,-2.5503828840982443,-11.171497581566678,8.032259883428733,-6.776003822628384,2.975237444677726,-4.813322424462791,0.4000818484602816,5
-2.123794811532098,7.949176584368646,5.230305136748369,2.1720267957020933,-5.381937322453644,-5.63701086858552,-8.789565494363003,5.887918105640692,0
-2.8574875482163025,10.772329091377825,5.9605449946089495,3.2747851015417537,-4.790861099704344,-6.846503446663532,-7.747203002564068,6.827096104949174,0
-5.401233616463649,-1.792640081278992,-8.618954182153663,7.428984601994169,-3.7100229251245453,4.662563298399827,-4.021631120208014,1.2730745661478908,5
-2.5072688624731914,7.706944318489216,5.694671905719949,3.4732819041432252,-9.451722974141628,-8.100469238981889,-10.068955516295688,5.819677953724519,0
-4.5215296593023515,1.7907754687430373,-3.5129184764076045,-7.6037689502768355,1.5438032166430227,-5.720725524454056,-3.7482115109167515,-1.3010967275293412,2
3.236720987795678,2.3819534738752153,-7.0936184493121885,9.320155020038898,4.654623218345776,-7.580395499542767,-5.806548188998236,-6.957989626768728,1
-4.11274485333551,7.810389748433465,2.293022531243018,1.1709262489237133,-5.319127257586504,-6.055104651765616,-7.272852377391154,8.158950988993,0
-1.4821936979881065,2.5139464892767576,-3.3408655312203543,-5.027886336967876,3.5970647231989386,-6.247024807593975,-4.223439769023294,-4.492923462068942,2
-2.5578475892818764,0.3714654324057452,-1.6626625373888715,-6.461603036758621,4.408804287593643,-7.481951909627316,-3.2973223493999173,-1.5964103535499405,2
-8.551409384221538,-1.320863230797424,-6.489213737467425,8.02214890329594,-4.819143192933926,2.846849787322943,-1.6512011386213503,3.8320348195921436,5
-3.8174894576209644,7.200157557308155,3.9799124172074025,0.7912536866134314,-9.482835064538069,-3.643965224364776,-6.834262586989241,6.077091841066726,0
-1.9750216765430948,11.304472979128215,6.370705600504627,-0.1263810255495179,-5.884315206661592,-4.753816282019291,-8.219434123533286,9.06909159579625,0
0.31266702833227344,4.714114246551075,-10.203000779215111,8.17878352561733,10.78641309710267,-5.082736610828941,-5.382275784400157,-4.511466953861464,1
-7.3988166238966935,8.939687404422255,8.937023175306132,7.793348463740773,-4.194421010954093,-5.473451309808285,2.4724447348986383,-2.44641167042524,4
5.014522143378264,3.3627283586794205,-10.737884490341738,10.651742080559462,7.782078767460275,-4.5121373070493735,-3.3406487290575844,-6.313717948853733,1
-5.269722888630458,-0.4946792885499933,-0.7947366110558046,-1.147171262699779,4.524697669671388,-6.277597875829341,-3.9148130130384877,-0.4310521651226922,2
2.3728147349244457,3.400823968377641,-10.925702523073241,7.644803745961938,11.078250585009945,-6.155700826729095,-9.444408432390592,-3.941974188522469,1
-6.409608226128591,0.8855866317144422,-9.694666841372793,9.35472091208758,-4.1541717785232555,4.317888534070117,-2.8001527020026566,0.48155301930528144,5
2.1996384407717313,1.8791092976429167,-9.014975600168876,5.992358444010254,3.686313881143497,-4.443539840130479,-7.2384421841696405,-7.91248272074291,1
0.01586399097854896,2.5631533539279627,-9.152096491172887,9.945757970318839,4.89096581851342,-5.681906409011642,-5.353541684703135,-8.173872454942755,1
1.8863017621676477,5.533230412530052,-7.157572953809463,0.5963295232976946,1.5600370306063478,-9.713498887336993,-0.5020841692965092,-7.412803260101509,3
-8.314633940541338,8.219185620390949,10.277761209220607,6.1476052859908314,-3.502765902613272,-5.986963525787233,4.389091965201482,-2.3730579291379925,4
-8.962783913512222,1.8358070101083825,-10.500627596120147,8.996563658489533,-3.216068002989452,1.840550423047484,-3.1632322087453795,-1.0288472806152749,5
-11.924202062146628,11.151700451386574,7.213975218502563,4.46033892381793,-3.2535579195379,-7.182650791304861,7.009905292490128,-0.7228948783133715,4
-8.453358052201747,11.79311480561739,9.17938336669899,7.659599680926258,-1.4828727817267122,-7.889231295195818,4.41553750598108,0.44467405247804326,4
-8.326485536767718,-0.41808898179243487,-10.37798624004199,8.109166743290633,-7.102101585657628,4.0730141684055505,-3.348908771879165,-1.617565025632628,5
-4.2759996645240115,-0.13187381073533788,-3.4390510431406844,-6.76439610453596,1.7754315341346851,-7.853476554153612,-4.472366005738561,-2.84655801074938,2
-4.241368691177013,1.6405960574216616,-6.055132662724849,-2.038692297316373,2.802944895873267,-6.063358550611414,-4.81745787600726,-5.429119104630734,2
-7.408716051694567,1.0078386427158552,-8.233220124168724,8.920896032723519,-6.565558936401211,4.778574682412107,-3.2030928588494287,-1.9555762742129952,5
-4.174081961632216,0.5839906180714233,-0.6675577484480427,-3.107586095146625,-0.19333436676393445,-8.933945129197461,-2.385410174992689,-2.7701544460158587,2
0.4808660889464651,1.0701473022889734,-12.399300033126355,7.367824919632689,5.226677299151357,-6.008815383221015,-7.986163404861137,-5.789548373062106,1
-6.145821808849854,-0.8035047481708272,-8.142671484489977,8.1578018138784,-7.7427360239342296,2.0716306682370584,-2.408782320112529,-0.08448027542381631,5
-1.9774952038854035,7.816707669707836,7.121721997064139,2.1582490988093057,-4.992751696649147,-6.772080023019773,-5.541131076824831,10.132068263407831,0
-10.428742806993792,9.015542194345779,10.810343688030335,6.326547015560085,-4.480836615961409,-6.0361250233647805,4.530887884055945,-1.3784485197998255,4
-1.2261992411282372,7.003415069178548,-3.2000554763098226,1.1454636043394615,2.061866569904068,-9.897227721057277,0.5339369729870764,-4.814192339852651,3
-5.686222425633654,0.42614216046275377,-0.8774668064304583,-5.024755445182654,1.3751496040985867,-7.835764895384051,-1.8906424677066074,-2.6770480742191776,2
-7.030707784569627,0.43425822350098464,-7.749371359148668,6.8643614356322935,-4.39273792974174,4.962797343507817,-5.199636167530371,-2.8453135840404684,5
-3.0567729096556064,3.9240353904262077,-6.187672033032436,1.3839545152940542,3.2361306436236763,-6.491166750147951,1.54835483832075,-6.793519636139457,3
-4.301269361509811,0.03276501941890381,-0.5209189185403801,-2.5083570293551958,0.3999262272928539,-4.26811558549978,-1.5880028567822873,-4.0732808422718385,2
-8.305197875042726,10.763889068001543,9.869468699591483,6.900479840604817,-3.638990382684776,-6.9542481024792995,4.431997513043161,-5.541107235603464,4
-0.7924327466271313,12.7964821195893,3.3823011840121295,-0.23650168110530778,-6.393517438183469,-5.725609585074117,-9.207713954787641,9.648739976812358,0
-8.354743399715932,9.728452667625614,11.731902764041639,8.20938455288236,-3.5905425741645596,-8.112950059753736,4.318237718673156,-2.170123712901332,4
-10.24682101847395,9.391959695621797,10.60397329079342,6.5480359498320775,-4.305750705206156,-9.07159771099071,6.861091257868004,-1.0430156587648136,4
-1.7336251153815905,7.660115480212924,3.610199104520162,3.6211069920705903,-7.415267722521736,-7.5259471344631415,-10.366523883594976,8.00128142044824,0
-10.47993732060552,10.858392444821561,8.173557370108476,4.9677514416021715,-2.068988390622236,-6.892037806663098,2.598112422381875,-0.9931601431707333,4
-8.925193773438806,2.731055103086323,-7.617441271677047,5.817057598400888,-7.63527109185579,0.9697553674960395,-4.55564779269579,1.8442129357513695,5
-3.677784233800169,9.360619871529481,4.712793780074203,0.9306091277714246,-3.4493166482307487,-5.8658391575671285,-12.078555895288183,7.621849819129787,0
-2.950719945766571,8.435527990448904,4.539248649188329,1.2565654520495986,-5.826598333547169,-7.512563270101836,-6.2895852029922,9.667859721068913,0
-8.25317796131537,7.294882669046698,8.72026691032981,4.484612134753647,-2.0511361017851613,-10.566121493268488,6.235654431306264,0.8632944786307384,4
-2.8315604872222098,6.150534417301243,-5.9186013270277655,-0.3049620748812071,4.978960908785394,-8.783513316063331,3.359910610320071,-6.133811581710475,3
-0.46713960498702184,6.253669992306355,-5.6133623018590635,2.3357131649764606,3.134330293636358,-11.182036896802321,1.9679672795338226,-6.611875417821842,3
-10.359302454520922,0.19883692392353858,-10.568975284818018,10.324792025310655,-5.113564049339304,1.574998368053179,-4.110754538508843,0.9607752359327182,5
-0.39280647603653307,8.743689831169815,4.767196492135566,3.187288749802507,-5.765510611822752,-6.4340298934592095,-9.172197150588756,6.823253402326931,0
-10.64671171166755,12.03259579103623,9.6572856364255,5.705443215277003,-3.2876737860469007,-9.064718883704131,-0.055613972623029806,-0.28206545171421027,4
-10.388484611854869,8.733776254065681,9.594221764731923,4.874352723608588,-2.719991922892204,-6.610794996157672,4.106365370082909,-0.534578682743331,4
0.9269143409312972,6.40925621186147,-7.537318079356462,-2.8364262627999395,0.3852251338613135,-8.81931323014374,1.1398062886616596,-7.724957854537083,3
-5.051751216996423,-2.0080843769367807,-9.358834995278658,8.986377748967044,-6.373003800203418,4.228548641317558,-5.908555036456891,1.41658810376484,5
-1.5960931104142566,0.2099782125361876,-0.8824363196561195,-4.6578390273010735,0.17246848232016676,-5.2839232000894105,-3.3063890549118597,-2.643845576648304,2
-7.144904072206079,-1.0391565769790871,-10.414366691489189,6.8381680632064015,-4.874978697071027,1.9333969667924042,-2.68091548879772,0.7666991440807194,5
-3.9863708168301972,6.851590759212188,3.078481631464369,3.6589965585132753,-8.398665413282378,-2.6682982895361214,-8.049019115226587,7.619260713410501,0
4.453238396609207,4.348110357792114,-11.238079799354772,8.577193449057033,9.480713724257384,-4.297277721057583,-5.33945806644306,-5.761649669276322,1
-1.2282615220628252,8.623341870937452,-4.603793421214812,-1.6865247580848497,-0.1696418317410302,-9.994652306564317,4.4622634114043285,-7.391705231159029,3
-1.834528428957244,6.937400516394881,-5.6034113674524875,0.06345250184935,0.583445666754489,-8.554039071491417,1.4460406180529073,-7.693143485947191,3
0.10556749511911634,3.478937551391991,-10.211355812524554,11.567485586330289,6.592946415274623,-7.204940281430102,-5.469588203183077,-6.979331434996838,1
-2.3840547326348362,3.529733936054763,-2.8955958515291678,-0.43794744989727497,5.546377116050849,-10.662565823837767,-0.5827774685840312,-4.523453975968851,3
-7.844761423200472,0.6741104776608724,-10.208401268918418,4.539213313119009,-3.867801999654869,0.7725571474693038,-4.884364282055715,1.713379204370254,5
1.5621655987168204,3.830644510434075,-9.808767491991599,8.061235058139493,8.527094306527168,-7.382078061510981,-5.854445732002171,-5.670073165679526,1
-8.712118381861162,10.314573011073177,8.380618908037807,6.010609905914672,-1.3266726149983725,-5.562201550820454,5.191815942390775,-0.8730816655433027,4
-7.842605810631791,-3.8777069547786507,-8.383897287687605,7.986455022565541,-6.1594859162818585,3.3184136434276166,-4.2342428479155885,-2.3864686436728366,5
-5.0343383488903655,1.2639760926798935,-2.1430227795290833,-4.625827694312392,1.5777688468306672,-6.0283498812096985,-2.687726045401443,-1.7803810078343723,2
1.0721679044879815,3.544710812173001,-7.795343089689763,-0.21652953211822867,6.9025982325827115,-9.489341445665536,1.9560443292118563,-5.600154438561501,3
-8.264590349824932,-0.529115857099383,-7.525859410622455,8.292427521409744,-6.69914451088395,2.0797546163716194,-2.6241899949041683,-0.2767456484836619,5
-0.659556487765101,1.8096312320441403,-0.2688556154895443,-5.4608231275052255,3.2408954714417355,-6.8632567427919735,-3.325380625021994,-3.768100124752295,2
-8.396589507104574,5.606706120828053,7.1483830693291965,9.325605995825397,-3.132380252236727,-5.673004822726272,5.07076885265575,-0.5665762961293654,4
-6.584339658294313,4.671791135371929,10.013382015049839,7.327314927838589,-6.641230801947695,-7.595645582245788,2.4147309616677153,-0.5620600746619946,4
-7.497393247313339,0.8737574506775572,-7.464208173598932,9.100453773531012,-5.070884860428007,2.3795374124451603,-2.5324910937881313,0.8418633563643216,5
0.967107535922691,4.434227045035971,-10.252456252844476,10.52643489754097,7.025360285583855,-5.662805507347649,-3.870140719630823,-5.27221997514204,1
-7.015993688773552,8.45379073238909,7.9498366541749865,9.05268209108525,-5.782517099166665,-7.797132714461782,2.5514183889042465,-2.695884907380057,4
-6.115087299770634,8.963511956035502,6.172857490205687,8.062484463639244,-1.9319902693102278,-6.0797833907797845,3.0086104350687375,-1.6270471039960877,4
-2.7071699112123606,9.746775104079576,3.8447875960393363,1.6810593249334662,-8.463559659234493,-6.936121769285924,-10.135929138442162,5.541048595239514,0
-3.404440829381853,-0.7373730279806763,-3.1070253526220446,-1.8747820066496699,2.808264974926889,-9.391780168924015,-6.226907887027307,-3.2511822900469167,2
-1.374074715630287,8.317507935286573,5.460848113309834,1.5578949998064644,-5.6975304217312654,-5.895521618855061,-10.335029679907363,9.061094301378755,0
-9.490851533200631,8.55245925963485,9.693660968334147,6.59395849414962,-3.723405665013175,-8.964313597706683,5.41319916745079,1.2436180086451474,4
-3.676846666823184,-0.04298396228247647,-2.8562761844528888,-1.975130703867571,5.234780124683008,-8.63959332430202,-4.289648434775,-3.392549215262435,2
-7.606129097106361,-1.4287051175066983,-8.958574308875686,8.996545648992422,-4.1844097607039865,5.49680289717786,-0.2608662633913248,-1.412405207319155,5
-2.742608249613032,1.4471427160180053,0.4495860320442633,-6.559976887976438,2.5952125980950407,-4.928666255244986,-2.0246242605338787,-2.0985071638658686,2
-9.077999904499197,9.432780203304246,7.947822567715761,2.962596597397767,-5.7525887930852235,-8.150110659462548,3.28622894038254,-1.226175803874708,4
3.9661146831570306,2.681912547279034,-9.09661514810581,12.333287176264026,7.31335117959297,-3.478812530061527,-4.76553814372503,-7.788227732895981,1
-3.591425306347582,11.895790820855627,4.575626115197152,-0.31607047944814504,-6.674660127294008,-7.969792245235756,-7.4932980782540515,6.279324548614878,0
-0.17860304140575245,5.0785875276225605,-7.09833969358731,-2.0924943768837787,3.403361287353241,-11.253172785067466,2.0677559532129672,-8.10361551941396,3
-6.238895067765844,4.068232668936694,-9.615782221755547,7.915230964618663,-3.928829105314208,2.7954832874950144,-1.6230057002291902,-0.24505145774658055,5
-2.5651792078478888,11.847567145215137,3.6367315437676737,4.873087376735818,-5.747224094422509,-7.780056434706775,-7.826475374147177,8.879610034901471,0
3.1453118381590457,6.303082769650945,-11.022443446839144,8.621252863967872,9.429500434944837,-7.313375955693581,-8.509308708107124,-3.8871392851081055,1
-8.001780476980958,0.6446748573120077,-10.419512256121344,6.131511479818486,-6.325187476527035,2.9357518775075127,-3.014873926604219,-0.13926432195755978,5
-5.563350509284087,-1.3911776107270488,1.9943039126391584,-3.6912355545251545,0.9040448805590349,-5.903557074386822,-6.04246082898659,-4.426382410719851,2
2.9990039465593648,4.104799653448348,-10.17720336551384,8.746054091784373,5.670427532747068,-4.493148467511492,-7.397946223020411,-4.977076028518132,1
-0.709044670443971,5.5722711202180175,-3.957475459421188,1.573171937430695,-0.4412142045538858,-6.616004522882788,-2.23537025929791,-3.147878529690174,3
-8.26088445190869,0.5836782856097884,-9.916955714062052,7.249854139007122,-5.709533976055704,4.018014286079636,-5.976522507038725,-1.3376786312900437,5
-2.462240328250579,2.8294130441394802,-4.270620718132837,-2.8963221344344348,2.3972684387310355,-7.772298313991693,1.6811435109675388,-7.658905725824162,3
-4.76358920678312,4.8608002951649105,-4.865447169431844,0.24883077962621175,-0.20800691052834974,-7.527581737292785,1.6731367827593335,-8.544038311312606,3
-5.326978025735039,1.3746003342256365,-1.233438136865967,-3.6524533460216664,2.600759967235299,-8.954750305051064,-1.5757327427684622,-1.2430956047035908,2
0.9692197962448095,7.519597524484812,-11.236462236467135,9.632809183473766,7.596886431625831,-4.745044993500505,-6.457271977109943,-6.717033917887019,1
-11.306956438917707,7.024036295230289,8.344472783732115,7.211613280145044,-2.9180862628131337,-8.44565895682395,7.4602291858701335,1.3015580108971312,4
-0.3673014529905837,3.290965685314161,-8.30578660063567,1.7089212619781906,2.9721910847225517,-10.545176665819776,3.347105324387721,-4.030490107503371,3
-6.90903195112747,-1.87047989895338,-8.183311723271746,11.12761677959445,-5.934415629650012,1.824843151569097,-3.7176764754961935,1.4898396148195447,5
-5.564459584729351,-0.04686018618950005,-0.2438747687703322,-4.105314487508344,4.558193773062667,-5.984873923790723,-3.103201727046647,-5.247045613239132,2
-2.3790577412868092,0.9748025071614448,1.4242732960654108,-4.6982085399449085,1.8164459375909878,-6.839872624915298,-3.4131683964858817,-2.308047514825991,2
0.17504122422965263,2.8419769082973687,-8.254359072900234,2.1762651187068904,1.4534543668874134,-8.808310429124086,3.9737618662833984,-6.599775474049116,3
-2.921000082930102,6.344551609994179,5.2786358323965485,3.0086831874651176,-7.652725530830269,-4.361730772011894,-10.799552817439757,4.980523107162991,0
1.0650533001476192,2.771423484604253,-8.606773849009011,9.346190814347583,7.977649830385959,-7.202493327828313,-9.210602936535476,-7.1847163338534585,1
-6.822942533272245,0.23407846333336102,-8.183036969424018,10.863289068079647,-3.743279487351136,6.038628368976541,-2.6421754074426524,0.6118115338567094,5
-4.27778653851534,-0.5142394292951138,0.42065997474072936,-0.8614084693913817,2.4531470221014953,-5.707141884444647,-3.607714469622877,-1.4639552837812229,2
-0.7213595176088128,11.331884896027004,4.064249002965564,-0.14850661379052932,-7.5411714489485115,-6.463660782743329,-10.380342038572987,5.792081451666634,0
-4.95965412744258,10.854713961635596,4.311424405034099,3.7628495947492535,-7.722077890504939,-7.717831174726479,-10.061026615256566,8.725401206207623,0
2.0325107004054797,1.2042379077954446,-12.85971652016598,8.47182229133604,8.33861481868042,-4.491951135816871,-4.900977193099534,-7.9111836892294285,1
-1.793590457666727,3.922522025665266,-4.930292177557565,1.3523239557903686,2.907926973546143,-8.386837634495128,3.6624152329719184,-4.339806678622743,3
-8.571898320793517,-1.5219243410673111,-12.50834937746978,6.878373160118275,-7.382861003332746,3.153698005134562,-5.606995865478849,1.5692549661347721,5
-4.123818863716624,0.10021130388226562,-3.2821295988714376,-7.505563417867499,3.5456441743670077,-6.8209682697556016,-2.7139096241594878,-3.372340641579565,2
-0.9984396378700654,9.051343690265552,-7.187353860644807,1.2509431292475006,3.1915884101271272,-9.530989888838018,3.045518138635713,-5.076721925900338,3
1.1319549903042136,4.988987901775245,-8.878081571615333,11.352062243246426,6.456051122851116,-7.972876207923862,-4.672731966616903,-4.034166849040098,1
-8.340575217792448,1.6273340645121577,-11.715268983872924,6.743190824740715,-6.25975625110906,0.5802801907739026,-2.3854497146038645,0.8449412776379346,5
-3.998830560922856,0.0017230818709222384,-3.137666284664369,-6.032013960307105,5.33452037560345,-8.213734727537673,-3.1802615985607146,-2.4125479822858824,2
-0.8156893448147494,6.3818296903732845,-4.294270701772742,-0.11070041986835122,4.038174566611708,-8.485662854294642,-1.699147982819519,-5.175928042885858,3
0.9177372490621132,4.02406931464449,-9.709748170211409,9.526708359440224,10.688067658580428,-5.159854758096882,-9.62094476802563,-7.200388157678468,1
-1.9158495570228051,5.370780015231146,-6.9852476764000295,1.7168431086582858,2.380914144222835,-7.3603599631788645,3.931279122920338,-9.353132711756423,3
0.1223963169000919,4.493468426160363,-1.8669257401856258,2.4156972551127986,0.997561850848273,-10.816172637957402,2.01025037914126,-6.297904016522902,3
1.1993707874019068,5.324984693454113,-3.8976262930929795,0.8334809507863222,2.88978197324077,-6.859872831145653,3.3461966381738524,-5.123924625209625,3
-4.263202154942924,-1.1104267091841422,1.3173314567418948,-3.829246740693101,3.7918199900643943,-7.68798741188668,-5.981422545705426,-4.767793446819409,2
-7.5912989554564705,-0.4151389298081918,-12.141328395064717,8.051366274570695,-6.7301846152863405,3.5048448494664535,-1.8693828833934751,-1.1673620611996895,5
-6.028580211549514,0.777294234745336,-8.806818727536854,4.753193700059071,-2.893717970449173,3.5447963126572213,-4.024945172541593,-0.9095718031240498,5
-6.583621596037084,9.161719065293452,11.205564151279425,6.125907794445354,-4.7158034330288165,-7.771385728572401,4.674095179656421,-4.245813945477025,4
-2.763743732319944,8.194762671396774,-4.350328891598289,2.2607779450843664,4.867660949966043,-8.94102706704682,0.5301376847168342,-6.754330127483997,3
-2.754130904228261,5.4291045736342864,-4.140380818334802,1.7392957324315161,3.794361593396502,-10.016240669398808,3.405758039193098,-8.29027016141918,3
-5.2901729505224475,-1.2329633278380272,-0.10654667296168752,-4.272067007584978,2.7402798845319034,-6.967445689676917,-3.4516369048022617,-3.080313198103593,2
-4.509062262827688,-1.0144230864082928,-1.129695413094415,-2.7783463282286203,1.6177730524736256,-7.6747355736004375,0.3580933704458005,-0.9469200205906043,2
0.07996229726500814,3.7320663882634033,-5.827946985241349,-1.2013320324491197,-0.37401345326003765,-8.413466416467195,4.003936327084038,-7.2029076450190725,3
-0.5936698090022015,4.146378910513219,-6.8618591850815305,3.1055554754371664,3.0884970192743904,-9.794596178734292,5.818031961126334,-8.504617385408801,3
-8.053498434772642,0.4567196333988861,-10.654825430185213,8.767976899448543,-0.8867207190170721,-0.2643315293211055,-4.566916921106003,1.6761674083847202,5
-6.988941596097683,0.19611628531777048,-10.220029311306066,7.629418302841075,-5.782879966570353,3.3227142160654117,-5.582862432176837,1.6215378323542866,5
-4.151388355318177,10.982287044548961,3.0963501550269577,4.578719371576447,-7.334642630521685,-4.335178277087386,-7.752037692541165,7.1043301323907695,0
0.7916677871735871,2.667042752620566,-12.169137015807102,9.509362029193612,5.73892368545315,-4.207171803659002,-8.679334403152293,-7.19924349100793,1
-2.0561133328788364,2.150648146384408,1.9007274529195408,-2.1485314225298264,0.9643593604759113,-6.983501781942122,-4.733423682871533,0.5737806417923395,2
-2.9161827416347315,5.167377949102922,-5.968566554220844,0.19091049370976285,3.271163033937987,-8.30745375255141,3.2655127829424613,-8.813318698741154,3
3.249600538047699,5.022225431362415,-8.439756147689923,11.559787292403911,8.06265209436199,-6.0099957389601775,-8.16014250558092,-3.6634331101240996,1
-1.319998644965745,5.412709930611964,-6.9278686963496225,-0.29421361266300783,1.0588898932450856,-10.642821843362757,3.5211586476380328,-6.881437530853001,3
-3.051820772395644,6.492198112698679,-7.901488064230796,0.5925576815801208,4.779337499281102,-6.786559449740611,-0.7889695970655999,-8.63543987948778,3
-0.44608632230989015,5.492841175931763,-6.990039273645074,1.0893042644622668,1.5159141814822075,-11.42780207953532,-0.7308087295200085,-5.327025577321047,3
-5.336757942532742,8.745706732814257,11.243238114875107,3.8222059933222647,-5.257363818089085,-9.66191490801885,4.34420260247973,-1.4833117604697739,4
-5.538229738062982,-0.3528894538214612,-2.848982202948343,-6.135375607286854,1.2871388112679782,-7.090902970805029,-5.073328660374362,-3.1903674052061226,2
-3.3634594028792004,3.903955004788367,-4.001482115469158,1.0653491716768497,-0.1261088159430348,-11.896322139479395,1.1508296226686598,-9.551691459038041,3
1.4777560705418717,6.579567591849436,-4.976702033781281,-0.3418688615073877,1.5507260219075623,-9.468714413361823,2.69047929803033,-5.5626320033061605,3
-7.301000241378909,2.522499020290145,-8.880662334355694,7.517867599796147,-5.296705026297966,2.027558086398397,-5.395596540074288,-1.821587449220028,5
-0.8883907229996784,6.348871176145938,-4.626867209950257,1.9608302438737333,-0.7277767817606384,-9.164121430612974,5.368402453324853,-6.398956616657839,3
-10.769479512806539,1.1365841487334074,-9.186205156766855,7.904525832917058,-2.9493341559559676,1.1888117776631213,-3.6757948591534535,-1.1411334011967413,5
1.2172386043900048,2.539682208153759,-10.595660885066028,7.426054540569622,7.334950704701245,-8.082892175788771,-5.397527829953633,-5.3269838878909255,1
-9.55197127806574,-0.16911086364511912,-8.096856829494953,10.138600445904641,-5.397537163515928,3.5511711583056087,-1.7850204854990763,0.46140658123267186,5
-10.159084108182753,0.8123581383407285,-9.57408975828829,9.508580579742802,-4.742943006745304,1.0569141965639068,-4.334759585186562,1.8362338321181018,5
-3.443278576764864,5.218397489734605,-6.232673485592333,-1.6073432672919787,1.6567622043757315,-8.834198770336,2.9810323104783514,-6.466064685243498,3
-9.18805302875694,2.345947804587656,-1.478942869170096,-5.308508496677581,0.6255783173153495,-8.728710992207144,-5.245004540909101,-4.476175268017116,2
0.7882691681802063,3.356796115860078,-11.26142206748861,9.06392831144649,5.997627389117602,-2.7919679585373034,-8.229059352946726,-6.167604976133584,1
-3.583433806099419,0.012175202000348384,-2.6612688439186556,-5.700166410971009,3.5860984906019757,-6.876319138182126,-1.202542113965952,-1.1174799134479403,2
-3.3013241248578193,0.30400159063462107,-2.377590082146811,-5.717015692864844,-1.5789561823059763,-7.499898086806378,-1.7261019365725119,-1.50463498606601,2
-4.446671486636339,2.7771034455723806,-0.44473911622996964,-5.985160788309308,1.2763427495057105,-6.613695228116919,-5.6075194787880696,-3.833307199429777,2
-1.8165772346988487,5.893897502092283,-6.239262899664682,2.944475439649008,3.210768393664089,-8.09633636680262,-0.5958129363159297,-6.312977803426037,3
-11.616242806538843,7.968324657701395,9.96674719053427,6.317919089966148,-7.1965986376479245,-8.413884408787869,7.641488684833063,-0.8018896902798173,4
-2.4638882212440123,9.061895951391515,6.141132925789698,1.1474981187929338,-6.725833948045697,-7.6197500552040145,-9.533521720527716,6.82884751794888,0
-4.125883821580032,7.16058656831858,-6.424344093505811,-0.2809448235376414,0.624598833003104,-7.631678123383816,3.1325549216819257,-8.417328766317276,3
-2.554346229352318,11.197208118871709,5.699936489665882,0.6566002415112402,-8.542379453536496,-5.571339122149769,-8.204140626288249,7.595119344251762,0
-1.0743299992412148,6.124785224775159,-3.50753216378311,-0.5892040520911634,1.0981399302928563,-11.736267430006269,1.838602716269895,-5.933725543414224,3
-2.460758276316451,4.856273395796223,-11.870948851380508,10.196773854118192,6.8535363398077624,-4.736055344129597,-7.162296839049436,-9.329093981841968,1
-2.6677485034387804,8.049773078943982,5.331499557242751,2.7252403837298553,-8.011828622866512,-8.019587775957616,-9.015392346327737,5.88889535179437,0
-4.819478498370762,9.726051788290302,5.298383986890952,0.46692461353749226,-5.086079953368266,-5.591190068786069,-7.277010416974309,7.337695241368936,0
-0.7780066095473206,4.77057942084958,1.139169981211408,-3.410258891778964,1.6966594421244938,-8.48722021719431,-5.3287588859839605,-3.557991388024983,2
-9.46077509709986,11.174916935920631,12.645193083201768,6.679653776334345,-4.814184075225417,-8.246425668150636,2.4647498391408647,-2.183771531485172,4
4.448086123432245,1.7493668445074353,-9.57227627129904,8.29628594972751,6.15129846963072,-5.109191850857963,-5.292399261390038,-6.511312112709476,1
1.996914765338554,2.7409693473806627,-9.729526482300017,9.072181821648813,4.635578599606987,-6.101402462782744,-7.649585744013325,-5.394322972565273,1
3.03541252073924,3.0986229719871776,-8.781662832563507,10.160778654471589,4.435305116078858,-5.948170764532133,-5.939089418129344,-7.029974108521975,1
-2.0733233884069744,9.682230271912394,6.545616203865665,0.6634016412846062,-5.132256336779388,-7.756758080007042,-10.975707603305793,8.4821414104019,0
2.1998602344827174,7.163773847943034,-6.748536668512037,-1.2272412649753672,3.451799623326057,-9.924366077152614,2.4976811786127264,-8.781159909068755,3
-8.285274427068321,9.995073216607231,7.447451776993647,3.2681753100538518,-5.192378072744701,-7.36356787993527,6.815707211020515,-2.8445078815057006,4
0.11637709222335335,0.7109800187857618,-2.3121615448824415,-6.007525862411225,-0.6843838561325795,-6.628387948805258,-3.109679840776431,-3.307477022070497,2
5.552650602679652,4.288890888103189,-15.726958991618943,11.377128989043513,5.784250673629149,-7.035592061364088,-7.001013095840975,-7.046538677834694,1
-5.326876940406134,11.805782189405749,11.578468471957976,9.040041310324833,-1.6368403776879994,-8.082361454448598,3.4848051621804363,-0.8203097243750455,4
-2.4669644477382224,1.457656705288244,-2.77814346356291,-3.7728765272410096,3.9188526908603873,-8.536777062935803,-3.4490071428591453,-1.278597252956538,2
-7.033572630840879,9.023342988085563,9.327136747501996,5.210378600050631,-4.006037706005399,-9.068885481156757,5.863398860204734,-0.049653881599337035,4
0.1438324450910955,3.3041654733652845,-5.142859183439046,-0.5365498505992511,-0.6249945048801364,-8.863350573875854,3.013365183728942,-6.346944616422869,3
-8.121037295080257,1.9280864080877698,-11.264093540721275,9.426496157972435,-1.3146263318433382,4.119944494952788,-4.14660788490807,0.14525577788392546,5
-3.8186834885599525,11.466074487683308,5.439661434212695,-0.2657201957423747,-6.291388322364996,-10.240152005518546,-7.837514929706353,8.739893288281088,0
0.39723906545645415,5.02259012470852,-11.779452153533644,12.221918457306664,5.410020940161948,-6.111084301319988,-5.834519438113338,-7.236469726933075,1
-0.9970595256826353,4.016876993313958,-2.2512668401187312,2.8508803289819027,1.9814322352762326,-5.581679555573203,3.1627371099567303,-7.278871794439478,3
4.1206695452006485,2.3351862883573578,-8.787928752966767,7.400912560248977,6.799535166686264,-4.568684310344111,-6.706704762776738,-5.450107236392194,1
-6.340812848285685,0.8721752291463774,-9.479716489388203,11.00646331752341,-5.523952459831953,0.48276982370192023,-0.7222489239693162,2.0191353150809896,5
-0.4871852428146177,6.459512129208724,-5.837834560114372,1.5607209467149692,1.4819255065307606,-9.569868199028612,2.183793284187408,-4.695647327536874,3
-9.84304461676932,8.850760749068815,9.50573031982387,5.930889137238358,-4.2618413117671,-6.829771122263212,3.3179262503624227,-1.4609754222219482,4
-9.470231513881114,-1.3702445678709667,-9.234280747470448,8.755418026504723,-3.562880359989035,4.804720704883469,-3.1858607040712075,0.7687073453972422,5
3.6357657867729616,4.311963301827347,-10.657683176469373,7.166951542655124,6.584793283974677,-3.300397718835784,-6.8592524980405045,-5.075707266195236,1
1.8665466846358032,5.40749044868536,-10.539786893543422,8.722087572805936,4.548870911470336,-5.3669632002424015,-5.843097974491037,-4.445088749204556,1
-5.6161714780598,9.008199514325042,2.0956519071396245,0.909727927937432,-8.32412147429175,-5.585286076088769,-8.651399477960517,5.266577314289059,0
-7.384392087503589,1.4197822561695703,-6.957601252810651,9.773218471677234,-2.3407765050318763,3.541742467767007,-4.760319172058216,2.295898614154587,5
-3.4471207658252294,6.674960893107163,-8.682796972391207,0.3775532515750172,2.1764155052149254,-8.57469859662682,3.0063154902487157,-6.602371291949005,3
-2.2185084030834012,-2.142579526735846,-2.470272965904801,-5.3276748273541035,-1.8134751111544034,-6.30432927183931,-4.550962748205271,-2.8537911927357276,2
-7.197788510507846,0.06460386394418416,-10.25213806041704,11.695711972596404,-0.6344342546098156,2.827432311320083,-2.369047492728998,1.8784262976698203,5
-1.4430976215980111,9.754432196764643,1.8785880701631466,0.8890662402036837,-4.969052146275474,-8.449974443099437,-9.581374576331031,8.062820344701738,0
-7.174772348548061,-0.001957613376980513,-8.457472288164823,6.145195929443089,-8.06747225659273,5.154444441461421,-3.9759765423977353,1.0668460376105746,5
-6.3124002124617205,-1.2942351324718924,-8.133392124092989,7.815142951446822,-4.945321494921647,3.25472793549294,-3.558434649368601,3.4634146317176047,5
-9.147865408006972,6.9465695659162385,7.7085525965620425,5.728363779354458,-1.4776846077459451,-8.34470789930701,6.190343887628958,-0.5018699406029733,4
-4.441882442135512,-1.5980220839894357,0.1277175977000773,-3.677163834136232,4.415655427741698,-7.52016489930428,-4.827877235533901,-0.45182195550168247,2
-2.088694884433064,2.666008129431124,-1.4842428854623813,-5.681949942387041,2.107180117940724,-3.8634580905270357,-2.558758492789044,-1.79157482767409,2
-9.219364980608969,6.352166103437279,8.991170790177703,4.180888039260196,-2.471409237424483,-8.672968495390089,7.719099619412395,0.35009393322635063,4
-7.528177744812653,0.5173408704814291,-10.22123565958135,7.350243362255537,-4.5890398390678,2.3184390208226233,-7.868316289022802,-0.6655206666552276,5
1.0155471583083957,3.0307207265240996,-11.657305714731905,9.53239304605738,4.920201089162833,-7.637084194833339,-7.041405802915069,-7.114559683226069,1
-7.608653525200485,2.690597791980577,-8.706215253304206,7.397970981497975,-1.541576210876142,3.268378868494587,-7.08628530910207,-1.8175623935079828,5
-10.833826541348502,7.7643475702477405,6.898415282984615,8.343030030628267,-2.1790072936058866,-6.863390400294129,4.566487573207699,0.8003973320982223,4
-1.1365595025866013,9.899997377906791,4.228198835239638,3.7045493847297575,-7.086081775358924,-8.242769072210976,-10.052680874881363,5.7575375774030775,0
0.001219975383946359,4.654243529508605,-6.152102177695584,0.7733330593017143,-1.2579775297777793,-11.646195143826812,3.6060317140248674,-7.65151184081248,3
-0.18382281293843128,5.74862048135978,-9.823410985738123,2.860734713456423,2.5138343793802354,-8.952758865434278,1.4757340554810727,-5.941046949465223,3
0.14879454652858803,5.713521105594367,-5.932366439012022,0.1853233285773726,0.05557800272175828,-11.494174878454842,2.7688576360207455,-6.288969674620303,3
-3.8979582990980814,8.672536940670254,2.1875844827501267,0.16742460698547657,-5.323716794482454,-5.48364973012457,-8.257520900946288,4.569798881961952,0
-3.598568006258235,5.587444643422656,-4.2995319622596915,-0.2320120430248459,2.49063137596944,-6.788596109250313,4.393323139197342,-5.903412106091318,3
-8.547576303838781,10.674744054105512,9.939601626223695,2.715463614008666,-2.481760022465583,-6.743135778332243,3.0781570428182508,-1.0101528560573763,4
4.850986101807429,5.698635574839366,-12.566731491138672,8.174567779475833,7.036793570764773,-5.235209678864088,-8.748289241037018,-4.478205014415608,1
-8.430074936609545,1.541748018188865,-9.724570108352623,8.39912207110447,-3.396791069589913,3.333649747646049,-5.796513719127784,-0.28117450569948055,5
1.6081780621470267,9.109035622621503,4.6621657032888155,1.9345695445647269,-6.562691573922702,-7.111086252354254,-9.756186967644389,6.448548609514075,0
2.3654414628122575,4.007236137817073,-7.6085184443821925,8.985837744701813,8.702220139669565,-5.9189584178697805,-7.738636213374814,-5.24491273001273,1
1.1029372617707498,3.6242057675362336,-10.095674646202296,8.112702204565874,7.562811552386419,-3.5281880329145454,-5.611478797863329,-6.166498608991971,1
-4.835240805344445,-1.5713619314099736,-9.545796325304131,8.973244067964046,-6.21881251467244,4.065214059193332,-2.046297762167215,0.21799716102154076,5
-0.3991744157491925,7.053199882530503,-5.126695738566208,-0.34049487070127205,-0.150707797919013,-8.131760961927741,4.071733985154239,-7.505890893843035,3
-0.25359036293724657,5.550046146142067,-6.165865510765493,-0.11968098109950298,0.5352201461311483,-9.40055379140812,5.683791562043309,-4.505826788998602,3
-0.8468768696346931,7.5739367092423775,-6.091744452822705,0.9686174157873371,1.758844924198864,-8.090262010934005,4.380489513304804,-6.36945059909866,3
-0.7888431571616845,10.689928381893463,6.021378484531907,1.9482687417482616,-11.60642549713852,-7.906873023119354,-9.839793384931374,5.758315014601939,0
-3.4633507388900213,-0.9709402425625393,0.3020066004112616,-3.7104496804202944,5.409078796364192,-3.38244537308755,-2.9357959070026007,-2.5632826361935206,2
2.2320911543444106,5.577199688402763,-6.306315004852809,8.28810997459697,6.489949875541185,-6.1891008279238715,-9.490849463031228,-6.828544688940874,1
-6.660328555056296,1.7372180543312723,-8.17969817204066,8.513583536919832,-5.332575973692115,2.7244584441499224,-4.278228496971085,-1.67524608866694,5
2.61256775951737,4.180094288217302,-9.395077369201772,8.37569251070866,8.220070393802981,-6.442452360323092,-8.49253918869099,-7.56550822344129,1
-5.888000556354984,10.019207828885081,10.806348515260137,4.1126422422043145,-1.31280333405858,-6.0187814293578406,3.0972757542967004,-0.10629392474742416,4
-5.5407020324563945,-2.30833758797956,-10.333334749801939,7.257899420074437,-5.869193645029618,3.064566343970332,-6.051684019575267,-0.005880213227605791,5
0.4472393609838363,-1.010653136098985,-7.17501291608787,7.797764206797025,5.9889807042485845,-8.081045250897374,-4.808412106352973,-6.102423503671605,1
-8.859486683544148,1.527457784050597,-9.732230426862978,10.996347374733915,-1.2317250824178672,4.900785709162839,-6.400342976414263,-3.443805323448471,5
0.9062331269039923,1.5713354407426041,-11.37251213434553,9.51534816373983,5.600328778887165,-5.441269456849263,-7.248179081835962,-8.024944093002382,1
-1.138473654664661,11.698089468687105,3.351604033439499,3.696126715393021,-10.351111059512395,-8.79081263502361,-10.37237328653485,5.159509012393547,0
-3.2641524511112463,1.1541393657132009,-8.572945361856677,7.347124815519404,-5.439733088704083,0.8768821246645895,-0.8937209041531773,0.8316178174771298,5
-6.494011242388768,0.7462784359227733,-2.092988967171117,-6.256431123636677,2.7133281589480607,-7.551104793507625,-3.6666874989439657,-4.103873854425655,2
-1.7761286393908322,7.4467321686514305,2.794546991098909,-0.7265812714364048,-9.749855187739895,-9.04882559825561,-9.972761288844795,10.448737535541213,0
-1.949526970545385,-1.4882422655640786,-3.75835052207713,-0.43142308094724413,1.953341433823528,-6.805494313854668,-5.264196374283859,-1.8888234390018201,2
-5.0429390467128785,9.675084387618798,4.297370519863523,2.5802183201089077,-5.774870893356849,-6.455122404199893,-7.785906674795412,7.212271257511072,0
-5.560765459448601,-1.8124919882586696,-7.000357170267469,11.333401300816089,-3.1526845051631955,5.886961547112141,-2.4892207049961463,-0.953211741851701,5
-6.6931445311630435,0.4524957015336952,-12.216052960955494,7.679252669170967,-2.9622236569365508,1.5376115997610498,-4.6489411884337635,4.819049969984344,5
-2.426688405945856,0.3133255374139896,-2.7387365975388995,-6.632800669423978,-0.7454458256415499,-5.110107836632066,-4.889569993870068,-2.1310444299955282,2
3.8044800716357283,-0.31849132822882886,-10.075442947921118,11.489613720281028,5.734075499609502,-2.933260722643097,-3.989276409829569,-7.082518948735263,1
-3.5604540022804683,10.605579305384916,3.421062243135868,1.4936559932778293,-4.358225895948118,-6.95658839389161,-10.00116637717016,5.919335144518055,0
0.06328059749144854,2.733014264279068,-6.81384298700776,10.012931797879025,6.821268904732505,-6.153047763733751,-5.896062508467909,-5.8835322893273325,1
-8.539416386506335,8.68950852110426,10.83804600357387,2.8603212518358325,-1.6992132972049854,-5.074196393554912,5.4254171181776965,-4.56060671546512,4
-3.2200668391745286,9.617966917070085,5.851060622860665,0.4977051652565312,-5.488257718982213,-4.711089019188025,-8.17683191147809,10.32639621559161,0
-4.573135062638436,6.942160092896536,4.102623317363896,4.643604124403761,-7.294973353333038,-9.285138318264917,-9.231516659173522,6.8871652039024305,0
-9.39431397681603,10.553264102264574,6.866338412931054,4.469343849594521,-2.8281502435557995,-8.163196854526971,5.271080773479591,-0.6242584802104415,4
-3.0230520849818743,6.477284997366973,6.463987390620358,0.6338254701566686,-6.973579874518676,-6.165651182170809,-8.518951087191558,9.074210191533064,0
-2.479703330148121,9.570416856776996,3.776263347733123,0.7278821232970316,-6.56627478299498,-8.445506037459998,-8.185123347492855,4.599389148718158,0
0.3429547020032908,-0.6882778449049833,-4.274500510066597,-3.280702901513817,4.813833470964715,-5.908218839693998,-1.586951766047139,-3.0335418070895566,2
-2.1223143085635523,9.49653743984811,4.581350772425148,-0.8073177014136674,-6.850751587202112,-4.943030309208432,-9.797751748349937,7.982647713997599,0
2.5645717915476,4.829625846353363,-3.679393226099466,-1.8821799138508672,3.150077835563178,-6.772482382837104,-0.9006534755839053,-6.36719660936602,3
-5.82509410760009,2.0883822488967416,-0.7533660990983485,-3.2677281955715447,4.9383567927722005,-8.179663561275179,-4.358933509099346,-2.1500896596586974,2
-6.675245129761065,0.6028201199870786,-11.376950481418067,8.381758493597179,-5.678808431756879,2.6740916568393387,-5.362949831002417,0.3199092177707292,5
-0.45930722356738496,3.4265542504483277,-6.3889438947318125,1.2066909955076177,2.9291068580288764,-12.046696027419769,3.2811476118739256,-6.984035787248557,3
-3.1020105807967964,6.765378897512495,4.664868170547466,3.4168131619993676,-8.332037079386343,-4.449255315449117,-8.021060414991858,8.972451852497194,0
-7.679097028624391,-1.7797054285374594,-7.632577621893624,6.937555628483012,-2.905354539399153,3.1526445261190337,-2.395933376224087,-0.8263387215435065,5
0.5473823847518338,4.321432617945792,-10.124539136129059,9.18166226896291,4.681660563675495,-6.412294961452002,-3.4650114187477263,-5.405387721530519,1
-4.197835289142434,1.7702261136985105,0.5663818700533956,-4.350864954627096,4.690854447620268,-4.762046880460556,-2.8021410402077955,-3.4984055848809312,2
-6.038914174744274,1.6338952750738267,-10.442769736448955,6.35676493677227,-5.372630603723229,3.806411539957127,-4.094799505909448,-5.409101678723133,5
-9.491491572363753,8.542223313806307,12.762376994141519,6.898788376841669,-3.405976333937057,-7.208017985581986,4.373075934375083,-4.118251787584266,4
-9.516662368292478,8.236995224492532,10.213963252411713,6.501695704823363,-4.126981831724315,-5.498253747858584,0.9927608993446131,-3.4717428459405517,4
-1.3382891373502828,5.400210849217872,-6.10255033919063,0.9010174608165213,1.8478702552139008,-9.284424047739673,4.245166332998663,-5.68456379865281,3
-7.495644504405496,1.0331238675737315,-11.225417733023184,8.013927803830983,-3.975894056121122,5.238124310759531,-5.5884752597241505,-0.9441617135057094,5
-8.46096800079976,9.176804658742443,7.627961270351243,7.826417484507408,-3.148090860965203,-9.937277372775654,6.994336664518761,-1.5342162333436662,4
-9.885526511640977,-0.9008879116478119,-11.89226715813224,10.667004145661974,-4.956930228398724,4.7212818162525885,-2.5064691093969906,0.4116278503673827,5
2.8691801291740466,6.33122229865743,-10.388554404027518,10.249432934876344,5.000715128161348,-1.8399864758525823,-4.865292440471392,-6.640080104948614,1
-7.575849465511296,8.288704982202452,10.500496883520729,6.737360336212033,-4.010953850676574,-9.693617871429868,4.781441679839197,-0.7103361596855817,4
-7.9649898236200585,8.891280756317084,7.16619174816884,3.893334354206595,-3.1825999488852763,-6.930481664066618,2.010649011323895,0.3553171599034579,4
-6.01499841645761,9.793294310373147,10.803212653450915,5.81505800878661,-4.104293675070086,-6.747957944569914,4.822552159458475,-3.194819776940176,4
-1.6907983024737718,12.110532592294689,5.944680472138922,1.896228072211496,-7.172667944836542,-7.450786607963741,-6.949302296712579,6.319821401976618,0
-4.726174900596802,2.6902519137314074,-1.472033560196568,-3.064144312906068,4.149708292724293,-5.425923882167213,-3.5797815758527625,-1.3618080839140934,2
-4.577563517030693,-0.9843789361928943,1.3870287009132238,-3.1524366464605533,6.792273236779815,-7.958298040426727,-5.316585767987324,-2.9012857558784066,2
-8.224326921641822,11.189293246862881,10.56700216711591,4.307039515493954,-2.9690305137927124,-7.319905071565352,5.547242168181649,-1.1444389045202916,4
-9.19684156597331,7.607358703728218,9.394328267556462,5.740733578269324,-3.3524860928930966,-10.65772342950468,3.9828342625844035,-2.299743734493374,4
4.383026844531846,1.8466401857953643,-10.123947433611676,8.284409761085803,4.793595935287653,-6.201256559109308,-7.746175982536331,-6.311662660293477,1
-1.3696489671226768,-0.5614013878354291,-0.5731260515662896,-4.928494228010649,1.2524381988275688,-10.266529477008845,-3.2000276645107295,-0.5940731299194715,2
-7.376435432461216,1.159936026264786,-9.439432246558,7.943752166106007,-5.328931379908289,2.435928887908874,-3.5371344347376317,-2.5145814324552176,5
-6.578855264900147,-2.382445737817459,-8.919386784672168,10.836860434471163,-5.781068127533914,5.903766555240104,-3.14860480830223,2.5459328298740815,5
-1.4368864153401204,2.8729834118744084,-4.481224309596694,-4.180789388103131,4.612291119805509,-2.5850940023205426,-3.0310336152943274,-3.26134440404054,2
-0.10798195803785271,10.37464091557991,4.082035421175527,1.4143573570312458,-7.394243273099082,-3.557312819578601,-8.227231033065525,8.011589551004414,0
-9.97061665698521,-0.8234690725827422,-9.847476670408563,7.724384765631121,-5.679608614597088,2.0894682910417455,-4.118278326747393,-0.5423938128912087,5
-9.619280012319159,9.17747741865851,5.577703350515491,7.752224825984339,-1.197417890642798,-7.741552841981042,1.1150249886867285,-0.008233907244556526,4
1.3208460140054443,4.077479264223767,-8.570332788595433,9.953978488865685,10.885467557699776,-5.026920364988437,-7.107893342528517,-7.230080582969639,1
-1.4951546135613925,9.676364684120719,4.3434185820237685,1.7654565643672502,-6.809528835984695,-7.115312795881528,-7.296121169764155,10.860359718044865,0
-10.512361336453809,8.446447144474519,9.583193097010136,6.338241098783812,-5.5447357761838285,-5.980617785405816,-0.305056951225152,-1.597149945631394,4
-8.227755879521117,4.709297250223302,7.880283442848008,6.908869916828818,-3.9247535769475865,-10.875185089410788,1.8940017030854608,-5.371211106411526,4
-1.2705260483942125,6.108092421297635,-7.413559273974724,3.1500583897857055,1.7950209642304444,-7.01270300470167,-0.5369417483531729,-7.924764966401169,3
-5.138511733697908,0.7175497223391175,-0.8352144394007529,-3.849560519677276,5.1405354107880505,-7.07055495908809,-3.77753122828601,-1.5709034618919004,2
-4.062633668894531,-0.7427128263436016,-3.1992568562243684,-3.373278592549781,3.9248990426033714,-3.2981527058929205,-4.8510476800012725,-3.237011913108686,2
0.9141204707575712,5.673407742482129,-5.952598257220792,1.7893280785860415,0.26213818093278807,-8.705315313804968,2.828437024591038,-7.462426566724327,3
-9.218622215103826,-0.6576749513803885,-11.84866170379584,6.819484237428853,-6.742516250981286,2.724546859959816,-4.559429994483508,0.5925312281235798,5
-4.070108198332101,-1.5602134976235313,-2.311269211345635,-2.4044513968830517,2.394677448175096,-5.781859716662283,-1.8056768106421583,-2.9560102635898735,2
2.9321316204846086,4.77412629201253,-6.9860209387097765,9.775865945358879,6.031216339415319,-7.218425852248174,-5.964125522722449,-10.237036226571458,1
-2.6607981120210615,0.032726682882809666,-1.159090230815393,-5.155989987518213,0.03285684474589301,-9.690725780449148,-6.616415808605819,-1.6022915461733145,2
2.541950785440359,4.929355141758155,-11.199822094127116,9.667365909133798,3.1907665979246564,-4.981163850720581,-5.306951768557697,-5.135836001672988,1
-1.2564849528955984,7.880686982488001,-4.867600567076538,-0.5570515317918737,1.1983453667114659,-8.461877297232396,1.2348000899435299,-6.641313984469441,3
-1.6851411955188946,9.836343649657856,5.463955134317779,8.137540068988287,-5.9662023740422025,-5.063204568986988,-7.3119249350468865,8.36574891758798,0
2.651019623014344,4.018443076679864,-4.599337938775669,-0.9462137930951346,2.0656143125589645,-10.514481286989126,0.1680103479909123,-5.7539934547799145,3
-0.10217764270291374,3.6997989148300348,-7.163648009526817,11.232576497212747,4.869128864535506,-7.6216296518743505,-4.32400649637081,-8.14892725054385,1
4.507667753353607,4.225130682506535,-10.656124601060156,9.974406565283987,7.316787266189501,-5.623387655475085,-6.077556456920463,-6.610013563682317,1
-2.708655921743928,5.529509480246541,-6.701240545542935,-1.5414983889787526,3.1772049987151014,-6.235643344279647,3.6910381804035257,-7.74181834493584,3
-3.6743813535328553,4.248528321122966,-2.3652922795760993,0.7249902351111119,1.1970337021005268,-7.7992288088187856,0.8948538377055253,-9.95397978576615,3
-4.447959895987341,-2.260959091963694,-2.635540547414241,-4.914135140979296,3.2648985705229725,-9.889989023628317,-4.885121022449458,-0.9338542860159409,2
-0.7896528811764846,5.151579919870408,-6.50786981178822,-0.7790776110917594,0.13496296089724202,-8.096363066863121,1.6104104476891594,-5.5990871580183725,3
1.8323204047713806,4.366940113272044,-5.775975743561586,-1.7149549379989804,2.013667695100946,-10.77830889131336,1.6802904119019462,-9.128073624367925,3
-2.6604828628500834,0.5413246009239058,-2.7688922746938323,-5.455962207296681,4.685333182800424,-4.913039420879488,-3.9610187781744024,-3.4977775886546896,2
1.5875321710726422,1.169880896792923,-9.68959527053409,9.272455614576915,8.566242527005972,-5.7302795109532605,-7.038032354162456,-4.659819970561394,1
4.199910962495814,4.2651177161183185,-8.363610123083927,11.762549515723206,7.041650706879336,-6.16151726085733,-9.090895788941374,-6.464923444085714,1
-0.1862644617969207,5.161628429919225,-6.738070567522579,10.304769575776028,7.669490122024316,-4.361121439382503,-3.6279678099771577,-4.396079466900757,1
1.3111329870598483,2.8079107037141062,-12.375132693897235,11.222218301481142,8.201866692186744,-7.790426509325452,-6.14540258295612,-7.775490927274951,1
-6.335361179413287,-0.7708348499904183,-2.8696929637811923,-1.9723232254973024,1.4514320759688748,-9.070629991216759,-3.444769623033138,-1.614873549177816,2
-0.9904732798105869,1.7236950588518418,-9.617324903696883,9.86745212964765,7.424428252758714,-6.236095375868482,-2.3149091860312847,-6.6965378969566585,1
-8.254092984639524,10.164651947615486,7.823315526388825,6.904139261714581,-7.474169716372288,-9.725206265568696,2.952907373638408,-0.625210546062187,4
-3.803506017264896,0.98786711597323,-1.7816581330142816,-1.8174370711172907,-1.7408086139065806,-5.41803216631951,-2.8912611887128756,-1.9419298898054311,2
-12.388352636804196,-0.49288475380429864,-7.281878400214987,5.9515818827379565,-7.413684667117652,5.0364030432200595,-1.7630539088050878,-1.7677396111292274,5
-8.654970134321873,4.323530853431743,8.262106128111766,5.186502600615633,-4.081810581558173,-9.535099855301294,5.1847629522563015,-2.607366068687204,4
2.002514733676392,3.6361380476160132,-9.668439072254298,11.752931280618911,6.93316968927282,-7.024672481067763,-7.501612512732497,-5.379699905469294,1
-3.5508205512477122,-0.6792793582178844,0.23464313405683845,-4.366312094924001,4.756952796510084,-8.779862408230652,-5.357058274051887,-4.028395044877572,2
-1.2039904444094391,9.978243626250103,6.303971461497524,0.34297775263395547,-7.244060757749086,-8.384135084673954,-9.456108198373837,8.947876342401592,0
-3.8254158439524386,7.6398819877197335,-6.533752114705303,-0.35524201456992566,0.9685256067969824,-8.340275645615892,0.34498823680851154,-8.164193976994241,3
-9.782855306299815,8.733344357988877,11.715192499089769,8.68489371455348,-0.7891676954317344,-7.948996914709806,4.711208161599102,-2.876989284722967,4
-5.200022982512038,3.1423498820288107,-1.7657077324030834,-8.08214837508314,4.173163387528539,-7.700332969618935,-7.116159838701086,-3.1794567148676216,2
1.2690920762645246,5.955352584032756,-7.0281535591711854,11.84352754481788,7.8601041200948,-6.157417576518696,-11.54992277638458,-5.856453764838169,1
-10.516649096933891,9.830830979877154,5.897662375920514,7.71739746716233,-2.7370309216265634,-7.889466639051201,2.8318334995010117,-1.2229660009684158,4
-7.987616012424137,-0.4268185243194109,-8.670328632717405,5.91674795817867,-6.104360477247893,1.2646236391575842,-4.374191762761449,-1.053351803291543,5
-3.5258534314187298,8.94821782898667,5.529514191175767,1.0271140218577006,-9.834144067638338,-7.5659568363424,-7.191222867152746,6.784490712642482,0
-0.3403513227647097,5.853933167987979,-10.439740338360915,8.77648789045396,4.850647367807485,-5.1483437697498635,-2.4277054798109794,-5.081514219794313,1
-0.4261463826234846,3.965553972325073,-11.041914132503457,10.364768971942357,4.0613777919355645,-5.199117450074659,-7.371578146015334,-7.506568788724946,1
-7.490836083055488,0.9439409033186588,-7.799207889121313,10.33613067031045,-3.859165070606697,2.7780227415663084,-3.4635980716641654,4.128049913430935,5
-2.001637284297825,6.7189275580875165,-4.507834845722369,-0.19585610902259698,0.6603796017008448,-8.945211544053574,4.513606527222342,-6.523862710170742,3
1.1020019154345495,4.142410238970144,-10.61254452223387,10.211016708927245,5.507745129022624,-5.391131054042262,-6.523777085916798,-5.988028259288594,1
-9.834891181072912,6.429330331508149,9.615496850495166,5.597671493838322,-5.421058306540325,-5.959013592492539,2.225428244107631,-0.966584325399113,4
-2.962339898861194,7.646149045558028,-9.003965553498464,0.5168524264501879,1.3186230082431716,-11.497160871441935,-1.1451340286572136,-8.34554099842244,3
0.3627499996525989,5.168556305757952,-6.2216646056653575,0.1235139475841801,2.332403913138103,-9.05018412322675,2.0816599356909804,-7.418960686661815,3
0.704257406571263,7.764528069186922,-4.982278849061379,-1.0144685000930656,-0.1530393531341976,-11.365508006936423,3.915554160750864,-6.8051977057744635,3
1.9252780906063816,5.797392193251693,-7.63320335846659,2.644902619524906,-0.5454614089902621,-14.663064101581814,3.381915850888884,-5.13239597261476,3
4.100209500453654,4.612520389122589,-8.48636972279632,10.373777400578614,8.91935587738047,-8.87256206279613,-5.295950352970742,-4.757932132685621,1
-8.259808133383228,8.825050346484568,8.643407483568557,3.49502329010463,-4.0862851082597835,-6.855337724028317,2.1907136653069506,-1.5454043032852107,4
-2.1789118753657686,5.5266965547275895,-8.45613566143491,3.1491834316767875,2.1413346391756987,-10.334909916639717,2.8673561602763846,-6.355828168977544,3
-4.0105308934309,3.6100437723985404,0.10550467479886105,-3.7201980240045294,1.8099543950241883,-4.528488452943275,-4.205034463098085,-2.1420847955097213,2
-0.7378685521935937,8.821676265872565,1.1636075626056432,3.3290443673814067,-7.7361522886775465,-7.024962844962604,-8.307159227725586,7.6283224031452095,0
-4.0879286876016785,0.7194166822473057,0.07525488237739442,-2.688518656506993,-2.0673831157180667,-7.645678261795476,-4.515921095598814,-1.6019590315243069,2
-10.383185388647583,1.1013034678263613,-10.22431639614546,10.212017512769641,-4.427676454119376,2.70831310472565,-5.4531989836973045,1.75577896298185,5
-9.012305522062956,7.067863087265517,10.083784643004403,5.480116516403077,-4.73897965071588,-10.506006492814773,5.328013921737606,-1.6106535351749418,4
-2.895422274773737,0.7663932889940152,-1.1685397625542113,-3.0226861639174496,0.8633199334396124,-4.4972974761593925,-7.432574045557191,-0.34410796265091914,2
-4.232940297414788,-1.1089385065631294,-1.359242048404289,-3.068689014266381,4.402993638410008,-4.850612410406071,-4.628729548056489,-4.2523619053777075,2
-6.160753568006827,-1.2531943485505803,-0.9165511320027286,-0.42434617561708743,4.2310783440454784,-7.607078066370059,-8.027713650216846,-2.542134759052311,2
-0.04402866831496732,2.2883915076006067,-8.635792853455689,7.1488215458551405,6.172220264418787,-4.763954901137344,-5.696846158980238,-6.9488041708713,1
-2.1537835884388095,8.248288333536758,6.649088637145734,0.5417980003895257,-7.178621821809444,-7.583679286514626,-6.523163141670038,7.638010557917223,0
-2.830220501173441,9.602302785063285,6.304568264459844,-1.1549083485685205,-7.469930293601609,-6.5380155229702455,-10.307089524013188,10.093394326326383,0
-8.870850145435037,7.667954746149427,8.967111622473151,5.301958881933731,-2.0998523305148353,-10.74107238204634,5.107476356554278,-3.9877624143103443,4
-8.107928034138082,8.701284040089854,9.878946366786899,7.001149131294622,-2.6973744777162,-7.395482934034272,2.117286775372387,-0.26970928480641243,4
-7.5691995892851756,-2.4295031464880306,-9.670060364342698,10.059956468543659,-7.8392078447365305,3.099987563799678,-2.845039222917452,4.64494815880067,5
-4.532395074180695,6.1453158041429985,4.027371332847352,1.7752033699009941,-7.515914700934637,-8.774558486432042,-9.47816625604583,7.754394519627877,0
2.7198164424089315,2.942345574904775,-9.81504406880687,10.802718693222488,7.914067715580483,-5.788465902461581,-9.192510308188737,-1.543412890834297,1
-4.0954253821828415,5.568861946432378,3.617540039924898,-0.1437739855112654,-4.252402934933079,-5.264402250327732,-9.939368308920368,10.927420204049596,0
-1.887087366630809,7.136088806108676,6.420093724553384,1.8593772186121944,-6.7426756648400294,-7.325506341448577,-7.601771214966053,8.57657873594192,0
-6.963088402857163,8.292158603712082,10.048796178849978,6.4631236798413285,-6.617325087915626,-8.696790829802428,4.2588674589576625,-2.45638413401496,4
-6.616332724621728,4.582139317683832,5.414673748513415,5.700781266992421,-3.0982599957316896,-8.934450065477401,4.618813858375162,0.3731454867007682,4
-0.17732138144984688,1.0676956744122055,0.23854770007035087,-4.514688095826347,1.373150830896643,-7.1664995747440035,-4.582873517689585,-5.061967823776723,2
-2.2445517665732235,6.803058018290422,3.8660914129394026,3.3200189235951525,-8.561579238803274,-10.930940499277249,-9.201697369085492,7.096710829054642,0
-5.501462795843096,-0.9122414620176267,-0.7293875944982025,-5.017281789735462,2.536141178534786,-5.158957407156465,-4.297600391911403,0.6538875834207207,2
-4.959764442623975,9.460950949110321,9.423563709332063,5.3035209635773395,-2.8566509647683525,-8.37339773702596,4.165419241391857,0.1499669420556886,4
-12.34509248885906,12.170567447870686,9.594266572441208,6.1698307295544135,-1.8115344587774098,-6.4643802968459205,3.2075832600055403,-4.320971020729841,4
-5.285735370489264,1.911507214484723,0.7345118382407727,-2.553775379893584,1.6863554115199533,-10.610848543669793,-3.2256398345158805,-2.873138677670652,2
-4.676771140842607,0.3386566373100326,0.5348754890028204,-1.2677198844781898,4.471614448404674,-5.833826449708212,-5.764051448974981,-3.3269970141093586,2
-2.767985819340577,7.9198990352332945,-6.0804110970876355,-0.2965328943465151,-0.4611695235888682,-9.29999398155419,-0.6288278620739418,-7.1805850003123535,3
-3.841972534404984,-1.1814574569375975,-4.323750769045775,-5.050117710818708,2.0216732015464225,-5.203831911478394,-4.3180697095455365,-2.987273588872874,2
-1.932568191023822,9.821146693613157,5.10542240444801,1.1619558291086427,-7.701868193789419,-8.798431830066148,-5.982687693939859,7.345043498889572,0
-6.193103650735541,4.306240606109757,-3.5359621094299487,-1.534583751098404,1.961534431120773,-8.049849381261524,-3.2502488043545092,-0.5342126132549674,2
-4.732814449200863,8.24222949180959,10.893085638866376,5.112702682913543,-0.3345397687434222,-7.504053749602195,5.023751297487973,-2.142674140577474,4
-1.9606801736348056,1.6763263443218444,-4.78303767613643,0.8713876064403526,1.2488316827253672,-7.271301654883443,3.507693092369326,-6.30776474508481,3
3.630014941676836,3.483953022834065,-10.76792879631109,13.042499324889375,9.559376320321725,-5.0050979264630255,-4.541243677489911,-9.893406471664248,1
-9.796950088005506,10.942635421806383,7.378921248162893,7.018202966161989,-0.9925616852545698,-4.664429259486443,2.9687432750163336,-1.2162091537294466,4
-1.804066295944404,6.03070649482828,-7.21448137417234,-2.0214513818322657,0.09201973736530267,-7.858212930323413,1.6629937438281985,-3.8662840054510874,3
-4.1407101345869215,9.344464962319043,6.9793923381763205,2.6909869071639756,-5.340447688636324,-7.259328745296151,-7.638487373558073,7.770351456645145,0
5.225376169661553,4.231954971781609,-7.763052833359992,9.867011134853733,7.585687268579424,-8.427349414650113,-5.769814674713406,-7.507869964942949,1
0.9910879118631006,5.374703373709583,-8.206186363434723,10.354153737474704,4.969374230797564,-6.467980771591003,-6.112462669940366,-7.69075934198747,1
-1.4936432733539182,10.789805875328279,5.295588687313721,1.5871574365510641,-5.8035092692269,-3.8402984974436016,-9.050541750848128,5.764276028025677,0
-3.218816161630362,5.58978141540377,-5.4920529339240085,2.418395683789585,0.6452615693955333,-5.426017948183227,3.0418863449551443,-9.020576527908261,3
-8.34408055756208,12.48187839166639,9.325310005287996,6.780586619501913,-4.0594455906354705,-7.968324358757845,3.6548791637101834,-1.8923478471290165,4
2.3321722642212457,5.1890967665945595,-10.461292764209956,10.168779196340838,6.9100618180759,-8.101886870656559,-5.628842550292295,-8.09213766896498,1
-11.862776316631184,1.1312811666700733,-8.934353882659149,9.262221986905823,-5.666617853507513,-0.1763980493998485,-5.0969544807488685,2.8973689063167316,5
-7.293134377354681,-1.275771508599002,-9.979907567774603,8.518167951783525,-3.0847099941903933,4.161165329741621,-2.216523172296065,1.4312398750634805,5
-4.5427203768004025,8.408558539057275,6.0777494927707805,2.0334842009390086,-5.824376839808648,-4.053690712751733,-7.176558045901904,7.472576255818291,0
-0.033189300924651555,11.887690405151156,3.6594169314530833,1.3528471880431572,-6.422242565991422,-6.344978729296707,-7.784656920359481,10.539850177524862,0
-1.6229639577742172,5.308132986413206,-1.4442721243768935,0.6420826798240593,-1.200626348941194,-12.515553188547582,3.3196951664507663,-2.613466364659723,3
-4.3181821589527924,10.010624086438751,5.6471261709829985,0.6862644684847441,-5.44705850193111,-7.890633959940477,-8.43326337577524,8.636073335678633,0
0.9753532411760102,5.099875808109709,-10.81864597436362,9.578493363496484,4.735932290850923,-6.813245220525261,-6.494929528774572,-3.428471135214399,1
-4.955305149303094,-0.2279691881648277,-2.3266001623394574,-1.7293710589026694,-0.8365631276696202,-6.160652163505024,-6.224792429181159,-4.210765514047875,2
-1.174617719656967,1.920294636090932,-3.6168104967401984,0.5675669842903047,-0.6020453051954817,-8.4706692257337,2.7020625433840055,-4.633446881561387,3
-2.990519152704428,6.410587363482616,4.939063171787565,1.902332372189294,-8.04596199120433,-7.182532469567906,-8.5498559478305,6.019733877243753,0
-4.669783266625499,0.8473043507146191,0.6170094603725635,-3.650282846553139,0.23981828480002743,-7.939789465816717,-2.222259767073247,-2.1531738215644136,2
-3.4034725786872917,9.617825128301554,7.144717283003047,1.8679692662239515,-7.767946433860388,-3.8702582821710023,-11.155149997302,3.805433384906572,0
-5.081170798350715,9.309700301850008,5.055691307025579,3.2240862787844287,-8.858748328556201,-8.992840174210789,-8.003221251648974,7.798698392671801,0
-8.20387742558781,3.0525735627348727,-7.256072195512434,9.855947217487264,-5.983128993224382,4.902201879347264,-3.220645431658327,-0.7542634085477224,5
-1.1735075738647982,-2.0967430524567363,-0.8038416308907756,-3.722099447982095,0.7386261411588038,-6.282788032137182,-6.541239310218225,-3.7194580553426917,2
3.1441101560048446,2.700964377358997,-9.358566393316764,8.097198493085667,7.964230171660937,-5.528470625258706,-8.16273534324022,-6.202110469461719,1
-0.188900908624956,4.462529933677978,-5.793427120840795,-0.32075367646711406,4.651364673678138,-7.550486693090214,4.306572078329294,-6.551041095663664,3
0.6015595363015809,5.806065782214365,-12.513373998767374,11.985970959151974,6.100062055044864,-6.989231556661933,-5.1798857907423566,-3.955563268295936,1
-4.866867637535767,0.560405781802857,-3.081082934566334,-4.179166641078393,6.925570351235606,-4.2568406743640725,-4.072911621268019,-2.4165324702615667,2
2.3910360438683886,5.238203885571977,-9.11698723321944,8.363258956571688,5.642133444855918,-8.056746261023333,-7.729773131891137,-3.1926004238936785,1
-8.348368718016104,-2.670660552743124,-8.061098307700846,5.908525941679665,-4.701861476297517,5.394228507746973,-2.9682131748517735,0.005539332291923937,5
-3.684895059107456,6.775520913438911,1.1952172110160761,1.9239112800792677,-7.778715373323952,-9.16635696369471,-6.935565418626754,8.39111515138549,0
0.338573083499063,3.4005964411443412,-11.497711343753256,6.465124320521921,8.27758409989541,-7.826895694952762,-6.649390076030762,-5.127284072541268,1
-7.23775524386674,2.757757930095522,-8.615295037438116,8.570071372394208,-5.093565160599761,3.729007219403012,-3.0752528799347174,-1.866564046607973,5
-7.899605874211371,-0.5712392504968127,-2.58614488355029,-4.626872453619105,-0.7332325854503345,-6.563901835374173,-6.194165259951475,-0.8609142689913354,2
-7.3882585059555925,2.117135089941148,-8.33518851370405,10.704749995869172,-5.781700924885951,3.0628870248569946,-3.914485049176875,0.7873143888532486,5
-8.653970297796684,0.059211063675124936,-10.715680021525202,7.6848356420357495,-6.037829446062597,4.628406844625741,-2.945581691987021,0.7977111778586738,5
-5.910580960377177,-0.9738059771106148,-10.290079212115952,6.2658396583348654,-4.8379098856676,1.7165932976100615,-5.0324124668227235,0.2967616906119991,5
-2.790171089671587,5.731099283865186,-7.167079763563119,1.7192705119924703,1.506138020534721,-9.590573113153553,1.638447517219018,-6.747108576061432,3
-10.40108825244601,9.227687943366481,10.757475542114637,6.906417103124577,-6.672521190273995,-7.061792912582749,4.920618949486416,1.0329646761484534,4
-2.7474062846252725,0.2082037880479068,-1.03824345536416,-4.811801650832012,1.3018591494524694,-5.068923377739841,-7.4271369517380315,-1.2699471514793432,2
-3.0178058832469725,-0.9724020814912837,-1.7854656307172085,-1.8691786195243463,1.2538109517699363,-5.512311975841084,-6.36037133239493,-4.589816594086183,2
1.7219776654657166,2.4994764612606364,-9.576549034212432,7.6656521970505365,3.568433275868459,-4.589821816057688,-5.4370021395465145,-5.584564292541605,1
0.5274220452011789,8.832186066736309,6.376234458086712,2.0348579539956404,-7.65348101105138,-7.274868671859052,-9.10779929588222,8.289356097835885,0
-7.29104417059319,10.458548042510564,10.201960939304978,7.249723432395853,-5.19031945710592,-6.713752607103283,4.068655204992901,-1.7813907485422011,4
2.2486665595596533,3.960183351667581,-6.672368765293886,7.883316892549756,9.488912049812381,-5.702363538641453,-9.300413418851388,-6.618634049841949,1
-3.9802763978268354,11.494181176226384,3.3866735684901217,1.457871258011651,-5.5779996433597985,-8.849492499570275,-8.474391861269403,9.41495132235059,0
-3.354984313852361,9.952468558206471,6.6211317505219185,2.0072042067184306,-6.385494370992928,-4.156565681859566,-8.4531226694543,11.486215898187336,0
-1.8031061803339568,7.841236212822327,5.006273064163046,-0.9994726382965275,-5.91443119023704,-6.403056047691106,-7.816471486807046,9.016512235638144,0
-6.371039048498806,8.631437149374635,8.882331560039727,7.916327165118144,-2.328413825692241,-6.550072367263362,3.2654849315645285,-0.13632929916789793,4
-10.239107597122082,10.636080251343904,10.665033406990592,5.2068470835044245,-2.9827894021493684,-6.530665482556389,2.207350044445275,-2.8513546760215203,4
-5.7937810605483575,7.085869409222289,9.536279671546097,4.520194902736902,-5.3455272974679895,-9.619856491512067,3.149842666603883,-2.608596662763926,4
-6.8550126382844265,-0.9491825309542348,-9.993331920743902,10.56758038957212,-6.006764383378798,3.9103334400838774,-2.3324122357786212,0.058732281289991306,5
-6.775763689032684,-1.0555359092521848,-10.086244092147135,8.301791206178596,-5.522906505991603,0.3976570436715914,-4.806050541978292,1.3852319220489797,5
-3.712600028056943,-0.7022670416280146,-4.398741883513801,-2.1999047493283426,4.3741801263751325,-7.77250321128508,-3.0980197257212243,-3.298189406462812,2
0.6288230030721591,2.969841705065887,-9.672226433522543,10.326152516893663,7.720641676656151,-7.2635938109910985,-7.9469555158760175,-7.798531712312999,1
-4.897859809810034,-2.1495666671519786,0.3025200362099658,-4.722006742871667,2.9831725331408574,-4.934509173237039,-3.8053148014973237,-2.8535158956446747,2
-7.489864872796676,-2.3675350196985443,-8.211964508917488,6.7530314273146805,-5.069697682800051,4.258712709666844,-5.308888200375451,-0.44389957520390877,5
-8.169542891514036,6.830982199985146,11.076842754903655,5.702305533504755,-6.150899445785216,-11.410880525565055,2.118840548467663,-0.813940700019432,4
-3.4403191294744695,1.77283763544225,-3.103858814154905,-4.189480431435606,1.815139389050664,-7.043264671387645,-5.028621088687177,-0.6079455379213763,2
-0.00199993646775809,7.3319880073868156,-9.63461770596769,0.8140533734926264,3.195743915448679,-6.350529917923257,-0.1912126966129004,-4.659734183542917,3
-0.5558835449518735,7.61144807825937,7.37914329065673,-0.8230487317844868,-6.183995087860244,-6.119420501233349,-10.111219065341423,8.002553216076324,0
-8.629416499538229,9.983839892118636,8.895335292641697,5.734507220961033,-5.9931819413895235,-9.339776283819727,6.982214746492292,-3.1234003192537,4
-1.3760545458422586,9.387431938219924,6.164897450489294,2.4325683482636506,-7.85952699057597,-6.301703952946184,-10.66828968834907,7.49721844474114,0
-1.2943951387357087,7.247359018304088,-4.148776036846021,2.787883606577108,0.6835523936731844,-9.431425838588522,2.0651432797041207,-7.161411674249921,3
1.7802217712326438,4.5721479253472745,-11.170957342872729,8.736100853444851,6.82907150692946,-5.678527011775339,-4.31493742251857,-3.865578291199718,1
0.8774798090677778,4.090144516840137,-13.325799229372105,10.084660351347964,6.454073209954635,-6.2911437651013,-6.011887721553759,-8.625612079676028,1
-4.682603104250071,6.462724843791861,11.55843130109029,5.418665134077427,-4.441274458193626,-7.615134539810987,1.7558232836191419,-1.2563716371189892,4
-5.2142722272230735,7.4486868548117515,9.048227226179943,1.4841927012946465,-5.710092828949325,-7.921165317065361,-12.182812394801061,7.051109720625254,0
-10.145221659208497,-0.1172815972288461,-7.369060193190354,9.101975154287052,-7.857257769178526,3.2317113567098077,-4.938218414935539,0.42193944020839136,5
-7.512316807969195,8.648853286406606,9.962059006162704,2.55971380852891,-3.1027329653932902,-9.199511178778454,0.6784974083899074,1.8186331624515084,4
3.4991537344413426,5.043461031656445,-11.41116796882038,12.119751474306286,9.535910138725916,-6.127425151735866,-6.956617320203879,-5.352051158266724,1
-1.6713748952888854,5.203532866253457,-1.93594608308363,-6.930982893180273,2.4240610463172962,-7.538809714148291,-1.002945990893572,-0.006220184725297617,2
-8.564431817181584,9.365839079074451,7.611725532903131,6.366664461421309,-4.586250398566797,-8.205719373582541,2.679183266873671,-0.41669935326853935,4
-7.555905263255063,2.2195236669613,-6.811376838178216,7.35589995098184,-6.127693722638511,3.1058620105177126,-1.9811352965205842,0.4827588248208859,5
-6.50869121993507,2.1297699687370413,-4.203177965662931,-6.648944840716027,1.9517164744560398,-6.807266393878364,-3.4815110312822704,-2.7785864174005233,2
-6.557657659446878,8.556679373190144,6.401414252225815,5.106525610693682,-8.846906542275137,-6.0853908360975115,-9.582824487484096,7.154005548612086,0
-2.7784758862629264,-1.1942227872493882,-2.9306530967994058,-2.6537830581541137,2.9771345709239894,-6.606825331553723,-2.9068207581507917,-3.353071859362781,2
1.444331926201179,4.357437036520036,-9.448538233667529,8.22889604226588,7.041319604227533,-7.741219125505497,-7.875354612154095,-5.298633576365385,1
-1.1195754151934194,1.384298743209561,-1.5479222212477735,-5.242974375057798,-2.364593756826677,-8.375768988913538,-3.011720889833115,-1.1652842483759758,2
-1.0445542347294314,9.540287903653816,3.7922625102008394,2.7943975769221017,-6.724303112194406,-5.330277608423324,-9.961612706839775,6.799263480942274,0
-1.8212570179483412,5.5871871274822125,-4.7511196960994475,0.2840180419591239,1.9473906116690909,-9.430768327812558,1.351926106581184,-5.1587321321422825,3
2.238203483125375,-0.025929431969028194,-7.454013090263233,8.256257101054922,7.174553800308461,-6.1147882589849765,-8.424862926584455,-8.044722818347996,1
-6.613158638602219,-3.610927859580613,-9.291204366085719,7.887950921003396,-3.2383145878806165,3.633016161142873,-2.87499680951995,-0.3911148503164843,5
-6.053186559291412,3.096693368654995,0.027027536852350487,-1.8871408062491142,2.864462895227882,-10.560038707167324,-1.700573082674015,-4.054472509661994,2
-10.626629613580405,9.782070841715338,8.462063713285314,5.615921809886443,-6.993799100815245,-6.505625268389707,4.5230864693082475,-0.06404006870904522,4
-0.1847773927183063,3.255958323451911,-1.1352336281368978,-6.8117268516705085,2.1483793952757146,-7.829068319737572,-6.195966586177115,-2.2071477305302585,2
-6.932458199674566,-0.9900380548005292,-10.13232292216839,8.16270728420193,-5.356053876762406,5.55728225709365,-2.4726344511162077,1.6911395110809517,5
-1.4079450613891895,6.263936904607549,-7.685036932177979,-0.9938249226619884,0.7744528043198531,-8.319371442185473,2.4072695621188096,-6.804492849844495,3
-8.802385014460599,8.101974481603873,8.947358422512481,5.3299733505245435,-3.0978666554062717,-6.379893523687282,5.66839550511368,-1.8564804492042373,4
-7.442776067650769,-1.9865754123291859,-7.88330083318939,10.92998859658529,-4.859037779389721,3.756062344178004,-7.150004088209393,-0.2944634937996875,5
-2.489726131400102,8.865686925969436,2.605401202800447,0.12823475315708022,-5.331156040745788,-6.241722141273233,-7.158249290150527,7.842976092302733,0
0.9802402908910848,2.612445799357186,-8.600424304600232,8.32073425994409,8.069339112934593,-3.515643397523563,-5.113620117797829,-6.676531065107446,1
-4.634295301290239,9.32926410558892,5.821425364220758,2.247358933844685,-7.064664442972455,-7.361875506218809,-11.203962941223894,6.171772182067169,0
2.1835864275998143,6.808920861307639,-9.235792847378482,8.778862252079984,9.111823252169545,-5.0539895911170065,-7.391855206070329,-5.578995467890848,1
-1.7732421943501637,7.929941536594952,7.861298432270699,2.191626213673112,-7.464141673250644,-6.584621103892093,-10.993729819883525,5.768940453881661,0
1.038466353337646,7.559154367664584,-6.141204877378603,0.11399695308339661,-0.11913276639252013,-6.274125742862369,1.3748679611867218,-6.04570103065116,3
1.0861991606296164,6.039598788507633,-11.270786207428209,7.833790001572608,6.5663228044635105,-6.988242386732004,-7.779546467478466,-6.163788248998052,1
-1.2875048122525157,3.7937156868882265,-9.109959261149552,-1.1396249532587532,2.5243229677328807,-6.764673500145769,2.237433698463189,-8.531261350791949,3
4.181218519361359,6.622277606899523,-12.164344790738346,9.922345413068618,5.405873458214208,-6.150419568612227,-5.8686552396552765,-6.672261670020795,1
-1.0052323576925573,5.578217334373177,-5.855415036034957,0.6386288161398255,-0.9345176562271851,-7.7317549354065545,0.7965860383232901,-6.810369042203973,3
-10.540595090186129,-3.9916203856579626,-8.951691949016837,6.296408576963303,-5.670550639542979,2.887338201420717,-0.44340175355968947,0.5971564283101941,5
0.6817833369957247,2.8099267579961364,-7.482995170057994,10.432987339909717,6.781436562998829,-4.995879105546529,-6.411186706820293,-5.49257431005514,1
1.3409914374776934,1.5100218197092214,-8.834084093659966,11.433236315918196,7.0936247203587115,-7.1091760113385805,-6.292217190944146,-8.51769233242522,1
3.6842635299716684,4.483898925172912,-8.822420225042451,9.64794222477085,7.748933967356426,-8.276785204245872,-7.793230204622805,-3.7928703516783777,1
-9.406000474118672,-0.3963024538314201,-8.603353101502844,10.116224937571326,-6.080379172155035,2.47459915626358,-4.166818649614428,-0.03178473487046446,5
-0.7521420042771494,3.7518157411893247,-6.249559916909213,0.18269946053750286,4.467558920153289,-9.547976797805582,2.4709150219399136,-5.1197293576305825,3
-1.4757729506113222,7.255814525710525,6.643532695358726,2.231248952201044,-5.849029162591096,-6.748927491156396,-11.642131108861605,5.946356254066162,0
-2.4130600316684885,9.635585336875842,6.639086677357955,-0.15927415202670758,-7.4387301146984,-8.116219591285931,-8.231682766674211,9.291878396539964,0
1.1201429038883997,0.44077930929742015,-9.9680096887963,11.042931446852362,6.021576363741052,-5.707905364550054,-5.689324248967254,-7.956377601731029,1
-3.636147527921165,6.760748054016625,2.1492721585898553,2.9427856060937554,-8.928314155145323,-4.072438902100963,-12.169414809249966,10.037853104762764,0
2.091213763388938,3.7849987196401957,-6.1700248043801835,0.8264507623854075,0.2799565579254195,-8.292447775605481,1.5112002467434738,-5.9906230203504,3
-1.4179143179125584,11.393879976735805,3.7117936500360327,2.3562168847973353,-6.080131014666576,-6.124905959805107,-8.716799327970271,8.51181478487426,0
-3.113016050992286,11.166052578087433,3.4671971752544453,0.7887980798627985,-3.486037485799095,-5.315553489829016,-12.654509674544869,6.419108932762057,0
-3.289424725742498,0.15920417881896576,-0.2861391356773748,-4.32838383054397,3.083101348701609,-7.411529710789707,-3.810383843520372,-1.7532064284057467,2
-6.8709952381781685,0.1325828430011906,-0.023130064900297453,-3.4125811112349953,0.6773209720018345,-8.50331557574,-5.767975124218204,-1.713998925063143,2
-10.801453747810703,8.104902972752086,7.9135880421451485,5.2468679989630616,-4.85805024643205,-9.060469354072678,3.191929221219401,-1.300587456505689,4
-3.26911012091028,7.968959356080383,7.464605620677856,2.6211404214782608,-8.897041518087342,-5.411530477988305,-5.442877841415797,8.97546733238054,0
-5.285985091204715,-1.7573888998515628,-14.573280347707819,6.94125481307324,-4.3282029070564185,4.63177354660205,-4.419200239068319,-0.04220784736670763,5
0.14569511595121676,8.387980928801916,-5.482085652952147,-0.6864507901237151,0.07156412764170694,-7.26629388960993,2.7225893196854836,-3.9174823449418104,3
0.47049443513273714,6.8361805703458804,-6.44467096533301,-1.5643376551242616,0.40514235583548386,-9.36565180886756,4.309181047819299,-6.989800133049232,3
-0.5945872444197082,8.03863348128731,4.425451369551433,1.9966707955074474,-8.135464492082853,-5.842860899125772,-9.03184479440846,7.994774825749948,0
-7.00467721037534,11.339369160096545,9.756940096857646,5.458837716135928,-2.2452969253252433,-9.02998409465993,1.1316772837929783,0.30546829470030135,4
-0.2422083709443017,4.0503742710242445,-3.7191466062817136,-0.11428176061778811,2.0469819627929633,-9.14222286228897,3.1952860842721584,-6.046826852700827,3
-1.5097758702099924,3.7409067567810794,-7.703370324384472,7.599531467620792,7.769188572038461,-7.273461834517472,-6.193784533639047,-5.199443220283295,1
1.7529600200846702,4.544598737969605,-11.78165738581036,11.95006937617751,6.6292103624049545,-5.298933166266922,-7.286707759421512,-8.45491389791856,1
1.892321167095786,6.556802705305315,-5.247951554722169,-0.8639784799134134,1.0256878922073365,-9.13887020093323,-0.99398135307543,-7.368429755692681,3
-3.7081699261291945,8.65982757206434,2.7567394557961524,4.886039936647637,-7.7858585370948274,-5.549522735387301,-8.503175622799574,5.748268434727554,0
-5.262216006143734,-0.7977568538993023,-1.7617524168664973,-4.9727339527470225,2.182246983881177,-7.341851666986692,-7.158401577851848,-0.2403183519136327,2
-5.840923314338427,0.08617167226265177,-8.722031994643643,8.974873526995218,-2.6239065385535594,2.589523232372848,-1.2281746045910102,-1.333133554853741,5
-1.4111813184535287,6.433940734294879,3.884787850965008,3.715490639088518,-6.7767791605985295,-8.604501237962836,-9.982813691451959,8.410879313794185,0
-3.4513845458346637,7.674666238518801,3.667278419146793,1.110573358902366,-7.756857263031393,-5.546775334427455,-10.606108225536042,7.67638919872089,0
-4.224620042229722,4.34012535460695,5.33837452288037,3.4194654296786444,-10.660319088018213,-8.495678720811847,-7.847680939027693,10.615515667037421,0
-5.754042464633504,2.1453940829391698,-0.8461633231212524,-5.425589509026276,3.3432281041764305,-8.154701493847693,-2.957818969383432,-3.11134149473532,2
0.752818069411628,5.44605246521256,-6.668568721662433,-0.7161726081512396,0.6922016357040548,-9.098559848337512,1.815948138201983,-7.910003631569635,3
-7.251873179211997,8.938517121839054,7.823711373547868,7.672587067941688,-3.506155226018727,-7.578577752536327,2.256642889878171,-5.273120801467257,4
-2.4786666904967247,-0.4722629201827744,-2.2215421164449616,-4.137925792603313,3.6345376063633115,-9.40013004391281,-3.348539619708844,-3.4152631823320156,2
-7.238270206574637,-0.7105746798264699,-9.301618809943506,10.263138985951713,-5.099312105747717,5.34501772044448,-3.9577248767854565,-1.8585229915636936,5
-1.1939013670615661,12.049154900444638,4.247257850623509,0.7671918209687485,-8.302850278552107,-8.185406049220648,-8.961690491698578,7.869366075205333,0
-7.266408297729465,-3.041222670810269,-9.267781723772178,7.451818741320022,-1.3581321694057955,1.202529623351698,-4.094457808095252,1.0143180448789193,5
0.22663166767717846,6.309698560248011,-6.4704872048054005,-1.3716805802394667,0.5367572952780453,-11.417886890228672,2.3758083182700878,-7.968939578180045,3
-4.425137380133212,-1.3953205726834916,-1.7089175462240933,-4.722081649830775,3.4010422210984146,-10.73961907482217,-5.33087974303426,-3.833592421233231,2
-1.2163397200094357,7.657381171349508,3.961863344991776,1.2477071105265654,-9.752656267359294,-7.408253899998246,-7.665801225721218,5.284751524975831,0
-2.7756943816495356,6.8987815106500925,-8.72945502770109,0.31699474944396183,2.7195208974754568,-9.570371784431073,6.106851502754127,-7.378622225595934,3
-0.6276688492013766,4.333615060512883,-5.965137940371527,2.3728193156936985,1.9800840982869898,-8.932515509411282,2.6772734842761206,-5.854815889627596,3
1.20876400969644,7.7462299468037115,-3.687629760242925,0.2321474072227172,3.508782483684218,-9.149134771401757,0.7380088434553917,-4.790834670074405,3
-1.7813334418335214,2.321455957958791,0.9350050320456935,-1.8381072467765809,2.4668672288287063,-9.06419169323853,-5.8411439172914426,-6.011720781031666,2
1.6419428375087954,3.404479694544073,-12.367073022507054,9.939754011739264,6.887071382334468,-8.177401684433647,-5.638262188444906,-7.129016876053626,1
3.0000136830410886,2.9351052662892485,-11.081300655981778,10.475753517093056,6.253783492025308,-8.834782295946638,-3.503916712490518,-7.026294542476855,1
-6.221702580221428,10.266493850304752,4.601106302036594,3.8970916807136478,-8.632060021299758,-11.962835694389547,-8.391793583283714,7.79002479818986,0
0.40953126584128263,5.097850661851533,-4.257230691343771,0.776470879488915,1.9614789321064803,-14.413962405765782,0.8430416594585532,-9.023274169833812,3
-2.4692057631293736,2.637013391417644,-1.8501397793002141,-6.075267043805052,0.3475161058923577,-10.151094891053306,-4.8911339567615455,-3.2875193178569475,2
-7.037798702614648,-0.5092521192445473,-10.075523372007805,8.783303436282393,-3.728547114844196,-0.19877273239328686,-7.340075371475712,-1.195515053471244,5
-2.327766595906047,9.748676530877187,4.338754934191588,1.807430718491483,-7.221827459238693,-5.327603670414696,-8.168311820432017,7.676456575878481,0
1.9663242871433453,5.8050339937248125,-3.9899187278087376,-0.9334349892655733,-0.14935451447797887,-9.445806877121825,2.571190570743705,-7.406688217480431,3
2.0271964216458924,5.096848279899694,-9.207782848870613,10.165597554522403,5.95717091871317,-5.382448279185849,-7.847297464971481,-4.2704160069259025,1
-1.6711193725292073,5.929335053052751,-5.579307823344527,3.148587146362285,0.45254692076037606,-9.960453339702449,2.6064739293397046,-6.999203590886573,3
-8.75287161502155,9.675807434094343,9.543421353070435,9.03496687284876,-4.500623421120851,-9.145870036688102,5.0938299752211025,-2.6836378297563197,4
-4.012338810230323,10.805077996300875,4.168749624087247,4.297578556142625,-4.433630630285816,-7.009783136830737,-10.45184572871177,3.9860863111253635,0
-2.1884670951794893,6.127701636470531,-4.359923644902616,-2.1996389129193874,2.9708335361000646,-9.090477343451388,3.0741675701349007,-6.571956954511802,3
-0.09938550098161825,4.424316574331161,-4.626516783442977,0.8503941088975329,1.4274012366175672,-9.851436596013713,3.49670654485566,-6.83029563209434,3
-8.377231085648392,7.070456488463286,8.958356673069666,5.516507221859754,-5.5925023867317005,-7.24986529490896,4.604424657275672,-0.03501665047843727,4
2.019374220713615,4.385422910035075,-9.502074358830821,7.276177584121235,7.5407065069703325,-4.741671683983516,-5.271758604562533,-4.817386597213905,1
-1.2538524636882094,8.851305005606664,-7.3173203771986755,2.162973964039928,4.383874806113042,-8.998245303626936,1.0631403425832446,-5.769006224401009,3
2.857326209480311,3.7155879216415686,-8.687958337952624,7.833278222978202,6.764653640992264,-4.48157932489794,-11.314363454404212,-7.047468778415362,1
-0.20962985454422312,5.247443123833683,-5.0246371523200954,0.46191697455702785,1.2297715751143752,-6.567263097543941,1.9871969011536041,-5.59300070295528,3
0.1647638740482371,6.3544091280696975,-3.52244585259793,-1.003328817831315,0.3872328871181958,-7.372560087589759,3.7417984487617657,-8.499110463996814,3
-7.543915219558616,2.0606970932986495,-9.738284070835954,8.188387269738886,-2.341210716520597,3.7716081104361328,-3.872315662753851,1.4105551222050503,5
-1.7734522811780384,6.7096138520334865,-5.973104896034282,-0.43143471795105304,2.952868376565508,-8.029337572348846,2.494523424590034,-3.842126879862878,3
-2.63570537003604,8.087687552781126,3.8705447730089344,3.0870384793955945,-7.707935307742014,-7.021055583722464,-5.366429215707141,5.045630696484427,0
-3.83702534111579,-0.9983453940916698,1.1487914429884873,-3.2043552595798843,3.34400478086176,-7.989866668621827,-4.159235154137755,-1.6689668618262903,2
-9.339680822123382,8.858112953222566,9.379282133748324,4.262502789325934,-5.693212000328694,-7.675162441778848,2.61852780732829,0.9487040491298964,4
-3.1097660406177123,5.474205518157308,-7.371209672506149,2.057805402553649,2.817782728160192,-9.573002858025049,2.3783338580768314,-8.682512049410148,3
-8.8366454845197,-2.5185167262025936,-9.988619562357927,7.0623078480487225,-4.962597415750725,4.0126527313673845,-4.21773257796539,0.6970519377732838,5
0.7419438582243296,3.2771428298673135,-10.19891986674509,10.582398105808277,6.3711817479102155,-5.087933425281765,-7.36473752582883,-5.964030850262624,1
-7.440079558581972,7.05995618237378,9.143148010791274,8.513211560486605,-3.1074068230727097,-4.663555691119033,3.5018347156946286,-2.2452044394040778,4
2.81047541376506,4.885871696477814,-5.266923762804599,9.276299971316815,8.146992625335365,-6.506801482856882,-5.098474121637713,-4.828997978559395,1
-1.1419605679372948,6.397465099662455,-7.121115276906034,-0.0730494287529741,3.0656892667557356,-5.7868996925182845,-1.1282045486089518,-3.4269948585363825,3
-0.8625486033317202,9.77044210005919,5.049526411130302,3.5454752582535543,-4.214868080011147,-5.257117489246938,-11.783726526766642,5.276199768721581,0
-9.361381092485226,10.966012940700093,6.698317314864356,5.930012721979398,-2.903291535369088,-7.303886519321305,3.7969581298885178,-0.4037285054668558,4
4.088650457368757,4.652656451929488,-9.121537753478657,9.740774614897699,7.431461706647296,-5.664944765840135,-6.364474227573651,-4.417306409607736,1
-5.1110339343939435,1.3917920441786857,-4.129572394990888,-6.977190965434874,3.2507742849783376,-6.429665158941726,-3.9383347799012207,-4.080624581683185,2
-3.284813982833878,0.5670469638778934,-0.2912920141455415,-3.060548459245447,2.565718209997447,-7.273835708743323,-4.852227348733152,-3.8966996990999827,2
3.26677644426852,2.9897722763415673,-8.338137122393528,9.481993473203996,8.32158920078004,-6.075489626557634,-5.753509207598629,-6.396879773616972,1
1.8209892723868428,2.4445054305407243,-10.946557564276695,7.304302433657263,6.403251703096782,-7.139534218358314,-4.9126458291773005,-5.682549376222685,1
-5.271917924903882,-0.8144897978134882,-9.789062383550835,6.373185595118542,-5.322705246938038,1.2662552592401914,-3.1215201488578663,0.5738551624221856,5
-4.002167346552125,7.419195525954919,5.7410073265527135,1.2633987556089146,-8.245744131158274,-7.9092029405191955,-7.720002841888136,6.317062337572926,0
-12.832599111246465,9.930845245271616,9.735442693344316,7.811282477886927,-5.70872646865803,-8.85638346670707,5.125519303012174,-2.892419817140504,4
-6.191104984035564,1.735396741946946,-9.558933686515648,10.617855775935276,-5.0744175324261915,2.466742718642238,-1.5947224343351873,2.5140372603197814,5
-6.809392602238945,1.9374822854846516,-8.718904575670894,9.23755060854257,-3.688188325472883,5.08210415529307,-3.818302958463671,-1.0384857125805016,5
-5.488557897527134,-1.0287087835639996,-1.8867848300221612,-4.348752951830032,4.571425601378532,-6.779045263671321,-3.250762254720382,-2.2335052339929153,2
-6.062331061758494,-1.202594233832327,-7.320412653318807,4.707420128860266,-4.966013488832206,1.304937753707075,-4.291412586212121,2.878718208064284,5
-0.6711725024573845,6.230744082153362,4.05997332998309,0.1816978525389017,-8.95111755230472,-5.022786733470316,-9.586649678735036,7.877929126267849,0
-6.993998577523244,-2.4676847762851413,-11.82532293072065,9.439674262072218,-6.5850072214849344,1.0275891009057516,-7.086531284114716,-0.35977087521508744,5
5.257778795003981,7.0913349728263295,-9.897080302501054,6.54681291206416,2.89999025336549,-6.735678844913535,-6.680418464096964,-4.25090916124179,1
1.4208150421100054,4.579346821968315,-8.321517675669995,8.483152483544007,5.6230741693640045,-3.099026275305949,-4.788152024024712,-5.066834093026158,1
-1.7287761261822665,8.406068237584096,-5.3478566316873595,1.5441471971013079,-0.0061830908061208945,-8.020360506340559,-0.12036943520464183,-9.757231711215265,3
0.1354632589159248,12.338730264515833,4.587038414276805,1.167329267339778,-7.155427123077129,-5.7365388292476265,-6.793757108587188,8.236302644880421,0
-8.349997151439592,7.146979178997441,9.742481957227204,8.954907449348868,-5.9183896383203605,-8.082653905913803,1.095922837370901,-2.5296765541526405,4
0.7042979753810792,2.861487812950113,-6.331139424048868,1.063931076446077,-1.4777966436257923,-5.7224206670633055,4.273609330791352,-5.554311170477227,3
-9.129777399934952,8.663999565944527,10.935835494007808,6.621745824169935,-6.101538073630555,-4.696492383407875,2.1008706215786557,2.769401144231089,4
-8.415759114414211,10.070580820041137,10.726041948488692,4.869271340886458,-2.711418392560294,-5.3802176822956085,5.096151157471201,1.261390539255804,4
-9.102213231762864,8.807079402327536,6.078076655957952,6.7825523997172334,-4.184947215099543,-7.148770686573132,6.884386283098533,-0.6775519264075316,4
-7.3039655738577975,1.9965439507910374,-8.828937565971673,6.15645916386622,-5.696924601161626,4.439347669909723,-6.681963429134574,-1.8568138063500945,5
-9.480617839649591,9.794441514332668,7.9458976731425786,5.298869815966304,-3.179083272221392,-5.720383152758069,4.870924681702505,0.7773120789375114,4
-2.685413699373191,5.089416967619586,-7.3404720024787755,0.09769676194689367,0.544422028224882,-9.460180742867937,1.0012217817889375,-4.90131302006245,3
-0.30951672345967185,5.529942328917635,-4.709553515079523,0.9732725488074542,1.246204299618403,-12.041609844245555,4.549347606799956,-7.687249189365085,3
-11.34094620220911,-0.021176201307599313,-9.922078770489508,6.575964151999752,-5.152936662060517,2.582586676776824,-3.4951145202768736,-0.04504427190220622,5
-3.8379086735432546,9.850308696623534,5.3093159896499955,4.215727432655019,-5.838907043093448,-9.285038076091656,-7.1552115682793405,5.726625911795642,0
-8.295641276892223,10.026647715880507,7.132906143132075,4.015404374500903,-4.752410381499557,-8.041209795250607,5.298711090878015,-0.04859481450362124,4
-7.543487166629818,1.9278133877708767,-7.656601398800939,8.052097488302113,-4.735583049210046,4.0868987167530735,-1.7532293012691769,0.12615156716810533,5
-4.06978326669795,11.099898819293937,5.703403228761077,1.0884963441530489,-5.27670742526017,-7.676222934692278,-10.08953334465367,6.107997927530244,0
-4.317204518928837,-0.6335653258469012,-1.2183993115760146,-3.8513837836648626,3.5274187824512144,-5.932620825387078,-7.840495911006119,-2.9168350503455547,2
-0.5154613150565437,5.696861756345282,4.0915786856995435,1.3788642983474655,-9.131645902699784,-8.124616293421347,-10.615249109381336,10.1271556249765,0
-8.318087869672153,0.1534150552976132,-7.72999706943434,9.046550480767694,-6.033765510652743,0.9160618785963415,-2.934631184651109,-1.4830212077836114,5
-5.293415507507393,1.5385972488298552,-2.698603269024099,-6.751688872828657,1.6496281807720197,-5.4133717924219855,-3.107570145869439,-2.675278025923277,2
-2.1664985031325177,2.8235567151897847,-4.265662219614065,-0.42632928789666635,0.13867916579775064,-10.278765430724109,4.8977174367237275,-7.6407874418908275,3
3.4392235655762473,7.012147214267872,-11.771792235524817,9.314238873539008,6.206716343937688,-5.059218288896937,-6.018430622364198,-6.895983791309916,1
-0.13390737153003318,6.76818914833454,-4.8353015212485015,-2.2938162274677847,0.7661377892821666,-11.259868480348388,2.453778735384922,-8.706868457652932,3
-1.3415609237980375,7.524683389586415,4.708728393542152,3.072142341560342,-10.184111631216247,-3.485499501547621,-9.29137077244381,4.083459053616826,0
5.9283095872887195,5.136667389860813,-6.520649364314744,10.724754547269223,5.461903758394875,-6.364051701112945,-5.422002767473495,-5.631899877374465,1
-1.9846837465038139,10.493118351458849,3.017645312560041,2.1102691421861066,-8.36030659284661,-6.471495584197039,-10.27088187241685,6.670561572842351,0
-8.81961109560096,10.481752177695745,14.277762703273742,6.93198798813145,-5.699821611728519,-5.6641294643321825,3.982438860684152,2.180847316617176,4
-7.291197359578532,12.66757314919568,7.903329333535548,5.791559383181323,-5.017211404717357,-7.692597334579612,2.711206691170889,-0.7445023224124734,4
0.647199135991678,6.428386087342993,-6.99016012325314,6.276756296376876,6.796663150406787,-6.392732171772062,-11.022386967405613,-8.643335807840787,1
-10.760431044366813,9.240541394586538,8.563613569451999,7.64890384696122,-3.9278753384661993,-7.961473003227304,4.476609047669448,-1.6730124588563824,4
-4.961518518876639,8.700237085977623,5.122598850470879,2.2540276512664885,-9.829696924720464,-8.304618150107741,-8.940852179273957,8.181588370726207,0
-9.28939979203746,8.54574112282004,9.254978621500209,5.779238519685533,-1.864105212771603,-9.713283056646809,2.477711425021589,-3.103202200211382,4
2.4595982342004383,2.234523832434572,-6.2977728009517975,8.644837315044231,7.698638738984869,-4.522473342867998,-6.586852859243191,-5.361037762835908,1
-6.288095375351733,1.9459271615946507,-9.230877099911945,8.960458614871639,-5.41489656992388,4.695540428740962,-1.485465586676058,1.630480263963386,5
-3.287911354604505,6.720442753389404,-4.778257865872352,-0.6925574679544813,1.6614770487053043,-12.449296220995638,3.707360740576009,-5.454039541851927,3
-3.999241799881555,2.34045305407978,-2.1454050771235864,-2.7224727188197386,4.170561877065331,-8.448563827539331,-5.238788770557377,-1.532503882722955,2
3.857440824072447,4.057657250235531,-9.255638006269619,10.97571445654344,9.034719062856723,-6.234075362720506,-5.936339402853891,-3.646191459973312,1
2.1288423579088502,4.2603127882883465,-8.32671179832232,9.463926425791493,3.9172912246955516,-3.941557986692175,-9.568218118042296,-6.998776444752671,1
-8.857808760460474,10.216894899989956,9.952414876484587,7.862738696722052,-5.404007170178224,-6.597560623957697,0.7045186850763159,-1.1279473058260756,4
-5.11326552366581,9.091222042856533,5.055434838982473,0.5262630837736781,-5.857879257107472,-9.538541692906282,-8.944055434471716,5.385896995878772,0
0.1683093939440261,9.721080906402413,6.603134191506297,-0.5557966213539385,-4.888322934582861,-3.309711335631549,-10.951733125239718,8.55776578734473,0
-6.393344969108784,-0.6045902951429015,-8.726579334108347,7.46915653991876,-2.718675956619275,2.676077377005209,-4.088621794175359,-0.3487346132057617,5
-0.8729396758711396,0.47618919866023857,-2.2226994463486305,-1.9950318728408214,4.230372382389197,-5.736915482547581,-5.068943700355007,-3.131831255626447,2
-1.1486729742032764,5.35363024350745,-6.134382113107204,-2.3945894545202555,1.3824899713316852,-6.327084725521253,1.8809951807958698,-8.253572770849699,3
0.8545480813119835,7.04999967829784,-5.986929251275458,2.6982459524648874,0.08284371967563597,-7.86624372607286,1.4416594275878651,-6.987746837702537,3
-7.248877360035778,10.259553884204108,8.732940132437736,3.0092161979569134,-3.5197661755175362,-7.5239004332539245,2.9798869581457867,-0.898230566253267,4
-0.8544863648077412,2.7659218455002046,-7.053925019572077,-1.237857784772915,0.7654257103114532,-6.201117453376934,3.94633662659622,-5.884101843947534,3
-8.459533205678671,-0.8487859725300058,-8.34066468421606,8.118766119350887,-3.245069702461273,3.9935200341736876,-3.715390543037459,0.9980873605140688,5
-9.490437032935036,10.190112849510625,9.35327210549155,6.263474065325013,-6.38966959714223,-9.18980633143375,4.8876372779500405,-2.958657070405713,4
-4.134512533418185,9.112973887955077,5.325985236757019,3.0821386555617627,-6.59732070270771,-7.467354135809263,-10.162472109673962,7.461353128372902,0
-1.3412695080288284,5.85227787920588,-5.890889992641309,1.136308608137349,2.897438930955408,-8.921118093855725,2.3492822925340593,-6.228080693056243,3
1.0070661173698694,5.193745150290352,-8.238184074906952,8.836061146510747,6.677256889885693,-6.790852393641923,-3.7208783379605803,-6.52434490585255,1
-2.7542613595067555,5.6171077047894595,-8.650114063938371,-0.08753753041919932,1.1420935953257623,-9.285816823103119,1.2559818740676736,-9.00180686730409,3
-4.217390310064902,8.786478952164252,4.832351846967139,2.7962718184347306,-5.741043386209046,-8.679536940216538,-11.292910429813006,9.367805830536318,0
-5.110068076752048,5.003771615339574,5.115818121216607,2.196366157776666,-7.335366291538792,-7.050020137339551,-3.881048662121998,6.910442694648408,0
0.7736528653783716,4.349479746573864,-10.155059899550576,10.739280594598986,6.397274588762752,-5.84749995367136,-5.586305219929252,-2.9608055113102263,1
-7.161326846574834,7.1505034885658345,8.793273382972187,6.208916810534012,-2.18274839438521,-5.6000059334451375,3.9295921385999733,-1.613936774139544,4
-5.692487142110782,7.496539986885082,5.577790727277861,6.675857936803706,-1.9861141705132683,-7.694723117870672,4.488186212175957,0.00687928459505649,4
4.2773953133456315,4.1922017194685415,-12.300338582844443,9.9859080637986,5.534783089524604,-4.368783934763203,-5.249597110535994,-3.977669245864888,1
-2.9943847253474125,4.896159033222232,-3.440180280242364,0.846692975667863,1.8936485091749897,-6.971594610918984,3.264961915557912,-6.8261145627017905,3
-9.648688505015627,1.006432521838239,-7.878009391887828,9.385254121803268,-5.4230384865746695,5.687423081334046,-3.310954864686245,-1.4347828856389988,5
-3.9006585530922613,10.814981783261953,2.7368198076403765,4.601446409150274,-8.32062036658786,-5.858682512302534,-9.364117317834385,8.288622805230451,0
-9.500329966264847,8.859123109207298,7.3977710072252485,1.7287833741064356,-3.5764194579068938,-4.708254068627689,3.1226122632831266,0.3379794047533071,4
-0.11467043177000136,3.104841363064046,-7.632466655443148,9.497683810939547,3.6417056736945694,-8.62840442208152,-6.104163547623147,-4.952084881463024,1
-8.185454288469627,-2.3941732070070896,-10.45116378319105,6.571239217756467,-3.8939262655135587,3.7056801456723205,-4.723565557965004,-0.283240421556616,5
0.8689827913819195,4.823287390502836,-5.7442428313394105,0.6462687044391207,2.1646232823749223,-7.991793028104732,2.7772322347224185,-5.3356789184613085,3
-5.52265798700911,1.5297115158270518,-3.2265716318888225,-5.275379798284802,1.658831269538926,-6.131075105268045,-3.875511425891805,-2.640761018684687,2
-8.559798907753997,7.800926599958578,6.67172056554454,5.317346021245616,-4.502190756968928,-7.578141686408573,3.116608672820526,-2.34630830072362,4
0.30989153084110965,5.4333331841992205,-6.477881874083245,9.985661691308758,8.413786061277824,-6.0024262801676125,-6.501974512946952,-4.586343358740179,1
0.6001431930041832,5.168361758369705,-6.369183881626584,-1.8393565532790421,5.162908744620241,-5.187683912712185,0.9022593125818092,-4.627779316383614,3
-2.7206161652952257,8.176316043764047,2.4661604118161424,0.24559156989937447,-10.114505015090387,-7.042158743198399,-9.795827885565686,5.7769822899221985,0
-2.508866319183635,8.999405614376538,4.115247289807433,2.2214747781150987,-5.559469967683055,-8.267517938413388,-9.891314139156421,6.83756126945604,0
-8.485886402704512,7.019824392588193,8.934703411925302,3.8431767946307756,-4.703928908938948,-8.991846601633743,2.6371997723702725,-2.8801631776704495,4
-11.0277208620419,9.199668058920961,11.36434855901933,5.237103503115616,-2.8904237678821985,-8.977938511042403,1.9316220519641352,-0.10850244073681603,4
-3.167974049951093,6.796419566098745,-7.572396424067957,-3.0262205930840653,1.2486373071396786,-7.631791805636589,0.1960632964718485,-5.6677659612224405,3
1.026042865821278,3.6515980443904756,-7.773846962861051,0.7319514385807304,2.0022211370815484,-9.161109979989373,3.0722316943559393,-8.078556829546548,3
-2.5910841808027123,4.859600775179546,-6.1030567127049125,1.3862800482435822,-0.685291664540137,-9.973077288487048,1.5066209421212426,-6.722672053299017,3
-7.3073893583207585,0.28155793609222246,-7.714413956052962,7.35940730562299,-4.922343292538629,3.5223885383374283,-4.592635967229409,-0.45471598364167454,5
0.14617658621106,7.7295267417455715,-6.084917906657677,2.2575703754488945,-0.8202326458264899,-11.287894567839036,2.4786799309658667,-5.82613396174612,3
3.275349284485255,3.2512483956051184,-7.33451892457048,9.19700296724665,7.7228850347370015,-4.55957946166197,-7.3675646602485045,-9.617488280780746,1
-2.818972840709563,10.20562436575533,5.666994243338023,1.5407415169585095,-6.531278069411804,-8.199550137741047,-7.71274031947597,7.199008617680346,0
-3.876387163433637,8.369380739339565,5.075457596751923,1.8815370266253684,-6.002720111619797,-9.0232925797218,-10.026145949325185,7.137927599784249,0
-6.01390783346635,1.2821336735709785,0.43582901178733713,-4.301921227218957,1.505357243956863,-6.961042166657744,-4.068339159271028,-2.2841190689881636,2
-1.9786369809027604,-0.10282476013993658,-0.7691328849484901,-5.461837992765956,1.182179435486869,-7.587970095530725,-5.4434084320590985,-1.3962002133608853,2
-11.07037229942238,7.774802447005754,8.459255193092284,4.435675685585771,-3.5597621939462867,-8.172993369803073,4.948188915553213,-1.910325861088916,4
-1.2474473743483325,0.7745612643819886,-8.800274220140402,-0.5889344269036831,0.7836762748469601,-9.004735282972078,2.117856219463983,-6.375529638284199,3
-1.8877921024809312,6.384200250642502,-5.207671651479136,1.1587131602921823,1.4192534829317514,-7.973098055192513,0.6748229125118339,-10.516061927956784,3
-3.9191036997087263,-1.9148151608056563,-2.9250601602020296,-3.6375721238567214,1.3904776268083805,-7.558463652907147,-4.3245567329422,-3.764713164553543,2
-8.440924389220623,1.891862796243223,-9.954460313408315,6.614234690959371,-6.259564508053926,5.2206040010952375,-2.773385241848123,2.098698117265366,5
-5.780162219702215,-1.1205672653640206,-10.501474918663385,10.268487121225132,-4.566080938086517,4.498128149833937,-6.49010751181094,-0.8763064904453435,5
-9.28749321412971,9.553959232455089,7.962977878882914,6.286900171368939,-4.007601885386256,-5.799674056147541,4.47434866436387,-2.4302061988122974,4
-4.292913122816613,10.929343646216486,3.684847180656947,-0.7059814527844606,-7.054064663092812,-6.82510909883361,-8.581384663561195,9.50293476139483,0
2.313150207003632,4.632521920215386,-8.990464665090114,8.97807598833489,8.69906625300625,-8.776743360228949,-7.037309031539722,-5.615220630494608,1
-11.104311175722144,9.055236337743063,8.038144351457799,8.281237416354339,-3.6674899583916236,-7.147193175819536,3.286598664180463,-0.8749016615793146,4
-1.5234530590746038,5.263894760119162,-5.781336366696414,1.1104212140890717,3.139900061937439,-5.46216457290161,2.3484905276288823,-5.412248639886626,3
0.5020415713073039,11.166958202046287,7.188977438851136,1.1552246016508358,-8.462994903564999,-7.081368665435384,-8.749167896974098,9.07422934505222,0
-8.487999908187309,1.1661356912719099,-9.74327167510299,6.474843393244807,-1.4963199521606239,3.3290053841469103,-2.7844281476221475,1.6239913236124537,5
-9.284863993433953,7.675068000237078,11.44541155777526,6.65877229778857,-4.716667880528658,-7.895970885183147,4.498312203789607,-3.707829066374296,4
0.7373649057136804,2.686166680437026,-7.0512234371227365,10.927697939525183,9.758587355812537,-5.664492450182158,-5.902829261864387,-6.759416307979785,1
-0.9082659141839848,7.9412937936756895,6.867823316331028,1.5730952605824076,-6.417717384303499,-6.463594651241993,-9.053221742988887,8.620816152554355,0
2.109244705491176,5.382184766663263,-12.017785291698814,12.041259982227691,7.48908427006967,-3.577668645633043,-4.964716385084801,-6.350485986059393,1
-4.650315831933476,1.9078083215835606,-3.3059687664393764,-8.244366299198807,0.9719209032658831,-9.538880347946868,-1.7924242514403796,0.23232079400233996,2
3.9358072867606673,5.572245797136929,-8.697561351470481,10.37881155806098,5.664350604690504,-2.780657544369413,-6.294499966333109,-5.848819106741398,1
0.3121547229438053,6.305958824563478,-6.599867597226118,0.8066515454247055,3.0336177385687186,-8.13793140562756,5.604498007494844,-6.3855469857842735,3
-7.2873094107854595,10.62614462101432,7.996128591403796,5.915838544458952,-1.9368443189307551,-10.012406239487746,5.492472382328364,-2.1353814734062015,4
1.784332894356346,4.93042950031866,-7.154948142781904,9.560769393143904,6.879302259175198,-5.724228222233083,-3.5122620755356313,-6.922122767630562,1
-2.2584876578583106,10.651935158894872,4.92033768252238,-0.16559101826075695,-7.538544581493122,-6.6690248464408155,-9.565604106625521,6.973677671602646,0
-1.3874321652682655,3.2704050080568536,-4.8346626806500055,0.625262072633999,0.667863008194288,-10.878864169591449,3.209189597041969,-9.151495640841315,3
-1.945189673681743,8.101723941936433,1.7269135553504738,2.4052614573670072,-9.939235151822913,-6.989924067012696,-11.027631818768507,10.503164514267997,0
-5.6033177492359405,-0.16817354855315225,-2.635058223595796,-5.285333944225829,1.8824924701553507,-4.440818478087574,-5.223214575767038,-0.017930071375460876,2
3.5871049964616297,6.194298314556338,-10.139725853297001,8.380186107262228,5.403113541109697,-4.722713909702921,-6.000199770827348,-6.455464541488805,1
-3.247607775499941,4.429171156034323,-4.75547787361579,2.29544909122161,0.19811086901482788,-7.244010129145999,3.248297410361772,-6.600457042677825,3
-4.763853368815436,0.1601861815357224,-9.303141231872194,9.268099330294465,-6.90329128115525,2.001244140039674,-2.9160827742956688,0.6596878874067762,5
-3.783816101405355,-0.7532188043754693,0.3137818184284691,-3.9397070215889287,0.7404222784759202,-5.8652144704924885,-3.869641367101097,-1.1482530905686381,2
2.423122960873131,3.100504077800288,-8.863711191212126,8.9722563225895,8.130398623772003,-7.828680660619632,-2.5741653880172874,-4.962232851290503,1
-3.401184479065284,6.822601360871797,4.498627558866094,6.1007046241876415,-8.16550649990284,-4.257522704565439,-6.154006454113706,6.437781728765912,0
-8.521510422839041,9.867802942583987,10.176019699337044,3.0341796067460414,-3.7255375865649203,-10.56301025260752,3.623586122071262,-1.989399643351068,4
-1.7006581868169925,9.858829088063262,1.6004063868538911,1.7679481151666026,-9.092972434305846,-5.4373436778515085,-7.583693490470413,5.88667935337957,0
-6.261109939060885,-1.6413380961423831,-7.669648154207176,6.873799587021011,-5.49314218715902,4.683157297413536,-2.9583311391638967,-1.600969158461167,5
3.011990406028855,7.338533813544652,-9.390663391138203,9.051426180589548,6.234097915201888,-5.554202159382134,-7.688770672415426,-6.139592108937635,1
-8.648347216167734,9.201432602886678,12.322631062053436,7.07293263333514,-4.242769526123112,-8.204808418704886,2.5434473009360743,-2.0744367237978394,4
-10.926318224299568,7.243044819948383,10.043112128336917,7.058910836765628,-1.2351531209258595,-9.66964637742042,5.779465282063644,-4.297555989170823,4
-1.9768466957164494,6.881249314634787,4.244141293993833,2.5063385399247666,-4.800987478275002,-5.8120326646839535,-9.980831945407497,9.208993823600656,0
1.4350640513095487,3.5367968576462956,-6.438298418989617,10.901773814035252,5.431891752928213,-4.83971219612696,-6.174140550809704,-5.705427922515174,1
-5.0410823814905745,10.321225346487891,2.4309209067886592,1.275320977528756,-7.291819967968861,-6.9915231185561195,-7.7356646253170736,6.229708063840483,0
2.815525151688992,5.192473081582,-10.673901682863505,8.90939790235404,5.693043118336207,-5.576548911320685,-4.448015005518927,-7.565577254357251,1
0.5647871456391758,4.161646759944183,-3.422888139933244,0.04193156362580097,6.427616006237352,-10.179976428527432,2.551199309997302,-7.15247635865164,3
-10.322441395161043,8.821656419036588,6.716280093205013,4.471319387825493,-2.069412548837315,-8.226334284713001,4.378335696160036,-3.1749385800075647,4
-8.300243085582029,-0.1285837153613827,-10.768964986951731,8.14388541843503,-4.347603546803198,4.496634784167698,-5.759102933904306,-0.6040857672121689,5
-0.04332745766774726,6.392014531070861,-7.503252459862875,1.0217097649983462,2.301579664249628,-9.35697273710394,3.5314051263972988,-7.504324330026433,3
-9.706969589355433,8.460722575552794,12.250696941214958,6.3880613129993895,-2.4652981936819724,-9.261393159239509,1.5387346215994167,-1.3261266388749753,4
1.901226518612874,6.621533666375859,-10.641722462788664,8.446991129721475,7.413877736897729,-6.67678374757139,-6.119459243221801,-8.814369676480327,1
-10.309549359737098,9.869020291138789,9.7669824189332,7.712369363266917,-3.3554335620806475,-6.868930131739039,4.908231763860342,-1.1641898526823742,4
-0.40871041172389233,5.99648145487288,-8.515514100642074,-0.2864443552898872,-0.4847610889313305,-10.01218758770687,3.618318896461586,-4.6198248808852656,3
0.22626869379484638,5.215733662702568,-3.110452190969685,-2.209865345458213,1.7207852956746252,-9.853456009504852,3.6878460784621314,-6.023812143253901,3
-7.769259046776633,11.330052361947295,9.070868226035373,4.973974742009203,-4.6917220079907365,-6.611684146490134,0.6128678740154023,-5.9922676279975775,4
-4.66883453406272,11.843356997093975,5.151823142060362,-0.27793975688033923,-7.586585474736588,-6.702691380750478,-6.110980407360207,5.5505429822845125,0
-8.069565760923807,1.8381369780051218,-8.695909612600914,5.820688037573879,-4.55192247530351,3.867443948371582,-3.438121763355986,-0.250287665981883,5
-4.147896541979478,11.980834234333024,6.593532749068666,2.9045260094905174,-7.242001749311001,-8.415212372033514,-9.433858598349696,9.065520707025401,0
5.042500427865783,2.617109033120032,-9.20632943361778,7.360057323025159,6.672363368879423,-5.135351389637055,-6.611005185673275,-5.189705892387104,1
-10.051625711832799,7.9958539964129915,7.820385238705141,7.11319630941115,-5.0180001668086796,-8.676958220717895,3.720646511342095,1.4291497893220746,4
-4.881776399611834,-1.0895535466183082,0.5020438808618548,-4.4285202037546805,3.0666784282118384,-6.552649196748329,-3.1364158932071744,-5.163222228848766,2
2.988782866738773,3.5054044974586516,-9.701649070749696,9.54399683084529,6.821171934579025,-4.156069536879709,-5.333630651022002,-3.0081602996193983,1
-7.4522168070615695,-1.0988838073712512,-10.868232327053864,5.1484532794292495,-4.28173531978924,-2.1798175339869816,-1.6884268363521504,2.052586173221618,5
1.1615912816168814,3.1290056143602833,-8.471595917939075,1.6135377353417184,1.2880146977472902,-12.15202058489338,2.0527623878840617,-6.916112061955942,3
-1.5713323424242969,8.354424019051953,5.051397188797585,1.5881054046923913,-6.867018895639705,-7.401087276713552,-9.101264086052636,7.662872280417384,0
-7.964681004622369,-1.2563962916887002,-8.541381520405034,8.786196162766197,-6.8459975025953685,3.4021032007456853,-5.844954713362636,2.27350655480686,5
-9.198835880312297,7.980894093263557,6.211230838960109,6.283464334075275,-3.301249366362282,-8.52656635303585,2.441938408483562,0.7924953785410382,4
0.4729854621381875,7.866787017724494,-5.9294754700815915,1.8328669540677505,4.804514910081961,-8.642241666862864,1.8704141317376524,-6.696482098336596,3
1.0764653069831986,4.687343315115282,-10.44809025698539,10.147834807750023,8.594463278266797,-6.904132485327555,-6.5724213875302615,-5.593780662074649,1
-0.052064364347129466,7.177946378795784,-8.394677947441462,0.061696275033990666,1.157673082703349,-7.556922550672694,3.2310279833282767,-6.962640774348861,3
-0.7348657202537523,4.410097088293444,-6.966131137886906,0.7603553726008816,2.223839749788299,-9.738227237725422,1.7198400486964978,-8.915287838429409,3
-7.000309047938831,1.2574886262859506,-9.632887149729507,8.45023197849402,-4.779000268693555,2.549716670204038,-2.1470467856037256,1.9863875819874233,5
-1.4395113437447118,2.71155199072857,-4.902407300863219,-0.8510574164546587,2.083851394861158,-9.575054285492394,1.437628693241658,-6.7778847100328,3
-7.049854997646047,0.5845441441505428,-9.556647287594926,7.58198469654921,-5.9599206474438295,3.3329706183091354,-5.327515669673446,2.876941231068189,5
-2.0114216372236378,5.990847260844477,7.864319012965126,4.038200821416808,-7.51513969698485,-8.643741178005316,-8.282229174550327,7.462239234561737,0
-1.6082234018596666,2.598136122094667,-9.976576452367347,13.526664081145126,7.518063959967273,-8.645361225124809,-7.466949463699498,-6.4170497009680965,1
-0.3970857478846257,4.603483351867055,-6.239278916102755,1.7725230796796185,2.9412981693368856,-9.955423766762653,1.1629028369664018,-9.335892183212566,3
-2.057077471724554,5.670216684935567,-5.330780993422641,-2.0411254696770396,1.6035702102549156,-10.392483512946082,3.7730428957377926,-7.469050969704907,3
-7.356390664179765,6.818530418218243,11.071308760895734,5.852511232582579,-5.543683224193438,-8.943031143949959,1.7282713685650513,-2.182407698617674,4
0.6379657487005805,2.9322430432940765,-10.417057792830366,6.541010992125865,5.043308134729571,-8.125180211016305,-4.210100650773641,-5.342369975110174,1
-6.408075733312997,0.5824362384459592,-10.375070983755906,6.720592707349118,-3.1294863915457984,-1.0289663867738374,-4.8355750583140304,-1.8311203269844443,5
-7.350813055961508,1.9912118453237269,-9.782698032372942,11.57740313994034,-6.33190674636159,1.4443247385073184,-5.997737146922336,-1.5520261992275726,5
-1.198881334536899,7.127117696362782,-5.184704534432479,0.7071246866663979,1.9128053144241903,-7.091582613138129,0.8307482806927398,-3.827381029523632,3
-4.0654789258209005,1.1344639177771723,-3.2339235153639394,-2.524598148839762,3.054144107513252,-9.784982125659058,-4.217493903229398,-2.0552323561123536,2
0.23457702057420016,4.095065788597102,-8.035528578702543,7.384973636252225,7.667337947005659,-2.037043026014051,-4.664594022274416,-4.069463186032143,1
-7.096099110878398,1.925641140580559,-9.663356391793943,6.602436673514001,-3.698390194834617,2.6453764738668752,0.5794518211808866,0.8061123180550311,5
5.21289822003928,4.507939137326038,-12.103878984608958,8.90625960321566,7.272765775021934,-5.633397651439984,-8.35799980171307,-8.94161800324329,1
-9.059531032447758,-1.0546718176709802,-11.30728502026033,8.64346625213528,-4.348616098864851,4.984567455615815,-4.105032773129469,2.1079010733277586,5
-7.82674473994485,0.2925785984919805,-9.741340852494158,6.788119171213535,-5.475239329397617,1.3241216466927894,-3.1459087337218494,-0.09119544300806393,5
-1.4080466957310152,4.325263073277154,-10.596097872703751,9.552485650485494,2.9698805020291372,-5.481495110300577,-10.253294518212591,-4.59120539770164,1
-7.127246439016428,7.602470566282215,9.655736588416762,6.3982541513335045,-4.4254862603608,-9.43731422213579,-1.2222206390999553,-2.5501651787977098,4
-0.46196775143649615,5.4673759852318184,5.444270528213405,-2.0160636285873923,-8.424690876788404,-4.273443409434434,-9.769179010063297,5.445314972444347,0
-9.903665407739624,0.4003132094703006,-9.818674783014767,9.50869970303022,-4.28890525894513,4.826882776721117,-0.3536262958726675,-0.8760192651673551,5
-4.4557269096698855,7.219837892318278,5.774842859356609,2.004302892770945,-7.101246782522829,-7.5583336609917104,-9.326629909405213,8.998581786679726,0
0.11999444597881759,4.868268595360076,-9.307344434396958,9.155075245684708,7.943666621005714,-3.781492018091014,-8.804560510716936,-7.287065047573108,1
-2.0112835951329777,1.9941673435313267,-0.5001639690590624,-6.6693368846694145,1.4560375359541082,-5.899048855430729,-3.756469113648748,-1.350957320009443,2
-7.663896259725622,8.354060706599455,8.830968986109601,8.93254724997323,-2.950302365677564,-7.5299198220016965,5.0129761950042315,1.0760322866999958,4
-6.113832664603715,0.37005673482748813,-0.1970238290926929,-4.413771859662138,0.9781336852715299,-7.56773408343358,-4.18826937377779,-5.759934754327897,2
-8.898098576842559,9.413353595004263,5.947359781902964,6.977009846840155,-3.8083045272333935,-8.34647765388561,5.168359785486221,-2.869803538599263,4
0.3829759893780711,9.824138376935462,2.950229556281433,1.5620574837458816,-6.387095395129054,-3.570947926866628,-11.074816522114887,9.247645323859068,0
-4.7864718317273125,1.2840668759214577,-2.2877974529927734,-2.8588698788929885,2.582118354425293,-6.513029807879958,-2.1715620713139856,-2.1610462339436607,2
-0.7886103226627725,7.758004666336172,-4.679938302021908,-1.4215201447467174,0.8679681604494176,-10.685866614409465,6.462612769541583,-5.57301867252286,3
-0.4430031538072292,1.483431653866102,-1.1674848380395866,-3.5935409594967895,2.4712033724462774,-5.614361736476721,-5.169017736598003,-2.374179412408455,2
-7.633368865060221,9.142940352074795,9.465605220937677,5.184274824107807,-3.996323535258631,-9.685327139447885,2.429093382465445,-0.37396740593316513,4
2.796446034906514,4.093720522864569,-8.137375479887268,7.075261450970389,5.5853313677668135,-5.946938478259363,-4.178604063166503,-6.406304332733816,1
-6.712369491096745,0.6239177778387542,-9.944377988158218,5.435222405986858,-6.240299058450765,5.758598208883484,-6.475493027089364,2.5093960107133717,5
-8.38624706582677,-0.9145270405729884,-9.245914505472294,6.031967962179139,-1.967898214665814,3.5076907195733695,-4.087284895436173,3.7382035793523283,5
-5.64508028204247,0.9542517431069963,-8.863338388190758,8.862796129589391,-6.668696105042574,7.365159585087581,-2.9207773252019495,1.4060239316442222,5
-7.700953689999268,2.0095338930904916,-7.444766302477136,9.597305533589847,-7.351345057942257,5.183526332151655,-3.1926563044341107,-1.0285632727724472,5
-3.862274590243331,8.991727782747647,4.539641680833187,2.359154081391499,-6.74441895804269,-5.603318313896368,-7.36071397096022,5.6425256005742215,0
-3.127117626879075,1.0196385779503316,-2.128234684678419,-5.820325695981738,3.0402609169540855,-9.941102886468043,-4.585650121404935,-6.758572759163923,2
-10.570384625652476,-3.54234856956431,-9.919099744553225,5.950152242333692,-2.1209527463724913,3.2162297409663188,-3.4190769535680325,-1.3423069626740238,5
-1.6540818595610465,7.667453677708033,-5.239028451956624,-0.6303590593205404,-0.25681404750070724,-10.72392782632883,3.9599767145959843,-3.814478283315039,3
-5.857658377725372,-3.1197132416520987,-1.994245404557914,-3.527815821644983,1.1207520639736626,-8.895315043173358,-5.036108259066401,-0.6836559034943965,2
-1.8185870156325943,10.197766877186856,8.755071344220053,-1.62592224278049,-5.905650248552202,-7.771518509391517,-9.776591994858048,6.331887510292499,0
2.765122224041445,5.070242819159696,-7.7063489832703045,7.343201882425168,6.680896559694884,-7.462056787860361,-6.445008302359432,-6.693790263220541,1
-8.313729694889119,0.12126835983403544,-10.52856889921087,8.600872805555976,-3.8954172728955747,5.94307850178655,-5.265536702167953,-1.9152383033161242,5
-7.533599318971188,12.702256733783242,10.624725259428864,7.630900778253336,-4.7803293437885,-7.795360934336982,3.5312729025073515,1.0553156900778276,4
-6.7929612291597525,10.03625539643181,8.59663069771063,6.618562648325817,-6.061476054485585,-9.296334783219132,2.5473749582247844,-1.0977940068624576,4
-8.575541330190095,8.222276610710749,8.290418636588191,2.995300935729429,-2.0447305310654875,-6.3651094495767095,8.368450767392227,-1.7323416526593565,4
-2.2713296915293717,8.474948574409458,3.6584345745625977,1.4892181855597266,-7.500710100817236,-6.607443637475166,-8.581409386956228,7.328396547744166,0
-4.381378464747725,6.13111742807029,5.506219201355762,3.187817940424967,-7.8020438323140215,-11.025777260707802,-9.712318873839983,7.950409324142777,0
-8.813178991262616,12.09908209706184,8.002420681634131,5.459705848651148,-1.9705738905611159,-10.328471354712507,2.5658338808512298,-0.40484063770504175,4
-3.9565806230427762,10.890697080626234,5.704545754134948,5.079117582282731,-8.284944114638852,-7.484922231705094,-8.468014280595094,8.357906175859936,0
-9.714706302774083,9.99131707408679,9.983967537808795,3.684913763079945,-4.527142789359433,-8.846966052966332,6.812172984190732,-0.7292490367253772,4
1.5373580651039362,6.423171416571237,-4.958645239470351,0.9985622793814266,-0.5628881181609167,-10.988049266795066,1.3345479717753874,-5.559693994201188,3
-2.381841043251092,9.900778561983772,3.261153923818088,2.0212200506032634,-10.32344086252596,-5.47778056047125,-11.336716912542986,9.728994640985102,0
4.015191138357976,3.226395916419727,-7.8952923339760765,8.89807316260838,6.824908534300994,-3.1371415134433436,-8.031940746668258,-6.006713432842683,1
-2.4226454477631547,5.5945534285368606,-4.7418520852119705,-1.5115697389274698,1.5595326072600222,-7.614377585902473,-0.24045496480811357,-6.057637988621442,3
-5.150760054222358,-0.13075642917239638,-2.198996479440716,-3.0047414734457023,2.7919099817983035,-6.095310206616281,-6.013645999055879,-0.38196395934043936,2
-3.0081809901698358,6.907560288917624,-7.034238596211942,1.2638064758667018,0.5083091261337345,-8.843852261745363,4.942055318645548,-8.500860961489163,3
-2.695164092047883,9.357827221271164,7.1648677283275966,3.5498891809250814,-5.488979843156235,-7.60897283491414,-10.26111308180133,8.852003808679108,0
-8.089706900819627,-0.9546450373781874,-9.071902571557487,10.107092741064683,-4.097955296605555,4.288126012799421,-5.493438601795966,-0.42975827924552434,5
-1.5696930666049196,6.339052524070907,-7.491621363837773,0.12512821197500734,0.9229099580609776,-5.444608297629339,4.502813447934111,-4.888641551881641,3
0.8248871457585223,2.118862435529451,-9.654359351511744,12.142386192325935,6.78037749802891,-6.2837678327249495,-5.15696336779639,-6.585221183083929,1
-4.264197750067128,10.329591853050365,6.035323805322589,2.4916279922711855,-5.561062556182141,-7.142748653630785,-6.915237085372741,7.337584423710018,0
-4.368051773312533,8.561263893408293,4.158503240802779,0.03800658727064343,-6.257261224187776,-6.477751818971127,-9.149158367801641,6.114256515245322,0
-8.296693282851853,8.86126261452458,12.202867349861869,5.956863938955708,-7.559117215213818,-8.697981012954543,4.412091855919024,-0.5779144312048168,4
-10.135168101593138,9.07195201437841,11.816906018563271,3.6323720295725654,-1.750556545452377,-9.64032305809581,4.15468499037767,-0.5364939380575269,4
1.4539738277976815,8.270364086776205,-5.117742316732318,0.00043305766441209537,1.2043232484939121,-9.098810767380595,0.7492597508977807,-7.164395485484619,3
-0.2911950051739002,4.923154397397456,-5.958006161872851,0.7923286726947767,3.8353434262884094,-7.812478716176046,1.0612815615904139,-8.421553106666261,3
-5.736939700048609,4.482564648223696,5.942248212544487,2.1789576045886783,-7.240677400290872,-4.657670612535528,-7.818608263799094,9.90960298385377,0
-5.357659933294872,-0.7339821433640143,-3.5575656267519395,-4.981706283977305,4.335621142005865,-8.563616611123912,-5.327720253595223,-2.362488019755709,2
0.5493670735258116,6.587513076810532,-12.100688760614903,11.369851170457217,6.711118140836164,-6.536364978981663,-6.096295981144806,-5.158552991446234,1
-6.834554498424522,9.557255428608274,4.082827001320401,1.8532871941512155,-7.469418176408389,-5.588835326705247,-7.046827310950601,7.776407975112549,0
0.8661453846218115,4.866763234170054,-10.625322008304396,6.339569505769417,6.295952760954052,-7.9236898700929395,-6.036588841476676,-8.231318334584643,1
-0.9475324720832354,11.25346441135407,3.634031948108789,1.5291478937643586,-8.537721986949302,-7.205647419004435,-8.8968717155847,8.378962912430495,0
0.9907841254788012,3.598997491777251,-6.96938437100979,-0.03482976282879674,3.4576171702955816,-9.913367461904434,0.668149578076632,-6.329240611757537,3
-6.750290667583707,-0.34592787494540866,-0.9145438876032153,-7.630723880267416,2.37317003106742,-6.957355790630747,-6.050694041096953,-2.239731316110224,2
-0.6534536768313992,8.204740209817754,2.9984898666769393,2.072899843331329,-6.708155326735916,-8.605729979459301,-9.118799004482431,7.962431078249312,0
-2.8053538621267,10.9536928549719,2.656538016188056,2.9457142259167455,-5.11749892732799,-5.733965464411289,-5.118809493718542,6.477208095139185,0
-1.0157302011168206,-1.8463011729636096,-0.7014932687021901,-3.572766648667515,4.08402795229147,-4.989178735152318,-4.376928788362478,-1.8241322446465613,2
-3.400043659602136,9.066508266903716,6.459688592434364,2.612320680104228,-6.382870784462067,-8.683731661362582,-10.689433992203165,7.83953037196255,0
-7.5411705226098915,4.994451398610012,8.261553949892036,7.512537075010911,-3.808120681436262,-6.94420678173141,3.8324470285554315,0.7700607448770591,4
-9.004394835633079,9.520886820462836,5.618654423542767,7.914039009589382,-2.6021596083279483,-11.013881199178517,0.46796885714130054,0.1501004757539386,4
-2.213660863403017,10.51495098821537,4.659877751279702,6.562614573007561,-9.549386005356382,-5.18614394546174,-9.114810536470353,8.558595163237383,0
-4.415671290362254,9.984907903596067,10.557649380458319,7.413979415170909,-5.017468105529909,-8.257806507899609,3.861243940418772,1.9132714162631572,4
4.1840425490033795,5.622877301204401,-9.248630725827189,9.783126255602433,6.162576579823839,-7.208661027767338,-4.3840590950920415,-4.232377013168873,1
-4.775227797997722,7.985843915558405,3.9056758841881063,0.34503404039933083,-5.5033349697190195,-5.5836935222754125,-10.687050626744266,8.483652586614715,0
-4.909980240951377,0.3421477951856847,-1.355061456669355,-3.784631511462246,2.2962808984414176,-7.893499664931374,-3.608229380185168,-1.9269277253342392,2
-0.3534477844897006,4.583486759163351,-3.4502054352953406,-2.4365223301831045,2.6096359801911966,-11.114604015103938,1.335964797253005,-6.259618800358962,3
-3.173923830173213,0.9490141521629216,-0.6782353179438538,-5.272173760340634,0.6279457547384804,-7.149886991488186,-2.2991687854370544,-0.09983971740049036,2
-7.517455874404504,11.197708076271152,8.999041712418956,5.984039945376776,-4.712254046642391,-9.46330272168211,4.1196351667114905,-1.4133768134879006,4
-7.978707330268483,1.8024415528699682,-10.037940872998428,9.33738055942307,-7.676544230410505,2.888131517772809,-4.385088248882454,-1.8352316013237444,5
-2.690202507077935,6.935539946685003,5.012337624932363,0.7623473207152498,-10.383501919116956,-4.968762040453978,-7.304910444888742,7.406180478460431,0
-3.453571389983251,1.7097513509169329,-0.47296374783948736,-2.0298658145842086,3.0672669755761266,-7.165187399697411,-5.375377377899512,-3.4383717426444393,2
-6.875542577833278,-0.19521723263487428,-10.542621766107661,9.977568746436585,-3.9299212538526853,6.615197169629598,-2.92382765582307,1.3772274488096903,5
-0.9153082185067545,3.4555688506508924,-11.406510380810122,9.768833957817362,5.599197202823388,-3.9746074278087944,-3.797314948229402,-5.2448996061122735,1
-3.814442986342056,-0.10534363889671572,-1.968669427211828,-2.452753753635527,2.517719721369848,-6.6548167514387195,-6.488794659672495,-1.995229803197542,2
-1.2200409977519078,0.5158709389995719,-3.1004076478535545,-4.201057180700951,1.7359994578394082,-2.7569465593634366,-2.4771972700556155,-2.593304964993018,2
-2.8741777070394283,2.069411687374715,-2.954127478748341,-3.8640450385015224,2.850162511051314,-7.850340488243259,-3.413434598185292,-0.7020522534317564,2
-6.7812650337416445,-1.3929792935123282,-9.163614297703665,7.658231546166136,-5.136346255364059,3.0715780763241334,-4.82167566736612,1.6040269237448874,5
-7.216567363796006,8.090455381339257,8.652009552434974,8.912253859803329,-3.566431560742187,-7.330235563288159,3.6069643465318366,0.024878009003763912,4
-8.064124886924601,3.298018348694193,-8.956571040102174,12.256004461389164,-7.0905105209032016,2.8710235003098075,-5.957809273256679,0.20596317533594294,5
0.47404994960254143,3.676234311654179,-11.137189786963464,8.493312623396008,6.970333946512829,-4.934649641844044,-8.907806773064864,-6.359698614945881,1
-6.804027063891725,-2.06415612012061,-6.294563502311724,7.000123869548055,-3.9979103684703055,1.4328708600712765,-3.589550296331798,0.6361315508726585,5
4.032216137926067,6.061792970542437,-10.893765370321637,7.5522669254313035,7.443468199976269,-4.737057767877796,-5.723229287537192,-9.554411041711745,1
-5.520649238022412,-1.0549899498112338,-4.558868533646496,-5.505531450640147,3.5073711802590655,-5.092105926139534,-3.0602136481481423,-1.7853516131010758,2
-5.834007015951857,1.6944607468425652,-1.3577101535297291,-4.518928471858101,0.22720945523577107,-7.281394569750825,-8.359802638893417,-2.9334932314155115,2
2.9043535673051157,2.5612292819369777,-7.854882684350588,11.514954336592755,5.242426785687714,-6.050095441783043,-6.336907085678126,-4.917536746179856,1
-5.051588578108298,3.166142167920993,-3.5764542267214434,-1.0719108876737464,3.8391797101269374,-7.353683709083609,-4.801376167274407,-3.4840083545918037,2
-1.6959677995734068,15.296266458496444,1.3052981330303597,4.732684323558505,-7.339543222191839,-6.420383346231132,-8.911147349117998,6.644744782061833,0
1.1414458857430536,3.1746833799906664,-8.895215606449483,6.832229883192053,4.338566540020873,-5.7223523778361685,-6.399194318117877,-5.782222479667427,1
-1.5016699689111546,8.100817697859762,-4.893425619111006,0.4863939168170288,3.6100103962698142,-4.930462949183247,0.2806178351136708,-7.875489722931421,3
-10.21018534489007,9.736743713782033,9.100794081048356,5.450969000867807,-3.065508153639711,-6.002802389962407,3.4373351174130824,-1.1834308635149973,4
-6.680837706839562,1.1009360783201911,-8.010192808762405,8.58842125926624,-5.431159007963591,4.052799103361301,-4.245319462676127,1.8430506425944806,5
1.8485135869628277,3.975738259728135,-8.191404407952591,10.372572157627783,7.319111394204894,-10.607600765866907,-5.883828857196925,-8.980932779203457,1
-8.542869085736049,1.2020363217296754,-7.46830052376788,8.4766444206014,-4.696350625859027,2.719172669035972,-3.799946939177967,2.3465186944094416,5
-5.17409665259251,0.4684283985104233,-8.238515929816765,7.319927977856251,-5.985085938591141,4.866035904263049,-5.1653660894144,1.5166617899533275,5
-2.7523454347584124,10.710516238072353,3.2098852056941585,1.3524257336888086,-7.161440796832835,-11.519331801065519,-6.164171635936048,5.881321827663224,0
-0.38969803169862516,5.748417476733481,-9.86784777477191,7.404052573446488,5.32646661487206,-7.14037531672656,-6.294661479833785,-4.623961241218226,1
-12.184702852873912,8.384873452838058,10.491450193678757,8.5539899440996,-3.602953625999514,-5.849391538204017,4.2987837682847125,-1.025031052406344,4
-8.347267575393829,10.493003131719966,6.661107959777144,5.422030241774245,-0.9914305793706921,-5.993007593482369,4.698481594255209,-1.4455372825767783,4
-7.592960079869939,10.32655037613251,9.743360336218135,6.788093886019614,-2.873107742459605,-10.676840481231123,3.123372191912807,-0.5949758352741111,4
0.5045051929298285,4.278418362930098,-11.043721590475474,11.6238650033294,4.826800116846495,-6.79945313720562,-8.322260669226917,-8.504227765919406,1
-8.328776764369685,-2.221962993861435,-10.245794628934517,9.328383411452563,-2.494611700266236,6.571146185306896,-4.4059918806163765,2.3215313418949006,5
-5.420718758861593,-1.7261392577310066,-3.4705418391152314,-3.2139551441746264,2.460181840094305,-5.958177151959685,-3.086586622101453,-3.3462568374601913,2
-0.8534873344179625,7.307641468779757,-3.8131631480337322,0.23805460588731986,2.46307127527502,-10.517152139269902,4.84429438684082,-6.855358422733156,3
-3.3595249052274943,6.505711047613592,5.194614800395973,5.99166016647581,-9.823751582360474,-6.9317585709550995,-7.813459060516372,7.520448038148593,0
0.8087579581747917,2.5943863747766613,-9.809911749187876,11.270504777752784,6.64078742365079,-6.46236769431879,-8.804484543930378,-5.448510467363575,1
-7.696019168377897,6.091814975632053,12.39276198927213,5.626829495711897,-5.291663734112287,-8.499313656461432,4.574693904057364,0.22780201756792628,4
-8.335772463641112,0.0664443706771356,-11.823485827652819,8.231538319559885,-5.024380824501834,-0.09842528317648913,-5.425516654689563,-1.3854077887101361,5
-7.8881857799028445,-0.3055725373986049,-6.200726747477555,5.259932633164889,-1.7295903715906613,3.399981859976991,-4.614060808217805,-1.3900833202186025,5
-0.5744285874944492,8.97542773512628,7.262215680387834,3.4260059439986383,-8.011530462850772,-3.344340528078404,-8.315136535403854,5.987323709143126,0
-9.951330529149093,7.70864813141326,6.454896878799195,6.82630712996618,-4.759670074205001,-6.313134489766211,4.345933158430104,-0.9597906723610925,4
-1.5570210056627347,5.844047436808655,-4.095068500633018,-0.21545899940861746,-0.14515238293390564,-9.406447765916411,1.2443861514846222,-5.706031838162389,3
-1.700020931096272,8.875564310361188,6.652069326403078,2.6228594798256615,-7.25550602558483,-8.309733741306795,-7.561766634424588,4.326016829171316,0
-1.8817743536939007,7.187665661739015,-4.659553749798436,-1.7304516555907385,0.24447114585447438,-9.55340668912025,0.7658625667034598,-3.8271873312482683,3
-6.525630352497609,2.0415121228002864,-7.303371958520826,6.74610784264588,-6.017066686577094,2.128395938020028,-4.0090770710410935,-0.5958717620277888,5
-0.9439640589543336,7.585245723276633,-3.574185386124679,1.3258329321787732,3.88278083879422,-7.7043557924053,2.9422796011260783,-4.261288829784659,3
-0.5402660035764852,6.946782054049562,-10.511821147996477,0.20932603564255886,0.47888096703663763,-6.668811737887672,3.1336441028028927,-6.214740868957273,3
-2.017346906558189,10.319465668261197,6.016636417603694,1.0402457822304303,-7.147021933209529,-6.427981672494667,-9.236233558529685,9.895275837130692,0
3.141420379834643,6.0154592911367,-10.318916171239,7.230059337999876,6.759258417187734,-7.061348325278782,-8.051533864461483,-7.484355525472015,1
-6.346214166208136,-0.8367137301713368,-0.3114299196329484,-6.143724582753521,4.230218018612385,-5.6510838184770495,-4.586274925839295,2.1252114346777775,2
0.731884828423244,3.426698919138124,-9.870124830421197,6.943597533721723,3.9479978956921506,-6.714414475456185,-5.527467429550164,-7.376929626819229,1
-0.2420492508261467,5.231859222663346,-4.687733869227597,-0.08453635991434394,6.2712490030282675,-6.034004520290438,1.6465607493796584,-7.312932868806148,3
-2.0913845738305206,0.3645655536894614,-2.181609722287835,-5.267628431258556,2.72830192313457,-7.813572039457199,-5.0677786735848995,-3.3900227569186816,2
0.7353218320439883,4.522712410457743,-11.638695670674071,8.200098369602163,7.710090226031601,-1.5892499866355756,-5.59935854457318,-7.799528430414984,1
-3.0940071222291756,8.772207375826286,2.406616112720125,2.9193284707541727,-8.038011721939444,-7.192734155159185,-9.561446751695014,6.060581306347224,0
2.3277782056723453,4.3328840835010185,-9.947095642961049,9.060861493392558,10.225536711619572,-4.458320340144396,-2.394459187838559,-7.127050815604126,1
-5.458631632223961,-1.7875900649255116,-10.3484516556841,4.441952913482597,-4.232964470469584,1.8206461364083466,-2.8072168572788567,-0.40234533804645956,5
-0.5335945605810779,7.3631577408472255,5.5926642724509135,1.0293380736001065,-7.091098160182265,-6.764463248661085,-11.238682734951109,6.077383646986007,0
1.2540405817553046,4.209676614025192,-9.409139021889938,8.667478411730265,6.211809221576593,-3.6023624660591227,-4.148292715616333,-5.9286554350355205,1
-2.317129812711633,5.720941303433273,-6.032978100189053,-1.756857742951203,-2.232566589034926,-9.912713197626715,-0.350502211410455,-6.315309611496503,3
-2.1192067222777675,6.042930007529257,-7.285886876746664,2.7328399101492713,0.05808815466520678,-12.832950051757356,0.07329727730345192,-5.97112588655223,3
2.8101999775108424,4.625179622914048,-11.533810622845394,9.004886440502194,5.554676490654137,-8.674037160810013,-4.672231185193402,-7.445237717158964,1
2.052698766479969,3.3274438649511016,-8.598858568893336,8.234270763682897,7.6699472811735765,-5.412855992527621,-7.317620158405061,-5.486094098396029,1
-5.463895683948119,-1.0373247383999904,-1.7625143144894762,-3.7948445015943495,3.0114261535934945,-7.011469020803618,-5.504104390762979,-3.3510692134234183,2
-1.6471880351385595,7.541208379271335,4.910856154685826,-0.2887735111072365,-7.057588889309191,-8.32636181961961,-10.015175664779637,9.301271995835403,0
-0.8119758474459751,2.1936385714624436,-10.874267971515447,8.64662936885653,6.167941791072037,-6.4683818709241425,-6.012606394846701,-6.275437177738978,1
-5.017978847949179,6.626346496188733,3.037775389511354,0.497667435250128,-8.407016154271366,-6.050959272563288,-9.648230254372548,7.036299595702735,0
-7.327791583760027,10.096329296373833,10.514286792201744,6.911731986697453,-2.0302159519844043,-11.681139774238181,5.050654062347396,1.9637819182446283,4
0.7165000376235942,3.823553960224542,-8.458317959140153,0.3634886657437111,0.6198119904506001,-9.020199306540896,2.6635426710042878,-10.019415492539833,3
-5.485729963919739,4.371217551998268,0.819315672516324,-3.872831836501506,4.76805964404597,-5.270752046610675,-4.0261288835648275,-2.151221365601377,2
-1.7214625099370775,7.436122099143465,-6.25020255410712,2.451632843459174,5.387059937874791,-7.425932962774139,2.30217856638489,-5.470621728627995,3
1.055852418104542,4.51217825613465,-8.510824013678041,9.657063508204239,7.2036112419955565,-6.29245998592468,-5.569502949865303,-3.9593772167138725,1
-8.327843908887624,-1.138133903235453,-9.123788461760606,9.273583295964967,-2.247162780375044,0.11998172773847626,-7.6682530218143565,3.0094875149058415,5
-8.586944438895957,0.6065998296162526,-9.882193190643168,8.210723715733499,-7.117600201963159,5.497531829665057,-4.945762480794441,0.7775564734875438,5
-1.092455888879156,8.294434549977561,-5.103937274592489,0.8465609966910027,1.6670517719958013,-7.512661035926572,2.331683866153559,-8.080927470435821,3
-10.112975238193048,-0.5719725433023082,-8.952531129531534,7.725694148670494,-1.6347005298565764,3.896819329071214,-5.322816456271712,-3.231186389561743,5
-9.46335562633859,11.650733398388093,7.935976848850329,6.9497072723217945,-3.623128425281651,-8.24794260175262,3.675607007262808,-2.1931341122573977,4
-6.65569907389364,9.353386441811494,8.771511501140145,8.209655277428876,-5.174065645072878,-7.613425567159169,3.6146638166077345,-2.623217105521604,4
-5.567658196022363,0.18239318082647177,-3.541260074756826,-5.675589643474857,3.1833500533612984,-8.031961211677304,-3.0202844899006585,-2.1937040332981863,2
-3.2222381079007416,12.300396032336874,3.3398056040329243,5.341645571074032,-6.823806475808216,-9.080927016585935,-6.649400795854248,7.524965136930637,0
-2.9450536496186497,10.988244973536231,3.351726546579287,2.2747309015696966,-7.930330144155131,-7.296604059310247,-11.254393695812414,6.970661748848244,0
-3.526063381157641,9.34760214199927,5.2164687816758795,0.5161375444487482,-4.845922669540016,-8.448209276220929,-11.42680873874055,7.932767829682786,0
-10.284428866825753,9.229632244393343,9.302600288940583,6.659791911676239,-3.700162230135478,-8.06663123173841,3.4723025150838613,0.5739948508328592,4
-4.916750221502354,10.230375670101687,4.771782440923307,-0.3589127152031568,-7.374361714431052,-8.083559842220879,-8.327648539965322,9.468243629135735,0
-6.50697803212233,1.70326865753613,-8.073487804078717,8.425724589562009,-4.884022894758909,4.1106158452355315,-4.125238562656186,1.5131795017384229,5
-0.7664419813514441,6.089843107924734,-4.81283165461596,-2.1587688851326976,3.9137088116266168,-10.919456294494786,3.369502580662986,-6.4624053674177215,3
0.5633903803780678,7.0576540969094195,4.753884836085529,-0.09644251638582135,-7.992738994666572,-8.349112766742467,-6.854993346329512,6.689555430535887,0
-7.200227898489778,1.6846460858017662,-7.329204158416394,9.081674055892464,-4.4719620132252045,1.6700753179441654,-4.099293904683418,-0.17607195434393785,5
-7.653177945811807,-0.0309971441992372,-9.17541019133225,8.093921605109971,-5.907783832531393,1.3255326648968782,-3.5381350405163845,-0.3975199318079077,5
-6.909129088465079,2.7882437770478945,-8.842388647993953,11.385230150031745,-5.826622087544824,2.207342605535995,-4.073590559523842,0.3413932974542008,5
-8.478763558361475,11.219385157858161,8.424799030949373,4.960885771000079,-2.794641627161133,-6.111750145712864,3.6001954194966457,-0.1242462727248701,4
-10.8591221918698,10.81496604605858,8.86183052996264,8.668464187359222,-4.650174562541057,-8.542382882688864,3.4712323235169804,-3.6562303727646026,4
1.6840713225952104,7.23513888695966,6.982562418232002,3.5681437214860248,-6.4306089439670515,-4.066316818563733,-8.24295900046503,7.946177628567389,0
3.675059010726625,2.0654890689209098,-13.241491929468015,9.056704727899207,7.398502827056634,-5.509586785142477,-4.391973875995729,-5.632113524243854,1
-7.264209422972565,-0.36872592154103806,-9.929974318275129,9.800539167998965,-3.9523293349872226,0.4702145349948825,-4.879076329796953,-0.3134975100257864,5
1.1436978652808518,3.2102552000381532,-11.63574667144274,7.599476888124721,5.321940217030244,-4.806704156909521,-6.9734803154945855,-6.663368505481788,1
3.2599764190354046,2.479945690018572,-10.132854886696597,9.03704083266047,7.377887872150187,-7.022371701965732,-4.898454569044637,-4.43364485810315,1
0.58272674345534,5.233614865987068,-4.451025045123857,-0.28615895851025486,-0.4981271583525735,-9.037251528587763,-0.2585973539820894,-5.323264234278071,3
-8.023052754263984,0.9880640506191971,-8.99738128418385,7.393444549764055,-5.685129992731529,1.03744569073854,-1.9698979767307145,0.20851139266927254,5
2.837172752691388,3.175737611382791,-7.0010382348492595,8.16551736461928,8.478231264337762,-5.457443939937893,-5.959988889083129,-9.484403533093566,1
-1.5656584493910632,2.9262569391586464,-2.699212857015022,-1.0835002827145037,3.6226607457419977,-6.16202181297286,2.496819291673548,-6.7495403364732205,3
-0.6249163969962179,4.934009549117882,-9.084690015755688,7.716082140457118,5.173301972592892,-5.792734015370464,-5.803904151461217,-10.284971055538366,1
0.5717237491723959,6.341348782734915,-4.665953511590567,-1.9058582071777148,0.5517887257252181,-6.689438417402965,4.859917024531256,-4.325337163105283,3
2.8756202838471316,3.6014994273588465,-12.263466068952035,8.64188939888217,4.936599274397459,-5.325799712095708,-5.853360810449307,-8.985949203068973,1
-5.650769223225965,-0.9539843129621366,-1.1478267463346865,-1.709067762794033,4.786007683511991,-10.906072547660667,-3.757575571339575,-7.813488910950203,2
-5.211022111671936,1.8533267611008333,-0.7702747717077815,-6.072370808478296,0.9557124285871275,-4.7067928012673,-5.636395380446543,-1.17783713936457,2
-5.680340800234692,6.615596205066004,6.077254145583279,3.7728124359180324,-7.699769266316884,-5.786969746874236,-6.613919232616826,10.183277178586424,0
-0.45045308048444743,5.632944134854037,-4.9924997690302995,1.2046550701653855,2.432135947479365,-11.14916119163215,5.541323803056465,-9.079094651585867,3
-10.998006044095714,7.73839304075877,8.112820267984182,4.114727484450815,-4.3081785946856,-11.832127556243531,4.471485780341848,-2.0878204908357825,4
-5.029131757594369,-0.6928402914942148,-10.87431372617682,9.654075208091134,-4.221087467427793,2.669434593520347,-3.7149616873743185,-0.20349344998772834,5
-11.27697394477788,9.739442728711794,12.886595922232257,5.144696579667362,-4.177713957799325,-8.237722801588719,5.263010280628741,-0.5480343347250913,4
-3.5564679650431774,-0.2278101324808759,2.2734195070896117,-6.812616745980007,3.798035936786505,-7.388468519406229,-2.9010317926351377,-2.4984371864928745,2
-3.0037036018339665,9.66200358229155,4.5837244893727505,0.6068770304046422,-4.81489000494911,-6.791790805227804,-5.560394544317849,4.72273528317897,0
-5.367941928294239,1.051169423087495,-0.5292869363289687,-3.2103034791452654,-0.14481839960338183,-7.210777484396395,-5.798805958723465,-2.0304175859909206,2
-1.022224135297437,5.841270222733647,-5.918184591072188,-0.8070623131566634,0.258924147747448,-10.653811536513764,2.7399901532404036,-5.376921747161779,3
1.8040247944199899,2.9161578711105034,-10.297797183260009,8.965764454960512,9.22944220913984,-4.238628493105778,-4.86805312411939,-5.740028822124299,1
-9.992482427863115,9.803450601023615,8.295057496962293,6.850213662240105,-3.1006944145389266,-6.5641911264353086,1.1795986147909634,-3.2218909073757374,4
-7.578153558573236,6.745343466842405,7.411626837765397,3.8721664689456907,-3.5735036304356966,-9.476008256021535,5.637209293763356,-0.021558593817134097,4
-3.0373897733990707,8.675618957108439,3.6355045864928925,1.5123074856654097,-4.609977038914412,-10.860603443732074,-6.7951831388949095,7.864360485261436,0
-1.41788643895254,9.216170774057469,4.283919001382877,5.248149197092024,-7.959521621216154,-7.525031175779996,-5.651842473108436,5.992224827738933,0
0.11348267256325384,7.179533302427987,-5.7012604581339446,-2.3002531492766916,-1.053920575510368,-5.738495761266421,1.2999813976588122,-7.576319676897262,3
-3.177852896278175,5.772993531220118,2.9265149663329995,5.03144022336429,-8.928356104755217,-6.576941879322217,-7.226417399523693,5.3156466466950345,0
-3.4652909121778586,0.34993382090216074,-0.9369282759380961,-4.912254669897264,1.6959591472756403,-8.13176305972183,-1.089491774089122,-0.3305218762472495,2
-6.439148816980441,-2.4708518980361993,-8.190355411818565,9.144733531362773,-2.550404326786618,1.8710817064063703,-5.345142635106194,2.1729741034461982,5
-9.09961939953976,8.654788399889052,12.641513192043528,6.586109261937272,-3.3504857859819923,-9.878740604539468,4.341336170091246,-0.1436189582904297,4
-6.88888950797051,9.565657710402697,11.662294905078278,5.9279670081648295,-4.254363530619571,-7.938795643423073,1.5364347961651506,-1.8416718461953612,4
4.17697703710601,4.7584473912665235,-11.954187868180426,5.830714418071916,5.497697001067736,-6.753389659544322,-4.854445934257721,-6.346103294594641,1
-6.407272429217194,0.7108139470145804,-13.187249645751784,7.547222380649316,-6.7764487448286514,6.013970640153961,-6.676681447883002,-0.27195796247676196,5
-7.582358441665266,0.5676280254815693,-11.11844398922544,7.7952874632004665,-4.903655669895997,3.323730896508004,-3.9970472537297526,-1.0958907852371498,5
-4.940766587631641,4.250685786537515,12.225022662050822,7.661166009103505,-5.10066748297613,-5.050685552138297,1.4903898114523204,0.4160274140040663,4
-3.3948868253897855,5.7778060439633085,-2.8161921089025466,0.5370846029694676,2.020735627093087,-9.037973281028036,1.5181349893468474,-6.086332450470377,3
-3.628721678042014,-0.7284037346959829,0.6830907940130699,-3.835695370970523,3.7760000263314257,-8.919447860752078,-2.4950969659124316,-0.9625402932554481,2
-4.963130322583196,-1.853706005383005,0.21198594244074886,-4.155593074128749,2.5744536680644137,-5.5368381218399385,-4.920956999852143,-4.871801931684772,2
-7.911247933806331,-1.491806210881461,-7.626111198213998,7.862770071350974,-3.600591008034213,1.010572339230698,-4.867123264336564,1.776389859000326,5
-8.20905226066896,7.7144584880121005,10.630871627412414,4.961198232318749,-3.5167163847515517,-7.521643216431151,2.9133090456071744,-1.5803847326553224,4
1.0298773601958897,4.631447318599307,-9.065756578217782,8.57689610083083,7.90282305081304,-7.990174609925477,-6.754540392718004,-5.442536268023472,1
-7.975787914385425,11.446382050641388,9.930206898040305,7.733493645290778,-4.7491203482092486,-6.289996263920351,3.013511102827498,-0.8126952912140539,4
-8.552211302491239,7.032113928085115,12.164313083651097,6.85795299817095,-4.048502324390818,-6.372993152901581,2.530236885305589,-3.0464854634966727,4
-6.31454850032622,0.08313522276940621,-9.635501348797861,7.3218961135618965,-6.294016552761928,4.560315956087069,-6.221832745873008,-2.091454095023386,5
-0.23376050416689986,4.206878036747964,-6.0620797611605735,-0.006067222947564177,0.3418006873533763,-11.507631288222159,6.204834364636973,-6.667169567819368,3
-4.110204619025936,7.646133369143594,2.710243041975111,0.5556165097042889,-11.439675366058761,-6.008777752006141,-5.551617610626298,7.560036097957147,0
2.3216715950643225,4.782930937804919,-11.231913134092157,6.836307125141369,7.649798900018931,-3.377790807432065,-8.005666451681822,-3.788803749232606,1
-2.3210558152332266,9.256537961913551,3.7135560244698245,0.5389816074204425,-7.597540283342445,-6.505294770145122,-7.879933609941188,8.688881279242938,0
-4.493156783472223,-0.9612273012420399,-10.878794327268446,8.674617449940923,-2.2048915131116553,2.2287034564233363,-4.165607067528828,1.7407593535018735,5
-8.41722546439161,3.7458014459827145,-12.362192924324656,7.709939980671036,-4.062562508137687,0.2473465257569547,-4.97006700891496,3.594954540865612,5
-6.048170531884792,-0.5515718221104282,-7.557595604575781,9.032437407231317,-4.798494563063769,4.694375957445248,-2.542410820966486,-1.27385996413389,5
-3.3402318179745527,8.468833524444594,5.325185544028481,2.096620077889079,-7.829725444061198,-7.145119849784158,-8.71260450908537,3.9175483644350035,0
-3.369417701446841,7.46505674524048,-4.578007370341671,0.3306702745231155,-0.2784783100077459,-11.014234995341072,1.275527552005903,-5.045156392067509,3
2.8375219371516733,3.8617230602068275,-7.361977366954443,9.058606147495997,6.701290636097686,-5.719261545099664,-7.858850887695541,-6.207773179753098,1
-0.14196441225863077,2.9882875265426474,-6.544421642627929,0.5904174668838336,5.651850245258078,-8.56131396649294,2.374156988561629,-6.690369404710638,3
-1.160165645990114,3.646815390246698,-11.659033457119044,-0.14525274544074407,2.294791391137318,-6.9424854639420985,2.2094970894709913,-4.984861310706028,3
1.063155784024318,6.081274898604394,-5.24087502737937,-0.3048870934504898,4.361709735632891,-8.04645236811257,2.275230574068776,-6.785763401861649,3
-11.1897944780993,7.2694778300916845,7.242245654690988,6.592635564032527,-0.8067392649734644,-6.773315201431381,1.8794911782579542,-2.3079513502744615,4
-2.3578152214277726,-0.7144318334592619,-0.7752651856125934,-4.986143877975543,1.934687903227391,-6.953014199015316,-4.167792746179912,-1.495856096842051,2
-6.009305288014043,0.4136602641020087,-1.0042512150214706,-4.930368589887969,2.6811442467033686,-6.682721937079578,-5.613149343765823,-2.0408090834214208,2
0.252443333343793,6.913984487360121,-5.0909455937215125,-0.35577280185431115,0.8772007734720901,-5.015739635830227,2.087994736429033,-6.848351741676307,3
-8.388793065833354,11.415465812430607,7.237549724689188,7.617474178522073,-4.911910202485846,-9.394524254670246,5.322142716829014,-2.609889733225563,4
-6.74702431041289,-1.7290101174149695,-10.268028199295175,8.692456727318472,-4.533170814591505,3.991366337217341,-6.633120868170943,0.15457970874415927,5
1.5091060404980217,4.428357251150153,-7.737423795822394,11.2001781447381,6.264215254906977,-4.524667874965498,-6.6748361167214565,-6.277716923834933,1
-3.6641655284217594,4.716921405191628,-5.491385017418493,-1.2095354461470205,5.095579038714661,-8.89038572375591,0.9454948947047264,-8.38622735559185,3
-8.149008656201723,7.143225020309817,10.503392414449841,4.9920233258944045,-2.390296115751461,-4.99488690758116,3.6864223086833916,0.9016340702206498,4
-2.887487951043963,0.7485557618487069,0.7250990063325213,-4.701076751380826,3.973360160262568,-7.825454696911503,-5.566933123500057,-4.2819039028022,2
-7.83326846677982,-0.828969409888989,-10.419121088212144,6.4931136748331015,-4.985365533480114,4.2395178494331685,-1.9728503259030397,-1.8292758841399217,5
-4.013146149692856,9.776927793479214,7.385331046040413,1.8171290699477345,-6.355129473432672,-5.356144542151458,-10.13575805455641,7.910425384755411,0
-3.1604557237355992,10.112395659329042,4.809309961212477,2.908230452696707,-3.717322255926493,-9.382896172013629,-6.250787636686212,7.490492415535844,0
-4.73355270329829,9.266704431068353,2.884089525874395,-0.3899102001103105,-8.062621443085728,-4.97307065821423,-7.318302430764577,7.7123304707857425,0
0.3618365029972046,5.172607143875033,-9.991727138114118,1.0296767767182393,5.261293099673017,-9.673009998489855,-0.20296437438179948,-5.505656750682203,3
-1.4967466372826943,12.647394700685355,4.930864844321694,2.37032262202127,-7.614604630415661,-8.239860584419613,-7.509790450165218,5.953788794044516,0
-9.665997174293578,9.563160888491456,9.773714735849527,6.215027044608332,-5.833094838286113,-9.735300152047142,2.487358165177125,-1.5107844144123503,4
-5.861965083912723,2.0871885582671283,-10.471161757820763,12.610253070622786,-2.6208539002084414,3.5658941767380847,-1.3657952554259158,-0.625404845495954,5
-4.1482709803637325,-1.1140402479120135,-0.17754364877780127,-7.663067103181964,1.5502191378505048,-5.756825121020217,-4.857461992441085,-3.8214382556438964,2
2.338096403567632,4.3434638494893525,-9.217633819371853,9.513949390950577,4.611712377746999,-7.861697389808835,-9.906329753273269,-5.023854587178848,1
-1.961827959612081,12.081900765680118,2.198964103330367,0.12650826829346573,-5.51130477875405,-6.457245257030745,-6.736276274121118,7.29876829033592,0
-1.8034254695901595,2.529769422009559,-8.02149452322481,8.998748182089615,6.9809204878304225,-7.908074845819172,-3.4069134627346225,-4.427062372983041,1
-9.541221000665166,8.770840200828454,11.59186383085888,7.977812392244922,-4.539482007840566,-6.083701038978438,3.8576528029284796,-2.546430554020829,4
-8.667295285946851,-1.5885343069302156,-8.233030952851031,9.840665951679648,-4.008407502429295,2.549478216008307,-4.825864232769677,-0.2498395487420747,5
-7.126828330196351,8.88901365846796,10.24112422925915,7.1765292175720985,-6.247455191164267,-5.275848938026523,3.2754705873836905,-0.08403250374285243,4
-0.35094235364280657,3.2235246262303985,-5.826032536158465,0.44395529930542943,0.9266726792594399,-9.56595042080258,-1.6591707935159903,-8.345154214454157,3
-1.911839927514513,9.514091264944836,6.548255100894364,-0.03941936551348846,-5.709418787031282,-5.935434295273605,-9.065762215740884,7.865422624173407,0
-7.589744517132152,-0.9428676866203966,-10.651301303304622,9.545217064216136,-5.860058117445929,3.235238249994203,-5.257567041453562,0.5193154486520944,5
3.481201984577458,3.091406373871113,-11.855494337573537,10.328393938182165,4.1314976966392525,-5.50999254189403,-7.079092823517679,-4.38204546566905,1
-5.294141049244008,9.053823377208957,9.160535164109373,8.651591854501287,-4.125139250239293,-6.644918779041759,3.99568427199776,0.27660974064348287,4
-7.833981805319372,-1.0976678060157412,-9.040622697773918,7.909698983956437,-4.471538779767561,4.135680147860549,-4.236762752646686,-0.778308741322771,5
-1.1532004714492805,3.7340315784141014,-8.88374372387929,8.564647361270133,4.968152609998888,-4.399428235560983,-6.5290411196130655,-7.115222838180398,1
1.3262160744868001,1.7966479474342139,-13.254378605098456,7.624601697965033,4.13633151320361,-5.214478113761499,-7.1925151465249595,-7.193089211050986,1
-3.1072925358010686,4.7507345769693075,-6.081619278169775,-2.1970985254863753,2.658503438821743,-10.613009411058497,-0.1718564947929173,-8.318185903579563,3
-4.807595720839267,-1.3208300311940544,-2.533600684923604,-3.1202835569361933,4.874518066758769,-6.001384044765622,-2.0677292913967373,-1.114173584952249,2
-0.44905932818482164,6.005052598917306,-9.71892509010194,8.811632931497895,6.9454874663568535,-4.742177243781976,-7.8105414595873786,-7.63717016320104,1
-1.0386659760282408,7.41608216444229,-10.518950762319582,-0.6720301837562656,-0.9394993847611492,-10.984298044646557,5.998296225344719,-5.63244851192976,3
-6.082514598525473,-1.1694796087055002,-0.8436694590525856,-4.095272958325886,3.12642821693056,-7.31631452969525,-6.247793958327303,-1.881657656536396,2
0.7848363522801503,5.198848000256573,-10.207485856289006,10.822849851538832,10.692069485334205,-6.327339979944156,-5.080932400295794,-7.524539134191691,1
-1.7858688757854666,-0.04780871842093981,-0.03845675126579451,-6.472007319314184,-0.07289149690449781,-7.982603888855082,-1.8562610742984176,-2.562563710904135,2
-8.234415635958761,8.594980804516238,7.62257216009154,7.88172835412511,-2.591501360495575,-9.348951231893162,2.5857601563538317,-0.465877382526833,4
-9.230488278461317,9.176279979742656,9.274577758132244,7.163161950895131,-4.365586104884498,-9.97969658371115,2.420894192495983,-1.453672773039167,4
-2.3766169115607636,4.221129079258638,-5.347380285563789,0.599010497942086,2.733654114588388,-7.805354883690096,4.549909234024813,-7.830964544039845,3
-5.709406301165822,0.7274067941460809,-11.236873464015547,9.196668300746834,-3.305106360348036,1.2707394677396595,-7.395761671598375,-1.265731846489146,5
3.3820128193744257,6.782701448939184,-9.659714310990259,9.133270687131734,5.503981744394792,-4.893278447674154,-8.840719325027324,-5.0901700063512205,1
-0.32125431911602087,1.3860021475692066,0.3995858804532977,-1.2888266488961153,0.908638453295507,-10.182237099226231,-3.106121328000434,-3.0689415924324877,2
0.8254850563033196,1.3055499033255415,-7.727058701613217,9.358620369956045,3.083504912088787,-5.152022775683023,-7.2229634756792995,-8.70599917098464,1
-2.809473733934489,6.632413721310666,-5.695834907881734,1.2247937209687616,1.276302821606085,-7.806144444119475,1.4894524007645884,-4.802824993866574,3
-7.639313913497804,1.7278973313447628,-2.3514637366090376,-4.903258265007374,3.018104717709708,-8.035799836722008,-3.282667963610016,-2.5203406311234215,2
-3.6606971172384695,-0.8516458777458045,-2.0695651278422416,-5.184214818833967,0.6734277158507791,-7.373383908268706,-3.2373846541566573,-1.888351223040535,2
0.3930939925958099,2.4239104827341786,-10.710309385130474,10.96001894734696,4.126758421174443,-5.121605963861688,-5.78343171010925,-4.4716729090334155,1
-1.3240223741133548,8.32513912530471,-6.531559721778679,4.498102472914862,1.9502069046859418,-5.779746547246033,3.5811838883179203,-6.011857654502551,3
-8.835392525306558,8.11635045474659,10.146282193557349,6.332650654143514,-2.0992273199934064,-9.23062377223228,3.3767882705954415,-2.8995327718378174,4
-4.578719750963368,1.003491354580112,-1.0938708621705482,-2.908121032712214,1.46173542483949,-10.186781190473553,-2.571358426738773,-4.170415155003255,2
-5.744463388373636,-1.2457530894334505,-8.8067648174184,7.706622067249103,-4.871158760409099,5.096527475981915,-3.4831281928325017,-1.0749191762499137,5
-6.720077223452652,-0.9447088623344705,-9.27353638400532,8.475775293238826,-4.445156124484581,4.354674579838715,-5.069750463182732,4.717721433306963,5
-2.6432634672837176,6.292423128255379,-4.491723654215405,-0.0254698468038283,4.486692068776053,-8.732136822327186,0.9080401861623479,-8.328283209252046,3
-9.4656739283427,-0.28300281798338445,-9.478575998828713,7.045593779062207,-4.666562818209396,3.122334220747209,-2.7836938450644193,2.57194271083119,5
-10.205789957586024,8.127913908588418,7.427117671010486,6.078868772130262,-2.163553466471469,-6.884904655187714,4.4307938029049145,0.37954705665203203,4
-1.3913844197211334,3.2279608386151915,-7.084639681248252,1.5219147118939942,0.4476217701286993,-8.922220766072064,0.05806667888611594,-6.819918984060358,3
-4.5355726173152044,-0.9093150576525393,-1.3538527614751923,-3.0595972301000653,1.075989729834757,-7.269671360821201,-5.240886595250468,-2.3377962058259825,2
-4.440432259624295,7.293786299319541,7.322107679761226,0.4603586760323619,-8.724988008104805,-5.06040632549238,-8.296643154578547,5.8228419930404645,0
-9.006842690792178,1.3275454877204238,-9.153340048500723,9.860270944742911,-2.3477618930602544,3.0554596668062457,-2.364503332227092,2.0552059907428757,5
2.744776220847386,4.58788619588603,-10.002644249711972,6.899191328480796,5.900174860275239,-7.587698048366409,-7.430955935964111,-6.278752621304188,1
6.326804246526086,3.25047364857552,-10.28461944560042,7.998555084432898,8.69345524967559,-6.349659057578082,-7.523363301882783,-5.200781787058456,1
-10.706920890488647,8.918744494265091,9.40984811063439,5.595461202535384,-3.5729692024657163,-10.629403449252019,2.1595655885419553,-3.0252683432937406,4
-2.3706539630961103,8.765202551570994,6.508330134883793,2.380243033222673,-6.339462931830947,-7.539112739071895,-9.618497715152,6.631429814987309,0
-3.2234914063335953,9.324830116835614,6.3576896360037365,0.3307452048830355,-6.666875712516268,-8.000302897178624,-6.9262531503562625,4.886423867844663,0
3.1499633427665548,5.4567185771256135,-9.11788387519334,6.993148931880523,4.977386366998447,-5.025416505372328,-6.381003138994125,-5.6281611845747985,1
-1.913543798995964,2.0621381238271552,-7.485744954831156,-2.0314819393679886,3.594799440000033,-10.041980571271173,1.3283508953408256,-8.292446666420147,3
-2.4734548401429772,11.723961541660197,4.8821306612277455,1.5048729495802888,-7.868683909045074,-5.4424908659934434,-10.159660193816887,10.277756388457501,0
1.5040460697187008,4.500458242047124,-7.97170321283073,8.684985107564927,5.237715593180957,-8.061561444038817,-5.595398867211421,-4.118798578404375,1
-9.611706910123214,1.3847628841392297,-8.143031642880993,7.741141336827651,-8.063225029130606,4.005780011946102,-5.213421806011593,0.6315722211487195,5
4.5972496358399795,1.4646637273311849,-10.097399262126643,8.97257033034333,4.407781048189959,-6.529393817320976,-5.67907034489701,-6.777796047474615,1
-2.1248682727387935,11.019298647827512,5.903750391717465,3.524480125145383,-6.35665855017457,-9.102987561613531,-9.151445406471053,9.019666499352567,0
-2.874006785948299,6.7631221888319395,5.2835077597501785,4.086762947205868,-6.706804597584068,-8.330747265522815,-7.3055374502679795,8.385195905096198,0
-1.8239368115374683,7.799750248074485,-5.342284944658299,-0.467188031126503,-0.12189570450928588,-10.617695919880088,0.700503247506421,-6.578266649694891,3
-2.5623656080838875,8.681299156562257,4.434218817925812,-1.0377887888554906,-7.757587043536809,-6.731557751450163,-8.58255752944017,5.67924269001717,0
-7.528264320620149,11.19849986940282,10.671825629565085,7.750555213209368,-4.73625326559949,-7.171472902095722,3.6701507220156806,-0.9004468994658619,4
-7.143102267945274,-0.9683566568211197,-11.386260547803671,8.965130832844416,-6.056567186811849,2.8646237445668037,-2.040406971091965,0.04732259985176873,5
-9.426988083823597,7.209066705129252,9.839471582144226,4.771907292765178,-1.9749990548484642,-6.055436744986883,6.311914963820732,-0.7475142258874796,4
-2.770104765362772,7.822441896508003,3.5595935962690906,1.7419398107959034,-8.147499064751209,-7.372848040698411,-11.868111223762067,7.664792847295405,0
-11.433313282368095,2.6838643193288028,-8.686830940675335,8.01460628210173,-3.3726483553935633,1.3601079483355605,-4.647984171115184,1.2866973408281779,5
-0.8645638753582499,5.828987544590925,-5.567670411703458,0.006020503822654399,0.5895815229501356,-8.93967450936072,1.8647245170755458,-4.950084498882633,3
-7.2224602161066835,-1.9613743342224628,-8.958872322008041,10.900078467396634,-6.118183334750809,3.677733927505138,-3.803369263669593,0.32282059197779744,5
-9.250352597599129,10.004978142445797,9.102243485909788,4.39998853721375,-3.7292061284489386,-7.429477692930879,5.881282171318387,0.6471351046471818,4
-3.170762934997517,7.867153049027893,-3.708670746634023,0.4647963767054841,0.645184783403002,-9.921580443938518,1.8252612016798302,-6.143647996337914,3
1.2765271155934883,3.1924025423038973,-7.663169662416294,8.518910009864548,7.093980169642004,-5.504290635665455,-8.076707657999592,-4.78616123436121,1
1.7578507326592643,9.169735387536319,6.4265688763361375,2.3445211046263914,-6.08141407952213,-7.4275474350795285,-8.526204675959846,8.18348884286899,0
-8.023291329503259,-1.7765918688873543,-0.6937708303438537,-7.445078562273139,1.3881293254120548,-7.297068132617802,-5.4821312494762715,-3.779261378436204,2
-9.138802346377801,7.202772613512783,8.211032288577949,5.628988406627293,-3.916956162816218,-5.937524701728857,3.79688871660699,-4.670417001564006,4
2.8936995540631174,4.880545181436529,-8.114668770514362,8.630646808414069,5.95663278987479,-2.256048799678358,-6.758014342673307,-5.155698422044778,1
-3.8539863998634565,10.113867648830784,3.942615268830284,0.6268504613343184,-7.644170952277336,-6.951480044768749,-6.690839546644243,4.2289825227633795,0
-9.876161026099226,10.8993048788688,6.658911012404568,6.903218869369899,-3.3616311807023993,-6.206906659650793,4.294279212235948,-1.5882464432927896,4
-9.6539316569551,-1.9335009788639785,-7.57463950556821,7.0737974014975045,-7.0413860547695,1.9061866457200636,-3.8428515372125984,1.8281940165262576,5
1.472350553646654,5.900050939214411,-8.208028874297256,-0.22101198634768637,2.257345223796488,-10.104988926251814,0.5274399386774244,-6.921724144695571,3
-4.398753596915768,7.171596353743372,8.017952970787437,0.5962650378385128,-7.396494981188081,-7.467688794554804,-9.512498649068718,8.317677699449266,0
0.8916497905665688,5.320990098866187,-9.134393940133803,0.6453168994902658,-1.6218843758832318,-11.395345189651897,0.7381825916310543,-8.20185269068647,3
-4.229820826266836,-0.5469706426581588,-9.707576761578657,8.426419470192506,-5.117125801904389,4.515249524014678,-1.4149881431412887,0.00669044094358251,5
-6.965577266117584,9.597180547669552,9.919437472086287,7.372283924098941,-4.814458187869779,-8.935699391148303,4.243935708106489,1.9088282356016633,4
-8.800997486968543,8.591628416783204,7.965633144952884,3.601460447651224,-1.297270652783654,-8.508522020375974,8.021448441095991,0.039516100233602414,4
1.7524081414627108,2.475856864213906,-5.2407785810412175,1.2728820712173556,1.3250791169978,-9.855142881706108,3.2194632992892824,-7.573488331711181,3
2.098576866259849,1.527033337357803,-8.900167464209147,8.112077606051493,4.7019957902781675,-7.0878722611810066,-5.495493888394763,-4.317891819315214,1
-1.7864324663095386,0.25691615901134446,-1.5021474173503104,-1.3311854859280743,3.6389874811222462,-6.291592735588707,-1.0240964448127956,-1.889065126455745,2
0.36490166461731266,7.403835069993306,-7.077870586656633,2.2352949547386958,-0.6701613635892123,-7.311658233263167,4.452427019088992,-6.036213215611719,3
4.93154616085269,4.468959155054822,-10.100581327237112,8.533740198606793,5.156135263731603,-6.757625765246461,-6.924578085711742,-7.112132320529052,1
-3.8013437672100236,8.656730119819219,2.968140733983187,4.827445836263562,-4.189239259282445,-8.294299825501113,-8.602650956013475,6.234732439076227,0
-0.5166330394744542,8.253843375868984,-6.058430323039734,1.7920508745435528,-1.337703790808145,-7.272974737089302,-0.2843098387807914,-4.9744634078005685,3
-7.7959511078376655,7.437156865468822,11.295463795234266,4.926085102172913,-4.630711648836545,-10.195647471295265,1.664987952638603,-1.371470734326223,4
-4.067394847367375,2.4763817700137922,2.1570396340603697,-3.6260486386210764,1.8633143228027913,-5.646950294700032,-2.8097968526909947,-6.702892661995262,2
-0.032416902593681574,3.2597664659229872,-7.045008781503827,11.614897493890098,5.657492847842532,-10.262504644357964,-6.703804230746178,-6.79223442393791,1
-1.5810445234388948,0.12485973471676942,-0.9682545518678161,-3.281724150788646,3.1821587661982953,-9.46449766688194,-2.838568500424815,-2.1877170087241287,2
-11.467468310540703,10.029539845136817,7.384067357166364,6.6630034754747225,-4.544204381984184,-7.103137065830504,4.221979749393565,-1.568049993834031,4
-2.1844186997410255,3.7430269502363336,-6.532995229220622,-1.5509144176072103,1.5863029815749055,-8.686333803730195,0.8290251110060818,-5.908863719184434,3
0.6597126505654425,5.707252076769407,-9.53572871571561,8.785751600504593,6.4624714517987805,-4.970478866971595,-5.658709461996647,-6.451953003566205,1
-7.119903831041364,11.875664964703006,8.568368043054367,8.503962801785518,-3.720405616434443,-9.798239648531041,2.6438853525675015,-0.45141393286203113,4
-7.8531969865418665,-0.3430489270201509,-7.778993445991908,7.44214745404697,-5.638313114875658,1.615856959869793,-5.2210008662957215,-1.7596087658109094,5
-3.4813076899000395,11.523378015442043,6.956353105760687,3.474993720227044,-7.16140708548705,-6.74732972317593,-9.047809044837813,9.128706568728843,0
-5.100407577050498,-1.5039633745459917,-10.32629619414201,8.346123722013061,-3.321038168448875,4.334293613058355,-3.844817965576905,0.8560320891402282,5
-1.1914415653062582,6.2033909400201495,-6.972537746802609,4.484091454932623,0.9098413125459837,-6.9631498741483355,0.9649331701501389,-4.03462427904833,3
-2.4075871127007082,2.134091496420702,-2.048581430477037,-3.6708205622353374,0.14301260727006015,-5.634202622149801,-5.4104010400557385,-1.4163545588116901,2
0.2628263761233969,12.584366362106532,5.660760598533313,2.774520843851863,-9.761319565795652,-7.748387672850382,-10.098781759689192,6.330166758296917,0
-2.82317788783049,7.45799485391823,-6.9790781660933705,3.212714826056471,1.3480374092175007,-7.410767721978948,-1.8439799493617728,-8.469730447991722,3
-8.415202287886544,9.972527452463641,8.641429974498134,7.504864223945583,-2.764828089172915,-9.454977322794957,2.1427569692541066,-0.4799046850368902,4
-2.9811171083199945,11.010673444476296,3.5622938374379114,2.4195603434988153,-8.216182476366882,-3.4478709888385253,-10.738485227083231,7.819236051861947,0
4.133121525634259,3.9773576897345295,-6.094562033502164,0.32060703980091654,1.844550740737531,-11.852930498448888,2.945460893510271,-8.142077672481877,3
-6.701901732595012,-0.871766808018223,-1.7313011591417475,-4.211701236818907,1.1649129763387363,-5.750884913377874,-0.9891896400306792,-2.3749040051953916,2
-9.907686563887887,-0.5139395271908748,-10.228954568308108,6.853463759790139,-6.115615381254431,3.0345447228695552,-4.552288283750778,-1.0902688999033634,5
-1.3585277568840506,11.925920987898477,4.506935911839008,3.0113807653868747,-7.81466875370492,-2.9563177326859886,-5.664513912738379,7.34253161072717,0
-1.1428469125046805,8.161627345969148,-8.340246609386378,0.47571636890295155,3.1244146784636087,-5.390942649368922,1.3622042661140659,-7.600718493621071,3
-5.698366769759756,-2.0363515456643744,-2.238545517179388,-3.175224465895283,2.2419597143526686,-8.879721979110775,-2.3199793738452525,0.022250190964294703,2
-0.8999546592912505,2.506260545399893,-4.838272894382499,1.5799619834734806,1.1177632900591186,-9.665007071030471,1.8956245902134004,-9.669760426456204,3
-9.526039318465571,10.31830016502381,9.619925316999819,5.170031345349604,-6.452811833851731,-8.218738336530725,5.053100952088025,-0.07561181040366471,4
-6.878903145785047,0.8904656817446058,-0.5123159495098887,-6.695205375998606,0.263147231521911,-6.806394829564481,-3.614480331363045,-4.257798830273461,2
4.106985709977474,3.0974005314346282,-11.878092742517959,9.286149400347014,6.092852336478979,-7.100890933266587,-6.491259301438461,-7.310478036858659,1
-4.828829665408192,3.7713716788797167,-3.5271520444240556,-3.1755140115337537,-0.014479864759114225,-7.719829455856495,-4.212008358495331,-0.9612564433427933,2
-11.773438065549586,10.011598822671756,11.381707192592454,3.502238986283716,-1.0201556350988996,-5.811914834826959,2.6752514660303834,-2.984405496116207,4
-1.952915249391412,8.234720425616638,3.5587459095695224,2.027813551921571,-8.619220693331755,-8.617429799492243,-7.751330503905605,5.485452459244853,0
-7.6697187460892025,5.897942393122133,8.574004268116695,5.804642697299282,-1.5806003416596277,-8.976649541216258,0.0018853417788768922,-2.8033013364028947,4
-1.1968257857631754,10.321976054179643,6.1664149996787065,3.9227380277354307,-3.3564049116958845,-7.449856871066435,-8.663013228511437,6.657221422301863,0
0.7463992475520174,5.880699220288799,-9.227878558859876,10.369016483570137,8.905960528681867,-6.248755085324993,-7.2826793845240285,-4.937185665973222,1
-3.3390643744466866,10.379408600280808,4.686967782912185,2.7998007974382797,-8.449748689579213,-9.127816703559958,-8.666795017371797,6.813368746707133,0
0.8895422232774299,4.795122082077555,-4.542015076397363,0.2021922589559939,3.02346202680555,-8.864957636235067,2.0974395658720844,-6.029950034931984,3
-4.708937508462649,0.6295634501377063,-1.4961984853265353,-5.219795252940781,1.3512605918465619,-7.796319342585505,-6.029112927599417,-1.588021870767231,2
-2.2309172981961707,7.977117890607183,-4.017357728092975,0.31363833876903674,2.088159702133413,-10.934368183561599,4.265205422405314,-8.169944865093317,3
-1.3836934100305194,12.462172012011349,4.135404187770303,0.4675333628745255,-6.485893406645016,-8.163757636699216,-6.467190527137553,6.870374053186331,0
-6.438666137573113,0.07635749814729412,-8.548930167207162,9.168366248530281,-4.558496254349754,5.781495569728705,-4.616236166010893,-0.9091861446256155,5
2.981626039366181,2.7846398335124123,-10.55579947428781,6.05888625010466,6.178255727406564,-7.493757862776269,-6.236775969954558,-7.853682677719267,1
-0.7882061693897054,9.689516555871899,-8.508510097107013,0.5454274416423878,-0.030673362466853593,-7.663238267269021,-0.37946364683872424,-8.723791994602488,3
-6.476384428916536,-0.7973296380257597,-6.6186516053202675,5.468718331831084,-5.377365471862643,2.550000719904005,-3.7800731251830864,-1.5614613323565067,5
-5.075082106464815,0.2425673565056567,-10.090066871105376,9.683127631368437,-3.8825588865016574,2.5404143861870825,-1.9239490829146446,-0.27777054605241414,5
-2.4657410338641617,0.5845714367840407,-10.573716180471465,7.42018391278852,-5.0764038404108875,5.660443483815035,-2.593076369734031,-1.7535333471065058,5
-8.20646411860427,9.996382650924806,11.15587634604379,5.32344326665249,-2.587538440912319,-6.968887060178214,1.6129728169913542,1.2238263730523258,4
-3.7802094892921074,1.854258640811687,-4.346443235483183,-4.129866891337705,3.803515215195617,-8.239169182480941,-6.119603957138782,-2.970052110285811,2
-6.715097103731362,10.098763792414879,10.04630746763793,6.784868620106939,-6.795771221912534,-9.728612690743855,3.3292416714453803,-0.9923541325505207,4
-3.220423656230228,2.088896295552118,1.3952359099954799,-3.249156358002522,0.873324008922614,-7.445924747275672,-4.277670615310928,-1.8493387501563114,2
-5.886973113636939,-0.35772832803991245,-9.430524804578932,7.581923776242399,-2.771316806754152,1.7447464606508412,-4.922565243189339,-0.04063003272358956,5
-8.67066723642497,8.121290417850123,8.26440343149585,6.248924317804764,-5.396689467190576,-6.959116043160728,2.6516327426649977,0.4109786979053458,4
3.434135578528144,5.805418505285216,-6.429784213691913,10.001818258187448,6.349289101597427,-4.100965759839257,-4.0373562764629725,-7.099853231270858,1
1.5392317994516223,5.712522756251329,-5.270114933924435,-0.6388656460109365,0.9425414967644439,-8.416035697201869,2.8352129702425124,-5.6327382197072025,3
-11.607524713622183,10.642650752352342,11.32052678935527,3.238161215768512,-5.576990545591047,-4.808350331895504,4.055916015849396,-1.191268087975389,4
-4.012251833932319,-0.9587150184199764,1.9927584145238364,-4.941331405651875,0.39120293216507984,-7.359916897472141,-2.704530008968451,-2.6449003357289964,2
-8.26561356680899,-1.1215155195943352,-9.237129495687942,9.616212101568598,-4.774286587181949,5.506277303165447,-1.3113770731225678,2.8411539775713424,5
-2.539131633366186,8.392656603256103,6.438459188205723,3.4892120233373047,-8.116231459669045,-6.22882593387669,-10.392978531902068,5.116133851836414,0
-8.574469985745598,8.627774009506373,9.911009553206695,6.431303841764257,-3.767075324726527,-10.165256950148937,2.042380284919534,0.0002985725430917352,4
0.2524271613328921,5.968464035600224,-6.982649547255159,-2.0691556508878395,-1.4102339008956992,-8.98820238846569,4.78895458319669,-6.811209392543738,3
-4.026004933335857,-0.018224798291398003,-3.4117714938024655,-4.2832480011492295,1.3289165264719913,-6.820779482536503,-5.985854547128358,-2.388113118916245,2
1.864346803735099,5.483727274627735,-9.94887249015467,12.064858258003923,5.563517409071646,-6.735847436429973,-3.9242731660725427,-7.043824028363728,1
-6.9890925398327655,-1.8188354072245763,-9.13038927799346,7.313323939865075,-4.015942400108427,5.448562459543847,-4.637181985522963,1.6136817696365409,5
-10.002445629356282,-0.40319749157994444,-8.845607644816006,9.501520911835481,-6.293683937550307,2.890031795633887,-5.06121855852375,2.1833029155540205,5
-2.49137995896775,0.9533342054465084,1.4637982570459318,-4.570913780606224,2.0415344527824004,-5.273510612460342,-4.30258031429371,-0.2823547377940927,2
-10.329017063008543,9.812618620297137,9.585287677525937,3.7461139643417263,-2.359294555759041,-10.066450668983633,4.918707085399837,-0.9913894880171235,4
-0.34748099519172726,10.432192029933994,4.539655512504526,2.362167217561361,-7.350415200169603,-4.709576175951176,-9.158891881106673,7.69447026291446,0
-7.759777048232361,1.9363197505359473,-10.027333829809072,6.883229374649228,-4.253570303456491,4.303486300173109,-4.478871117913529,-0.5579013130973588,5
-3.1814162928915133,-1.7540654087798635,1.875486162229182,-3.7457597076478417,1.5765877434839228,-7.686721384217025,-4.973168108518574,-3.407011396723755,2
-7.757822680466726,-2.7309612913746797,-10.451124428991628,8.077181288812367,-1.6048740644211241,3.8442088236066017,-3.5133959612767565,3.1063651739662514,5
-5.960548634602443,1.5576180326922033,-8.558483696744243,8.060127544680716,-3.8220832942355827,4.52722707604022,-2.73840374658345,-2.0775746009227305,5
-3.897873563454596,9.905706317643892,5.838730927235224,1.0172035111016866,-9.272493649548396,-6.8997871121688386,-9.114880836338587,6.626299720345712,0
-4.786841663000812,0.5954610259791009,-7.634239396110412,6.91941631096525,-2.441905998012285,2.8216196765519848,-4.265034354295153,1.1731650944462362,5
-3.3576098124486555,7.745689596578571,4.468630260300809,0.31678196806973347,-7.765466079706761,-8.796714221418105,-5.694767543969787,7.379944598653469,0
-0.8189721403163224,4.3135524553935065,-5.414533145268773,1.22310831861915,0.92368043803628,-10.546225950889433,6.352959846341132,-6.738171078011423,3
1.0144822547478314,4.718117280914322,-6.739288354919617,12.325497197353869,5.728313027139509,-5.348123873315599,-8.65032766333182,-5.012440003425036,1
-5.745962846832638,-0.5907979787338211,0.23790988707077876,-4.374022595747488,0.3039499610747274,-9.593807691543441,-4.079160342265546,-0.84572867497735,2
-4.048275798976435,5.323555489390554,-9.54105084081272,0.6986698798257631,-0.16391586016353665,-10.41591934252841,-1.4977685190235541,-3.949353984160496,3
-5.579231567531217,8.971863927479575,4.736247172133743,5.9143570639171905,-7.187404734801066,-6.397633845542167,-8.8938665881644,5.453638055307452,0
2.876102514570537,1.8341533075293497,-9.893150417476011,9.86439617322162,7.172173164893728,-5.505780117255877,-5.572264668579951,-8.140742532584062,1
0.8263840998740166,3.833565769350951,-5.54974524771414,-2.1617352707914304,2.54646352669864,-9.242998498332927,5.249584657685988,-9.063121597005653,3
-2.102554250399188,6.089870903276521,-5.3588421745291495,1.1393749361979126,3.07915819438647,-8.804904020396567,2.9723949361855704,-8.047875366452127,3
-4.540126417527469,11.73830958120569,4.963604910504585,4.584140722483307,-8.052479983989652,-3.971210517183427,-7.598078966180357,8.208387052862477,0
-4.988989233338087,0.3722509845944769,-11.1154755361257,7.54049150804675,-7.828217596615533,0.6556322414234352,-1.0114984429734655,-0.7175210862669501,5
-7.6927008428957295,8.48313791874172,9.181388662218499,6.851443715147049,-3.578622348730812,-8.9125730378421,5.338441070477491,0.07814197821451252,4
-2.208757340141382,5.575997425557335,-6.620389861335304,-1.597644283139214,3.2388580783720626,-8.136027652359466,0.01568252264936154,-6.738756860361213,3
-8.777728952051516,6.660198261253802,7.927014972687875,4.390528203988859,-4.910973344835817,-7.784231495533981,2.9728014115783163,-1.9775289336719384,4
-0.15575969825977565,5.767278114500794,-6.2660749952672905,3.210944180171718,2.0816294032280025,-7.781885387324446,2.3795724391327004,-8.346119587461665,3
2.283635723948237,6.500198781932298,-8.034050341808175,7.325783250172492,4.748767749168372,-4.826962077523862,-6.466440891664654,-7.060184657257346,1
-1.6765991739877824,1.4884565451085434,-2.34957366472733,-4.970831634231059,1.0731142041207427,-5.262045951838018,-4.805188554008521,-3.950319609005578,2
-8.75310533814196,1.2125719392257381,-7.44471939188882,6.201145995744852,-4.391536417027056,0.3060382418676322,-3.326826838389873,3.8606887127416876,5
-7.986100269155671,-1.0838441828723324,-9.33694483938218,9.021589362959304,-1.2003634466819966,2.52806911547253,-7.3024243782964815,0.020597784343893144,5
-8.259389990826348,0.8079273421195913,-9.33045877562899,5.602570572085568,-2.7947314003133337,4.976179411870731,-2.5433247628966127,0.9051159303591464,5
1.1615345887490474,4.907762910865327,-9.461833630643504,8.937147394422098,6.941673501306807,-7.339661052201889,-6.195054857602503,-6.09094581437991,1
-4.89408124759309,-0.8046815348593048,0.15756608522337245,-6.114246328022144,3.3199981410252013,-8.939897743477744,-2.839433237548479,-2.645211801757269,2
-2.591634308692184,9.819230717996316,4.129881531834289,0.32547072627377993,-7.076977693625047,-6.3856336844237,-9.887428107774321,6.946384923728034,0
-1.6735082604369516,4.750072018476661,-6.965120185161671,1.5784110178571655,1.4209830602043922,-10.132674376540377,1.4725623861191068,-9.461024180519573,3
-3.7155409652394322,8.565206005211483,1.9311479335154846,1.8158262810691321,-8.461372962592739,-8.64585250082118,-8.550497114790446,9.550726573650062,0
0.35828497401428416,3.5712221956238817,-6.859076959184125,1.6866821502013858,0.541242183048064,-8.619529763817914,4.430596536214804,-10.41749325671996,3
-8.947340370185143,1.923096941428816,-8.752102830150578,7.899179885651176,-4.367133621828003,0.46372471804857884,-3.1687720824266643,2.7802839408614037,5
-8.940316046800929,8.896092236100777,10.851774521553617,6.177265455006465,-4.111491160947516,-6.417028189400301,4.645704325261994,-2.373862838777021,4
-0.21228403399095264,6.08883671885118,1.3304776915384497,2.116202130231313,-7.58777005958992,-6.867744964194851,-7.325828922658626,6.439411961708539,0
-1.9518508402589472,7.577758021917314,3.85955023951011,3.692102491573122,-6.085387002776964,-3.56000553031828,-6.950122678649566,9.154391825194606,0
-1.9632522750654968,11.414725502599902,4.7590941863509375,3.614181066136864,-2.6524081343630774,-5.923150945200001,-8.75940269136426,8.47943809185227,0
-7.7170784953077955,8.446226214508036,10.700524967646324,4.756575293300871,-5.59590307254651,-8.431483683422158,5.010717163046796,-3.0510068686624106,4
-6.5590899692899125,0.2056938707958591,-8.80341118942761,9.132133603985789,-5.788384268714534,1.1859654042312249,-4.541962579785607,1.27195778419556,5
-3.585846154267793,10.074831877032933,6.068980191759704,3.0002002805145533,-8.527141174564168,-7.654536991071282,-8.844844296030306,7.257507471258607,0
-3.135816646224295,-1.917942102350727,-3.5336167584623928,-4.76696389165403,5.16285831435451,-8.572669718961727,-4.490263364676042,-3.530916777256601,2
-2.8689625123245133,7.528218797874388,9.336931479952547,0.25584483238409916,-7.565783872120988,-6.21477065521825,-7.877987011445166,8.856214203843798,0
-1.2567469126529422,6.0016311251726275,-5.093791460673961,-1.2968142884439333,3.6995020937458296,-12.31794875370501,4.268889916309567,-5.709089577790301,3
-9.11926539470184,9.24104369718839,9.495913782762107,6.129771235288938,-3.3759079316556373,-10.046229146017728,3.8017464734508457,1.098184317221381,4
1.7550298273305098,5.584169491612004,-6.975818075479783,-0.9552032928078202,-0.06373797794131852,-4.537263058469486,4.42442962276571,-7.639586831934614,3
1.3463068021722813,5.805801553968163,-9.083473408611546,9.321622758995474,7.0504584850486705,-5.466155112756331,-8.790160729915462,-6.8907288194880625,1
1.7183299572688506,4.217058721187866,-9.421696693249807,10.8643233687416,7.3027484356490895,-10.451139296479461,-8.46404509280635,-9.831719266892993,1
-1.118687367213108,6.669134645710515,-6.486907172708586,-0.0886085947393177,1.7139070199251618,-8.308147439298079,3.182581548743183,-8.808662287169128,3
-8.592611359605067,7.86960839967531,11.019890832356783,8.949036746451366,-4.169794742973646,-8.880872165300357,4.23102095577089,-0.9906604547465508,4
-7.107355721882866,7.888630749532312,10.640349106025132,8.269039601465115,-5.969594350639353,-9.006362358231971,5.838393992391829,-1.088993502104032,4
-1.3483717700554823,2.454266430860447,-5.045109238686559,0.7854217689702309,0.2629671374650462,-9.096525553383243,3.4412606059057667,-9.954396753246128,3
-11.231345584266675,11.189845918388379,9.720349262650357,7.698989785407205,-2.116105610844774,-7.3866330336152775,0.11251060153265735,-0.9606393704396371,4
-8.798255903162769,6.607057043856701,9.487153594371852,4.958424740496594,-8.098932749725805,-8.175971674629986,4.51295524046399,0.687378639803093,4
-10.002474967651784,6.454401516790162,8.522755608500626,5.350188615570429,-1.7954508944408314,-6.661543456381866,2.5048411658218086,1.0397768228816955,4
-5.352739919645797,0.06187023747825626,0.7873435159191202,-4.608225682593041,5.070589979803982,-4.9195052078584105,-5.083995523022106,-4.450561160391407,2
-7.268169729145644,9.417399487715146,9.34218199957627,4.079072357547691,-6.643548239885048,-9.061804253469418,4.263372689234628,-2.1341592656355015,4
-3.869189232855159,4.3214528932081056,-3.417049621240812,-5.113684841620855,3.7847928779326567,-6.981984719606244,-2.944430174877655,-2.4011528468671717,2
-9.537077842164852,9.172083241181287,15.277174013112287,7.403787189739422,-3.7370225230817233,-6.96931816507912,2.7196780431857697,-0.7770693076042854,4
-1.443166147783113,9.939051766021613,5.56366047639876,1.7673145697774426,-4.628531597724469,-7.654699184611655,-7.309896977104481,7.261534283515434,0
-7.196315527056379,12.299041367400982,6.3819102829747765,1.3710885240607382,-6.849516711566313,-8.754756548984046,-6.125171152138625,10.359184827135682,0
2.545231770037808,5.546025490401021,-9.445332932329968,10.973508796771403,7.63142210447193,-6.3289625236830975,-4.930139247693498,-6.185541793367214,1
-1.925899259284019,7.9260085660416,2.5848595785120785,4.334576324747077,-6.093314373720227,-7.246639242750682,-10.65758036967199,6.008619190024549,0
-5.480583845013011,-0.39491787114789934,0.9339808791539972,-5.995161517015409,2.9863525754415288,-6.861389705939317,-4.728927292756809,-1.6415108344252909,2
-6.971109627528028,8.568022187407582,8.137959940242013,6.644344249480893,-3.1786050588007866,-6.644060605166226,6.678595652632753,-1.9286157491398788,4
-8.824439385239486,11.220795950031038,7.058757582476291,5.183854697547047,-2.771782325321851,-5.975627714743694,4.659009173880918,-2.167661989555662,4
-5.459766373936437,2.303392140270544,-0.7350436957642872,-5.222782029525542,1.8980009448836201,-8.345871042070721,-4.097759282197307,-3.8402157457967583,2
-3.6312609363192303,7.612982408764252,5.4923319711443,0.684326991923899,-7.223809271424054,-4.412466989017863,-7.247365324931333,8.767157155408228,0
-3.573873300059887,10.169331704899347,2.6078810803979,3.0433138928146812,-5.804515818648074,-6.265386278066512,-10.429413391515677,7.722800018855627,0
-3.6287584358408873,9.356653985373077,4.460153956722774,1.6196183246875753,-5.89696047108179,-5.668097257200259,-9.687129592812854,6.402213730467215,0
-4.851280499868746,8.202861577325116,10.041378007525436,9.16940411847519,-5.430090505978702,-8.54137407510682,2.9096750364278727,-3.62558270595548,4
-6.773467042084075,2.077785457364706,-9.39061163882926,7.513195787581888,-4.203972338128636,6.040121512583148,-3.0150666987935675,0.7443582597960698,5
-2.745307829162107,7.528345363614224,-7.394387283615326,-0.3082655225683276,-1.1100092265531587,-7.656636797314404,4.004110287273608,-5.236277424519185,3
-1.586875470856874,6.6005965790577505,4.935831756345151,2.697579847263443,-4.147899495856514,-8.11341967764185,-10.88369196271973,5.890838178018637,0
-1.900881061443209,9.991223320652438,5.5355435529177655,3.702418844828127,-5.545351743873024,-6.145421466510448,-8.950592894969846,4.665985421873117,0
-8.775772510978697,8.070209467286245,8.709775080883604,10.845632822351561,-4.648077716390311,-6.6847843242036475,3.3080158721848703,0.3015305621324229,4
-3.4515277098387886,-0.7959467046508948,-1.4347137530978642,-3.1973513604579704,2.6123699263460436,-6.24839040598674,-2.537513577050989,-3.71027777952124,2
-4.794067989262451,1.976348553375921,-4.915073228397884,-4.278241401526538,-0.5841435967395077,-8.669632020888955,-3.3174051044806774,-4.711479102831451,2
-3.078561113746368,-0.724239676775519,-1.609696408306483,-6.738385666254803,3.0068141591327806,-9.637488174452137,-5.648564717080216,-0.7252957182915356,2
2.8664092206434284,5.127891311040193,-12.244159014092244,9.540313782885947,10.546429014775224,-7.889243779471315,-6.500170788390894,-3.225116007648599,1
-7.019468909879697,6.349569730050327,8.917847260540322,3.907025158964996,-8.083563599225759,-7.460234832231915,3.400162756433354,-3.4323084177367553,4
-4.152843804650177,0.7033703318216926,1.8678551453790941,-6.075578983842917,4.143034206736777,-5.496750630299191,-2.7901992866175838,-0.6059665729539558,2
-7.832972834738498,-3.1792626592345803,-9.800225903837886,6.06967754703952,-6.290424453532181,0.12107028288792243,-5.193785400170956,0.281262471435269,5
-4.537780278617142,1.9865900115802009,-9.172045543103696,10.108445857102005,-3.7646670428094167,1.1863948296121034,-5.071844331868464,0.8585560440619864,5
0.3584479441129229,6.384544048479187,-5.208389431587534,1.5253517498624327,-0.9969535847672581,-9.067777457366885,2.6392315053639948,-5.923680437423304,3
-7.802541303943223,1.914420201260112,-10.733674178884927,5.072402932774626,-5.679253250393069,2.1819107494022845,-7.335239291077012,0.7941391907618487,5
-0.38580513618175205,2.548711980059088,-6.3017571814061215,10.1333571375903,5.454351452376578,-5.084073661208562,-5.455771892679381,-4.740846730786942,1
-3.690473752897511,1.1917936770142625,-4.121076321767713,-8.054240989154819,-0.06301535586346318,-7.978992267930004,-3.2349374011135428,-6.420358126777844,2
-4.662591100609895,7.703473552643925,3.877925438556647,3.372192373081096,-6.45952906474819,-6.570365735087876,-7.4768910171672545,7.103728054059668,0
-4.871217693455597,11.903205220497226,3.626642508691665,1.818353518841709,-5.262283615118768,-1.2336212931631714,-10.829506076458195,8.04324645746112,0
-3.265938327004212,7.077236606300154,-8.11769722105695,1.750229262035604,0.14795256021135295,-7.447778897075605,2.167205702518888,-7.483529360569515,3
-8.281778076748942,-0.8051476694219536,-13.519269567239508,5.299240066143056,-3.0481329057378552,2.835360799127054,-2.1798554611629415,-0.8045585709446512,5
-1.9985729652466426,2.462656298050385,-6.913723025116081,-3.1352291619674375,1.4693107903300526,-6.721156522337559,0.702441002706125,-9.959187698404872,3
-2.2332268591411015,7.743252919514693,-7.150731671167636,-0.2714788831641918,3.5196585131599374,-7.870989511565598,4.776828584687221,-5.817034543047485,3
-0.15636679179362445,6.345633425823012,-4.297735485627223,2.3571227424055854,5.057240279030284,-10.409939237518,1.2334226160012187,-6.011626058987549,3
-5.558856617690801,0.27277226215658645,-4.00278505925675,-3.5113011805206265,1.966316041382715,-7.274958600602254,-2.230705221158595,-3.403953595816501,2
0.6892737975378296,5.866993507491831,-9.55977850683634,9.45830401717149,4.724578403573249,-7.3372397286795,-7.683656335770827,-6.25757176588462,1
-4.2119607872671505,2.2496786953361547,-1.3597854883105491,-4.128723183150501,2.569103139029066,-9.188334192409492,-3.1572342867318657,-4.681080117991495,2
-8.3112653283722,8.950609012417788,8.999151594505566,7.084264789684245,-5.692525876339573,-9.294744570480523,3.4618624575280013,-3.1188419094814357,4
0.7624017288339524,4.917912867661351,-6.236055868704329,0.13246111899424184,4.427923571854654,-7.646498005773806,3.4159862512735013,-9.114136123096252,3
-3.4141198116511347,8.260180974356533,5.789346713782727,1.7207745107703556,-7.9062941033598815,-4.215546525078297,-10.20819950169481,7.380428633951492,0
-4.680253856383165,0.4900472618173471,-0.8897514336482896,-7.536987132838519,-0.10328984223608861,-7.071989956899703,-5.315999131349845,-1.0782330616867704,2
-1.9877376397118138,4.309721524446176,-3.765473837523686,1.3728498616209204,3.84480461428123,-6.752048135262704,-1.6089106378640032,-6.039990099009247,3
-1.0513991181003255,2.422669266954186,-3.9167664164076195,3.5974220728387474,1.5654846861451481,-10.507715028586611,4.560517391909867,-3.564904881666216,3
-3.585617994874711,3.2857976504804287,1.542781828980735,-5.131041793276771,3.930026883241248,-6.642378538046687,-6.417398336506696,-3.7867285427216544,2
-4.5518152585981015,-1.4790099053619554,-0.9193732182806378,-2.2723909902584736,2.7156994511795034,-6.701095083444967,-4.224588799690261,-1.4901732896890445,2
-9.411633945686045,8.94767050398676,8.215201444236993,4.351014946940506,-1.612930267299992,-6.741215267757937,4.7162141774464015,0.25673864631508714,4
1.648947632257875,7.513578598034235,-5.946075397156807,-0.4252619564158393,-0.9360711526796672,-10.46450142666363,3.2113025704355094,-7.072926142447295,3
-1.1594452158145578,2.3484565410999863,-7.592152094601683,-1.1141703632483824,0.9384636797366475,-7.758290714938378,3.811184303197183,-5.775532374562638,3
-8.356927138048134,2.1507286180353686,-8.576141270105525,7.9628305395071575,-6.990806276787783,3.620651973572711,-0.8299562471564776,-3.9656415765718647,5
-1.8734347334877672,7.086568576191601,-7.683002826596214,0.4685864553024329,2.229899175334602,-8.693176043265622,0.8073489466442123,-7.383241002026294,3
-3.846060458862409,0.5762602388266362,-0.9806238461351902,-4.5834519780890846,2.3760741182520886,-5.408791300540361,-4.291364467350042,-2.7211034969810193,2
-7.18764673502742,-1.7821060701161386,-9.471386335756247,8.805114504685937,-4.623035882100268,2.5600498786851826,-3.056990148425876,1.4725565148442186,5
-8.338278703806072,-1.8224590810165258,-9.943589701004814,9.053901862819822,-4.765265930161761,2.4824212880040855,-6.63087115952599,1.732552434594178,5
-2.3910276428165327,0.6489784061878838,-4.031937476925811,0.050117479916511776,1.2076556256636,-12.193723419816738,1.1267166127930033,-7.824215859506803,3
-4.730257451561615,-0.6293148329424485,0.15399986397064636,-4.463094560047634,3.0078435465877913,-7.088681150344174,-4.30917423520431,-4.1876176361200805,2
-1.3660420502606352,3.7698949609459045,-8.304463437679377,3.7835703641813954,-0.3160844389351456,-6.354246914637844,0.7992824018432372,-5.325465418189654,3
-1.8857813624155377,1.9940177160576535,0.590809491614845,-3.0228451986095477,2.7692383087675494,-9.176434637314191,-3.9173115125991975,-1.7178930903968632,2
-9.205994200186389,-1.4914562326321876,-10.918677516037176,8.914836559846348,-1.4177198133214772,2.4328615667869613,-4.380617965373276,-0.5339716524219927,5
-10.639044052947638,8.642012030740947,11.400091265342002,6.978777478336381,-5.8903836842061255,-6.229901620924078,4.228587654631197,-1.862870502895867,4
-6.671135847767802,8.832539400191243,7.368302392821869,4.408444423232382,-3.5124216963189845,-3.2423137440136216,2.1231505402508515,-1.7007486350848686,4
0.5119952055322763,4.6789753387375335,-10.49519563743726,12.714354708459915,9.696340627339056,-5.76355633696094,-3.234978710018323,-3.9508943993470007,1
-11.008877914215425,9.150621520364362,12.632516663875613,8.232255042228932,-3.627951342518339,-7.561153225952145,2.583034351919847,-1.7683671312504092,4
-8.822993845800609,8.253876623873818,10.25528376358315,5.0356071651963346,-5.862776552511045,-6.152531949809033,5.352898171742654,-2.155588681372173,4
2.187288366777195,3.727377054884684,-13.357435698287723,11.917535215659633,8.387221012633047,-5.040002024487071,-3.3115155797727587,-7.8956923909052605,1
-3.938949645003343,6.388077943234967,4.6594365136923726,0.05850473628569852,-7.304524011180936,-4.687946627499353,-6.9194484399614735,7.271879884934514,0
1.7978592979834902,3.624626224668003,-9.178746679813917,7.6073966556868555,8.651968743229487,-4.28789973587831,-6.9445815498304935,-6.678179741552718,1
-8.766168473039233,6.595054780033873,9.33451019355665,4.266450016634429,-6.5488784302243825,-9.561734167023705,4.342294218070874,-0.5503649876295422,4
-6.159841656670223,2.5618736046787407,0.16111634644354744,-6.687059891589364,1.612629844957001,-8.138384742358394,-2.960314391492117,-4.638810095574188,2
-5.178878419880203,-0.9484878892356348,-9.953656897582567,6.0292853332507566,-6.397191990011768,3.91121569094418,-3.7144688634938583,0.47832546067642245,5
-8.333124231962032,-2.03739245781314,-11.594161231365703,9.551726832551134,-7.191398000898685,1.1366564148938196,-0.6006217320696581,-0.315256859082763,5
-6.549022229978384,9.835654939454319,6.8235302118792305,5.958031698844511,-7.024707340334848,-9.907808459501549,1.9201845534532676,-2.222456444030814,4
-1.2461456587181095,8.158378388346126,-7.166644256043209,2.638873893477299,1.487972290547721,-10.420313910761593,1.5884194767417545,-8.348540290621088,3
-3.322221939288448,8.777837618090366,3.91468138179128,4.297117739093925,-6.356835567787558,-6.399350617898621,-7.842796326166567,5.501389927049472,0
1.140928282338317,8.434532155701813,-8.926507909741014,10.982396702268392,7.596217589132422,-4.756400139558079,-5.506454173694029,-8.095245106573028,1
-0.3280312628411495,8.52848441156152,3.8576610457581952,4.5154742094512645,-8.867221644830037,-8.681048975727098,-10.592280276425715,7.214928704779532,0
-3.0931219903213667,7.671550660455911,2.9681841257944477,-1.173000859060871,-3.5896957832467544,-8.64524297843064,-9.192333554373246,6.88062163567643,0
-8.576932747182347,-0.3215304032323134,-9.89739001669905,9.830871750640815,-8.96864556666929,2.965044852557855,-4.346224245792092,0.3877427930008616,5
-4.398498127546902,10.797200839668516,5.784488940934092,3.122266845073427,-6.178066009055707,-6.848722940965563,-7.761749779089098,8.270425529484909,0
0.18396848355657336,5.979375773538515,-4.583820085866142,1.8095015000699415,2.9348290067062077,-9.608256627376084,2.3177411000393633,-7.326915774765853,3
-7.480823896834317,2.0515004850562253,-9.056111581929086,9.649628998430206,-0.10248581128829581,7.210630880357337,-4.057861938482979,0.8709684546633687,5
-7.7181704167430505,-2.105707293521448,-10.13713162105682,8.030651541943257,-4.012506400355628,4.1949580897602035,-2.5483147707544003,-1.971103676993927,5
-3.223621546359984,10.384524199115877,4.982428826836427,-0.020012361998448913,-6.602537709789379,-6.263601785709808,-10.252499654557823,7.569483085011548,0
2.666551405499633,4.048715011175315,-8.905136219904591,8.350893136686718,6.825389509063437,-3.980700534567595,-7.862711825851759,-8.458957968251454,1
-8.779662515779366,9.718839836065646,8.492144908503457,6.520601706424609,-3.779589982090905,-6.499316699945869,2.7065575891998197,-4.396841173651909,4
-5.199433762893841,-2.42887110190459,-7.366626542932476,6.620897876521513,-4.273629800419982,1.4177440115119602,-3.441340643084788,-3.6155935846021565,5
-2.8916350807504663,5.849312874793905,-7.617297256862226,3.54741203982815,2.804898876915335,-7.525661110627036,2.104454788171827,-8.194650358036014,3
1.7195959448240477,4.023310982726146,-13.13362599411702,9.085501288803464,7.987227436752342,-7.461573909696149,-7.564653191046489,-5.06357217455746,1
0.8663087191933152,2.8957927322841446,-5.798947171183506,0.4825710762408952,1.7164685171574188,-8.861745854432407,-1.4207536986364517,-7.884804751530477,3
3.286925957320927,4.994271550526157,-7.610800990518985,6.166106780002725,7.5898735381566915,-7.850251041321473,-6.375109773403046,-6.830641950878867,1
-1.4944121121404166,7.059937166010159,-5.544552602090894,-2.3342569800905797,1.9465712074434307,-10.380979466978452,0.7022262361512657,-9.02262836356092,3
-4.5664060639229405,1.4667366610526318,0.5024376292261712,-3.791048194806445,2.1923414604023215,-5.883172506597112,-5.526868353195206,-4.200298868034842,2
-7.66663970203849,1.0464324162584462,-11.069223723328616,9.28828605209467,-4.713785227332886,0.43008946330906594,-3.1580372825365948,0.5836322476522182,5
-4.808081436642113,0.9491092071910525,-9.441721511261484,6.041889221752953,-4.563115902165611,4.864999502107475,-4.05211438681298,2.0357507081190596,5
-4.816062792543955,-1.4990357979185447,-9.17292270514245,5.1477764787785665,-5.1421372337112325,3.0686092881707543,-1.4177137655651015,-0.7293240464261459,5
1.843344868326075,3.4371473183056556,-11.456894605750687,8.872796628173003,8.421206569580354,-4.846654349006116,-5.332603855684867,-6.097548824286014,1
-2.972159725139798,4.608379705861495,-7.319966799802555,-0.1975318983509009,2.945731950175721,-10.855157269098843,2.9553757529265354,-7.528814995700951,3
0.42893011233679634,3.457825876703052,-3.256249838875986,-1.4042552199075595,3.255748973031149,-7.8759357659899285,0.7074308596211496,-4.97529970742735,3
-2.2019190366686994,8.51969978547432,4.853544283879753,1.7292179457318617,-5.746653308449526,-5.349385886404612,-10.09591089344873,5.193550189806258,0
-2.7784783001273787,9.972851459180074,2.707463808158738,3.267750149110938,-8.239180665515583,-7.652883874992492,-7.989234759819934,6.262025063947522,0
-2.4160636735391505,7.185533651669324,5.212338612785355,2.870424926129907,-5.146745202070827,-5.194026310020102,-11.042598745367357,5.823002851634507,0
-11.705983669464775,10.043437913856213,5.816963858566932,6.902635850061359,-3.2687497158979375,-10.804925767097192,5.284734359253837,1.593187316857497,4
-0.6758085298179761,4.540729239113747,-5.572199885990233,-0.6979127808902933,3.4482914189644394,-6.570695824686548,1.6749543585771516,-5.117103508702002,3
-0.38126874907342384,7.459830045368007,-4.68118440838194,0.5959703800616489,2.6803657679510797,-5.1303934013294015,3.49400618547892,-7.0937724977704075,3
3.4287228821553875,2.6470662823394235,-9.87976704825663,9.84813573537439,6.2120420191723005,-4.8171836547739995,-5.913593427201547,-3.3998118183617034,1
-2.740902529825847,-1.3386185040801957,-2.106305056081625,-3.219476623428997,3.6375081770638724,-7.518787380705375,-4.815037926208943,-4.78815184043615,2
-0.7995387385398453,5.0464104344775285,-3.7029471631664816,-2.2903738611957087,4.0336840701446075,-10.474739791516754,2.058223112967147,-7.0618637467729375,3
-8.975778848658257,-2.555122766230758,-7.732236389757567,7.836305466267156,-2.7904023582214763,5.603875212193843,-4.211231221149638,2.5501864024734706,5
2.30288461991271,4.5462317950693265,-9.135150180306802,7.8639118148965,7.7274832242004186,-4.60719779208483,-8.37173916338624,-8.677570925249519,1
-2.0384390166311603,8.639233647692206,3.3858537712898666,0.8683040002347169,-8.345534255921258,-8.211025126444659,-8.94581302071498,6.1783069329215,0
-0.20164632526980109,5.300894404364625,-4.231509987615541,-1.4291609555730074,0.5363216886575621,-12.165060994082836,3.3898629500611057,-7.886063584349008,3
-7.674018595199643,0.6402846093952883,-11.763274589890138,7.170516057528488,-0.7588129555788248,3.7772251092649984,-6.6741644049026085,-1.8393849600594439,5
-2.868967193945676,7.974281998880786,4.9097263113748655,2.6802747232517863,-8.624265715059824,-4.622617785681914,-8.99606876829083,7.353682312210459,0
-0.5383283857870331,7.2221833281648475,-6.984224700136914,2.875591135681324,3.515027694909057,-6.716669661491249,2.238104112867094,-8.598185629267434,3
-1.6297045249883346,11.896574287024702,2.557338063742771,-0.9916598886953789,-7.079446207711378,-6.854993119743534,-8.488472865824335,6.609410091123751,0
-3.5288900182988217,9.747704853880697,1.300635606464791,1.0377813148892128,-6.9293214837447135,-8.33560306044688,-10.336737956299364,6.255075625148486,0
2.74238770876041,3.2181251624231044,-8.809362803735965,12.081780391999017,8.241695522687019,-5.883547366879084,-5.282715300233236,-5.407882675559785,1
-2.0591685230839234,4.773295193812289,-3.0898481709859262,0.5701956710131248,3.9760807244583036,-8.68449897233902,1.4265803570824733,-5.654973237557952,3
2.6999128332994355,1.5939235402444094,-11.386905088261189,9.562263346947923,3.949206288582566,-4.423280021314867,-4.969011109796961,-5.808436918326859,1
0.23303835845413867,9.021454318243961,-5.739249871430304,-1.622870990057531,1.9549153807103286,-8.684500874871436,4.178366857369965,-6.904340558938495,3
4.707045574014091,4.333108941675435,-10.05780035778525,8.759117393662258,4.227605665356,-7.840496025769053,-4.307633800057854,-7.090122394588474,1
-1.8392393391569732,8.994950666189713,-5.075195165544376,0.03717622618956676,1.940236256761682,-8.7841412184789,1.771998038365847,-8.790886489321638,3
-6.025555959772989,9.53387150815888,9.416634059250878,8.322964568774797,-3.2939680066391164,-7.28243594163711,2.9278213859554554,-2.216675494182504,4
-3.7266042189831645,-1.168820409942525,-2.3401605113845982,-3.2231654778235956,6.155157583631953,-7.755276021410494,-3.4277667438746127,-3.5624472260932114,2
-8.309605984049611,-0.7644521411958881,-6.99744943345905,8.89791339404727,-3.596311231894223,1.6020448685490651,-3.3714837921090615,1.6979616181660566,5
-6.7001051702546395,7.383440885231991,7.4438402068198055,6.718953145900117,-3.9566410714805778,-10.145151923755103,2.853588251699898,-2.5038004904248585,4
-9.224412815165689,0.4752778681039497,-8.423015531524154,8.152538359703177,-5.621267081910683,1.4280587037772507,-0.7280737443173777,0.517585227793754,5
-8.32213567756375,5.73559705745684,9.302600545547792,8.421775308655839,-2.8408029610435626,-8.607721897385575,2.567451868243489,0.09219433043471881,4
1.1251219696237236,8.367250251103984,5.4261659605804216,2.8847862554585673,-6.566856420666005,-7.038261915258836,-8.140767133435936,3.2719291791472065,0
-11.650802441453912,10.892377046321442,9.624953164068394,6.619447619130678,-2.6803799891620526,-6.024727975282463,3.6478285556028136,0.6855324881169378,4
-7.25731985891745,6.837180856294638,8.231893069447088,8.485581139995766,-5.75548570024611,-7.281023817094507,2.897433760514426,-0.5407229945117078,4
-3.8047573602804046,9.314766669066357,3.380400324248907,2.29854481993876,-5.788837737047043,-5.340104975995784,-10.800214729136304,10.83815660346503,0
-7.0464625454859195,11.66580918475027,10.00712606456551,5.6251972130282315,-4.658065773485687,-7.261520849887811,4.0060422175406,-1.4756831593549788,4
-0.6873441071714359,4.732084493896658,-7.260540627825077,2.1471438038695223,3.100895462342885,-9.105028305009796,2.381836777628292,-6.602954353989119,3
-7.219453309458265,-2.0046940583652795,-10.6481416561945,7.021184595245405,-5.035248961477796,3.5311206013405547,-5.536541823945682,-0.26024991200545966,5
-2.9884216831287143,7.037161292919267,4.364612661403346,4.274240405773855,-6.6152431110473895,-6.860074610348288,-6.218789125111445,5.03335516021162,0
-3.6062774911969586,10.326763527412666,3.1183534232769468,3.0866610454460917,-7.706209909167443,-8.517314750676881,-8.390255208320163,3.0442155104520774,0
-11.488556473926732,2.4654187580726745,-10.738644101957902,7.43398036892414,-3.12479377316997,2.063128167668019,-6.91771538730997,0.7494652714992487,5
2.918749664750502,0.9833865769282353,-9.144436336104201,8.161439548573291,8.40417330626864,-8.06585752528369,-6.933863805665258,-5.752670521349779,1
-4.90467639851064,-0.46865220570823785,-7.233078298984655,8.651141272611287,-1.8610291388592697,0.4022868066311389,-2.9943077864614267,-3.8752712769953535,5
-0.830436452421913,0.4952436199389381,0.15928701558966996,-4.728543445042483,2.1442337434173013,-7.935506233792513,-0.2116232989574529,-2.267575258343538,2
-0.1481472384655983,7.229357563583521,-8.105005798884573,-0.05646062825550052,1.8050639090103644,-10.157184090696644,1.2513421155555764,-5.240606644559461,3
-9.464438006756252,12.51667707592284,8.695795261963404,4.459334367864858,-1.366259243199662,-8.957056653131692,4.942948703229904,-0.11632995547025993,4
-3.5512811121089007,-1.1798441008885832,0.6820732673431986,-4.888499979881416,3.8649325661418317,-7.026262424764795,-1.5433712974411438,-4.338969675760604,2
-1.8164861298965909,7.49041465882563,-7.192878282020904,-1.401950841909703,-0.4461819998041139,-9.555271603166128,3.614809458074064,-6.179649979276071,3
-5.5089995942754335,-0.8985086114032287,-9.438020614072418,7.48533048411516,-6.396624602889006,1.6019636945365416,-3.2718131541623316,0.35913809759776655,5
-1.7166646589532752,-1.1168887363684359,0.7868361958930503,-2.3018228069123348,0.3005953116789817,-6.201058131138886,-4.22597092087418,-3.643294364716668,2
-8.597502939583904,2.3177362760326545,-9.101971288635852,5.393587156031469,-8.30139013623626,2.916674257174195,-1.6319765788384384,2.370352174657514,5
-9.311363284494284,-1.5641085708051972,-9.318383416797406,7.281405962140796,-2.477688634345084,5.137109361371412,-2.4781748339656753,1.6572891609881433,5
0.8488199679565933,4.143841441315456,-10.820673287060178,10.267835975319931,7.739509858244339,-1.9445973925712936,-4.562412764460448,-5.942944909605861,1
3.8495875826277706,3.3172958077944275,-13.604665539748613,9.336354213116167,6.676346976625281,-4.59469770524359,-3.1460557991964935,-6.939995643891814,1
-2.662583519494503,5.779436876878201,-6.39740340525523,-0.2389514780304819,0.2758806686955153,-11.31992627852395,5.363347786529599,-6.546140001231911,3
3.9880155661633716,7.685040793317571,-7.4515518775229035,8.157590595763715,5.5355574390065705,-6.008143510449439,-3.5082064336922496,-6.596588286422353,1
-1.992847926511807,7.690716618514605,5.470833259013977,4.425551944744857,-7.053643428682243,-6.2373708379176405,-7.7340973698982305,6.681570160481365,0
-10.579678136056277,7.97661246706764,7.647735597534977,4.554612546914258,-5.059827807248909,-6.596951072663454,0.8773861616985448,-0.5033752772416192,4
0.3293707949179141,6.5637917716017204,-5.721764622133199,-0.4054181926581545,1.1975222724065961,-9.39386711040262,0.17996593222434099,-6.6523470440093,3
-9.391984852120913,0.6169001668156554,-7.485969065013584,10.62408824288977,-5.541440078768567,4.282251232486257,-3.917917388270068,1.8098061321099488,5
-7.144235829675681,0.28315705464730967,-6.652026856430053,9.372003295062745,-5.556632849338645,2.814838305728685,-4.2076492624359485,0.4309562960988632,5
-0.9694921504040137,6.499244716444627,-6.330116746993478,0.973397094366743,-0.7322486643713675,-11.543477411149018,5.7571945040995525,-4.617062690835482,3
3.2445448885852066,3.536820408533481,-10.33427394083133,7.731872320400177,8.254238244375069,-4.8756765487695635,-5.042837299341052,-9.093852142063948,1
-9.284825892900512,10.400360622949696,10.757059844347411,3.8050972341001508,-1.7872480817770993,-4.244303011457612,3.116128237393073,-1.3998326398691288,4
-3.8329811267249574,-0.8122241011796145,-1.0592269111416874,-2.6729705440405285,3.2306539998439665,-2.8211421910171692,-5.301647139847104,-2.269192766255289,2
-11.739720586625069,6.588147289675058,8.92429731997316,7.176796268449982,-2.865538161504065,-5.505893027809775,3.8473247183565142,-0.8190293054818483,4
-11.762299285068902,7.904249063160305,7.770419558583282,8.169377024236088,-4.241118045896407,-8.867171431171183,4.545943238157662,-2.1457602866736094,4
-8.170403863331778,1.0924369918562327,-9.515103360382787,3.8299503687744094,-5.13247510496207,5.22508086701878,-5.997364785933879,0.7541676447990039,5
2.517589269691618,5.0307949111193855,-10.965148302853933,9.28223269188943,6.398446687673699,-6.635998349366146,-2.6808208925767483,-7.552879968444085,1
-9.089197803701436,9.104696366493119,9.784753852322003,5.32543796918111,-4.217226825261969,-9.93621328468329,2.920113671191423,-3.639635889633278,4
-1.160229091335566,10.874827852254299,3.711852703982206,0.12290437715056113,-5.519500259283185,-6.211820389692906,-8.666416757690582,7.943317284511487,0
-6.60090259005457,-0.049261383854133374,-9.181957053559124,7.906275745918642,-3.9653562375477955,4.186600716540463,-2.499381497802214,0.602431143975165,5
-8.217489041082336,10.203047887063532,9.066357016172937,2.5438218712803113,-4.8224686890473905,-6.597402404883634,1.3834629101842428,-0.08353568984202098,4
2.621047010548141,4.749962865431093,-9.013132610445778,10.06280443924947,2.835873326270958,-6.136456693492186,-6.424129186729491,-4.281517164125864,1
-6.7258433573764815,2.7830266387740803,-7.464023040879719,8.560651700382282,-4.809067734917436,2.2802660252072555,-3.14006169335508,0.06727430635698484,5
-2.076466701805008,8.933905153079703,4.257561961241846,0.5210678246741753,-7.802461320060603,-5.671483631954737,-8.036860256437,5.759434523821021,0
-4.32433449488838,2.772660836579496,-12.997622749459497,9.132345350306792,-6.013677411521266,4.285464176381979,-5.915773073258064,2.7073346418666056,5
-1.2607833415467011,7.709027744784454,-6.919642229682541,-0.5007255639849817,2.618617946541875,-6.561957016685234,1.812053631200163,-10.689946105232087,3
-10.089383898693562,-1.989473279858197,-6.798318472336041,6.1577698687291935,-6.086168375037191,3.418691252338561,-6.312375187800074,-0.9943913002408591,5
-7.538250896955686,8.332731386023816,6.362220466837796,3.489693019058536,-6.85233036228589,-8.192472355490324,-0.07954038184374612,-1.4529346378069845,4
-3.0833045981534246,3.6216246158145684,-7.435507127417446,0.47868028074568203,0.2052155767876498,-10.273652152488086,3.143670676312427,-8.572192539236278,3
-6.613667529739542,-0.7341889572698479,-0.9694598813789677,-4.574010801621111,1.9877633629565392,-7.727488658061107,-5.538864457666546,-3.4617222716882363,2
-0.1636241294256663,6.075775375019344,-5.645625129468938,1.0290699158154224,2.6573993793167743,-5.557434860966514,1.839068539352491,-6.851993027291297,3
-6.763993976541431,-3.181944581433911,-8.843701975159973,7.318406598115859,-2.2608957635264915,3.8291989307597727,-5.648544370889403,-2.3034501365424305,5
2.4245907080905997,6.765604953790457,-6.342201413400055,1.401686536922403,1.0138222922367406,-10.352076134206746,4.877504445281314,-8.417156972526607,3
0.6494212685200145,6.591024905444079,-5.129239555399591,-0.24640433609587598,3.4817407908806683,-9.640864400483249,-0.6168237298594059,-6.933176995801198,3
-3.0942864634239418,1.738203600261064,-2.279108507804687,-0.995362538401773,2.425937041151229,-9.157262909908795,-4.562144629364349,-4.598470168092298,2
-0.547008856777877,4.926671265518332,-4.50480989307987,-0.22443516425167598,1.0514952878109802,-8.441191082173075,4.731651261931921,-5.223834473070454,3
-3.164696171259946,10.15400158352658,8.29052177469025,0.9849430008468173,-9.335691587203046,-9.88812564752837,-7.69798851045788,4.310482582604969,0
-10.345627873312889,9.166594464130343,7.5940503711591605,5.325333455597231,-2.7859169394727625,-7.422593863649287,0.7875064419758937,1.3155175520310451,4
-0.9183195003525528,9.421855948006657,4.4336750303260954,1.1586195954422207,-6.103051339066166,-8.238677354860304,-8.349262846807857,6.153515605397972,0
-9.022583385883104,8.216298563433307,12.597459259905396,7.1337811481210744,-3.8913352998505824,-12.458278920303893,5.005889696154045,3.594307951774609,4
-1.484429950731432,8.709481158601823,5.158370081382598,0.1368634602356642,-6.743292071737028,-11.665927146717104,-9.137361609695185,4.714765725554479,0
-8.03194712067573,3.210016273400542,-11.349212298055992,9.496628778031976,-6.030460615953334,2.009273169713299,-3.4975341122527888,1.4835601018414257,5
-4.5084294348884875,4.060175726004197,-1.621144370639696,-3.6390678420913662,3.747087950126505,-5.730798201578602,-3.78384689880383,-2.930567112823768,2
-6.935075913706859,7.4398626886464765,8.346592987934145,5.080247197406749,-4.701699031469882,-6.160737006205771,3.161325125559922,-1.6795993981806734,4
1.562968709880161,2.4944324639571196,-9.453893808604988,8.13540249142197,7.35590709147116,-5.481201436066142,-5.903209385976832,-3.651701899426962,1
-0.8117179955224604,5.048370334135384,-6.031385410811239,3.1057321517121994,2.8155440878023796,-7.322990458790479,0.6809860605566689,-4.8360196900820505,3
-3.538826791660979,10.498830333128302,4.731099836063437,2.402917330121943,-4.43407770889122,-6.067572383212548,-7.977054030156598,9.039534655194387,0
-11.740022242971236,10.930865180977243,10.702338117365924,5.464125650730669,-3.812408651045024,-8.4092412119069,6.290628916301281,-2.8576194099347356,4
0.49416857384685153,3.6406300951290103,-7.474372312359829,6.815954714473499,9.03647603116853,-6.15904251266248,-8.20123396023997,-6.727671286369585,1
-0.23639082626898222,8.101092058199159,3.3081099192613355,2.7274345741589787,-7.763184062000824,-5.867418684867129,-8.51365092327393,4.898332331503132,0
-1.8759194651171547,9.435967427325977,6.694432106545089,-1.9090576289156012,-10.698714983464347,-7.673514668492185,-7.082647456566076,4.818486064929749,0
-8.667987963948672,-3.02848993640366,-10.04383508479286,7.370877826882468,-5.892192903368942,3.065706944177915,-3.6629538836298354,1.2009464543252673,5
-1.67609442877648,7.287033564732659,6.235173806553927,3.776929826909509,-8.687386962700966,-8.198248584701794,-6.932582663602104,7.088557281490222,0
0.605443825197844,4.666940128669942,-5.398645671566074,-1.5577422027268604,1.960607843680055,-10.088409182213583,1.6462659764686802,-7.863566806870901,3
-1.2302846446316538,6.437075338578483,-5.616114655804326,-0.534184853570936,0.9118539534470158,-10.650998782746152,1.5192976454922764,-7.958603872695454,3
-8.041193652246001,9.365173484237507,9.468684188683152,6.433788594279554,-2.014919832903889,-9.974675418116561,3.1749066585345087,-0.6558707514113774,4
-8.538199616410095,-1.8383714539726697,-9.124767265000735,6.341270422706346,-5.186693131221682,2.719434129120333,-2.837614083649084,0.9056733591645386,5
-3.614453826625211,8.564860593400667,-9.722503637782468,-2.6526557399910518,4.722540745496284,-9.04440709812733,0.3494331866878979,-5.497191716511272,3
-4.183966031128554,-1.8454759062471298,-1.2947058892011087,-3.5909526721049123,0.31120569298851297,-5.087528163759256,-2.5484494045237467,-4.867581398586757,2
-7.3945830470034295,7.375836965992084,7.403941893991916,6.824778521860534,-3.9604748865191826,-8.799490047406605,5.37473814302453,-2.1445992388651858,4
-6.328282326608246,-0.18200969495666586,-9.56972482462164,7.8107706552638705,-6.4139685924817025,4.914589938582207,-4.480876191597968,2.7524156710494414,5
3.1790953302630927,6.1418325251196695,-11.377481217053601,10.713271415105327,9.33807795742954,-5.756811709245871,-7.672304151444782,-6.135079925288514,1
-2.5067340118480987,0.36782135426693724,1.7027475808077632,-5.907322866087858,0.3036947752546313,-8.272972346118076,-5.280782570401614,-1.830705744234999,2
-4.478153214867671,2.0082310926402056,-3.005961481706267,-4.0654171052174455,-0.678997055450973,-8.950816320765682,-3.5456969878703513,-4.257879149384138,2
-3.9757162461054327,-2.1237959147998238,-5.915298533280587,-5.884019159129815,1.250457986828395,-6.179312897661896,-4.049254093198325,-2.523090399108332,2
-0.7689523869055108,3.0570095827413812,-9.881974629310296,9.214275552852937,4.277282538124742,-3.910552853558516,-6.52686555008429,-6.271824880274423,1
-1.712718885227377,0.8168358166949845,-2.905733481848406,-5.118644608033579,1.0122879417402526,-7.279795862285372,-3.880480333635329,0.36015650303952995,2
-6.481769339235204,3.625648374769842,-7.903390860403855,8.66027613737258,-6.787761988940708,3.513676138379051,-2.528478999566781,0.21706582556282578,5
-0.04735162363375234,5.280560157678249,-5.180274839406968,0.14804596656300395,3.4664805887451373,-7.914222924643527,3.447261569712659,-6.918025757937511,3
-5.7259138425687,-0.8569329861012838,-3.570013255072879,-4.547575977535939,2.6298874037713666,-7.954638816304887,-5.020669906338469,-2.444915347521154,2
-9.06449988923628,8.72290705416456,8.033257919448085,6.101955235348717,-1.5993493692597074,-5.919429913614755,2.4777230737246345,0.8444856900731375,4
-4.414664032610713,10.100251039045393,3.153260691412488,0.15873738644479896,-7.43446171397801,-7.817377950793851,-9.192887267652074,5.017952300258833,0
-1.3135278548555311,9.990878552891866,4.606436285885464,2.1608934972347833,-4.83536335788979,-7.826623815413274,-7.9629719467639495,7.000014671604473,0
-3.8196961108940806,-2.4077643615786304,-2.043920153299394,-3.6771846241799313,3.0571909387492826,-6.267685859532088,-3.521260576676684,-1.7440880299721804,2
-4.7520895355207005,-0.6721690923913888,-1.2324925868230128,-1.982910795816259,5.100057012999843,-7.8485166177148376,-3.551892657586961,-2.5417144739596487,2
-3.906371234869318,5.337304493639936,-9.175439504929457,-1.4032882668267626,0.9090459271727122,-8.831521488120538,3.7895567605997718,-5.478900016859347,3
-2.3902142528212558,-1.453356655871379,-0.6729753897697086,-5.221322295233173,2.59391873416995,-7.099833103265607,-4.559953547923826,-1.9082641800951508,2
1.1520441492429634,5.482815827645244,-12.56889185240593,8.5425614335474,5.872923944204252,-8.371300642593612,-3.971931044227101,-8.50663183279264,1
-5.140911827741494,-0.30294803772947954,-9.463639690019221,7.006968212077877,-8.022381039797061,3.8471467239229806,-4.77248130958006,-2.8140833659515567,5
-0.04814792991285244,6.1983196591441665,-5.19186406871013,-0.932237428990369,4.379301176854055,-9.618801114141844,1.9606319956662202,-8.699366981002758,3
-0.8355520223947581,5.413441170788633,-5.1217582173993845,0.23339554989471628,1.8694260093444768,-9.042463969590035,1.9355233268446175,-7.563394009698023,3
-4.419360620269698,-0.2628298758173193,-10.102463916487489,8.719740809886037,-4.050461214462306,2.0639496240316504,-4.0196216820007615,-0.31379385071603894,5
-5.856738306101153,0.0459162811375656,-12.73976009640942,6.838116988487407,-5.47980280440509,1.3795042033868787,-1.6174382487953851,-0.19825373474651287,5
-2.655069689921169,0.5221913801273236,-2.145625138105855,-4.361015157896099,0.5747003205039671,-5.569472273757104,-5.414571929790851,-4.496653169223599,2
-11.518924413508266,9.793957453931805,10.894180417256559,7.140070966874987,-5.9140855992182235,-7.278255727757054,2.1003341723172104,-0.5447057920501092,4
1.840932564292496,4.371934180204902,-10.08531689782296,9.122368723545115,4.112459198840664,-5.18285441896329,-5.327331083750675,-5.542250132205297,1
-7.304058080387481,-0.29482327558226906,-6.372769044428289,9.340651096335849,-5.2009156206864615,3.9286647563542196,-4.669531198873957,0.573974675006897,5
0.7768514761298535,6.481917654631521,-5.699699343868819,1.786465999782607,0.419381686832897,-9.865172752793647,3.0079171795730284,-9.900620340996971,3
-3.020976085342231,-0.6050357798052896,-10.450258456241622,8.747901816536677,-6.30402050715079,3.9057687099823784,-3.8513600055789547,-0.804747823513118,5
1.402318373632671,3.7659769763298696,-10.118293008289383,9.844981205193486,3.912572653781565,-4.093743430383269,-5.351368176430472,-8.32050434063234,1
-0.8582463599029344,6.637389531339166,5.067159261618915,3.3965789569382316,-6.747972808310592,-5.1753409931713845,-9.665989276796605,9.578478819795631,0
-3.9246865036293066,8.123992937963834,-5.6688971084771556,-0.8133566807167305,2.2031037715342725,-10.407760375427344,-2.122802106562843,-1.8588109130916903,3
-5.350631042372539,-0.6924498179642224,-11.576346375637689,9.875805698531915,-4.420864594108756,2.740562196914472,-4.795770931708317,1.2186140926348887,5
2.3423542945639007,4.054235489160555,-10.902999436171987,11.995843780666776,5.804530556935466,-7.556874624365565,-7.084685099542391,-9.534639405692177,1
-1.4707788811353093,8.25786246754057,-8.425411948318246,-1.4946742620445805,0.9976703050376899,-8.403152901541599,1.7956647974207296,-7.374156330354044,3
-4.143257699896658,5.985541332133069,-5.440364354291397,-0.002326921835043849,1.8931248184037155,-7.664955939867557,1.4168081155847523,-7.035342873707896,3
-6.480536568857251,8.036005086954635,7.988527022130599,6.041718035044704,-4.720904925079571,-4.502580278912532,5.381232199644065,-2.142058001136234,4
1.9002551920808433,1.5029219732361216,-8.2117780190172,4.970476367076049,10.99255991918655,-3.3502111723603667,-6.781114614533689,-6.316827626029286,1
-2.094462705887463,6.262172641919921,-7.7021263006189855,1.5325053352035627,-0.12558327157394888,-8.634260018389323,1.8343531432655475,-6.426627226692154,3
-1.9968292689870204,5.088207600701355,-4.775796918610149,-2.292196353721432,1.2796371283120935,-7.358059474118823,1.8817502026635535,-6.153010754609624,3
-7.468919779032971,8.977312064397587,8.238093291063036,10.50155600342098,-5.170150501417833,-7.537551169503887,4.500643550031345,-0.3052549754187305,4
-0.45132699824691347,2.6028907200879754,0.21377468515758813,-6.400103605302856,2.565719127179991,-5.275584550136756,-3.208138390323254,-4.276137701540206,2
-6.983827918410994,-0.241780385895175,-11.37849080374133,5.530604328764504,-3.622655370024163,3.637880258552457,-3.4086285069022817,0.23740707804396474,5
-0.8272813915677811,5.682729341966528,-6.5309846602315496,-0.5710597989673059,3.7439001826985407,-8.987836982855244,2.171928699724395,-7.873961806043923,3
-8.840772796610548,10.697431140287803,9.657510394929067,6.1506398098418895,-3.526128422185497,-9.850641722289701,1.8546555474560007,-3.738092127821746,4
-9.596139344864008,6.186529851526201,7.772493764408935,5.0142644070145375,-2.0769609520622234,-10.707306136004544,1.5424104794442184,0.3716946666092016,4
-5.716676574625876,-1.4930635992671073,-1.4872210343152128,-4.0476462588082756,2.2551896998359644,-6.128360205119302,-4.501869775158581,-1.7719964430783963,2
-1.864715498233458,5.969820663653585,-6.623600512227797,0.9528301789006959,1.7664965152679792,-8.753227025311327,1.0279236136411622,-6.279765809004686,3
2.7538599339831253,6.32586600490453,-7.671149484961892,8.941330442748328,8.728646805657403,-6.895684576478405,-4.874080843391048,-3.4350738374577343,1
3.296994891010768,5.310350826060433,-8.725843719279537,8.88297789025204,6.92414709179445,-6.694596289325322,-6.342997768551596,-8.201495230290151,1
-8.453296539486209,2.633163517773392,-8.742731200301725,7.702443973761506,-4.4207430315224965,5.1645948058808555,-6.0780343539912955,2.5099360240021196,5
-6.918691473739231,0.6281804927254521,-9.491922345609,6.76433011198247,-5.5917106517076505,3.402833554612549,-2.982032649004549,-0.9153581114097729,5
-3.2448210083815123,9.883711452793216,4.644915199278224,3.941154273442625,-5.307334162719364,-9.120222750368761,-7.898707895093327,6.994518349669507,0
4.294596136915294,5.1088337963767785,-10.718980680600975,10.549556239439713,6.536495023089035,-6.2125929942142255,-5.667162210594624,-7.518307002791683,1
-7.599169039657869,-0.39642417882700276,-9.279983904766507,7.525806452743635,-1.9760249271125332,1.217223553961714,-2.566114672781814,1.591505046022598,5
3.339777330163874,5.674465040029117,-8.781326008934496,8.532118491300302,3.4859383056922906,-6.545561943242053,-6.85045244954431,-6.8325961504353465,1
-6.4493880865498046,-1.3879431947657777,-1.1116298894759058,-4.360971200457504,3.1882042649327538,-9.176085603672089,-4.677072779965505,-0.7604664902812095,2
-3.553808206349554,-1.667347294178017,-3.2765661754620536,-1.4986336714872368,1.2432422163736045,-8.718864182878786,-1.7933109322862602,-1.0550079251869806,2
-2.419815319301555,8.518846585817423,6.473522956249566,-2.566840622295074,-6.906203738872724,-7.049419605272263,-9.564145976782703,10.085485388515716,0
3.938281898925255,3.431058580714356,-12.46051682867574,11.615117417546255,8.823869173177627,-7.9391563318780385,-3.9487166241339864,-5.720522329983295,1
-9.634815244747015,7.496457567680343,3.8283918162031902,7.343690050661231,-6.528482587847296,-9.454323229143284,4.152570276155178,-1.7113609965317367,4
-3.480623620563498,2.110000561892452,-2.8946186371653777,-5.095510309938954,1.067040337124318,-11.084330389962808,-3.930368164787623,-1.1772147408005784,2
-8.253090812794245,1.1486939093252755,-8.347632010601707,8.134526934788022,-2.912234888373138,3.3826840746701996,-4.023654708724841,0.2916140404283651,5
-0.545437336213579,5.197963411277371,-7.918935235846634,-0.45140601928003266,3.127521535758605,-9.121331304792628,2.6313560645687746,-7.042342370581229,3
-9.404255297234325,-2.6430813104145816,-7.045067846985878,5.557082210636049,-2.2375444186864444,1.671623679346233,-5.730385283715502,0.3127646843992274,5
-7.061970476389598,0.3113524020545062,-6.118371751121344,8.582201015296558,-6.399239216061771,1.906837870038979,-1.409578986968913,1.4954870698555878,5
-10.221351830841822,8.325428163666112,11.226156182541096,5.719277893556121,-3.500087258177559,-7.377910500692048,2.046947153969506,1.1388720057972597,4
1.3094408906054102,3.3270469370089,-7.165912178512306,0.5741025675775924,2.3483310825580666,-7.305395743564324,3.5383420444937235,-6.434423725084987,3
3.9686160545075038,4.410270121942606,-11.608893720049036,7.430955041292068,6.82041967747908,-6.5530114416425285,-6.909249347284561,-4.696768754835318,1
-8.083231667321785,7.462699034100934,9.387674320172973,6.631811605456244,-6.869490494810508,-10.282880101187846,2.1571834242623646,-3.282129123685631,4
0.22285113353138541,3.368413551313964,-8.44130285837283,6.370861162304005,6.422317745137494,-2.9201907904941993,-8.177814793406474,-6.2032937409094755,1
0.14881712022384175,8.282932117660287,3.6763395396492524,2.72320849366077,-8.477043893852537,-6.397242553564801,-7.612599311220506,9.286616073713596,0
-5.20269873060627,7.7248940218044195,6.183641449184034,4.558102201617903,-8.854585386159146,-7.828052407920578,-8.880576967770294,7.771780769610074,0
-0.4585675510467202,9.906591825358522,2.86154610512885,2.3675773294319398,-6.082472393556413,-5.05587113164192,-6.309462658126613,5.699372208574113,0
-2.3405968132192143,6.879845336329194,3.6776906059061596,2.4848207785687912,-9.42841716480194,-6.175350012539308,-8.869748234918701,8.20750684256614,0
2.7887044334113575,2.7957455003967384,-9.166199576997005,9.783918769325158,6.349533984132083,-4.421376924689581,-6.72887792411021,-5.961444092829234,1
1.7258747709756026,3.188268919017646,-9.090086213769668,10.149551416510928,7.35483653148087,-6.037995719156629,-9.491638438127026,-7.800095385501455,1
-7.723234803398207,1.5191995543020997,-10.737752832388638,9.07460046822279,-9.45221018365056,3.5389364396557688,-4.416563204428469,3.759118474179255,5
-5.6794266520306795,7.748282028630243,9.690490912671864,7.973529183751861,-4.962149974121944,-6.920598986961967,0.7531867688687783,1.6170571378492085,4
-4.394185290140834,-0.4524623715536644,-2.223196201393073,-2.2799039194295565,1.725473551619583,-9.024727046924655,-4.896492571375407,-2.5858260789815377,2
-3.394281215608382,8.607963397962745,3.433699454322563,2.5854153663047184,-5.079735118666084,-9.668544751485612,-8.183226107608407,6.880848080748071,0
-4.881372820894132,0.6321979740114405,-0.9914050334249587,-3.725480348109757,2.3445581752379887,-8.18583673372284,-5.567771234227405,-3.273041093863056,2
-2.22655838531783,4.331586572330611,-4.812128831609784,-2.404746888758531,1.772715670739917,-9.471446770835383,3.807759466469433,-6.217139033973657,3
-4.012134253162757,8.783746039043736,2.7043672476823293,2.933055651934659,-4.430425859401354,-4.93009063056024,-9.179836350124344,9.708684734458627,0
-10.227872302396598,6.9073392978415225,8.394293891692147,4.9909977702391295,-5.228379936078631,-5.734707414483118,3.9221259247044085,1.9588794149969577,4
-12.343885390414536,-0.3457645407873725,-7.653385026104429,8.01390406242559,-3.6913698798012917,3.264037714882316,-4.495971743479041,-0.7692019431266406,5
-5.629973216731624,-1.31838092727289,-8.750934935971584,9.934195312642991,-2.4197660907928853,0.8366351560819201,-3.770396366435081,0.098614465421342,5
2.368388892861482,4.347956606825447,-8.394265964307296,10.839462921685168,7.759304993557139,-9.122827708647492,-4.452863619036985,-3.888216644219967,1
-2.3782706493766463,8.856062683092492,6.110401209008531,1.50873041323889,-6.451799488636225,-6.365393103362325,-9.907272482464888,8.91079067475714,0
-0.47329267452801416,3.385180306856915,-0.1670542032610549,-5.712398278299683,3.6659473771852484,-7.5919100325761315,-7.601922131126232,-2.213402114284151,2
-2.09245703944801,-0.22042517449740262,-3.385236584114859,-2.6106731752392873,2.100669207824455,-6.247273821681294,-1.2436884828005867,-3.8283696499602407,2
-2.436841288652778,9.096202771208057,3.8370241277296504,-0.22277519267382928,-6.3628679853630015,-6.97771594824456,-8.037943005537498,6.469762425196036,0
-8.455369524259126,2.6172306079513277,-10.198362414973241,5.721382490998771,-4.6237495152936265,4.878953345438701,-1.7777526801200476,-1.5097839753940479,5
-2.2620077581003484,8.475801984393245,4.608081019638803,1.8015460586432253,-4.927174556882923,-8.60279619722957,-10.058358539270568,8.981607542814672,0
0.548762949055918,7.105713131594711,-6.615887190875131,1.987222004633091,4.897738664487962,-9.57692380202057,3.257320568320236,-10.210013466559438,3
1.9395592567713023,2.7650338426592476,-9.324379113429512,11.20955205257539,6.379829382329768,-5.5132256425820945,-6.513653641815374,-5.047545687031008,1
-0.07219909942129821,9.876542198093775,2.980284989305771,1.668627799006959,-8.28061639656688,-9.092589162818884,-7.356443680585384,10.378589540250912,0
-0.8503484033713028,4.397904563527445,-7.51566209955684,1.351368416201763,0.5157803694261265,-11.914061865323287,2.100078920764466,-4.261133042814571,3
-9.22391304430673,8.1730006059621,9.908545801988511,5.9617957792606715,-5.105161854847756,-7.856064458017426,4.228046263251073,1.763121360460167,4
-11.821275617566235,0.5124258141427116,-13.469465820285002,9.850136073268454,-4.733100489724908,3.0165546096048113,-3.901218096599059,1.2041513762820195,5
-10.535959286377711,7.370312239611304,9.226865475781294,8.596813469510046,-2.8827936470360767,-9.081749991855178,0.9933038238183332,-1.1305174633970705,4
-1.0897697536283721,5.963429476186793,-3.3645500021018324,5.145939350067159,-0.765208480996924,-7.496741897067367,1.9009006017445327,-4.912950304314086,3
-3.2124824617175243,1.5253894491186069,-4.238025003066293,-5.74210589408332,2.3645474622002522,-7.4396743554462,-3.325687080065892,-2.8985820485523517,2
-5.232984148578276,-0.648720722634573,-1.6869854424734538,-5.095271321968287,5.562108481823637,-8.067266199758443,-3.451697411064476,-2.439927146589587,2
2.9216478541963635,4.785727064529045,-9.137109245996733,10.000418742262605,7.0839577615133,-5.836287160476174,-3.9454476572807997,-8.43216670021017,1
-1.723637700431548,10.19009058587803,5.700488866095962,3.8507278559172518,-6.589992697225339,-8.955040710005301,-8.198827033831783,6.281351885431777,0
0.6909874864917009,2.425502775952145,-11.40526573892479,10.046581084118518,5.817373650882619,-9.878486346659326,-5.6517275029006715,-6.393127854873973,1
0.7961360600401499,4.0353901157924295,-10.607262456916574,10.583824165378205,6.18781239613241,-5.512458588396235,-6.111285362352477,-6.019981655071824,1
-7.792546389585803,-0.08489024794515385,-9.30872146213247,9.474629418582548,-5.28210740671992,2.0987760300273175,-3.6990340151915704,-0.5792863151737851,5
-6.891936323873286,6.777456106594055,9.496544854094402,3.873122307990983,-2.4929771429689507,-7.370743478939277,2.2107635207219705,1.2576827868738896,4
-5.131462855594684,-0.8919517503063379,-0.2515063141903251,-6.064214775235383,1.8122213161542318,-8.658660654982928,-6.485569390737582,-1.2804780545313326,2
-6.946272892961229,-0.3586279740357849,-9.810702099486212,7.077614869259373,-2.6446804495761627,3.009416253306106,-4.665215901221656,-0.07365331362127253,5
-7.672447819559478,-1.360051618383691,-8.993513296243716,7.066229433332932,-4.229890293416151,2.9876611430913265,-2.1187144627338865,-1.4250403108596246,5
-10.482723022282308,-0.4812187651832036,-7.943908213024336,6.738973308904407,-3.6514865360555566,0.8566798271187643,-3.3568688441433943,0.8219236918336812,5
3.531409520428646,4.874967999321394,-10.559451627480168,11.534377311726441,4.475641638212457,-5.900683083748839,-4.816432814137239,-7.488826770790755,1
-8.737161850289562,9.676945338895417,10.895476167469175,4.95934109553738,-4.8013721728544025,-9.158813701824636,2.6518282112162757,-0.5489425800925889,4
-0.8315016104714612,5.048636206685934,-7.489705447992034,-2.1936715702524534,4.1849556619392265,-10.189479146379774,0.6698296087690976,-7.257578691577327,3
3.4107889701320886,4.525299682307502,-11.012061747589778,7.860949750048062,7.055457115322732,-4.637936220290914,-5.736490636265052,-7.987266538301972,1
3.086469917298543,5.922731244597256,-11.603182997092013,10.039890335549698,5.4849076860345605,-7.705880523732213,-7.049264234975924,-4.621981834715935,1
-4.348676218212355,2.3539817548140203,-1.2366446799943023,-2.411774753502601,5.106601774251075,-7.596204421681261,-3.1251790548518024,-3.692871814642767,2
-7.209133419373498,10.02699021256705,8.614956172095967,4.035018944748687,-4.359407198126423,-8.195924713929994,1.874177863447491,-3.548400226085765,4
0.10787615782268278,0.2732557547571388,-10.173559306567162,9.28365993460968,5.234576096283083,-5.5242818871896855,-5.553281860285356,-5.258810329769351,1
0.5404390132910422,2.226355029586415,-7.599787084761027,10.561665825467246,6.7542793897720195,-3.0889899743644262,-6.791925485817739,-4.215584650948957,1
-5.6503081385353,0.48659971532295776,-0.023547748322042095,-2.583389068653738,2.9743200516658317,-7.83955068768834,-2.722374583905711,-3.743749116716171,2
-9.717012048995883,0.004861726497236957,-11.97835977435382,8.783168279806524,-5.558047753155717,4.056240831881297,-4.953775517675521,-0.009805053778300099,5
-9.79889956216795,11.033774577383513,8.406805557717501,6.513698748493548,-4.854600560237972,-10.733732853242657,4.001820839510276,0.5873185052337082,4
-5.235392161975501,7.535140547191034,7.140500865841219,1.5347807530138453,-7.269041558151299,-7.359850707315756,-5.7917092133192,9.925057180078005,0
4.97927480143306,5.025480038677934,-7.888842197942095,8.880573128384755,6.671712355022819,-4.295706740291316,-3.7827355829091003,-5.165130684034119,1
-1.9529312305341735,0.8273324694702106,1.432624402113027,-6.331712875955134,2.4449281415056374,-6.92308592427045,-3.164957913156649,-3.974139032444392,2
-2.6572040444291165,4.639131775460845,-6.360417201387632,0.08010150936629534,3.055281338732386,-9.75980660894782,3.3456846265261673,-5.989607112558659,3
4.5161050621763135,0.6516148739067109,-8.850344895685874,8.57350125974967,9.459057596213224,-3.27897988693075,-6.310963361295897,-3.874900236833673,1
-6.4495290278212085,-3.2003699266387167,-8.575568163963565,8.306498623236791,-4.229640452739841,2.4039180993235734,-1.9242979310098465,0.8020491620567178,5
-1.8291980916041837,2.8863683266624385,-3.584858059869131,1.1951338018425686,3.121907329250222,-7.532290862513046,1.8873286720144251,-6.454172512258113,3
-1.7151813228703294,0.8960000379621389,-2.1025922895269598,-6.291051561785044,0.26829620136398824,-6.547295747292937,-5.928987102256773,-2.506354457088455,2
-9.304741713971584,7.539651193931573,9.254803890762364,6.170737143253173,-4.668662108474834,-8.77398840865673,2.574588816586772,-2.0169173196777326,4
-1.8848111001186325,3.2203621142725094,-3.0802400533272882,-3.2263436104423135,1.546233112058193,-9.871541525134415,-1.7635019580067954,-3.1426711752551726,2
-6.291873849103199,-2.178185605537512,-8.669430178360226,6.199481047285849,-2.0119498831174543,2.651636027036775,-3.1610331195678443,-2.4606757728155526,5
-7.737346497903006,9.341354605354024,11.311710821074973,6.564057812550879,-5.185507032762357,-8.326505896644125,2.5992745891358533,-1.9975147537275082,4
4.1584676224939745,5.663229281721698,-8.781759982973645,9.644035650114477,7.159446162998102,-3.853935945368266,-4.40577320024315,-4.195995037517495,1
0.7204369146440912,2.929985301502687,-9.07621700769476,7.293495817820267,8.240642726069137,-6.607369216538347,-6.602918166660856,-8.47107453595621,1
3.069801823677207,5.065771903256268,-8.181418445749589,9.461091761229431,5.189131993502263,-6.493216431554428,-5.814935110607351,-3.4223667975207746,1
-1.1589508836819666,-4.32170739345687,-0.2580875583966846,-4.430390915649504,0.8773858896108784,-5.928317052700037,-1.421577588323908,-1.43239396798576,2
-4.864456939895616,6.816150408360466,6.845430240166509,2.158489023503846,-6.25625995260409,-10.432783207572148,-10.75507404338363,8.742850557812762,0
0.4727263997251425,1.9506208542125827,-8.356229939815814,11.8080326284798,5.946692831243361,-7.575716198620639,-10.296571744736418,-7.901133552791384,1
1.4426157180784727,4.863100188691656,-9.773966416982992,-0.044663289933722816,0.22706848349481445,-9.861289299983172,0.463842561635297,-9.164778449420607,3
0.9534020499758953,5.149636908509538,-6.221006654748023,0.6230955880133282,0.46936521494252004,-10.227903497625535,3.9366549032648512,-7.467845592303944,3
-1.2407353818843623,5.886120946834834,-6.812217357493135,0.8476001120792117,2.3504402282881576,-6.034374405305353,1.5408955185508426,-6.884182354742137,3
-7.935385961332221,6.3134593017478196,8.80344879788025,6.229422448691497,-2.067825167188489,-7.063372838063455,5.22515850276148,-0.7139848067557981,4
-5.371823419480804,-1.984870052948855,-2.8790220826187523,-6.877659865741128,2.330594625382031,-5.776026489713307,-6.174666643549403,-2.2603955481884817,2
-9.66225278087687,6.159870125549675,7.839202211597251,6.849325121062713,-3.984129222652885,-8.404301944083876,2.415695864727141,-4.03278854258123,4
1.0513796880059374,3.7438459729582214,-8.115676256076775,11.106767726910926,4.813999858205957,-8.20270199845471,-7.5265236689855275,-4.659577671679722,1
-2.5816045061956885,7.041324040174553,6.865434609030343,-0.1963828678352102,-7.192883624701,-8.547744134151545,-7.925653879258737,6.793232721448298,0
-0.5325909785815253,4.474615167970181,-6.904189391014544,-0.04538903854162113,2.740245077038753,-11.066772501904119,2.272881566705132,-7.2132969823550726,3
0.5764769585917007,5.515845032292434,-5.208457359385804,-0.5356801219697562,-0.639102420800548,-9.068285631543,3.2395024412051168,-8.708538527226422,3
-5.1885662330252975,2.053552144135453,-9.416882823054642,8.874614912586699,-6.773779177398287,3.4284077006411637,-4.604868306850411,0.4888342704200357,5
0.771208379829557,7.1051038399871365,-5.257151680090838,-0.3445658503098654,-0.39490962024412957,-9.696016249951176,3.9273885192257625,-6.381578531743585,3
-9.091564539558895,0.17237475842922284,-13.324868778824708,10.65514297625324,-4.800892784875249,5.713618875282162,-0.8793247189162088,0.15363027732148957,5
0.7935545927111072,9.267237929585217,5.951462383841053,1.6604134542031739,-6.404063636615132,-4.212498646476693,-12.236716265637028,7.985308927613392,0
-2.270216051418848,9.59691060188578,4.651364383280809,-1.3651945694530037,-6.622843792793702,-3.340059930240359,-9.414390586647183,6.158599558930189,0
-6.228415146440813,1.7839732225262148,-12.543784709561793,8.66002951113666,-5.236696742314451,4.831591231871071,-1.403602603714806,-1.6929035170874052,5
-4.581883914554938,-0.12849078514153267,-1.1870437777804113,-5.884917173392488,1.6800861421255142,-7.555033925134793,-6.318826162818032,-4.014280335562286,2
-5.275890246258223,12.138953940181539,4.542122823418713,0.775090010308646,-6.212744671978288,-5.012716332470671,-8.875208646372757,9.369243184201702,0
-9.481111368442033,9.781616188111698,8.694962129835002,6.214376937890614,-3.981717897957159,-6.855309841498779,3.939351444136358,-4.251541566989213,4
-10.614212692484337,9.023948342378576,8.15392166047782,5.118603201431295,-6.041230668989708,-6.261493765877408,2.6002661330145314,-2.19573192302198,4
4.53931787013282,6.6338138693366195,-8.895435908317637,9.899378241641024,6.7543425897346765,-10.001349015041662,-8.594795877179708,-6.170828997973029,1
-4.781226323430731,0.1301611375223306,0.7461942575900982,-4.466191987804952,2.313679946727934,-7.66082410022177,-4.5968388341872,-2.079959916801219,2
-3.537771035609932,2.337552866137559,-3.189070664147162,-3.3937849744807473,2.5125117658178957,-6.964100659687633,-2.762155717497092,-2.593887253778712,2
-2.7982215969409765,-3.9121059727926397,-0.9581085098488444,-4.842124374912338,1.8836910462403074,-8.661932311380475,-4.394209893941464,-0.4455766122360356,2
-4.4881985077189555,-2.2759982531520087,-11.25700466920711,7.334025018015375,-5.059883294151984,0.7830318458493828,-4.884314384382392,-0.8649606174902922,5
-1.930964654239288,11.475144634543872,4.582557173652179,4.476599533243142,-11.071219357694861,-5.565065586275589,-8.699052447454937,6.845111154753315,0
-1.067696121468943,1.3847085265489796,-2.3345988933835127,-3.524949774812449,-0.18069178307644762,-5.521557879005492,-6.511045820142282,-3.026098321385498,2
-8.09564859321389,8.195404469611042,5.54154194805683,6.93229253049618,-3.7056105798017236,-11.10268654293603,2.566917263780958,-4.088137511947661,4
-5.342907307993697,9.768753936867451,1.710047030886741,0.007659553915511763,-10.200568005676924,-7.017821101741376,-9.078840493071006,6.800808974400521,0
-5.789769554707471,10.19697491972083,5.451111271644672,1.8813370998222743,-9.112344798759386,-8.012767098354468,-9.258722552934417,4.770092565780121,0
-5.167835325442991,-0.671327543422165,-8.508903604226816,9.0922877787731,-2.2585181134562102,2.709356459389501,-5.309646373203595,2.2155224899576482,5
-2.4754492264918104,7.204578551394182,4.532234892366446,0.2537120208481509,-8.13139346715446,-5.51504510301484,-8.442358880411843,7.308059841397347,0
-6.708492312904358,8.287537726071575,8.157699545871345,6.085826172170593,-4.239803544479639,-6.944968289686717,5.630336091729358,0.7608470764280266,4
2.2155646068659522,2.9614152654157615,-7.740314017217363,9.708055866466765,6.653534362695536,-5.46856436017583,-8.076570050124543,-7.176155844816663,1
-6.172775328556984,10.10540677269592,9.447840299455422,8.128228595972274,-3.2595504574572156,-6.433341526504688,2.3048661307914946,-0.45904795202218507,4
-1.7644586334493515,4.242777841771661,-4.315927240800038,3.2507499832147877,2.3423495529630833,-8.44536640985031,2.2970105148958635,-5.88955114340437,3
-4.650672168767518,0.11071768890968192,-2.7910920785459306,-6.029265351755828,4.65304881353868,-6.789344988391618,-3.220837038560936,-2.8923234166198233,2
4.094537905576725,4.8093577220254575,-10.930162334116886,8.308742916622775,7.7400420948150686,-4.0864452221871215,-5.480812284248437,-3.2968878063359934,1
-9.707317796672028,3.2099209541288807,-9.740961777434487,7.893906784342766,-1.7120755714208449,1.9320827200263628,-1.6947240421146401,1.3494027898328658,5
-3.280899336550835,10.772659500105465,7.775618443819582,2.6941505630309535,-6.747190545094589,-6.821257060197171,-12.653218618693204,8.51576429835441,0
-6.824052885156376,8.675576491060436,9.297507096814519,8.634689497764057,-2.214345608138417,-6.086903344657545,7.8212751095233015,-0.3213228991081779,4
-2.7790454225370267,6.930789834060716,-6.943990462556403,-4.603819945838985,5.790332494568739,-9.98395356718135,1.2283515572514712,-3.9149388179975833,3
-9.203181211878514,8.523310835807656,9.741906528952647,3.799420370611956,-5.740706990709388,-6.235246365250768,0.4730633717410422,-0.21075641501142284,4
-8.209279554610772,8.58341882093428,8.37019125524136,6.29015974582886,-4.392583438911768,-6.791550408005579,5.6705310838090845,-3.3845498497563193,4
-0.6361390161444938,6.3659265886952285,5.5751173191679975,1.5441470611539108,-6.613006558652328,-5.184189321656144,-10.749026398894962,5.70329180918976,0
-3.1096956012893857,0.013660291452198381,-1.6596807819234527,-5.537374622700163,3.7117639714760218,-7.563935253545437,-3.184498496304021,-4.582509636580594,2
-2.6694441454206745,8.688408127915176,3.2351066974176037,0.6501611174769559,-7.241993418193713,-6.292324782370062,-7.376592354662812,6.038436594410151,0
-8.11939467872342,8.531284406580136,8.787873261893052,7.00751639299365,-1.3637664566007333,-10.276367464831088,1.3741482505729121,-0.7710216253856954,4
-1.7774787733139252,12.371440487473116,4.4189471007697305,2.918987472619024,-7.050781542924838,-3.772516641665867,-11.63388242378042,7.474916586969676,0
-4.278325092630247,8.670412479736346,4.147023981530915,3.220626535571676,-4.783133197359897,-4.647015496012017,-9.737796599161294,6.988767917507459,0
-8.518584538439478,5.8105754235038365,8.669968166940611,5.587183637614169,-4.16168760669786,-8.887914142060552,4.745207361000549,-2.491556362911424,4
0.9695672305993575,2.063992344605453,-12.37559642091888,11.118362569334188,6.102765592552341,-6.159153362540715,-6.618223394396611,-4.7112011874596735,1
1.829741177270721,5.471795237364053,-6.549559261419394,-0.1101312939039088,4.440469945251149,-7.7024298143983065,4.467185022782557,-6.087721189479338,3
-8.57142610078855,-1.2817738080172825,-10.835981866931512,8.933044372096182,-5.323757266848728,5.0784791951491135,-8.48950914888606,1.8779048580002022,5
-5.862660637931942,-0.35295515651130843,-7.536685994876607,7.630493794770955,-4.064679523804385,4.197605482062695,-2.3863358571110025,-0.33411900606319045,5
-4.513027134113741,9.59609714039827,6.058898660383782,1.2999508140510467,-11.046369361754685,-6.561792558401556,-8.139546073862395,7.970394523437419,0
0.9643107249437519,8.732868828306582,4.837006527083278,2.85554628560548,-6.809863276955344,-4.168027928586742,-9.834566735411133,7.634894843878292,0
-3.8011849048748223,-0.951493516317611,-2.222741952867251,-1.751134966529472,2.03677802197581,-3.8962487029061856,-6.94219412767545,-3.5081714320873623,2
0.12250587811481828,6.089247226579026,-5.284849889373367,0.1102364876329941,1.1517814547358305,-8.318801853136737,1.9725805326236707,-6.706813177636801,3
-5.826166469144584,0.3537030398246011,-10.119189294718248,6.882606799202219,-5.7897998722706445,3.5076759846682295,-4.362247611524486,-1.3209424352080845,5
-2.562721493695858,0.4907953096873978,-3.9382104990252778,-3.5574787085791564,2.149622782824437,-7.460530224720531,-5.0320466225123806,-2.5339032520877,2
4.704577703414694,5.323109154687843,-7.574092184895436,9.549687266393054,5.357307732033332,-5.845803641177422,-7.651103557808608,-3.838637872095407,1
2.0257939802034333,1.961315182853573,-10.328362860185358,10.01848484969244,4.604954249855887,-3.902687143883693,-4.332119435698239,-8.324150724467462,1
-0.057462634985917305,5.597001708931697,-5.193419309070117,0.5126115827555299,3.3878396994800237,-7.546692937746973,0.4454984772530184,-6.151683946302506,3
-7.305235514630333,3.036482570616929,-7.639360204279073,7.249787223297948,-4.408273405095569,4.626715931882928,-0.6936354055294451,1.394730966968834,5
-6.099242249721913,3.6107394145076093,-1.3163003548463845,-5.872832005158496,0.2660682077970131,-9.254290505448859,-3.932526378542288,-2.6829908462218253,2
-4.5704898109944105,9.482630899625287,4.872712752657287,0.990573579927426,-6.654054871771974,-4.338306508406193,-7.725683797355533,5.497909299894322,0
-4.647707223556623,11.152937900612695,7.11770170826656,2.4855162086588583,-4.925555278055033,-6.66577618434757,-8.990506392957236,6.790662725012685,0
-4.507731684679378,1.6229387489163605,-8.595063635331615,6.028787609985937,-8.689735257109726,3.0417887552311114,-4.908948886120088,-0.6829977739027651,5
-4.046263112636176,3.5949434185317726,-0.19143958654082827,-2.8115111723250132,1.97150844197571,-6.8578904823971225,-4.8468670125367455,-1.4286835092875607,2
-2.15023725522852,6.236057056904477,-5.8109266717192,-1.893384725519296,-0.2282543826108827,-11.150477429328632,5.0477387781362495,-4.201161320347563,3
-5.868580945137047,7.4307760046954145,8.53221639690261,4.518205781157886,-2.058284329464658,-7.792087952314326,3.736390402182894,-0.6970038680442368,4
-3.839131725191184,-1.041538440010009,1.1430658217611054,-3.3748840643261606,0.9976957378310911,-8.800243249130798,-3.6655807158590417,-2.602033254317442,2
2.613028179853509,6.027967808348265,-2.3258043940835895,-2.0255936795278258,3.049478245502997,-13.125929652491429,2.1505202621651134,-5.579569722012057,3
-3.3506051044850764,9.298686298227171,5.280649054638228,2.18287398188609,-7.00353672831286,-8.792579615034738,-6.516843679389272,10.21503754531932,0
-4.166266829252732,0.72197112992394,-1.8739279850232362,-1.942285225051152,0.5398872961187358,-4.850986264388226,-3.5230735557834594,-1.676500388657113,2
-9.956208383984674,7.155984528859179,7.337815750408394,6.165700501298272,-5.071591340319022,-6.127796704688963,2.758321983746451,-1.0461407854132807,4
-7.748302097524798,0.5981159066117767,-7.788248935876245,8.230730742182336,-3.543553942142567,3.842940051181673,-1.4948059933914455,1.5215806572564563,5
-7.482190044666638,-0.2036382281099105,-9.25579060465936,5.966489795167405,-3.614176431871269,4.928899093461462,-2.7458917235409226,1.2981656008900044,5
-7.70370181334631,-1.2521286213788636,-9.371524014047171,6.974255992431977,-4.001583315706632,4.763619539868399,-3.0510748270619317,1.0207773040724475,5
-8.634236995064397,0.8347898644218786,-13.330851407755326,7.985650978584187,-5.872500462691008,2.0393402285844022,-4.497287479056913,-1.965680170710614,5
-5.4325217114039255,-0.7997128383748267,-4.2088167076751795,-3.832453662795968,1.0656356512944085,-4.549272581820206,-3.5014129498562854,-2.947076323657006,2
0.03221225269944028,6.485431461056239,-7.993116455485881,1.935285748866857,2.7358846704293,-7.886952941151889,1.5450111296285574,-6.303187268195862,3
0.3172079183528691,1.4674794477384308,-9.760115903540024,11.967281776171813,6.422192605012847,-5.269501145877237,-4.1625455129712545,-6.978462301863163,1
-6.205876261615118,-1.616106364420018,-9.212569449622222,9.248871865439938,-3.337680591747401,5.077394872174458,-5.15627906751724,0.8625738557602713,5
3.801575182229306,3.27902638775614,-11.999385792704773,9.632140717443981,5.681302629391671,-4.745924400729139,-7.780022947406884,-7.5681288263762845,1
-5.77969669104801,-2.7359255542623235,-8.192283186316791,6.513284111824337,-5.852238746945284,3.4441826365242343,-3.107664851950047,1.2478468879535591,5
-7.286530522836444,-1.0155856404702552,-8.9754773179186,7.264234185352174,-2.084365832497372,1.6648024659995928,-4.6022459506000475,-1.9861943434538305,5
1.3902252713928678,4.655926491959365,-7.309983961218084,11.6602284805059,6.602176497245939,-5.530306377267181,-4.586042824282894,-8.733193027350804,1
2.7406085839729717,6.958468471959764,-6.896073963662675,8.850604835005019,10.654033304119618,-5.71405031467142,-7.903770310912428,-7.3457335883882475,1
1.2919258740883652,6.72579837465797,-7.916330899816875,0.62556176359125,2.8094552897018885,-12.069766143515452,2.081083486447942,-7.12644959655533,3
-7.151756992375789,1.001425726127081,-2.631950582573741,-2.423465884525434,2.259511868658552,-8.32945510135487,-1.2805650563508824,-1.7504487459613576,2
-5.2624217848513695,2.332042720944214,-12.168900869404174,8.237257353722743,-5.704143552761309,2.8336844076915706,-5.071619766326254,-1.1049129880861446,5
2.6703568522333163,2.808568073753527,-12.164731104150832,10.603300962811964,4.917624359941338,-6.295088272648489,-4.01719282995626,-8.586655079770544,1
-1.7970360659787472,7.167216086019793,-6.800242067487337,-0.2966777839005008,1.3869357488285863,-10.122760292258146,4.389731238402053,-5.151874337323804,3
-5.351844570217337,1.5042164120013657,-1.9537839703091577,-5.522432156495711,1.674486009196601,-6.822509736366705,-4.0242459095943515,-1.9973741502790265,2
-5.772163607466293,10.567290392289244,9.566266513790337,5.211694869433254,-5.470668481166955,-6.255116092694825,4.108715008708197,-0.2105484599544174,4
-2.450423646438331,-1.2529833403747876,-10.75551501337285,6.317618905715736,-4.1031372814783325,3.8011991460203607,-3.604297194509162,-0.3095255237539887,5
-1.8333016664104465,8.268384349084364,4.052352541489304,2.433271932208457,-8.74210820300059,-7.4528942883372835,-10.213709378841537,5.89861281855308,0
4.027193371254439,4.017062945616393,-7.706692537767621,11.213826827026711,7.33708157491303,-4.939561278231068,-5.687294868349882,-9.554029412981048,1
-6.343910102061689,-1.8422682525857785,-4.95948662385174,5.858003491699891,-3.3433525586374504,2.471870959877312,-5.059964560646313,1.2617316090254764,5
-3.124008759445448,-1.7189974536346058,0.7159614151525608,-4.468272372029065,3.458694163095307,-5.67432204890334,-6.009018953081166,-1.2611511187532436,2
-2.5997392052925834,10.964639391868182,1.5181158537663015,2.202910382348988,-9.788393951770718,-5.664569920501277,-8.989461699743215,7.994898870737292,0
-8.85096701455161,7.4635856743941975,11.088102523253509,5.498562923946013,-3.475782546098054,-5.944081522297765,2.2179493392300476,-1.1840713284514492,4
-3.7845236063800396,1.1263990875514363,-1.3891274077908826,-6.742010815991682,2.2872473602071235,-7.108462058708255,-3.7689535298501005,-3.622729844023353,2
-11.083719185629855,7.859967379879987,9.693047411088092,5.98992952703042,-3.3724935997403915,-7.086048286268991,1.7715009849533683,-2.7040449594966667,4
-8.70388081713403,7.102708426561128,8.019561326774756,7.807075517599554,-5.721887395669425,-7.153955089050116,3.1138564835988802,-2.6846710414715904,4
-7.625469038198055,7.160929727583088,6.71322774929933,5.668228604086718,-3.0814142317716415,-7.301298868502209,6.200062668598569,-1.7944784474758402,4
-6.4834278487156976,-0.963975282253906,-2.866465274489175,-4.987169509613619,4.7366486314688565,-7.462221915845206,-3.770280005480741,-2.2354517029070826,2
-7.627609263272909,-1.908104666234731,-7.62384760383839,9.21071867435379,-3.3556989877248125,1.3017066758215765,-1.9492741338212987,2.033106470478309,5
-0.742231592882375,7.04868814711028,-6.095999693335235,1.913859701397791,-1.4257333129135041,-9.293817339799958,-1.1872468125197488,-6.331349225083244,3
-4.228421862633334,-0.13328724268995318,-4.265870688468585,-3.0618791875533935,4.882562068568939,-8.229634334574452,-4.343962270537874,-1.9778967960209966,2
-4.769747442421345,1.5014183145187943,-8.905029008211397,9.490307693884912,-3.6195161882183577,1.6616816934757737,-2.7469764525632208,2.432954001785445,5
0.9079624912054742,7.144170797340669,-10.66240226027769,9.54091415782,6.198927063364009,-5.555747172832939,-5.652153463740981,-5.637773418789121,1
0.860230027600231,7.131246673295745,-6.710618393696681,0.07605908474609435,3.295913620007272,-7.567840565945807,2.0100168375248604,-6.675190569922052,3
-4.473318336315166,2.1472273852216412,-2.5034242866129706,-3.303191788822296,0.6920184710759094,-7.51332210918657,-3.6389642031717164,-4.267208600715861,2
-4.212651806629945,-0.23110941715822164,0.40737757744210024,-5.024278505307453,3.6602114087703885,-5.440626047826829,-3.2501999379963395,-4.671539965442378,2
1.6185346636787508,5.095389827639229,-8.403636171607548,10.470012227585071,7.120581918743947,-6.066377752968689,-5.502739104135605,-7.856487467869405,1
0.1613136182693795,7.506193318931319,7.223524901363864,1.4579246367534386,-4.758935816599145,-9.131013608472008,-7.9008810347725715,6.144690697982508,0
-0.8371894961488067,4.94919248680715,-5.6121937537146165,0.14619999651069107,2.6047209266593705,-9.916871095955232,0.44702543333443145,-7.7237071717551915,3
1.3534527085338222,7.927445336149889,-6.941509206101558,-1.0871321915663694,1.7183521616390336,-11.15175913925441,2.53371971900566,-7.902792169898194,3
-3.4819447031294963,-1.3614688890640427,0.3597004066513343,-3.9809370635829144,0.7091154374187851,-10.178523650243424,-3.186440607711829,1.2479660404842354,2
-6.557568643181888,-0.6395743848383656,-8.764883015983097,6.169802771743251,-5.184629142915948,1.8045296179791916,-3.346768456268814,1.8789099571653691,5
-1.9551848879198301,-1.0900130015761937,-3.1998179226585854,-3.3466597939748963,0.09112219546031408,-7.674717737384656,-2.9231999807680538,-0.4113664546298348,2
-11.385540197728076,6.235382045713877,9.443698122927215,7.5673615406678705,-1.7769309254027132,-9.470139720470115,1.2698787804170912,0.2957845194233586,4
-8.373966016053522,6.6367954286295525,10.78699734710205,5.489684568235367,-2.5294592707706656,-8.064029659153897,4.160207238862829,-2.320068861338065,4
-12.619522836420138,11.33178704542077,9.378327650980859,9.181905450881542,-4.214398355688197,-7.594414841648985,5.110738084528891,1.4251981726814833,4
-0.26984619081948047,6.866881730622137,2.454560187563399,1.7348187883130568,-6.075172108118959,-4.005932276592805,-7.7086014945318,6.93523287259945,0
-1.545020683714828,5.333000472866501,-10.47651036336973,5.946938282882526,5.346125332191834,-6.6653383291299235,-4.45838126776998,-6.017289416130931,1
3.8105121414305074,4.9644148348967345,-7.8493285305290135,6.6518009198097,5.813923949627398,-7.211089882474228,-4.404078685913707,-6.9454746332095425,1
-9.664125104500318,8.5515394513139,9.185874617848294,5.223434924040613,-2.756058341601132,-11.23438494204333,5.503183256873745,-1.215955114513364,4
-5.504386581531603,0.020217236347385953,-10.497170845334498,8.68093784015917,-3.199421073182468,5.412420775946661,-3.943393451426377,0.5092391365687609,5
-0.5885353703416696,7.963255281844088,2.964821263936998,2.83181408798439,-4.982500543690475,-5.7297842962118395,-7.244651459346704,6.112650773787566,0
-4.242932155643461,4.079072940215074,-4.291741593099488,-5.617182455214133,2.019303560556951,-7.526169726909832,-5.036378374591709,-2.8023437891696337,2
-8.60531736836453,10.251070987919679,6.928863313927197,6.131770876460578,-2.6396480501059836,-8.19268396419058,1.5993123915461909,-1.9689108371204114,4
-7.432559330223931,0.6096807384560718,-10.740713506874243,6.66811846861387,-4.603420991933828,3.4282855257753138,-4.886160458857972,3.3273129397282064,5
-4.436210629759008,-0.6289379746378445,-0.5857761186869195,-2.508011902256052,2.993870622395438,-8.077508045651774,1.6210530712094346,-0.7550452607401623,2
-1.4563231400603165,5.887766914000715,-8.187814366812978,-0.9402041755838118,1.3131827500443327,-10.768334639922799,4.266054922063722,-7.930328758640591,3
-7.16770570728119,2.1529548249120416,-9.63213788205423,7.013323920094577,-3.155236065770471,2.352822941339183,-1.7089195683232594,1.3273024232946735,5
-1.0913572040852304,0.3908458055691536,-3.0673931872619677,-4.790566176358236,0.1496242966644421,-6.615215889367606,-2.4539770962706204,-2.8664295214342275,2
-8.65565045197913,-0.5963660218402841,-13.597682554021215,9.796205904058604,-4.401055836749033,2.9681635854028583,-6.432642871922356,2.1758233442807744,5
2.0770277301250966,2.7940521291128038,-10.31949704820432,7.145034213947966,6.7721785942188255,-4.064106988221437,-8.118930847490729,-7.328184629415136,1
-1.818897841561777,5.085527305462675,-4.911032056662647,-1.4351725026702604,4.328234140447625,-7.5703961338031975,3.209321366714976,-7.0596209918584725,3
-9.289912606532306,6.788647041935558,8.201289610305126,8.100659873932893,-3.590994237813898,-8.206218221355485,5.757658582391226,0.5464138225456034,4
-2.5481649706703227,12.441918701977304,7.40394790838924,2.6712875554191835,-6.8188216260821495,-6.688059470526729,-7.856699000267343,5.687054811181254,0
-7.67038015870204,-2.0339080411082824,-10.537533097600082,6.743520073246721,-5.386554566311023,3.4097225224695498,-3.938473039221867,0.7467425136659509,5
2.6187708885109053,4.429741689439693,-8.861379821040385,7.768049092240443,7.224879160389596,-6.118259945295652,-5.911581033369027,-7.490926067126796,1
0.7360276840811018,6.107896728000168,-10.922305699234537,8.878229932421764,6.144916156080844,-6.319540006712506,-5.207507424749288,-6.8385622265099535,1
-12.025379005995083,10.418439674683995,12.588334982965483,2.679241170328341,-6.191082522031863,-7.778845586160557,3.655126433780012,-1.8543024000961663,4
-6.266805736342584,-1.3408922073033027,-10.162028179836009,11.551022555142186,-3.231305119229262,2.8475973815890816,-7.438022382446542,-0.3327654298872267,5
-0.8681236889098826,8.160043601262853,-7.096764217152181,1.971065541675551,5.007735156795745,-8.797321235321405,1.3076698582154753,-7.825899610974208,3
1.8550180131545333,1.9305751555938402,-8.766675923276374,12.473756339671011,7.303592941778911,-6.434697145342582,-8.6484081376267,-7.784816956147268,1
-2.39711416207166,10.873291412371426,3.1561138215231828,2.354560056316388,-5.319310983499382,-6.078358921372194,-8.534997170078022,8.92519666360613,0
-0.49648139416001436,7.246616258763825,-7.753060601916328,0.45041120311234134,-2.1642302804472573,-9.505442812355877,3.867260286187744,-7.7513454244098785,3
-4.790704645234802,3.3587938651381983,-0.8872043407761434,-3.9190023374124965,1.6462676678623787,-4.664786252676008,-3.5834198934719232,-3.3263623631760963,2
-2.3200870652052084,5.088332748673626,-9.720769577713162,-0.9274531101731744,0.08911236591932004,-9.518857413761268,-1.4967666787135268,-6.284089136639019,3
-1.2188768863625088,10.03836186541393,-4.962467242669294,-0.05123935449905859,2.5648063796376563,-12.301848572925824,3.792724883206313,-2.4824115462070084,3
2.116074502659044,2.1969258502297215,-10.100161758888612,11.623530720322515,7.158946159413645,-5.7866914462474,-3.329703413851033,-8.50924576821305,1
-1.5511265997536938,10.083630910147251,3.465200758182508,2.104362574202429,-6.147978543766884,-4.550793877841119,-7.7111172929164535,8.586013615299533,0
-1.5999477526731494,2.5301979181205434,-3.3742152912007666,-3.6430887250404687,1.2843788780587646,-6.9879404042382856,-2.471810581868644,0.7354036919873685,2
-11.023494281684398,11.15721030801631,9.166520680600836,4.671536778128556,-3.6743873166031067,-6.853805732050109,4.50441983752949,-2.932454708869463,4
-0.20738911582546748,-1.2426468654762428,0.6957011672173765,-4.087967402578843,1.2723254002373208,-9.323149442206853,-3.9336158848392655,-0.3473277648226838,2
-2.1502521206123006,0.6646576394618294,-7.766776770677884,6.653177542049956,-6.996245119271839,5.593698154580142,-1.8792689973353336,3.1435334795990073,5
-9.302430158200352,9.844971336844063,8.2374112550081,8.679170593196368,-2.550664019363892,-10.466228170514745,3.229706358284189,1.2465461054862272,4
-0.5957783957037495,5.2556623107875025,-9.088073070284299,0.673981928734233,1.3529693395132485,-9.168176796619408,0.258964322436233,-4.296266049901856,3
-2.9559371549464464,2.1920244375916678,-2.9101984283114355,-1.2339181567938344,-0.5528533168439895,-6.074761152716795,-7.21243945681068,-3.9372933448437144,2
-3.678639796324054,-3.5551594406000504,-0.22993888400472628,-3.775856416753406,2.164029329113517,-7.176776415538727,-3.3679003473867857,-2.7190055717227435,2
-5.9271564245467285,2.5493157623821006,-7.893714105458862,5.642466534513213,-5.278445225228135,4.653638729114162,-3.9570503913167814,-2.1895849671471286,5
-5.227502816488246,4.224704516914266,-9.858284503087985,7.1635357548563245,-6.921773728739028,1.4966268782526633,-4.708889552883414,2.335389128912432,5
2.483340301328583,4.735608472207179,-7.6862201281749005,8.334123574434907,5.279664688086024,-7.6506923451334465,-6.070837354065578,-9.29788138888192,1
-7.648591163604546,-0.8616103880771596,-9.366145616423156,9.986923517488698,-3.1198188610573783,-0.9018865983208562,-3.276419639878391,-3.3874594956870205,5
-8.417942108993898,8.919775061745732,10.359389951137222,7.401066405275797,-2.554710473680391,-10.19727922889658,7.464913749502141,-1.236276315249368,4
-9.664969739070175,7.771303992028831,9.84920070460662,8.441582230715154,-2.168589408161151,-9.25667833997798,2.435151173527693,0.7970794891091484,4
-6.456089724880244,0.48446543202033904,-1.6759505605700629,-6.62690906176949,2.2626319212031074,-7.610806334857981,-3.338665953907017,-2.542767812142482,2
-0.08209988939798585,8.727485058903884,-5.6971183546867366,0.1110194378360766,1.0246713325717227,-11.860360179761923,1.641732934426911,-7.0309549570683725,3
-1.824457420568534,11.771205676432322,7.262689263014905,-1.1032651513590062,-5.956311697015047,-7.164946857378088,-8.59007920805144,6.686270061830625,0
-6.311729020456394,-0.36744842447788106,-2.639337864106694,-2.529850781334985,2.4821669193405143,-4.998310393855259,-5.22359699926851,-1.2740913390917668,2
-8.905611290870189,-2.7347924948319933,-11.200971468630975,9.926274399909754,-6.3213148162307915,0.6038882994694958,-3.8926851050195923,1.3208841528689304,5
-0.6370941489348919,6.695540947308199,-5.338718977403283,0.6918185997711538,3.6197408319043376,-8.820583019449213,5.807134753577095,-5.052667009754269,3
-3.1124090220345306,-1.121399027509697,-2.241665367669399,-2.826003671253991,4.514867785357211,-10.31481114777254,-5.065688064897901,-2.6349701702627257,2
-6.758757272659981,-1.6355183959772406,-5.794785151310027,10.68187162290519,-1.5064089832322272,6.75529245437294,-4.781011853800254,-1.0132496066277001,5
1.845687145830519,4.239320424981313,-11.835216380797823,8.464244010136804,6.729606501901974,-6.930583507894254,-4.987259382461914,-7.385721132459373,1
-2.8151581572546522,7.542588149895505,-7.194575706917794,-0.5985392066426659,2.863488418405497,-10.189304398775885,-0.5770204383802606,-9.120239404214008,3
-3.1769845248208854,8.542142265417672,6.201185587179636,3.442696794248594,-8.872774993465486,-6.792215015676189,-9.973655524234687,5.309915058418168,0
2.7076648968984935,4.788377488266671,-9.556116306754575,10.824917972951207,5.573023081086032,-5.214818124321035,-8.870635649725752,-5.680565189493192,1
2.4897703599958976,4.345203700365314,-8.198232772795071,9.435163996841055,5.084150679124214,-6.733094411875866,-9.529930565441529,-3.0890024172634956,1
-8.870240950122803,-0.7242038421351171,-6.5357717865268254,5.052464128941911,-4.959967158716663,3.4897416652943076,-4.04883748579231,2.930877276580728,5
-7.074490377378928,9.575134852438646,10.291347937487865,3.804433026167272,-1.5606124457414428,-8.205530233896804,5.324733569324899,0.0027974324315420684,4
-5.996016866552017,-0.2405954425610288,-10.912986776420263,7.560046998752777,-4.8481064359364545,4.671679625791693,-3.252850354033492,1.2620124907528,5
-2.2631160373357657,7.195164595582471,-5.703965066005844,-0.6243430801364305,0.7314409698153082,-8.077517254577382,2.4900505350687396,-8.532808153970475,3
-3.425521004410328,9.862799695204671,10.40711847181701,8.980236258949759,-3.7666385319585456,-9.079371018112779,5.7749550037134405,0.987278621354045,4
2.065783703140118,3.167320798285742,-10.181131484634143,9.028838694593949,7.944606513799519,-5.990704828137174,-5.043977870600232,-5.394609029243875,1
-6.6661455819514766,-0.5996230732100762,-8.416927806927477,9.767697205240768,-6.2233184714807095,1.4261697162002742,-1.4197202041369934,0.3098621931186377,5
-0.7402657715913733,5.127164393770616,-3.639919735304098,1.4705380868080964,0.8230509387023208,-8.389490768082304,4.1783020663883494,-8.81960463969361,3
-3.314909013305098,8.773303704790429,3.414085507251028,0.16826959624842175,-6.383795544142255,-8.917846471030506,-9.50173079755099,5.731244579659923,0
-5.356453926427427,-0.015425022156880686,-2.1396296213252657,-4.336366164644294,1.1657741722462929,-9.664812324058717,0.20849256317893428,-4.8542099298661885,2
4.319670577401613,4.616758420680151,-10.48599147731958,8.996863168341918,9.281420739641629,-6.129481591636232,-7.466343252901808,-7.427903643133552,1
-1.3015138450198254,4.9940565920328375,-7.623469680662864,0.41919246618559625,2.4163691477947,-8.413759202891411,2.2538791610160915,-5.107644238542199,3
-1.5257198076098581,6.133058267647044,-5.965315795355585,-0.4689103049325323,2.3189247914634192,-7.833773791327814,1.8550464508015858,-7.326406443301554,3
-6.904316144008236,-3.323188046124334,-10.036593121139848,7.728876136862972,-6.499018736985047,2.760279784924279,-3.7589439490907437,2.4321328936029922,5
1.6857280688211167,3.647724468786114,-10.209768099665991,9.75454274340143,8.936084269650024,-6.2381661379412385,-6.090791857903807,-5.1689169649394255,1
-4.668017764056313,-1.765177211343453,-1.1614774465538686,-6.09972284227095,2.0630562579138014,-10.330275042989177,-3.168913965160196,-0.7170107237774062,2
4.215840651071044,0.3183364456000355,-10.834293338674595,8.582890638648156,2.0985429523736068,-7.987184394812383,-5.3630374357906785,-6.283455984446581,1
-6.252342620796825,7.652016855110535,9.977149881482287,4.826840497628663,-3.606825132656028,-8.637541516241557,3.0682929218312576,-4.3768466128410095,4
-1.785265284313621,4.568813191838317,-5.7651588579418735,-0.21403797446016182,0.6447558823336552,-9.463635573739658,3.0292625807546942,-5.059249995705856,3
-4.825280880899791,-0.9839250765232397,-4.689551814745608,-5.447697215901296,3.912540542452385,-7.299859949005041,-2.29633762066869,-3.664556847125449,2
-6.901828453230413,-0.16433500069608883,-10.103570357748046,9.097801298828605,-5.516900425590759,2.885057303518076,-5.648171639149318,2.229456958391366,5
0.47723157270860606,3.9024679313485398,-9.175185738562131,8.936343986153117,6.184804173662528,-5.078294128577074,-3.9215551217839417,-5.103895272023648,1
-7.178685864045501,11.02372054805581,9.667190596490839,7.470716258129825,-3.8874262207513994,-8.130026762437767,2.6261942461970342,-0.9201142101132378,4
-11.821060312960805,0.6088870980325729,-9.665263738394197,8.305070812902756,-4.61435588998835,2.0310173239794422,-2.7215060486079965,-0.699678678373886,5
3.576451090130546,6.393614606324585,-7.096852690566096,9.697409397599438,7.65034416956508,-3.5614286290554196,-7.389765919895482,-4.554825508444776,1
-5.669532885333511,-1.1968267928903895,-9.128814193917986,10.622027759820266,-3.9855671428183017,4.866626054901397,-2.7238127953998905,0.5233736069542226,5
-9.325083464326864,7.486899894178619,10.541846801103803,3.0296180630647402,-7.434502704303844,-11.254332715793673,0.25635767793220987,0.9744753171890594,4
-0.6491322309349677,3.1788263165510275,-7.681998621338842,1.3911141376567617,1.2904592317734378,-8.882260060474785,3.8555659006715786,-8.513052002446098,3
-3.604605344268757,10.279287086858751,1.4877127278891642,3.4013254252196266,-8.81750227800052,-5.710887002769507,-8.815490848097715,5.797219844464071,0
-8.714029200070993,9.179597400544221,7.893653006408225,4.289480650006441,-4.153754489106805,-9.592340562989463,5.914349658175254,-3.399246259274983,4
3.224801395507649,5.414867114567693,-10.516878118648322,12.513922622286739,7.077166822982295,-4.388241363314893,-6.532340557891514,-6.760761942655501,1
-5.418540070855688,-1.1836149977667063,-1.641459573766558,-4.739341521699734,2.2350978331543825,-8.658532642601472,-2.5483145168054318,-1.3383190241640366,2
-2.0648867064133443,-0.7050212193365331,-3.7702350869645773,-3.9055278209823463,2.845341714616304,-7.059990074342252,-4.123973135398991,-4.3827262608562885,2
-9.920999366854762,9.26941689663138,10.409455265325395,7.04226756955907,-2.1783562167565176,-7.812348696305058,3.9620391061743914,-0.018085526098116755,4
-4.691767213162123,8.163281727735395,5.441346562765474,0.40145084829789046,-4.31105765137238,-4.921811442495322,-11.352599753977291,5.831728926407523,0
-8.313012305030604,0.6508610613346432,-9.171592198990236,6.086433726163039,-7.758856600601748,3.91868378985273,-4.078206238710577,2.9796397074342185,5
-7.640346537542973,8.589198150035912,8.12635653047272,3.1926755483205067,-3.7435172095443146,-8.297756184861168,2.54790400204955,-1.0968661857639155,4
-0.5060523944806579,5.7064520288114435,-4.400916576966541,-3.9209450563644994,0.3783594154038452,-8.172468731334357,2.2316129464679024,-5.3862628715391825,3
-4.371408789057691,-1.2078672240499622,-1.6539042345559318,-5.284658994316212,1.632889969554888,-5.512262415161002,-3.3967071428863025,-1.06138004775555,2
2.2793970318652206,6.7451047627166325,-7.436813836914967,10.440326566432212,7.406000121307608,-4.766986921585902,-7.003592550070029,-6.420072122503037,1
2.0030617886030746,3.77816218162155,-8.805624753063482,7.510554244240672,6.601890092623324,-5.120726182195547,-6.310663364349135,-4.176803811908931,1
-4.751158887821754,0.1552767545356284,-2.7267449201232763,-1.7371039013779077,0.9574736574076399,-7.803691922103708,-5.315169091877846,-3.8576935984540106,2
2.507055232603829,3.2187949351386016,-9.280119477944853,9.167797078917229,6.49801646843889,-5.462880084865455,-8.465145133224379,-6.268598244317487,1
-7.314384619947016,8.878369558736111,7.95702128956167,6.781319661173336,-0.313584540347859,-7.532569279425852,3.211182206445986,-0.3396122812605158,4
-2.6436698239370475,-3.174730603148301,-3.047388983726041,-3.6343926754664704,-0.6220902104339658,-8.646265194570143,-5.276810939148396,-3.0826285841195,2
-8.277029001635183,9.599291414252319,7.545983178144507,6.818237184448813,-6.270482030438244,-4.539400645569984,2.866303619394979,0.4818669387423349,4
-9.566063917092315,-0.4703131328303903,-7.47842263685287,6.96361460561867,-7.314540127934068,-0.13647840377931786,-2.699739108688539,1.575145402419327,5
-3.364541213084341,1.4928878759279787,1.1728484458655788,-3.6493902337334685,2.0408097339553986,-8.519762475999267,-0.9215669285402992,-1.8302866874802772,2
2.088423165867381,5.04939901991869,-7.438635703488669,8.400251387373658,6.13938585005915,-5.7275591256129115,-4.924142675090938,-4.867634361781527,1
-4.092935483325592,-0.009124657459680607,-0.7451460570461697,-5.786666579803203,0.8231006173486433,-6.509527355040194,-2.009850499734471,-2.7092650446028426,2
3.5383192885850834,5.2409635204147005,-10.57769414615456,8.12636720803718,3.3330845252948382,-5.506766839740737,-6.495817047887425,-4.514003603503256,1
-9.341318883464139,9.18236540445514,8.940940626352258,5.263706238615224,-6.453936477585538,-11.069537247403868,4.272300179834497,-1.56111209287115,4
-5.751415345525643,1.0852476922426155,-0.12375291572615121,-4.85282118041634,0.22265353129854804,-7.276694779551793,-2.192122559246151,-0.8712746051116755,2
-8.028438520191933,9.056038784198241,10.028631599502784,6.875762519568519,-4.195201486478874,-8.235895871746434,4.487227711557316,2.716552163870627,4
-8.368277280503044,10.447878344815493,10.53757903685738,7.997751750432926,-1.580969066046387,-7.815121904691261,3.5812881818054594,1.1645933865399627,4
-3.8347564068873803,6.754416866221483,-5.225130577237034,-0.7946177233302476,1.2799217342724067,-8.327326243025587,3.616393433466766,-9.38865859558394,3
-2.1884622127907836,9.988534698205733,5.059185730766862,-1.1461290644662556,-7.44098627927363,-10.429466009357677,-6.646805984389315,5.585835584109765,0
-8.240354836474143,1.9806171440718048,-10.823498613429965,8.994390763365644,-3.479815758269038,4.360215487881495,-0.30313878192297095,-0.5336230298195412,5
-4.718527660536761,0.9914099561372983,0.4216753276304819,-3.092168444357871,3.6466792499119136,-5.472653328548412,-3.704581973105712,-2.926588775795128,2
-9.456855506636103,-0.22942102159828048,-9.8927736718047,6.4679824873521525,-3.399396886095368,2.800109841093229,-3.6789439709655762,1.3396104339606616,5
0.22844847165251014,9.852622947521096,4.000038852053195,0.7809012514329712,-7.047575523253069,-5.8996444067426825,-8.87911836237233,6.976068824079732,0
-3.6048807777949508,0.5962383988051202,0.6327643694470266,-3.6780757599770975,1.3660162631213297,-5.533564295935562,-2.1883320591222732,-4.814092137038908,2
-8.09358196991799,1.6783227909059795,-9.468454078949122,7.5048564156248965,-6.033324762398543,2.822247385262467,-3.239422878515174,2.9311812097679475,5
3.2965888214915524,6.823829603613868,-10.108082796481625,10.77360630220764,5.077621620470988,-6.851989619342239,-5.747554390181772,-5.05420312595438,1
0.30591358223199094,4.288141142042908,-6.3094051081440155,2.9555289238294566,2.131793224150487,-8.612281578513407,4.01852670037665,-7.391508725109629,3
-6.8472555204043815,9.799939093483347,10.791191910348903,7.721669047569333,-3.439500797988887,-5.761312995244211,2.9604039724552114,-0.4580521968953356,4
-3.252585298730179,9.336141577594864,5.093139430701929,1.5589217260142083,-5.94091710879083,-7.639955443871986,-7.44425208070442,5.169955427103906,0
-8.132284374060474,9.751640816498067,9.676078161573239,5.182053193443715,-4.230111656393983,-5.493062066398439,1.4109271268838302,1.8204759234778503,4
-1.3979230993147111,9.058738285802056,-5.21986647706319,-1.2656505202294452,2.2587133612278008,-8.214171673815542,1.050697487530609,-8.273531783543833,3
-9.184683236486324,9.385735970616109,10.068223985721376,6.487984411395767,-6.059882401272654,-7.771348396349888,6.651004027922875,-0.8115228316401921,4
-3.9632290963455077,11.709525863563844,5.987554559450346,2.010283249632532,-4.7180019871720695,-9.300155937754148,-10.967455966765492,3.8387745439872027,0
-2.2945313574594004,9.699633409255481,3.5015393256941736,1.3580386775773854,-7.537267089556347,-5.245512818759084,-9.44434349520096,10.655779430874379,0
-5.368698080845689,-1.6113830359747872,-0.28275538442160575,-6.604135779953887,4.293025438067059,-7.459604542931816,-6.633156760934751,-3.441435485171757,2
-6.008360349488241,0.744181908919543,-0.9505757937987929,-3.040969555529875,4.403284869365071,-7.3623636062500095,-0.7955275255946583,-5.48762236619109,2
-4.611809493798184,0.16389029554710716,-4.389853350232576,-4.465695373828121,5.0913206115406275,-8.643674734537889,-5.090696778847259,-4.566551395240399,2
2.371642235571633,5.710142673944892,-10.736875257050407,10.671579142985848,7.695873830505657,-5.289359907974216,-4.25788878430839,-7.1939655434871455,1
-8.519053317775956,8.575719375299432,7.985795543913825,4.321771120014104,-4.8913503153654085,-9.608252417261959,4.138232583138225,0.751123102658886,4
-0.12371532871460467,5.023056606543379,-7.10145820750631,11.589846806379692,7.823934180503903,-3.477341057977162,-6.278085819891553,-5.326945051197396,1
-6.525451962721975,9.826248535435488,9.395662034028403,8.623063962974175,-3.383811500741289,-9.426947030731313,3.884830853012984,1.9385562757426662,4
-7.147158209070673,7.802402492105821,9.575960049873165,5.865120687002041,-2.8043608105977182,-4.512774098518884,4.818210255046216,-2.2692340525198356,4
3.54172663265063,1.4173022004288462,-8.50409075100413,9.385918541344681,8.011939329273783,-4.289429309477917,-6.258245152698389,-7.293237225484788,1
-8.462809459359452,9.218725689576175,10.929840554136083,7.707279654715295,-3.0748177681948548,-9.645191604991183,2.146396016352253,-2.6175764776633104,4
2.1744345249045782,7.423318023188924,3.165557198741827,1.0685409314840895,-6.490611742929688,-7.632434935332444,-7.858596214231991,5.757781491516856,0
-0.058959769134912854,8.90515561003521,-3.6182824706983983,-0.738105045248385,1.908388125112548,-9.766711139319368,1.8919806231706355,-8.15181139695614,3
-2.193923027597955,3.1164209280681474,-3.7604367842882427,-0.5020687745393664,1.6433120250528988,-9.28575555989435,3.9038639775947637,-3.4964067718259457,3
-8.905318902557,6.125054909409249,9.2145740668613,5.244340473058225,-6.552252969788157,-4.177945595013947,4.1827462998225275,-1.1759849119626977,4
-7.6403034602099185,0.48590618084322035,-11.143241716923386,7.958917547434873,-7.879307865750651,2.87021021637678,-1.4536698598757831,-2.0082180100338527,5
0.9609589172444928,1.9612125286564237,-9.26273890856029,7.140913387094351,7.219520987608191,-2.1740640631358694,-8.49047515015249,-6.787126289874079,1
-2.41661514716994,8.589337914978463,5.734999600446386,1.2992515773600708,-5.317336987634361,-8.691548218421557,-10.59659376420112,8.42340572370111,0
-6.192087552134451,-0.4846460950436767,-11.71608532075551,4.909068237080894,-4.564691872838864,2.1856464359941534,-4.017556700393995,0.9286262717997411,5
-5.748863848182571,-0.3212710309208915,-0.006108051662881309,-3.714626296155961,4.000126423473802,-6.385943659868316,-1.2639486146569996,-2.3870213759923256,2
-7.589442875349919,-0.30512278554620864,-7.584426073114606,9.809876345168842,-7.066285787087823,4.754330736103131,-2.9395019914651748,2.950137755837856,5
-2.171569675528561,8.859545149205694,3.7680082973337816,2.6117874669040453,-6.939842715031028,-5.1148265820495125,-8.655563518776747,7.564005733837707,0
-3.093646996178966,12.835034457037892,4.9279924965416715,1.5364763715799115,-8.216729599183328,-5.124557286705645,-7.450827896111628,6.527755921236154,0
-0.27056441252439134,7.668072764008889,-11.47881664064781,9.750403743220328,3.863731845799899,-6.391730649223426,-5.688350541564455,-7.651484170135104,1
-8.637135907519083,8.47034108720039,8.612825039366282,5.932080204386329,-0.9887191917660272,-9.713526063818211,4.012035288284722,-0.05886058250813275,4
-5.994102800972706,0.3161517538811153,-8.429560446332943,7.13879972606079,-5.036326745849688,2.698711010583021,-3.279056901329421,-1.591791600433698,5
0.9696626531445902,5.826479464400378,-9.032486367350263,10.047933219038972,4.622390689696481,-3.885552638620429,-10.875770771443094,-4.997421079972334,1
1.2753401101209123,5.540991885903736,-7.419974213369395,1.016638666013046,0.6598434240676383,-10.589529390856239,1.5501408585048644,-7.654153949163089,3
-9.525550313070058,9.68463110815357,8.723601194308516,5.850057177419783,-4.545255129049467,-8.978241130160256,2.7321208906542136,-2.19646591128115,4
-0.6723604541931383,4.235161855281825,-7.268734813369693,-2.9688335164452093,4.596202461716974,-7.446319081636834,0.08826502174361606,-5.311265249787296,3
0.8930137466791364,5.372079500092009,-10.962460959362286,7.666744025915094,4.7629470051344285,-5.189956005701484,-5.868848304630045,-7.426383451537791,1
-5.128792358375966,2.1885732855970383,-2.06866046877073,-3.45517757994359,1.974409200857483,-6.609128816234296,-4.500031935127499,-2.0429473316068596,2
-7.076947977828691,-0.32371370234528773,-9.556926377596227,5.746683830878689,-5.927227908801481,2.8690502755763987,-4.681887901673221,-0.967702085920157,5
-9.21224471867208,5.931162277201606,9.45028327684952,8.296151390011046,-6.780708836482146,-7.84075280817396,4.7542261843143745,0.10922104875117378,4
-0.5283818855639901,4.998601973804008,-7.8565041759664425,11.983767731108573,7.137129031337248,-6.979585423088188,-9.078854485121116,-4.665243029997963,1
-9.499216901026074,9.731624077918427,10.813692833315024,4.910637520209574,0.15952975101238032,-10.499265171228846,2.321955368097696,-0.8226012767241919,4
0.46637921456496745,4.907158353166675,-8.13345027937404,10.899910750535788,7.859977193812948,-5.966858963158458,-7.198629560619422,-7.52727420879863,1
0.8930913353006589,3.744478224186576,-11.968109228330315,9.537725030499514,8.64453865707192,-5.536431590727658,-3.8973868241758742,-4.1975127055282435,1
-1.8218084724406127,9.3465864276593,5.074404975740699,-0.06962803737176326,-8.60931765580449,-5.195065027943301,-8.901616002806659,8.413924031294902,0
-4.300841884159588,0.9334258117348984,0.624403072658005,-2.821254914109529,-0.10390410755192825,-6.820330752575444,-4.42531747007702,-0.8919620155042767,2
-3.8571082725879093,1.227304219749353,-3.553510169890303,-4.186003186684742,4.142223732815342,-4.391719757371957,-4.365129386503846,-2.606073202579112,2
2.7949881471483145,5.172688713708143,-8.83143767754315,9.560320526216636,7.7639418319488485,-9.623258533745549,-6.185759293770254,-8.003789858326925,1
-2.66652218947295,-1.1456231183924594,1.5730199392422741,-3.3762159208889155,3.0682623971570715,-9.86936659177602,-2.885835352154336,-1.8625065879195462,2
0.12046879154009682,9.640090731290684,6.507894553006415,0.814826115192272,-7.910571618386445,-11.262733923095904,-6.940494998168332,9.788041283210521,0
-0.6343013938145985,11.411242341778777,3.334030853783231,-0.35491768420415104,-6.396489750876446,-7.755961629702943,-5.848562605975206,7.379214980298435,0
-8.240574075000106,8.993735289125532,10.673654091919017,3.771425314870236,-5.517034473808447,-6.955291571558729,0.9611020324911137,0.10187842044526962,4
-2.0436818401095733,10.54682953797155,3.3744679695167967,2.027582637905767,-9.063662063833887,-5.757717942196403,-8.008133867931814,8.116810949142817,0
-3.616526762078463,6.031367849768303,-8.21042299664544,-1.2555084758998925,3.0209150748887117,-9.389577727118477,3.2670801975740567,-6.942760092015978,3
-5.8304431485315025,4.825829338205559,0.33901558201569504,-3.232425824407846,2.3568207939925783,-6.772488278999136,-6.528424270067519,-2.4215004618113376,2
-8.107699144740868,-0.7431667795553232,-10.468559394820039,6.236349444577398,-5.84321770371497,4.302540742073567,-4.460250746331541,0.668433835990356,5
0.6613956116586814,6.488713093341321,-7.293908508115214,7.979574372512529,7.725263675527511,-7.638934242066755,-4.116594604666064,-5.939532446300546,1
2.028032397796629,3.849989643881421,-7.552424701577398,9.746046407603092,8.01669909222668,-5.7381852191131175,-4.67343908186419,-5.6958653924142775,1
-2.0529614679383466,0.08376764414781879,-3.3361486795764783,-6.692912938423984,2.8174252009531413,-8.427213570776606,-3.0871478208596717,-4.802715115737577,2
3.068528411297814,1.7180582833836997,-6.199942109270247,7.438905938879742,8.288671108433924,-7.34485253512519,-7.35388274041428,-5.069903332714608,1
-0.294361113435921,9.916540720282097,5.591485782892559,3.3386345779892244,-5.6653414474924455,-6.430203314924945,-8.671605990313008,7.2233739108594675,0
-0.6356268134301004,6.641161326046252,-8.766535243019597,10.597713877551676,5.43498849354,-4.757411196877487,-4.5612711363026825,-6.489683241338807,1
1.7350525005027029,7.911937602053111,-9.374293195597184,11.0970526703732,7.9372365886554865,-5.8115334988473375,-7.302654233490729,-5.800767517224838,1
-4.824820753619587,8.268191644825428,8.005770697828353,5.731392088185211,-3.7716509400068503,-9.86340589620333,2.9510949926685273,0.4268854810928566,4
-2.280412607358004,6.252669138331495,4.20729212141023,1.9293547712947416,-3.7546556739151513,-5.780978981918063,-6.380629865900765,8.279583244930269,0
1.4488690620193378,1.1297165677893712,-4.563633457920371,9.158860538732084,8.310817455872295,-7.734275617371211,-4.7692791748291725,-3.3597644002918585,1
1.5053790465809365,6.298364284779719,-8.027989247388325,9.989019087479733,4.239520967479443,-5.833074159300336,-7.307365289857881,-5.802247558423782,1
-5.796452709351962,0.25419495524487273,-2.224000304935251,-2.6770066263479486,-1.346608714138204,-9.51910724964366,-4.328861945217177,-0.19055878051097652,2
-0.4428552274486766,3.808057569016106,-7.127399262164809,-1.1106212708757286,4.097776022797749,-7.9330409093074605,1.948513906952682,-3.857963630327995,3
-6.849451328318329,8.412293305784694,12.78614045816017,6.277831483599241,-1.1791762282897547,-6.130270960618707,2.706892398955941,-3.2796552894216084,4
-0.18674323731204767,4.820765375226547,-8.748039212864482,5.576546703275588,5.313911717476175,-6.8589047902647104,-6.17414033406049,-7.617286495356434,1
-1.9740959992951157,11.379201165568633,3.0501356112776437,2.1906489914900886,-6.744480332927354,-8.590916783284076,-7.308255753289856,11.043000204863212,0
0.08924804139012277,6.112163867773226,-10.257362749015202,0.22405795688653674,1.4623654516797884,-10.06058484168699,3.357673483731621,-5.445741471586526,3
-7.821348490613113,8.62905279878132,10.66513718849831,4.090454255829805,-6.70069347335525,-8.095312131750976,6.971148970431509,0.7363632100556974,4
-4.801626155350173,0.7803122228928462,0.880144014755357,-3.4458677562302187,0.9514083561642421,-2.804955569674031,-4.031389875757836,-3.5963166643375475,2
-8.214368299240903,10.584740442563751,7.819994847944632,6.452831487234509,-0.9120053771304093,-8.590958328608027,5.3940149910492,-1.4227691287436082,4
-0.4721278629316355,3.5588485372936223,-8.798004395429935,0.2936273616599898,1.1222815890624354,-9.21409072038938,3.8555620463539384,-6.229606885394934,3
-4.049762473848023,-2.021272016461625,-2.6726697974598608,-3.211360611100176,1.1458229906651076,-5.281531497703978,-0.402864910906199,-1.6225466527800498,2
-2.1690791740412063,10.657464149509893,6.409319515199796,1.070853703047543,-8.185574782418414,-6.755080692524511,-7.4597099574392995,7.546019553344172,0
-2.129783324742605,7.13983737745069,-6.8601007730661605,-4.173147532176623,0.9410380324270393,-9.521252670279164,1.878763271093546,-6.907936186645501,3
-3.747260341618467,7.0228386029000545,1.7939264379812556,4.366840582323425,-5.8326421409847775,-6.969045066732675,-8.390377954524299,5.522740439821301,0
-0.4739730853437347,7.549170186914434,-10.246326802857524,9.631184238162913,3.6215991000313634,-5.852635492785371,-5.997929171508881,-6.469769169490515,1
-6.816256727403719,1.6809070308581777,-7.784668112415293,7.249808094418957,-5.72437189529253,5.509671269577773,-4.3418914098708905,-1.3307910981830682,5
-1.22929057994547,6.428189154699781,2.953986965593935,0.26468500941402295,-5.359135043993549,-4.143128197144867,-9.005446506295964,7.053408158394686,0
-5.827268042433335,0.5807514715464537,-1.2585355232373248,-4.411048920059874,1.7738846637470307,-4.472881542648144,-3.4754670104268715,0.4803222922202197,2
1.4410010214425035,4.635967838631802,-8.734397717274042,11.786921239646011,6.023213349023513,-3.38604696745708,-7.41793877851346,-4.206075544459894,1
-7.848718580324732,7.147158372523083,8.908807270482214,3.0102815063390627,-4.167217990987312,-7.805711246157728,4.596308549707837,-0.9503824348138856,4
-11.09428728413103,3.8412808131631753,-9.413424443509962,10.625675955662341,-5.108546173795804,3.0196031935653505,-3.2751054795998726,1.4254734605877215,5
-7.656667818185802,-0.016043291349174316,-10.571896770973911,12.879852830713322,-5.581860969863002,4.417236807828978,-0.7118203191304961,-1.74715135859666,5
-10.555027932074442,9.340507700159225,8.868526304199618,5.803241704852857,-1.4447385319177761,-7.916618300151733,2.2229726714978915,0.2250446292649957,4
-8.814078153648431,-0.08466149107113125,-8.69513370336285,8.669564031354449,-5.465589308500114,1.9239611440698423,-3.1319370926543204,0.9440041013968878,5
0.11132387939212729,7.484342338157289,-2.6142953421722535,-2.073788658516453,3.0760868352032107,-7.737917552926592,1.222089554479953,-8.0576429429091,3
-3.935667206819958,9.12581295928517,3.5988282420901894,1.4505335828389536,-3.6757432429195944,-7.372223860661226,-8.261966097312124,8.189636985911948,0
-7.8060645105848065,8.1900774746288,7.505260882597209,5.299116345935729,-6.496952119013063,-5.185412695899556,3.912660126700741,-2.4696011497367136,4
0.020221268150409588,3.208979317970004,-4.914280008730045,1.8962037378753178,0.9327609855914539,-8.365177576022354,1.5857644051976436,-5.172914341427222,3
5.183428396832294,4.041742083359972,-7.809013026030899,12.072363577788892,8.292359312073097,-5.780099891998861,-5.336128241460206,-8.391715551947875,1
-2.797824313872603,11.21084368768077,1.1008997781008905,4.426663606014853,-9.157958635071502,-7.30675332005101,-9.52511882911387,8.265208147131855,0
-7.834743488078003,-0.6287541516293526,-7.620930994943765,10.311679573484493,-4.142314026142458,2.8727296265382534,-3.352226684918313,1.6894013303473123,5
-4.027912859013175,-0.32317141340730604,-1.6976240637424704,-5.723024776808867,2.8618327646465263,-5.489929588588352,-5.463687877009216,-0.6227317014840179,2
0.2555445135580743,8.263331781915584,2.5824964085805573,1.164386075229514,-6.545461523096339,-6.7869692299398565,-9.46782839067529,4.268806981135114,0
-4.6293927389140705,2.0400463267138513,-2.6512295773650614,-2.9614072877894992,2.2397072634427118,-6.646883060896314,-4.145661819539657,-1.6461627622202324,2
-5.168520946046541,0.568899700262451,-10.85603716732287,6.9327998914458995,-3.82473319605628,4.442118392889686,-3.185193780124126,-0.0649807446778401,5
3.3465522504404936,5.511132021876302,-9.097446174145627,5.985206294890908,5.00611602915201,-5.480553118285497,-6.146671851391115,-6.688306943974558,1
-9.678574319026126,7.200744795521507,9.62221961764359,7.164939119640721,-2.7319723075254556,-6.203741128264484,6.05315589130223,-3.396895161491711,4
-5.486409589886588,-0.238977694501624,-8.597384483645722,8.598504731899471,-4.98120184361536,3.175526542421663,-5.363337884164167,0.38361876995102207,5
-10.58657336267667,-0.11966417026136256,-12.34938374029469,7.306875668515722,-7.546248312965998,6.931707671224965,-4.334655067109361,0.06371323426018854,5
-3.466235195275455,-0.4375585603140707,0.39021763879522275,-2.3628696572985293,4.00556013683685,-7.138919455248384,-5.30301825107696,-2.366583527547588,2
0.7742311818242524,3.1939712653098384,-6.003330721805099,8.09806182043146,5.324890013989508,-7.4234913548328505,-5.46780183676877,-6.103715574661111,1
-2.535154611206256,10.865220177857504,5.2757140737628765,0.7772406376075924,-7.328430476609858,-9.124695444808514,-9.011350141262277,9.102883906252845,0
-4.9401895685791715,8.239511611612318,6.666936674926697,0.8408985389506827,-6.169516106117305,-5.640695107789008,-10.321416511160944,7.228282345799823,0
-9.714922965762065,0.1867404271190911,-10.873686366585206,8.189433685579157,-6.052839220737236,4.963136785745435,-3.225863335826313,0.1721881293213455,5
-2.513043768522916,8.071451485335432,2.892417023879158,3.3087718060605438,-5.417592596934333,-9.353277251981119,-6.294585391546915,8.242036868929105,0
2.712354341882253,2.2828237599511256,-9.78719161628955,9.27219242524846,8.737785161305274,-6.894515226882815,-6.782612666136954,-10.069621170965345,1
0.22518815346357135,7.434498832204356,-8.739761471411024,9.885384565928117,4.956829343538946,-4.755870105354751,-6.550014810183313,-5.989239497120524,1
2.596278065258762,7.010175957988759,-10.448160320330054,10.637598059680126,7.138388855108974,-3.679621513410813,-5.441534704504986,-7.94548008658943,1
1.2478688377501301,5.449111465564748,-10.113200435166767,9.574947052657704,9.073487614830183,-4.530349656161784,-8.34957949224352,-7.247869841029869,1
-1.684198829032016,6.9514077792387265,-3.718860644824141,0.9268989935208385,3.9044155196357475,-9.128370390941326,2.7817996680620416,-7.584092288593694,3
-3.8065696409892915,7.002161553934935,4.265447061656931,2.7193430830548673,-5.299891964608707,-7.001631231103983,-9.35008379384376,7.566335703096688,0
-10.682230336705654,7.103152491889702,10.140798414562543,6.478867071344053,-7.067394347607244,-9.361792446505246,4.186809488486393,-0.11426713453778392,4
-7.454674724351469,0.9864777650461745,-9.03402080256592,7.647214020051677,-6.288383891762922,2.6002563122603886,-2.7985371284378058,1.7748207581189803,5
-1.1452477935600291,7.047592371717656,6.963267154920198,1.9958085078859453,-7.833885443901478,-7.3588004291598414,-7.544056925607659,6.388394448538002,0
1.3249284668939247,4.9043644532435735,-8.699671937041167,11.131415885310773,5.679268742272576,-7.261658170803236,-6.855624479159978,-7.880313546206684,1
-8.621024550192386,1.9365843406940102,-10.914908973181502,7.737959377132389,-3.5430152117808733,3.73199031477142,-3.498086495401208,2.176075177432355,5
3.790295757751239,3.5574017182251887,-7.5761291339613095,8.544673129998445,5.006252043393749,-6.486236970181229,-6.5157376527816995,-6.9534776537656935,1
-11.913714602881615,12.232413026331646,8.268649568577183,6.480205687287109,-2.7437369577694284,-5.792200057723389,6.57431526395534,-1.7791471456359091,4
-2.1500768387394222,0.44389854546544394,-0.8960332381768058,-3.649761589776844,-1.3983687544653818,-9.752506150923605,-5.12520893445079,-3.571321016329156,2
-8.017503752195092,9.081628159285948,9.013746992862357,8.047102164304754,-2.1124731708523523,-7.007082918642303,3.7907006359752353,-1.7677605024348337,4
0.6735372622244231,4.261699402689687,-5.810869217053284,0.37157501359436496,3.361359293856708,-7.328002483266651,3.2644489472788916,-6.024832176989962,3
-6.353202510688746,0.6541413275110464,-8.596233061165828,8.571353329438052,-4.440588779513606,3.788632107920908,-2.3161867295462812,1.7234338415300026,5
-3.446681900361159,9.54085697413453,6.644427051312075,1.256010297860493,-7.987227717976705,-10.03038662114168,-8.67282674974304,10.590844579728694,0
-3.0520955224738047,8.94814660050365,4.671238222752307,0.6892816201569929,-5.9533413534372945,-6.144041875099201,-6.373621772993333,9.332082563960263,0
-0.7638189500868333,8.27358290895791,4.399973685701527,-0.3198732192988074,-7.719087042458155,-6.0902618370469055,-6.764626857785776,5.552072008614781,0
-1.0709562093149267,4.975803945197725,-6.981281925254505,1.7491484890614828,5.865480930117126,-7.285065918810369,2.1077668502569202,-4.574305110324371,3
2.0576085563631574,0.8905227939991893,-11.697257371356761,10.37389707503949,7.253191632190569,-2.947817468475572,-4.214770525248026,-6.701047358907041,1
-0.21617960854777496,3.619589493472993,-6.100716125220519,-0.16038094941396142,0.9886289598130267,-6.811680656305198,0.4762313442180641,-6.08375040128393,3
-2.041250927275679,5.925704504978384,-8.175537932853418,0.22370774118416278,-0.34631033453049787,-9.189243581937587,1.3926049748471985,-6.2210891576364045,3
-3.6386554931751913,-2.895753555656375,-0.3013455155524265,-0.7698687664366006,-1.9237995894388478,-9.187252425394561,-8.714750371138207,-2.7932502073115018,2
1.769643300964571,3.062736534188259,-4.78151581575822,-0.4799964617713077,1.004029001007782,-10.849491493581272,3.3571364576665834,-6.895764912308596,3
-0.860798112701443,8.406227174135356,3.992206229155632,3.785657199420424,-4.323791521996673,-5.848605908021173,-9.885959397634329,6.506549316622576,0
-8.084366295158201,0.05396300656714356,-7.969085716673189,7.21201092933226,-5.461279246131783,1.2533775108221779,-3.2041360552617593,1.8947031274968902,5
-1.758369479359108,6.557370731066952,5.850740724207273,2.9531197543624956,-8.506320196873666,-7.270638351154669,-8.90121941684022,7.108328060455931,0
-8.359949078648652,7.238723936152419,6.44916313068668,6.906617846811387,-5.906429156081284,-4.748290185525464,4.105680181144187,0.9654686227998814,4
-4.146493968531562,3.4125029719031033,-1.2319576643953705,-0.43026101759807744,2.800276440192973,-7.552006259900308,-5.596223791311116,-4.981384852618476,2
2.2028833971443373,6.477778335667429,-5.610853871253875,-0.9328200006349221,1.6929764650031636,-8.887984128475827,0.8906133637498863,-7.05722495948471,3
1.9258510364194052,2.544041161377547,-9.810384355596808,5.835378603308324,6.5882340943734885,-4.439670363533684,-6.42071288685561,-6.786533090433672,1
0.24717134615022385,6.901789813962946,-9.514772616405656,9.010064185176216,4.730125895855407,-5.036903760202458,-5.492364864614048,-8.083100780267158,1
-5.8698382799403,-1.1205983126128425,-6.209110830142773,8.076652527600588,-4.149213038359484,3.253715303444937,-3.989276353889794,0.8468075594567916,5
-2.436411260923547,9.90762440533705,7.610514734727229,1.2023441301911717,-6.360493424187243,-9.76629006137573,-12.665457683536848,8.675161916749424,0
-3.959142154328288,9.24145399039673,5.141835928863153,-0.40219798313071253,-5.906399725000567,-4.726613580734642,-9.117764469726614,9.499791924823525,0
-11.296275216042385,9.168706467729008,8.519233103508277,6.743345236479535,-2.7612010329464822,-9.816706930376618,4.6500826794668395,-2.8320597042791835,4
-1.2178014684330536,7.456612208671172,5.402051267198052,2.781921938607335,-5.183291339153063,-2.4646535310182225,-8.210462209149982,6.509181114366705,0
0.6988384570595108,4.253738631024446,-6.854811849913983,-1.378860604014104,3.130309850898155,-7.110602613146535,1.1912580473383456,-7.172303642901012,3
-9.996602957188763,8.519679241884615,6.990097194197057,5.6903538007109455,-3.3916942248390782,-7.075152479301596,4.310955482233956,-4.005093711496189,4
-2.9142883368784527,7.078195644938653,-4.56409555965174,0.8125169240821658,2.7181808154435596,-7.312798485049666,1.3578927599316022,-5.320030070730204,3
-0.5319461161373036,7.300600240759843,5.728224604948821,3.881181703905492,-9.725367325561697,-6.368666671805583,-9.645015486248285,7.193086638536069,0
0.4241868439296965,2.2056681719413262,-11.359302580538442,11.533406856580427,5.77334595379645,-7.755387678017335,-7.053094576209689,-6.7136786536747275,1
-9.144197143823407,-2.360874477773295,-7.982801133448462,8.232117544725957,-4.553148554994858,3.5936322783555132,-3.354494052776203,1.435825598790997,5
-3.025559858294935,0.0009452237277090547,-0.008362774398697592,-7.062781851061919,3.406835237950749,-8.232745535415228,-5.335022364307916,-1.087087859042243,2
-10.106524461051006,6.2305929257106865,7.6238410650619,6.026112901786604,-5.1224784841033815,-8.494297045807036,2.407135402809851,0.41864010902479065,4
-5.910127624548661,-2.358465461593757,-9.60232657108374,8.446241736383296,-3.6734911153060317,3.231328691232501,-2.507582979363665,0.2881348321814131,5
-5.4004638549436565,8.574533647126653,4.565860888601954,2.155732071503164,-6.780613826531853,-8.364194922574711,-9.142713107697155,4.927608245729505,0
-5.506006952541743,12.285456619718232,3.0443135763260596,0.27871028872137593,-5.1136751691951154,-7.495292186942375,-8.939751519891708,8.095987113995212,0
4.925104759184615,2.2888377989539648,-12.105450817382682,7.606060831199031,8.551460466333982,-2.9434552429248226,-7.614987782182202,-7.068815450546616,1
-4.230527921509078,1.7080337625231063,1.4514234120454361,-5.088051979393951,0.44892022625027117,-4.733897549206729,-7.016528769430759,-4.2864124273304,2
-3.1305527243346036,8.525295550489021,5.653736475866595,0.8560502045630525,-4.1937477137551635,-9.938734474318759,-6.740459760151811,6.964612562093736,0
-8.788234732364947,7.3128087500898875,8.070395554055096,3.8623335678529096,-2.8352408490547023,-10.16743173176839,5.135878151274605,-0.4483146115200092,4
-8.732157366317267,3.157454830589028,-8.533971014044882,8.295347510380987,-5.58635386321193,5.031424503510989,-4.638803502231402,0.5946071288042598,5
-5.413552442221664,-1.018515760938624,-1.1073929144079093,-5.1521504212036024,5.689888311819104,-8.902329075334853,-1.916072330323789,-2.3211584059220876,2
-8.388683730895554,9.595047888087338,7.680807619094751,7.456596743635599,-5.813915160220462,-7.345827945486326,4.223935369661855,-2.6919232212631536,4
-4.434247271606824,3.6976498248523555,-1.6754503864401258,-2.9679071955454335,3.387320033972948,-9.098161049516774,-7.109737949652284,-1.3591917862591085,2
-2.394708287227998,1.0104041595658662,-2.000384516752485,-2.4725758010880083,1.4939080820034851,-4.6974958424186575,-3.9791535645221527,-0.7051126909698218,2
-7.628072989584574,10.961488666582989,10.173186379348438,4.645918661189039,-7.235387554389602,-7.708903753006802,4.045401577372266,1.8845375789689327,4
-7.868130544294604,10.065914225165681,9.906285266136827,7.567987319583102,-4.872602698683378,-7.625222697224452,4.8017265597288485,0.9677796708870292,4
-8.256082790987884,0.09702563062490555,-8.53419246984113,6.353348324803539,-7.497891588244263,1.759801230939912,-2.3589916909201767,0.998373849915868,5
-3.4825588465396904,9.96233461990674,5.295296626122491,2.544326098767814,-6.7495817158613525,-6.940738524022876,-5.016932568043309,9.21833354781258,0
-4.3238714554972155,10.66097482600307,1.7692492183103408,2.8367929044660793,-7.402084555206584,-8.753589423367872,-8.514514363678098,4.832401176768338,0
-4.01257270385997,0.799624833280048,-0.13774027094075691,-6.695225175979537,1.8461506326241515,-4.796785030066797,-1.890448936018907,-1.311264049684918,2
-9.735780916587496,7.576700887265431,11.447710435205954,5.759938998026215,-4.470197034665869,-7.496836303682107,0.24063100536905546,0.9708353786058974,4
-1.3761430865419864,3.0574313962175728,-7.2429725483192104,11.146257577013172,7.484765153491146,-6.470972783409069,-7.774410254234659,-7.277854793719122,1
-6.112522000582426,-1.0926975604589817,-10.472461016528406,7.6018109475164355,-3.7518137951470774,3.3318858291435585,-3.0170409183719236,-3.763811612436859,5
-0.25185967764549977,6.96511861051616,-13.602641599676073,8.168170787178253,5.9144021389221955,-4.822460402481667,-6.013551430031607,-6.598813388048753,1
-5.827906687474065,1.494499264475602,-1.7988701176123554,-3.901426719743168,1.7867217666263169,-7.219821708196915,-4.87596358599293,-4.221696876772291,2
0.5784366816735749,3.390468651145352,-13.475918590376024,9.77545634595674,6.690998878004332,-5.451651400691299,-5.556590230954691,-5.714595424639767,1
0.6978624573183554,4.589358506087992,-5.430683464547603,-2.8025267349944425,-0.06963539344387093,-8.32106699800099,1.029443944616318,-7.933458118849687,3
0.578053258883664,8.478777693420248,-9.200997041623204,8.036636914149382,8.03113049594835,-4.5226005395384234,-6.663863893585802,-4.98693906247791,1
-6.670055179022038,7.866612831541717,9.785333127496445,5.07080156869743,-2.154165696628316,-7.041075825036053,1.4463862486357977,-1.6142317726446864,4
-10.070546376843945,1.026715225131253,-7.468886297295478,9.794675420124214,-5.228741259009663,1.0693951305750393,-1.302331100877117,-0.3694301530543296,5
0.5267964358423403,3.1900583414902974,-4.962208324581386,0.09528035942390434,1.8535934276929273,-8.129212791947491,4.9446655502164845,-6.103690645604413,3
-1.5992705341675282,5.949410048943319,-6.558443261175965,-2.6383677180733383,3.061135183257603,-11.068412245003328,2.042874625983503,-6.344662170945973,3
-8.87166707017705,-0.6124961232803545,-9.950412700065046,6.5468379183733045,-4.409922553708581,6.699197123818256,-4.558781926385698,2.476199303176127,5
-0.32609440433867076,4.165952730504699,-7.589262570927814,0.5228115347228472,3.3002240210610543,-6.447918867989799,-0.6926444941005183,-6.5484617676962165,3
-4.671014571382593,1.2771869906965958,-2.853944380503709,-5.844661346616308,0.451802356230814,-7.170721205268288,-6.041645197417723,-3.3523541579197786,2
-8.46916945227992,0.7588153971337445,-10.584880434964704,8.427525968205465,-4.668616267175167,3.8667362010505464,-2.259778545825105,1.0466998186236083,5
-7.679096633927241,1.718618643502059,-8.89509791245641,9.805053913941979,-5.977719908633716,1.286091125364755,-4.309832385721492,-1.7529542492890995,5
1.4296505145035652,7.233065669791067,-4.065117744674231,2.337031101344584,1.1021824857637261,-8.597692648946504,2.272239442585506,-5.5342558853078945,3
-5.626023084020254,0.1157244156085808,-8.479014815540516,5.150095465119762,-6.503955865449202,4.291974760856649,-3.507910643561672,0.863346322112045,5
-7.693534272173638,-0.13392679318711462,-8.047848533245837,7.908192393471499,-4.987174024533677,1.0174652131011461,-5.79039947212586,0.8606708934961259,5
2.503902209133737,5.079479973752244,-9.463385771850367,9.831671191571791,6.821018313965157,-6.7269646753453225,-6.438100280201458,-5.894158485712639,1
-2.344964777389287,8.537812278239985,5.653039332412251,1.352961951679538,-9.975569778736023,-7.119087986315373,-12.626292002033257,7.8895559249249265,0
-3.8842376178997693,9.158027896897922,6.155163270889778,6.596800625711568,-5.479392205712475,-6.419323285309737,4.845967343332639,-1.5033719651002155,4
2.183520751506734,3.8611412656460846,-11.82725899054135,9.688561654246376,4.523489949587848,-5.488233586279721,-4.1648833372178125,-6.781546918573011,1
-7.821887109807612,9.08207071573751,8.231811256399228,4.382450692905702,-4.328528948194235,-9.272599645323453,3.4931099468335853,-1.9839533307878603,4
2.089333708711018,8.380122183033851,-7.742705554433481,11.258314912340431,7.345726926396218,-5.486841350311042,-10.197232317186653,-7.418278357272335,1
-8.983879383982117,6.7601087342648185,9.65524873139348,6.528677166123554,-4.491988746797306,-8.258261586319206,-1.403131853180832,0.7364995537266421,4
-6.948758172677868,-1.052208763834508,-1.3518434434350395,-4.0312405092694235,-0.01202499787881317,-9.668458312632957,-4.067114489178551,-4.91863082380701,2
-8.24050742931464,2.2242621990561413,-8.634402178563429,8.820314377190654,-5.436100114178883,1.0235147435908378,-3.7723717339573377,3.2929923693961296,5
-3.972597216969418,1.0475614480244193,-2.1104575288528045,-2.8609550883460244,0.5156841955070031,-7.868453202585534,-3.1793372765819985,-4.485375635493003,2
-10.455043643669365,9.700347452221331,8.201941350605196,7.109742059935178,-3.9122914066633014,-9.603477942288945,5.905904214635932,1.0714124896448958,4
-5.097773635578371,0.14317649396790938,1.2542691916602373,-4.490314992995365,0.20931874890107594,-8.281092540959634,-5.658194791249625,-2.101302997004133,2
-1.0597381696896093,1.139477735476472,-0.3607340737607214,-2.3122558407591516,0.6936057522154992,-7.47425504675274,-0.2764468824094086,-2.79935868994138,2
-5.608053888474074,-0.37517499450979264,1.7647511696050722,-3.7247037339153954,5.639364818489806,-7.402440136699061,-4.571208902084312,-2.791253592756684,2
-2.807390598044293,6.68776370426967,-8.316696478128856,12.608450863580584,8.628796162782098,-3.22786950243882,-4.957652895569381,-4.174000685098504,1
-4.642352121603184,10.47443826704206,11.644665000601687,6.9062824887915175,-3.4245095995882484,-7.868956081805877,3.5153650998097548,-0.2256276365213572,4
-1.9676234735140443,8.541643871975875,4.909416398259484,4.081325740913467,-8.490095295598696,-5.056303895469474,-6.730943648892225,7.134613272312977,0
-1.5198207170372862,11.34324689501,6.290524875548382,-0.2811008803641073,-6.1677937591354555,-5.518958562138911,-7.411346921178812,5.542251180915294,0
-6.372969141913191,-0.804872385810333,-12.251788458372793,6.552058494364803,-4.625792799445227,6.324842201162031,-4.501118551709797,0.1306589373170466,5
-1.1821486931591674,5.476469633785705,5.016862129201807,3.2065539941598793,-9.245365184399017,-5.05010312414486,-8.296733504644948,6.659062253257421,0
0.4011011248618743,6.273567307446845,-4.266667471014087,-0.27179949515150503,3.6624471642504473,-9.008144312968307,2.3319649731147454,-3.207032205691068,3
-6.246868730764154,-1.7044292631147606,-11.387027428698545,9.940707482696023,-1.7185274215813244,4.0415609776429875,-2.856272096624387,-0.12990450309794133,5
-5.046120583232195,0.22316193470726825,-3.2367516222024095,-6.973358055909117,1.7444243503860746,-6.099690647661975,-2.1057336030132174,-3.5484237472547626,2
0.4580298699171983,6.461236887591934,-5.422093636738258,-2.036502678877426,2.420874667389553,-9.244341493428777,3.0236280825879587,-6.702892192878885,3
-8.763695765882945,9.283789750735185,11.857421079551631,10.046986947392229,-4.203405094786963,-7.178121853996942,3.565637835050295,-1.3477762712141579,4
-3.419824545165725,2.7132609775072267,-4.200173634589469,0.12835134448776403,1.4235771720800448,-9.372441051441243,0.33036559676001453,-5.9319556622315,3
-3.939107809658772,-1.3776101022170408,-1.1484140834336833,-3.405024683131762,1.3807950669793694,-4.5053985156218195,-5.496477152090696,-2.219200567695794,2
