-0.13375489,0.016244592,0.050000988,0.073433384,0.214173,0.041463308,0.021544812,-0.13476834,-0.043996662,-0.082669824,-0.024787668,-0.056878444,0.10537275,0.18039683,-0.030811388,0.0090113711
-0.024162443,0.15709178,0.041804675,-0.10888917,0.039718125,-0.17125636,-0.027669393,-0.064997204,-0.015695643,0.22157711,-0.0059519494,-0.084261499,0.015322492,0.068272695,0.078859702,-0.095443718
-0.10179656,-0.024547998,-0.09393838,0.13386489,-0.11734026,-0.041748188,0.12554213,-0.049778942,0.07482896,0.23931634,0.16836001,-0.029384721,-0.068013012,0.02603141,0.01238959,0.022010081
-0.050839104,-0.069699541,-0.031166179,0.16221099,-0.10130695,0.094889238,-0.026709536,-0.00041168014,-0.029844575,0.084646009,0.24073088,0.084754355,-0.030898461,0.067420505,0.22512355,-0.16924404
0.00089288136,0.16155711,0.077971876,0.1648837,0.033078462,0.099743329,0.019658523,0.83722228,-0.22335994,0.01738424,0.061808575,0.042359881,0.016597822,-0.12306954,-0.023285495,0.1166404
-0.21305329,0.044848904,0.037462391,0.0090273721,0.02387795,-0.01269615,0.010746217,0.84282029,-0.10238124,0.20286191,-0.0023156281,-0.070867904,-0.086645134,-0.019506393,0.073678747,0.20093369
-0.042317908,0.10343711,-0.036545578,0.065300301,-0.092524707,0.058344569,0.042745076,1.1016427,0.086744875,-0.020338139,0.05481467,0.15161596,-0.15629734,0.14197671,-0.054000024,-0.08376538
-0.019366577,0.051464763,-0.05744344,-0.14533485,-0.10239315,0.087997973,0.065802604,0.78982735,0.0986498,-0.14378358,0.1564656,-0.15911937,0.080840833,-0.057538949,-0.039312884,-0.12409654
0.013169455,0.058861211,0.040185448,0.82439017,1.0056374,0.86309254,0.69944614,0.74175179,0.98263019,0.87221563,0.86521113,0.88726121,-0.2060326,0.20460317,0.016516114,0.17406407
-0.054523036,-0.047390759,0.031494983,-0.084272683,-0.2379149,0.27179036,0.025725937,0.8411811,-0.044509534,-0.2450138,-0.22715707,0.088755004,0.055163302,0.097524866,-0.10933857,-0.059703276
-0.054135941,0.056530606,0.13621296,-0.19855109,0.18156269,0.25795731,0.10159944,1.0272902,-0.049079344,0.096809462,-0.038320202,0.19056468,-0.067872845,-0.10288402,0.0040400471,0.081974432
-0.24817973,-0.098402321,-0.076369636,0.16426389,-0.17907952,0.034454841,-0.047774114,0.95464933,0.095463529,-0.03648733,-0.012873295,-0.13091874,-0.17418331,0.0012421473,-0.16048028,-0.1590302
0.067148887,0.1656871,0.086251557,0.05616362,0.0020973415,0.056288272,-0.068255737,1.0196062,0.023503587,0.003881807,0.017661572,-0.05891363,0.10813418,0.0052531539,0.049403761,0.12421781
-0.058566857,-0.15492098,-0.051454943,0.042768251,0.054761842,0.015574561,0.085409053,0.039674781,-0.047111809,0.018540584,-0.0081887674,-0.10197848,0.080354854,-0.3825168,-0.29795372,-0.037749961
0.16611332,-0.033697508,-0.084616005,0.16178253,0.0046257693,-0.052305374,0.070643641,-0.10740566,-0.0020140919,0.15170759,-0.20356138,0.0029228909,-0.064761691,-0.052469771,0.087914795,0.0064001633
0.02956819,0.1044329,-0.12602021,0.052200232,0.049049389,-0.048901174,0.06701161,-0.1908415,-0.056079596,-0.078487702,0.046425875,-0.070291169,-0.1931033,-0.01473834,-0.031054756,-0.099974781
0.023286942,-0.14650255,-0.0055714953,-0.041363869,0.13034029,0.019859651,-0.011899065,-0.10687521,0.16127352,0.092028938,0.22161143,0.10172093,0.044121094,0.12747589,0.13818517,1.1059457
0.19251415,-0.2751919,-0.035788767,-0.24174431,-0.071699187,0.18903555,-0.063389406,0.048361346,0.02976341,-0.12472063,-0.15295884,-0.21791184,0.062760919,-0.085775189,0.94335318,0.80541277
0.025886677,-0.050611619,-0.053489294,-0.24031205,0.11444624,0.1196978,-0.10338122,0.091281086,-0.21063589,-0.2046704,-0.026691105,0.043084484,-0.088720948,1.0798702,1.250838,0.34127444
-0.10700724,-0.057033233,0.075668372,0.039558683,-0.12222651,0.04718345,0.10023847,0.1461893,-0.061364103,0.065992095,-0.082833089,-0.060947351,1.0021465,0.95320958,-0.0064635789,-0.083788931
-0.15101643,-0.16664034,0.033771586,-0.038455281,0.045073774,-0.13877715,0.28740895,-0.26107284,0.1546932,-0.13647623,0.004356496,1.0651753,1.0252814,0.12219435,-0.019588079,-0.019229835
0.12793344,-0.10682752,-0.069363333,0.091279149,0.0353822,0.0022567394,-0.051732428,0.07616929,0.026987966,-0.040017188,0.71448737,1.0612441,0.011554961,0.05569952,-0.11318871,0.13144536
-0.10815079,0.025266148,-0.016302079,0.065889537,-0.10156489,0.062401686,-0.14075761,0.15888581,0.16262926,0.90046304,0.95962358,-0.033380598,0.072377563,0.027347477,0.05576364,0.041311357
-0.15291317,0.1069819,0.015088964,0.14594777,0.0014048102,-0.028788162,0.028266709,0.023082029,0.70472211,1.0933208,-0.13275918,0.10041355,0.02830332,0.074047275,0.028413242,-0.095042735
0.029307533,0.12683727,0.25129774,0.087131992,0.16572274,0.03323134,0.24775048,0.87090772,1.0375568,-0.15606451,-0.1682487,-0.20285769,-0.033337273,0.09354616,-0.0079633147,-0.1750523
-0.0075339763,-0.24593204,0.12357485,0.017792298,-0.081047289,-0.099482708,1.0950089,0.96715862,-0.15865541,-0.18869129,-0.25631174,-0.10721202,-0.0655661,0.1238483,-0.1152903,-0.088700227
0.035025205,-0.14671125,0.15270133,0.15698251,0.043279059,1.1311326,0.95517743,0.10420664,-0.033963572,0.092630915,-0.0098555796,0.23037101,-0.00036564298,-0.10774976,0.056965955,0.0069415155
0.13910173,-0.11128136,-0.0055507161,0.24713621,1.0741251,0.92382407,0.089513548,0.066885456,-0.12275036,0.062731758,0.1189355,-0.1847817,-0.31155172,-0.070429385,0.010314723,0.14991489
0.026832733,0.15325797,0.098920509,0.95317453,0.99736196,-0.030168172,-0.018863281,-0.061950378,0.0073173963,-0.11287417,-0.058094036,0.053390477,-0.036042091,-0.013763893,-0.013667172,0.10559036
0.053300586,-0.16698156,0.72104138,0.92379749,-0.03270277,-0.076324135,0.11368172,0.15385772,0.034979697,0.015106084,0.07835944,-0.018111598,-0.097149126,0.083981842,-0.17504983,0.24791628
-0.21835841,1.0670447,0.9469139,-0.0040312242,0.11640988,0.051491711,0.18479615,-0.049492419,0.026103687,-0.13932891,-0.041253645,-0.23963577,0.077136055,0.2690708,-0.045391984,-0.37117276
1.101275,0.98653746,0.037984237,-0.0068875542,0.14845629,0.10108227,-0.0045039416,0.13466373,0.20796449,-0.010007631,0.048364084,0.053282268,0.15774371,-0.033980135,0.019042248,0.20269273
-0.088025779,-0.049689062,-0.065600716,0.040018804,-0.00049938535,-0.062785901,0.20765179,0.143197,-0.10838789,-0.095875613,0.24807344,0.13677363,0.057414848,-0.028041022,-0.12550068,0.088349342
-0.012791088,0.009038955,0.098341458,0.10144801,0.23297565,-0.1242066,0.88591576,-0.041300461,0.1191837,-0.039106138,0.13383453,0.0024222012,0.092703253,-0.052093513,-0.050090261,-0.098041005
-0.010955983,0.048718888,-0.18170559,-0.00082068285,-0.079482205,-0.12334378,0.89926648,-0.13047287,0.12099008,-0.033653855,-0.12539853,0.09832117,-0.18250361,-0.053020529,0.0078938454,-0.057964671
-0.053181224,0.20855819,-0.16693868,0.027353268,-0.023786759,-0.031184148,0.97885484,0.072765619,0.15799361,0.40786803,0.12514271,0.12438349,-0.058257069,-0.10989658,-0.1368387,-0.0028427043
-0.046682451,-0.061821435,-0.052117508,0.17980562,-0.098450534,0.037939072,1.2512796,0.053898063,-0.038662974,-0.10522743,-0.27241263,0.093725301,-0.092433333,-0.048803344,0.028881719,-0.094431773
0.066449344,0.16847266,0.72211993,0.85136312,0.92568541,0.9893961,0.97395653,1.2890307,0.94156826,0.97689062,0.94740337,0.039428797,-0.034298457,0.021686208,-0.088367365,-0.069889575
-0.14626351,-0.01396116,-0.068623759,-0.019248463,0.053233832,-0.00096083252,0.77301276,-0.0075600916,-0.028960893,0.10664798,-0.18808623,-0.018435696,0.086567417,-0.1510635,-0.18237165,-0.28041503
0.16902232,-0.35990775,-0.12836453,-0.26123577,-0.079408564,-0.11774307,0.79540193,-0.19799335,-0.06888409,-0.017775917,0.10949253,0.13670251,-0.15940097,-0.0020792487,-0.13714673,-0.013442465
-0.033417411,0.14825423,0.051231574,0.055675182,-0.18108571,0.075383231,0.91517651,-0.096174493,-0.060957678,-0.17737797,-0.27485377,0.16334963,-0.011640359,0.036793411,0.069286741,0.099585511
-0.14533961,-0.12405974,-0.16781388,0.12554656,-0.025322789,-0.2093593,0.96322829,0.0029241296,-0.077125549,-0.039199091,0.026380636,-0.083550498,-0.015268744,-0.044908814,-0.092483386,-0.10796903
0.12502076,0.095087968,0.14359844,0.056285195,0.024333306,0.077329554,0.0046501108,-0.1302017,0.04555539,-0.0032181183,-0.099781789,0.16260044,0.10454607,0.0524178,0.0026664701,0.10998656
0.0085056415,-0.027629891,0.035402887,-0.040427491,-0.013475775,-0.3512502,0.029424293,0.010579532,-0.030636961,0.13924818,0.14214355,-0.15457167,-0.15242465,-0.13368107,-0.013485117,-0.12832573
-0.14296238,0.086266086,0.051584587,-0.0022718289,-0.013320261,0.023618471,0.16584843,0.01876739,0.18802172,-0.1867891,0.029658249,0.079196423,0.0035934255,0.027457129,-0.074565969,0.066754505
0.027045565,-0.093382299,0.066811942,0.084553272,-0.07684578,0.0061352984,0.12239684,0.077793136,-0.052125692,0.083682038,-0.091574773,0.039975718,0.072075941,-0.16686128,-0.058683481,0.26636556
-0.019171285,-0.015058047,0.20554036,-0.18186289,0.060300451,-0.11660078,-0.099908017,-0.073203467,-0.19004469,-0.081661887,-0.054967601,-0.16401611,0.039592069,0.063238055,0.038348656,-0.20720559
0.028885372,0.025056964,0.22374837,0.15550725,0.0091784289,0.023632245,0.035990622,0.0045519033,-0.11516112,0.023821497,0.001384091,0.11524776,-0.081823543,-0.18940793,0.068868451,-0.044467304
-0.015730802,-0.16446619,-0.00060739415,0.017911166,0.24919079,-0.014677123,-0.36159164,0.27202567,-0.07398922,-0.010282421,-0.046036024,0.059773102,0.059316803,0.17815451,0.052780278,-0.1837389
0.022890197,0.090232074,-0.060079504,0.11047656,-0.042865109,-0.0016083628,-0.1153791,-0.027088149,-0.021967005,-0.13219272,-0.039946679,0.036376938,-0.074451216,0.070883468,0.17313333,0.089083008
1.0614781,0.11758382,0.0039066346,-0.0066840979,0.095754102,-0.10308696,-0.0075912629,-0.038852345,-0.036476247,0.087035373,-0.078141265,-0.061829053,-0.1795736,0.09774442,0.051277477,0.42501387
1.0567442,0.99042696,-0.044569075,0.0058858083,0.047968935,-0.30998868,0.10079185,0.14457621,0.05851106,-0.08019872,-0.049439725,-0.036864765,-0.0091903433,-0.23366424,-0.033298209,-0.05815326
0.074550994,1.0448081,0.94754326,0.16361816,0.10983593,0.38188854,-0.21087855,0.067211829,-0.049188439,0.074314855,-0.1565298,-0.00052519346,0.11721247,-0.14761992,0.20788084,0.086173512
0.16873173,0.0054192157,1.0261457,0.9474268,0.29348123,-0.16115037,0.002870138,-0.032799754,-0.019731803,-0.0043746447,-0.16082087,0.096332006,-0.16344319,0.0051139612,0.020658826,-0.24069145
0.087192588,-0.22012697,-0.051555529,0.94522059,1.1493744,0.033141289,0.14615716,-0.2019764,-0.10691266,0.19932058,-0.086321294,0.022696909,-0.0061808689,-0.16399994,-0.024720075,0.18737699
-0.0088099986,0.1786775,0.28780881,0.048802562,1.0704526,0.84857345,0.02280662,-0.03326318,0.15449403,-0.31709006,-0.15161195,-0.042113539,0.0070313932,0.11412188,0.14082481,0.07612969
-0.036763642,0.019568842,-0.011384144,0.076299995,0.14705852,1.0523649,0.82351696,0.26234275,-0.044209838,-0.25795636,0.11495481,-0.029722169,-0.3304458,-0.013975257,-0.076369695,0.041619137
-0.090801567,-0.028868785,-0.061916154,0.20579201,0.18449046,0.32725301,1.3023908,0.74028474,-0.092161514,-0.010690772,0.027293062,0.063306667,-0.027985515,-0.02530643,-0.10649383,-0.15193832
-0.088169843,0.11273339,0.022459159,0.049317632,0.10935777,-0.12991689,-0.024368374,0.86015874,0.84266895,-0.022299066,0.06041681,-0.072497196,-0.082853407,0.1670005,-0.078628682,0.16023263
0.089723244,-0.099662937,0.057635061,0.17798233,-0.096741833,0.016124977,-0.082320437,-0.069165416,1.0990399,0.86692601,0.10060089,-0.1534795,-0.039642446,0.00063914293,-0.09082102,0.0051140389
-0.02429417,-0.0019401179,0.18693279,-0.074252523,0.038700923,0.1578038,0.023292758,-0.084460057,0.037348673,0.93256015,0.9124096,0.03284993,-0.064008974,0.02034159,0.16211191,-0.098050304
-0.086678661,-0.069478363,-0.087404974,0.079048105,-0.020954326,0.081207536,-0.060233567,-0.056970567,-0.14401361,-0.057928078,1.0893103,0.81804866,0.1516958,-0.10035345,-0.1056432,-0.14598395
-0.038765632,0.0083613973,0.025006462,0.38097563,0.01526457,-0.1928765,0.048439424,0.0025203764,-0.021571675,0.24506181,-0.23470178,0.99576718,0.94944793,-0.10290403,0.33901975,-0.01093585
0.079763256,-0.29276764,0.23609848,-0.17187528,-0.12530607,0.0050492622,0.25429764,-0.10526761,0.049832333,0.039410587,0.011264154,0.025285902,0.96016407,0.97656792,-0.0016941496,-0.2043293
0.027621003,-0.17034653,0.046521731,0.078590073,-0.17070654,0.033833798,-0.098696105,-0.057024375,-0.145963,-0.10344829,0.044367585,-0.10957682,-0.0084121665,-0.029528974,-0.071238913,-0.050462421
0.15570252,0.0055872444,0.31542131,0.27317578,-0.11211662,-0.02934563,0.039272811,0.011222507,-0.00052447192,-0.16598491,0.058138289,-0.13801146,-0.023141161,-0.011735846,-0.18303229,0.11403376
0.41082504,-0.026873149,-0.0058201398,0.033725649,0.050655674,-0.060446464,-0.066140838,-0.082321361,0.080340557,0.14067659,-0.069910325,-0.023799684,0.084712356,0.16554314,-0.20908871,0.055759531
-0.035545584,-0.21758783,0.17046504,-0.14455667,0.20663413,0.15081194,-0.044436548,0.053959448,0.090421334,0.038030121,-0.0015748396,0.16937904,0.085296586,-0.027598301,-0.14020588,0.10817178
0.098024398,-0.022256861,0.16185978,0.12375099,0.21287671,-0.031560939,-0.039585017,-0.13031082,-0.22536725,0.13949279,-0.076112203,-0.26122752,-0.023811411,0.0095591517,-0.060621716,0.035923302
0.15354103,-0.045169283,-0.037363,0.11787754,0.10035613,-0.055175781,0.0067258361,0.063085549,0.24966022,-0.0015257243,0.030144488,0.099120602,0.12909482,0.0090713287,0.24439482,-0.034496918
0.0060038241,-0.12478646,-0.14594188,0.97850287,1.0729289,1.2005159,0.86072493,0.95119894,0.11949461,0.11372805,0.023491791,0.032159135,0.055770818,-0.068472169,0.18503837,0.047544807
-0.055451624,0.10155108,0.079632275,0.87478209,0.91419703,1.0332952,1.1275635,1.0804113,-0.05770845,0.02298707,0.20456102,-0.19263087,0.2348603,-0.15905741,0.032327112,-0.014110536
-0.30772117,0.32059151,0.024298279,1.2298844,0.84623796,0.91671938,0.98714912,0.92477703,0.07122039,0.13125783,-0.085882165,-0.12613288,-0.029101631,0.10493746,0.056522492,0.048295595
-0.11665496,0.041222826,-0.088885941,0.9467783,1.090968,0.80742037,0.98817211,0.89511949,0.0090706721,-0.10726175,-0.22981143,-0.060935184,0.049882565,-0.064078696,0.068008222,0.20115544
-0.17721888,-0.019893778,0.071611635,1.1259552,1.1038584,1.0610729,0.92136532,0.85145003,-0.090131328,-0.19107351,0.042211756,0.05744487,0.047598101,0.075671092,0.02463745,-0.12643687
-0.02376833,0.11023001,0.054131795,-0.018652637,0.023745127,0.074449174,0.040258348,-0.16678657,0.12259043,-0.080413505,0.14762077,0.11176859,-0.13048474,0.039949972,0.14872737,0.087493621
0.12437558,-0.0023714628,-0.11171556,0.24537052,0.099495806,-0.10839225,-0.14356743,0.16323811,-0.023101363,-0.07920938,0.015931318,0.041987427,-0.24848236,-0.20200515,-0.15030272,-0.039330531
0.079538725,0.23484306,-0.031242264,-0.15146175,-0.10496876,0.012390813,-0.038278908,0.26402846,0.05190248,-0.13203888,0.10594046,-0.19248709,0.11120707,0.036233775,0.06261126,-0.18314956
0.039585773,0.045288671,0.050943926,-0.077496395,0.050898433,0.064770579,-0.18050958,-0.12952815,-0.029329471,0.055510908,-0.041795399,0.085045017,-0.012918149,0.06675645,-0.20824791,0.0050322092
0.19738939,-0.13044627,-0.0032731553,0.026393596,-0.046438456,-0.13306628,0.2497934,0.028684694,0.011946041,0.13414237,0.0016072872,-0.11964928,-0.15945792,0.16120078,0.051619206,-0.13507818
-0.039635032,0.040388379,-0.077103294,-0.067351572,0.16938628,-0.13645121,-0.080543183,-0.2039852,0.047521174,-0.16053814,-0.10813343,0.047874242,-0.064791776,1.3615029,0.90329534,0.041044008
0.039932996,-0.073357321,-0.12244552,-0.033089384,-0.015032178,0.072698221,-0.0095330011,-0.077328987,0.17215911,-0.065360144,-0.1472818,0.16884446,0.92999119,0.88199061,-0.058231361,-0.087629884
-0.034296606,-0.030308738,-0.045366779,0.14680427,-0.13079058,-0.22289538,0.0075002066,0.12643895,0.12468375,0.20624128,-0.11598223,0.58421737,1.096367,0.17674839,-0.10372072,-0.056244947
-0.036022417,-0.3094174,0.053460117,0.0056398865,0.089257658,0.20384207,-0.098338567,0.0050489027,-0.087676585,-0.14222986,1.1322834,0.94181269,-0.084597789,0.061400432,0.12428751,0.27379829
0.045921046,-0.066037543,0.067257419,0.039120626,0.010154758,-0.10415808,-0.051956441,-0.11171595,-0.073844135,0.92311329,1.0012501,0.037252538,-0.13676184,0.22031151,0.041636001,-0.048532151
0.074036911,-0.0068469746,-0.00015961424,0.012784542,-0.1134157,0.013847994,-0.04411817,-0.028176768,0.84995377,1.0498614,-0.030467324,0.035190109,-0.15138133,0.050088122,0.2140325,0.089369029
0.049063116,-0.012198454,0.21078932,-0.020442732,-0.035179008,0.049429551,0.35046986,1.2013195,0.96476346,0.087033451,0.1546862,-0.028296746,0.017414585,0.063587606,-0.077174671,-0.146805
-0.01811203,0.12265021,-0.050857276,-0.0057727406,-0.058788124,-0.088357262,0.87674028,1.0458257,0.068337873,-0.15491094,0.077297971,-0.080226555,-0.10437246,-0.10850486,-0.032064453,0.070955202
0.11911359,-0.23134772,0.084756047,0.10147416,0.13828738,0.9330073,0.89499652,0.069508679,-0.07470005,-0.25047004,0.14257185,0.035141192,-0.025568789,0.044789657,0.0025844525,0.039227981
-0.00050073338,0.15870179,0.28792048,0.082735419,0.96957874,0.9097231,-0.043965045,-0.11691193,-0.18274719,0.19487098,0.087064363,0.039808035,0.031133158,-0.1393948,0.0031438034,0.048530459
-0.033229176,-0.040125962,0.19925149,0.91076434,1.1112777,-0.017645467,0.13135919,0.09709572,-0.11812258,-0.21472858,0.021078376,-0.12886018,-0.25148109,0.083887443,-0.015797665,-0.10978559
0.13805827,-0.014516603,1.2323956,0.90911204,0.020626465,0.1330117,-0.0082823765,-0.029901104,-0.10048348,-0.19177791,-0.058421038,-0.17693354,0.097022571,-0.072197706,0.065285802,-0.056385573
0.021827854,1.2582797,1.0613053,0.13110727,-0.006930016,0.18134339,0.057463381,-0.089314766,0.0092303902,-0.084577449,0.17606696,0.088093691,0.2661826,-0.14571506,-0.25228032,-0.073534332
0.88013804,0.82587218,0.048797168,0.077429011,0.10532235,-0.10574252,-0.090720333,-0.10829243,-0.0040940861,-0.063462012,-0.030460773,-0.12052101,0.083683223,0.04393385,-0.015614001,-0.0023457624
0.66146618,0.16565621,0.069364212,0.098992527,-0.24071051,0.025569856,0.013567585,0.042444903,-0.049248248,0.17399067,0.059233032,-0.14937799,0.13998801,-0.018120043,0.0037020938,0.26524708
-0.046816651,-0.0042248513,-0.12564692,-0.093701065,-0.013234084,-0.077271439,-0.024645684,-0.094180383,-0.32703459,0.10746122,0.036692988,-0.0081024868,0.03513236,-0.072029963,-0.035789568,-0.029856505
0.12924236,-0.021097748,0.039714158,0.065375805,0.045182351,0.022144798,0.03379833,-0.041090332,0.062703505,0.042015754,-0.014532889,-0.053205736,0.22869854,-0.0072487043,0.20053379,0.13405722
-0.074496053,0.044457775,-0.030951904,0.0016117194,0.036223155,0.21291758,-0.035470381,0.16193245,-0.08418221,0.028944736,0.067226067,0.031423435,-0.21199115,-0.025196828,-0.14339575,0.036382824
0.01537832,-0.0752474,0.13721263,0.10889611,-0.044465363,0.32702371,0.018908082,0.14064758,-0.020400923,-0.16671656,0.14829691,0.076498725,-0.21495178,0.021062138,-0.0013727075,0.090494186
0.042665999,0.038297195,0.17027703,-0.072372667,-0.03619447,-0.031024339,0.03251835,-0.025027586,-0.029116353,-0.092996515,-0.088664733,0.031899039,-0.068948373,0.001559995,0.1228348,0.062868029
0.13828467,-0.20343387,-0.068409458,-0.032442674,0.024898835,0.014331748,-0.063669868,0.075555369,0.043731704,-0.12401907,0.057570737,-0.12684271,0.21533735,-0.020531368,0.0032489898,0.11092523
-0.098154999,-0.1850231,-0.04948505,0.17154376,0.091903195,-0.12350532,-0.071367949,0.14977252,0.2272746,-0.12497519,-0.023042783,-0.0012830205,-0.20977563,0.065950058,0.098563187,0.034938198
-0.080629192,-0.0081530493,0.066807561,-0.050884079,-0.037774779,-0.020902958,0.12302783,0.16217919,0.086431295,0.003071663,0.047302242,0.047025293,-0.090404533,0.15102677,-0.072125733,0.023933135
-0.11053881,-0.058050353,0.10692406,-0.058075432,-0.16073743,-0.25232774,-0.11227985,-0.071167305,-0.004013129,-0.13876687,-0.017223891,-0.094239712,0.036334503,0.00044727759,-0.083334528,-0.09251105
-0.024052568,0.016435534,-0.07724005,0.072355695,-0.067668974,0.86706585,1.0623159,0.84247196,1.1671301,0.96219289,-0.018675731,0.20147336,-0.12445201,0.13395634,0.018777082,0.03220696
0.1423949,0.1940363,0.06075618,0.057104368,-0.02020191,0.87904048,0.85783523,1.1139027,1.004081,0.8999567,-0.029913964,0.05353114,-0.029694881,0.040764399,0.082351841,0.14686842
-0.12689541,-0.036844946,0.020501319,0.0089549525,0.071588762,0.80314356,0.87857366,1.121465,1.2084602,0.99877852,-0.13257645,-0.18483548,0.078488648,0.20856036,0.11214915,-0.051499091
0.057010621,-0.19109955,-0.095765218,-0.033542436,-0.087528348,0.82134992,1.1333818,1.072385,0.8342756,1.2787335,0.20423178,0.017188141,0.017711945,-0.19818743,0.14689402,-0.033594001
0.12330461,0.045352016,-0.012956628,-0.043399524,-0.17976962,1.0205232,0.99633282,0.92561954,0.71490139,0.85184169,0.026704811,0.068499371,0.23024468,-0.13406515,-0.087252848,0.023859194
-0.040503025,-0.14764537,0.08383812,0.087866127,-0.066367701,-0.077601083,0.18311684,-0.037397314,-0.17574181,0.022633204,-0.25215837,-0.0046016346,-0.035956979,-0.035374384,-0.044049975,0.16255333
-0.099495612,-0.078087859,-0.0030985796,-0.0038899779,-0.0040099467,0.023177195,-0.038082637,-0.13249256,-0.05370659,0.12294731,0.03302668,0.089817017,-0.11852103,0.17438579,0.11902592,-0.07489945
-0.10475601,-0.041802559,0.20483471,0.1764556,-0.27305651,0.15042938,0.17193347,-0.076049998,0.077487387,-0.029399263,0.0512967,0.092942171,-0.060941555,-0.22905086,0.12385997,0.041031387
0.0030193883,0.18298863,0.023621887,0.12055964,0.048767939,-0.092940174,-0.18166862,0.080890715,-0.023946885,0.0169816,0.0057656858,0.12210599,0.017851446,-0.050827336,0.021197917,-0.0052813939
-0.052315515,-0.044580512,0.04300379,0.12395503,0.09529344,-0.078504056,-0.051553633,-0.14388131,0.10791183,-0.012601921,0.11100215,-0.036608592,-0.004759117,0.024752747,-0.11235204,-0.084679745
-0.0093705812,0.010381379,0.026075551,-0.12150088,-0.137115,1.0768461,0.88435453,1.0143245,0.92239219,1.043878,0.034796104,0.11538487,0.20492008,-0.1307862,0.1647757,-0.055238262
0.018070396,0.018768132,-0.058823373,0.17618871,-0.10469007,0.82488316,1.0662811,0.99029517,0.93747747,1.2235563,-0.065957256,-0.061282959,-0.15889727,0.035440296,0.1125479,0.054989707
0.27248764,-0.10465864,0.058690272,-0.037550069,-0.045469858,0.94638777,0.99996966,0.92281711,1.015009,0.96952844,0.069205515,-0.093185015,0.019091792,0.044518042,-0.140352,0.14864732
-0.049057148,-0.0036929348,-0.011391683,-0.14204985,0.20751186,0.81941056,0.92977899,0.94030672,1.1550823,1.0009643,0.0011277196,0.073350109,0.094872124,0.024196975,0.10423534,0.038723703
-0.071759805,-0.082096957,0.0033712112,-0.13881521,-0.01200352,1.0125633,1.0712165,1.0528142,1.0208511,1.280673,-0.22959499,0.063880064,-0.29792613,-0.07473997,0.028282646,0.40738729
-0.086988553,-0.060880929,-0.052444387,0.18415593,-0.023505038,0.23140785,0.067942314,-0.018031184,-0.0020181607,0.098929286,-0.21791506,-0.029140564,-0.064020537,0.05744046,0.090174027,0.14974782
0.02534017,-0.028781923,0.042156227,0.043620601,0.017776214,-0.087701939,0.15464684,0.00044228657,-0.22023335,-0.10154217,0.20914605,-0.077042669,0.16482393,0.045017079,-0.14236285,-0.03877046
0.1002493,-0.0085100122,0.068860032,0.075920403,-0.095114589,-0.12359171,-0.087238178,0.0074457158,0.08191403,0.11179806,-0.24506655,0.082432449,0.046097487,-0.074400589,0.12918504,-0.0087152468
0.17017949,0.0017136948,0.018113889,0.21725972,-0.1281587,-0.038186926,0.20286307,0.11982872,-0.16369216,0.047689471,0.082179308,0.04005602,-0.13577411,0.19051918,-0.19270198,-0.14271
-0.20930673,-0.088602878,0.115739,0.031481668,0.0056286179,0.056739081,0.13894123,0.11168662,-0.17138086,0.013005574,-0.04077879,0.078597687,0.090846501,-0.13204302,-0.14005369,0.22503191
-0.325147,0.18345481,0.095956482,0.18885545,-0.26745012,-0.28930855,-0.041823979,-0.079711102,0.11892296,-0.0055616568,-0.036123667,-0.20451377,0.05690486,0.038033221,-0.0083718402,0.060597546
-0.053391382,-0.056323104,0.030355545,-0.15342133,0.083831236,-0.14598651,0.13569111,-0.097499028,-0.29122502,0.11585133,-0.074005879,-0.098325625,-0.10478643,-0.1212379,-0.027873419,0.1201015
0.047452595,-0.08733137,0.27781743,0.058000192,-0.031112732,-0.11756573,0.21122095,-0.088305131,0.097228006,-0.047259904,-0.096022017,-0.12971728,0.071697019,0.18056224,0.13882969,0.14649014
-0.012013833,0.13196297,0.10633494,0.1215538,-0.1621727,-0.17503832,0.081365466,-0.20188205,-0.052928507,0.051739886,0.077253476,0.13853273,0.12219811,0.0042285174,0.031404067,0.17335621
-0.12697212,-0.25781113,0.051256653,-0.050958861,-0.20250371,0.11316811,0.034082685,-0.069404267,-0.045486689,0.071534589,0.067283027,-0.10487854,0.11508423,-0.018885227,-0.11709189,-0.010905842
0.0087842299,0.1456753,0.08687631,-0.26643851,-0.14382944,0.10010628,0.037885752,-0.11150867,-0.057134561,0.199228,-0.2818374,0.15478396,0.13395497,-0.067943417,-0.02840532,0.048406433
0.014215572,0.055430457,0.14864318,-0.072030209,0.0042544524,0.059656229,-0.047934055,0.00048523446,0.18024927,-0.24221182,0.038845878,-0.060352389,-0.13286358,-0.023276154,0.049294449,0.10350215
-0.087336577,0.08264298,0.17960735,0.026687352,0.091515154,0.061184857,0.084621109,-0.10920174,0.15169835,0.060762253,0.22591661,0.10414403,-0.099491298,0.14657196,0.17174432,0.13371359
-0.029105583,-0.043117378,0.16921595,-0.086360537,0.11218995,0.023137085,-0.072277136,-0.037735246,-0.057334214,0.068040721,-0.072864838,-0.0029678701,-0.021512756,0.053880479,0.12852263,-0.17105813
0.056835834,-0.076703541,-0.017365957,-0.0093570566,0.19548254,0.1887172,-0.022004923,-0.022113381,0.18030761,0.068341821,0.23205438,-0.076708794,0.14428824,-0.052114516,-0.34353328,0.097819813
-0.10725029,0.092614882,-0.029436519,0.1567436,-0.15725914,-0.18184482,0.18632077,0.1376022,0.019018399,-0.18866634,0.1088604,0.30148658,-0.037753709,-0.04183336,-0.095251873,0.05980685
-0.0040290901,-0.17953238,-0.082512826,0.11858907,-0.13203794,0.033911176,0.12648031,0.093670636,0.78851426,1.0719583,0.8684001,0.75976318,1.0376526,-0.19452357,-0.027961509,0.14924161
0.066953123,-0.016100381,0.1119,0.0070205024,0.095831193,0.1349846,-0.12066893,0.19808699,0.98283494,1.0067943,1.0214261,0.96531993,0.94575453,0.06303636,-0.074365959,0.055565003
0.087142617,-0.070343606,-0.040785573,0.061815213,-0.005355787,0.073805027,-0.0088767745,-0.041620921,0.97166729,1.0355474,1.1387627,0.79630572,0.94008863,-0.048757836,-0.097615056,-0.058958974
0.13822068,0.11969804,-0.073748767,-0.1748395,0.047658626,0.055427823,-0.14329505,0.022166237,1.0489861,1.0772636,0.93802232,1.0584563,0.9787311,0.10009093,0.028329622,0.073289551
5.4488213e-05,-0.031916399,0.026170345,0.10142088,-0.04595992,0.041106582,0.28978252,-0.07836023,0.8410008,0.88533336,0.9643296,0.99863189,0.73262405,-0.23755297,0.091525383,-0.16880646
0.079622246,0.14420253,-0.36731991,0.064572446,0.0030643914,-0.041642517,0.044495735,-0.0082086297,0.06290473,0.21740977,0.035071995,-0.14604917,0.16478631,0.13240601,0.17129464,0.04518703
0.10520953,0.23395731,-0.0084504504,-0.073647022,0.17192893,-0.040621869,0.13692155,-0.06270168,-0.055733252,0.036351196,0.038905155,-0.089603268,0.1946287,-0.04908606,0.085060224,-0.10623361
-0.070060305,-0.065559112,0.020912779,0.021002717,0.027555717,0.004202893,0.1115225,0.11011129,-0.049154609,0.019246792,0.05663285,0.087939665,0.063446335,-0.036897939,-0.035526253,0.011408999
0.061241537,-0.12231611,-0.11436912,-0.044527192,0.013134615,-0.074543446,-0.048510682,-0.092889361,0.062933624,-0.23288712,0.0010189668,-0.076548219,0.005040417,0.024009358,-0.35184255,0.13375132
0.20596753,0.22235937,-0.057161406,0.026051622,0.18681529,-0.038610496,0.057100378,-0.011287251,0.15389548,0.062086318,0.15986304,0.059710864,0.091701619,-0.074488021,-0.010424128,0.075233534
-0.024130067,-0.046037275,0.12581089,-0.091247804,-0.089007527,-0.072287232,-0.1614739,0.25116277,0.093577661,-0.1275059,0.036100253,0.1645954,-0.17559911,-0.079989381,-0.029243715,0.17704381
-0.19596939,-0.10930859,0.01110253,-0.079743773,-0.066010199,-0.084218971,0.087189056,0.055551011,0.071710758,0.062205397,0.23721312,0.07511805,0.16756162,0.09273836,-0.14039572,0.15635832
0.11978497,0.09822052,0.21801759,-0.080183268,0.087477088,0.20749032,0.055112176,-0.077174805,-0.11574312,-0.044536799,0.06318482,-0.041754354,-0.24560295,-0.24535069,0.025830612,-0.040932827
0.13389955,-0.1477931,0.035580024,0.046965145,-0.04533007,-0.032086827,0.030215846,0.015028749,0.063390084,0.14224769,0.9906705,0.017178401,-0.15257476,-0.065794036,0.12976739,0.25986266
-0.10135291,0.14648116,0.12625706,0.011714322,0.064336911,0.092568167,-0.082205392,-0.073218822,0.21788971,0.053945053,1.0239737,-0.14941359,-0.12852694,0.0086999759,0.065757111,0.21001086
0.021684023,0.13071533,0.26705548,0.11150229,-0.080748282,-0.12460496,-0.17834044,0.044929393,0.11245605,0.1138832,0.93523312,0.24382512,0.083112702,-0.063443437,-0.032563921,0.14732519
-0.01318026,0.22693352,0.040953517,-0.21553613,-0.0728883,0.14164121,-0.051260151,-0.23522559,0.1072934,0.11001527,1.1014397,-0.24774405,-0.055520039,0.069672152,0.08880356,-0.065174773
0.18707304,0.065312147,-0.14264058,-0.043823376,-0.031116927,-0.032863487,0.9263646,0.93124563,1.0182186,1.0450238,0.91100216,1.0456294,0.81705868,0.91657203,1.0971221,-0.09634085
0.055851776,0.052210025,-0.0643695,0.014699714,-0.077985927,0.074517854,0.062726468,0.14181407,0.074221522,-0.0044209058,0.97503835,0.11888598,-0.1384192,0.15489323,0.17764445,-0.02333655
-0.048767261,-0.13078973,-0.10576896,0.02200149,-0.1032038,-0.19519664,-0.23014121,-0.09163744,-0.034807324,-0.15397942,1.0605309,0.094921447,0.26273659,-0.24612841,0.070621505,-0.047025271
0.13705744,-0.20359725,-0.21210237,0.084601745,-0.14413977,-0.18441269,-0.06240993,0.0094827274,0.086087137,0.040826693,1.0622864,0.024227833,-0.052063715,-0.085652195,-0.034706969,-0.30573705
0.091600165,-0.11006262,-0.040661838,0.087560326,0.048399173,0.21779129,0.14763053,-0.0027381754,0.089149199,-0.13693863,0.91789603,0.26587066,0.11996047,-0.040151164,0.13177772,-0.01977429
0.0068844259,-0.022144742,-0.049210358,-0.02804482,0.15509991,-0.0090393368,-0.095745064,-0.074147351,0.0053899302,-0.19501507,-0.021751167,-0.033199109,0.0013136517,0.012884649,-0.051653203,0.050233476
0.17075443,0.12045969,-0.24159296,-0.20659985,0.12533742,0.046760842,0.060730416,-0.01514441,0.1930462,-0.063850604,-0.012152997,-0.23266435,0.11395573,0.10860925,0.11730719,0.15114141
0.14222834,0.062042292,-0.011032755,0.12455724,-0.033507686,-0.11533947,0.025194518,0.13198632,0.12250417,-0.016598076,-0.027568018,-0.035999101,-0.14156073,0.20398033,-0.013071074,-0.066480868
1.2279078,1.0476419,-0.23112555,0.082935274,-0.21202239,-0.047898248,0.095511734,0.075522795,-0.17600033,0.20341547,-0.086911552,0.15334937,0.063980788,0.095759727,0.024904279,-0.15288731
0.092738792,1.142367,1.0306603,-0.12263265,0.1740144,-0.013139615,-0.29683247,0.016373353,-0.083126426,0.0078012128,-0.099183373,-0.00028903296,0.19769405,-0.18584923,-0.025518877,-0.023529915
0.23206639,0.0021877105,0.93694293,0.77338392,-0.20271829,-0.062878728,-0.074780017,0.0063921143,-0.053904645,0.076156348,0.24085505,0.14492486,0.12965877,-0.070760585,-0.10669093,-0.11271199
0.014885354,-0.028714176,0.026569504,0.91292322,1.0905167,-0.0024011254,0.18123859,0.022270717,-0.018872783,0.044373229,-0.0052956957,-0.051427279,0.095733136,0.063548088,0.0815809,0.043623544
-0.094334327,0.065310948,-0.19004732,0.10905436,1.0335568,1.0083643,0.10713966,0.09141805,0.17822264,0.014671486,0.095953047,-0.03930258,-0.075840019,-0.10538061,0.037514944,-0.046149101
-0.16145892,0.037236162,0.02582909,0.059990086,-0.057171579,0.87637252,0.74315143,-0.02518376,-0.17364383,0.030845968,0.031124072,-0.10525833,0.1108195,-0.0752213,-0.26275998,0.093597099
-0.01755544,-0.12986572,-0.25726718,-0.055925664,-0.058497675,0.12757592,0.94089562,1.0622398,0.15763532,-0.037683971,-0.049200065,0.23119923,0.010251786,-0.069196984,-0.12707302,-0.035432473
-0.020655328,-0.03152087,0.13693291,0.049374584,0.10973119,-0.14392602,0.1971515,1.1260221,0.94986194,0.035136022,0.10817558,0.099339679,-0.028248914,-0.032014459,0.0049785348,0.14618464
-0.15876384,-0.049048822,0.15707377,0.00042814904,0.049360864,0.079767376,-0.28718531,0.091871932,1.2485188,0.92818528,-0.028770849,0.13901787,0.19232184,-0.025105175,0.029508395,0.21841824
0.065717138,-0.0071709375,0.1824417,-0.01477454,-0.017278207,0.074840657,0.025755951,-0.10099097,-0.11431658,1.0829071,0.97495872,0.20357879,-0.004685163,-0.17376496,0.13195729,-0.14845502
0.074958645,-0.13713349,-0.029149633,-0.28470275,0.073266067,0.092487082,-0.069662683,0.17765573,0.012896206,-0.11707994,1.038741,0.96793646,-0.093735568,0.074390478,0.12384513,0.12940052
-0.14115442,-0.11692145,0.030920113,0.17904563,-0.10301339,-0.037788093,0.046884768,0.14496316,-0.060723245,0.013257952,-0.0057453727,0.80400264,0.8881427,-0.17862891,0.14034674,0.083490647
0.23213093,0.013980146,-0.057513867,-0.20077349,0.06049725,0.019295586,0.20004031,-0.10734083,-0.15944965,-0.0026281979,-0.11833315,-0.039753582,0.97763109,0.97928482,0.088860951,-0.0050466391
-0.080652073,-0.096210979,-0.13249703,-0.16087718,0.14985703,0.0040922714,-0.07062979,-0.1230223,0.13626796,-0.079349056,-0.003718829,0.042444471,-0.012919701,1.0755292,0.82308638,0.0018985446
0.046254773,-0.25627869,0.09413863,0.03687574,-0.058466662,-0.054529287,-0.075663224,0.12396137,0.028853117,0.028595939,-0.10446157,0.07873635,0.20330358,0.10110709,1.1093483,0.84666729
0.058916703,-0.0077029248,-0.059840489,0.21806186,0.020084212,-0.077869207,0.039438132,0.057814647,0.25220016,-0.12181858,0.18494485,-0.096392252,-0.17846587,0.18450165,-0.033574115,0.94915122
-0.022998132,-0.06731198,0.24256487,-0.055876672,0.13230297,-0.08130727,0.059815973,0.025473204,0.14643879,-0.1280403,-0.11652252,0.11259401,0.18727371,0.19830817,-0.11884914,-0.16173303
0.031425405,-0.052535761,0.012577256,0.16674592,-0.13388106,0.12806399,0.27476311,-0.018829035,0.086668029,-0.09089306,0.9050594,0.074874707,-0.3451595,0.13507994,-0.11126711,-0.032974984
0.0087230243,0.0097591607,0.073666811,-0.13575536,-0.14502631,0.16514677,0.082712911,-0.2489915,-0.076696016,-0.10615987,1.132985,0.034629952,0.026166517,0.0014600492,-0.050075129,-0.27936113
0.088591307,0.17618695,-0.086014666,0.042700812,0.0048177317,-0.15823679,0.11987286,-0.013595589,0.0083778696,0.012712794,1.0371469,0.16387199,-0.14256623,-0.054881122,0.060211066,0.039965063
0.058484003,-0.11708997,-0.072272412,0.1050732,0.043410439,0.22707462,0.014638135,-0.15937473,-0.046318844,-0.14327222,0.80798531,-0.069224082,-0.23793465,0.018463135,-0.030329131,0.054953367
0.020671519,0.061381795,0.091886126,0.026472716,0.10170841,-0.18716089,1.1222734,1.0814534,0.81133193,0.95339662,1.1705356,0.88705927,0.89081419,0.97954422,0.90083957,-0.14101873
-0.00059411692,-0.043160811,0.0043430915,0.011077821,-0.03040695,0.16307469,-0.24472404,0.15716255,-0.25932792,-0.063679665,1.2317201,-0.36537814,0.0060561835,-0.11816745,-0.15522948,0.023079669
0.097120814,0.14402519,-0.065206811,-0.088523023,-0.13350378,0.14772397,-0.079447076,0.041839108,-0.040248983,0.18945575,1.1891499,-0.26141891,-0.031227371,0.068316765,-0.055775542,0.10682692
-0.15141433,-0.01093413,0.052229207,-0.0056560873,0.16447505,-0.10572269,-0.091737494,-0.011026247,0.036031503,0.36977562,0.8950088,-0.091654271,0.26922369,0.0093942974,0.022671487,-0.086474963
-0.079430155,0.18131028,0.14845899,0.3552421,0.028048079,0.12364589,0.0054113227,0.035662159,-0.1623057,-0.087522738,0.72974545,-0.1078255,-0.11183435,-0.21628988,-0.34982431,0.05457785
-0.18829656,0.10080607,0.039243694,0.0074037551,0.10704777,-0.10148039,-0.14753276,0.065045044,-0.028174864,-0.12696162,-0.1467471,0.0054617678,0.1236667,0.12193418,0.030007875,-0.17055114
-0.128454,0.27199477,-0.038429398,-0.044091713,0.24747604,0.12789376,-0.052206017,0.19245455,0.028265422,0.10235843,-0.040067676,-0.11842718,-0.085448086,0.0073780273,0.046058297,0.29493916
0.064859092,0.26495004,-0.088368379,-0.056556698,-0.01996406,0.0036909471,0.021476693,0.27258968,0.053136326,-0.17973731,-0.093513273,-0.13186029,0.0011053651,-0.21174517,-0.10058816,0.049706992
0.076005645,0.031725157,-0.10972473,0.14005385,-0.1234827,-0.082571723,-0.087977864,-0.15770093,0.028012557,0.37935746,-0.13721994,-0.053596307,-0.042030543,0.10001803,0.0060416162,-0.03214401
0.097230189,-0.093450502,-0.051105008,0.054340564,-0.0764395,0.0067442125,-0.10209137,0.043773666,0.17154345,-0.018906949,-0.19600759,-0.28550997,-0.090157688,0.1764888,-0.060530614,-0.12385425
0.229701,-0.0056354734,0.06768661,0.021151733,0.16679779,0.10627654,-0.12052715,0.1655318,-0.17906381,0.14399098,0.016600961,-0.0051010605,-0.27643564,0.20534495,-0.085656583,0.0047635748
-0.021703821,0.13765436,0.036245562,-0.094306618,-0.18545312,0.099079691,-0.19657962,0.060748551,0.11840285,-0.082293741,0.12042766,-0.020989986,0.026622504,-0.17929019,0.96894455,0.96452492
0.02064801,0.13570122,0.058047861,0.048130848,-0.23530212,0.0042064274,0.069209784,-0.041692875,-0.054162208,-0.025840158,-0.17796488,0.086343937,-0.21483162,0.94055957,0.9874844,-0.0874734
-0.017964525,-0.033480749,0.073471427,-0.18570423,0.16936466,0.16671689,-0.070244998,-0.021669507,0.07872095,0.015780404,-0.074742146,-0.085461639,1.1855569,1.1799523,0.073672824,0.21037616
-0.010250521,0.042525005,-0.22436512,-0.06686528,0.12750642,0.16109149,0.13676438,0.016427634,0.18587521,0.013706408,-0.16158871,0.91336572,0.99357432,-0.17445199,0.17893015,0.051058516
-0.0085471803,-0.13784081,0.080560319,0.16666591,0.055371244,-0.076657206,0.031752601,-0.069107756,0.080607794,-0.14308049,1.0837375,1.0374978,0.13387749,0.044834349,0.029624471,0.22489776
-0.014506403,0.13889314,-0.066633187,0.13898568,0.19068108,0.094867013,-0.1464105,0.010626057,-0.032723133,0.89156234,1.0709629,-0.048555192,-0.067332298,0.094234593,0.0917373,0.12099495
0.073710255,0.028978743,-0.060566392,0.028865229,0.027528338,-0.095244884,-0.093845725,0.092128687,0.8944484,1.1584961,0.079337768,0.10216306,-0.15137024,0.043842051,-0.12658074,0.19474877
0.031504918,0.11082467,-0.039540455,0.096811101,-0.14118855,0.085695155,0.067097642,0.92195249,0.94533485,-0.083221294,-0.020946456,-0.072948456,-0.015451267,0.090514846,0.0039863167,0.019206185
0.10119943,-0.19468553,-0.0014974353,-0.034213953,-0.11569118,0.017522687,1.2175751,0.95963895,0.087912634,-0.011615973,0.069496676,0.099767305,0.019764449,0.084219471,0.059159644,0.039209664
-0.13957138,0.022440398,-0.040011246,0.081196487,0.070604548,0.95363116,1.1295904,0.14396729,-0.059801843,-0.1550211,0.093993291,0.052379187,0.012190095,-0.016434558,-0.078213848,-0.090159968
-0.030671841,-0.2323994,0.044446021,-0.052494865,0.98933649,0.84437728,0.023477225,-0.019440433,0.19007833,-0.051884793,-0.16683516,0.042799268,0.080197424,-0.027270041,-0.16083334,0.21556005
0.29755384,-0.077120639,0.0091676246,0.67883652,1.1011395,0.064649113,0.058994222,0.0053751129,0.039042108,-0.029011482,-0.11967568,-0.021224368,-0.0041440767,-0.10711642,0.33929452,-0.10720649
-0.0020657161,0.14178,1.1349252,1.0419545,0.054753285,0.27161092,-0.042585127,0.099773772,-0.014223294,0.030682787,0.0021450776,-0.024071461,-0.054135941,0.13749225,0.13180609,0.072844289
-0.25628829,0.76901019,1.0057303,0.10904901,-0.021360505,0.28954339,-0.191708,-0.020795304,0.037481651,0.050922483,-0.0044524088,-0.2124007,0.035676047,-0.08037103,0.080092937,0.088178955
1.0167845,0.99711758,0.074003562,0.16085613,0.030479431,0.079858087,0.07507208,0.10075361,-0.047777336,-0.12354065,0.059511393,0.1405962,-0.06890443,-0.099698693,-0.096085235,0.054157421
0.86434871,-0.02367872,0.03012838,0.074804507,0.014241604,0.31209075,0.12821364,-0.084693372,0.10336448,-0.12358401,0.16933696,0.14248127,-0.016148595,-0.023778941,-0.018596167,0.18270756
-0.18937197,-0.28756452,-0.022194637,-0.12950645,0.1117193,-0.032149941,0.047802038,0.052396379,0.13173902,0.16998103,0.25622779,-0.029219596,-0.097019881,0.14732541,0.0043936251,-0.015297749
-0.040994767,-0.048168231,-0.14964792,0.036252901,0.17884165,0.0097360825,-0.06003375,-0.01533155,-0.13484269,-0.11237527,-0.10613769,0.0264528,-0.014457737,-0.028716771,0.0038582135,0.026527431
-0.021032173,-0.14337006,-0.16680828,-0.082866795,-0.13337281,0.228596,0.012247284,0.16267304,0.1188697,-0.0028911033,0.031061482,0.040655218,0.046937957,0.023645908,0.01883054,-0.088291362
0.00082225999,-0.14573106,0.031159116,-0.02352534,0.11204091,0.0068412875,0.26269117,0.089514524,-0.22585626,0.049893714,-0.056111295,0.072800376,0.05528941,0.014853353,0.039358757,0.023182416
-0.072353184,-0.22969155,0.005874834,0.07104037,0.018174225,-0.11932241,-0.16565038,-0.076359309,0.17605756,0.15590765,-0.15653801,-0.12758599,0.13207835,-0.00052563613,0.011665579,-0.11459672
-0.13641579,-0.02237908,0.12992327,0.00097869209,1.0140469,0.93817073,0.78299159,0.89685678,0.80319804,0.055170301,-0.038278379,-0.039628405,-0.10283359,0.10808502,-0.018786583,0.10170243
-0.24599034,0.16273798,-0.055621535,-0.18565921,0.88424343,0.9643079,0.96785128,0.99525279,1.2765957,-0.049631238,-0.13508315,0.21416375,-0.069042772,-0.13257354,-0.37037817,0.093207933
0.006847342,-0.026294457,-0.035623383,-0.11235474,1.0445743,1.0561401,0.96121329,1.0284518,1.0961101,-0.067252241,-0.04792168,0.017206702,0.036671065,-0.0053104954,-0.17630593,-0.14198127
0.074611008,0.12136922,-0.016315622,-0.076188572,0.97907621,1.0960819,0.91520905,1.1317724,1.0962305,0.032466859,0.15341535,-0.086085826,0.16827391,-0.17449801,0.055337824,-0.28849483
-0.077674545,-0.069629416,0.210933,-0.14316942,1.058982,1.0828259,1.2251549,1.1139727,1.0744882,0.056026135,-0.075542919,0.041699845,-0.10618346,0.11733397,0.16846074,0.067234643
0.0017679713,0.06400726,0.14501601,-0.27389753,0.015315206,-0.03411372,0.18467505,-0.026886502,0.068926625,-0.06355267,-0.082705222,-0.0019225318,-0.21357453,-0.052028574,0.065255605,-0.25849921
-0.1351063,-0.23345299,-0.16787598,-0.067936271,-0.08862216,-0.012442584,0.04750118,-0.23174772,-0.053479254,-0.014619361,-0.0075153634,-0.2387902,0.094904929,-0.03914164,0.17826849,-0.089760147
0.2096211,0.11202342,-0.14890249,-0.15983906,-0.026934711,0.017017704,0.10902716,-0.080066144,-0.029344132,-0.09927313,0.013766464,0.075008228,-0.050011966,0.085598275,-0.044706792,0.29587546
0.022904206,-0.014809499,0.10627844,-0.14239633,-0.098558977,-0.098740615,-0.11106367,0.018538034,-0.00020135871,-0.0081151538,0.13317204,0.050211187,-0.10313953,0.052683156,-0.11158033,-0.022715695
0.20573066,-0.025947697,0.015992159,-0.022138072,0.074413761,-0.067608356,0.063482188,0.15307997,-0.091137804,0.27754822,0.098637879,0.18992251,0.043685231,-0.049671575,0.081154235,0.29708314
0.2154745,0.022115814,0.025788521,-0.077320293,-0.10780202,-0.12264493,0.090091266,0.063903764,0.12221299,0.02524366,0.17615241,0.2080808,-0.10848765,0.13978373,-0.17712761,-0.21861246
-0.20984468,-0.19048136,-0.018440928,0.01163944,0.12019604,0.10251513,0.12672649,0.10485446,0.13571793,0.17554623,-0.18023495,0.17496017,-0.046512719,0.14487474,0.14602403,0.27710223
-0.078315653,-0.030740563,0.21617351,0.023077976,0.19848241,0.18954991,0.091228291,0.21602713,-0.17781869,-0.082694598,-0.031810708,-0.019171819,0.019627703,-0.0086049028,0.10554906,-0.12894832
0.23823273,-0.04185139,0.069631249,0.080693893,-0.28043312,-0.19564918,0.16158135,0.12072421,-0.053459447,-0.089027405,0.15425792,-0.17629008,-0.030489873,-0.062615246,-0.026272921,0.058725737
0.10283166,0.16468373,0.056148328,-0.0058106962,0.24446632,0.11574817,0.04470247,0.820319,-0.071409933,-0.26167724,0.13297753,0.040589903,-0.14048815,-0.13353464,0.07521373,-0.043817956
-0.058473252,-0.15758759,-0.099301927,0.080970071,-0.0041426141,0.048029386,-0.062859789,0.71909004,-0.07796324,-0.11447387,-0.039957825,0.19138773,0.22814435,0.1457371,0.022885928,-0.061516691
0.012970984,-0.19647016,0.13965522,0.076724634,-0.14062242,-0.036685649,-0.1644689,1.0032187,-0.25640693,0.11831868,-0.055771906,0.12031809,0.072759889,-0.041221831,-0.021109985,0.057995431
0.092939265,0.14816561,-0.17776798,0.26615804,0.13712774,0.0081841536,0.23599859,1.1118577,-0.091833167,0.073322527,-0.21095298,-0.094150119,-0.18966495,-0.065676823,-0.017934546,0.00085263944
0.078303292,0.15940839,-0.0016998622,1.095729,0.96943974,1.0419226,1.064648,1.0721886,0.89899123,1.0205295,1.1276556,1.0246705,-0.077569515,0.065196753,-0.12716526,0.18433702
0.045924321,-0.12055782,-0.038677178,-0.072240837,-0.29853815,-0.052022975,-0.25949439,1.0418245,-0.037003048,0.087114699,-0.09361662,-0.10995492,0.00090176769,0.056408864,0.076895513,0.18186146
0.085793808,0.10926826,-0.22346371,0.28178963,0.060905911,-0.17876479,-0.046718068,0.86204928,0.069431305,-0.055221122,-0.13366695,0.09473262,-0.2023439,-0.075679094,-0.043900065,-0.015032508
-0.099460796,-0.039590601,-0.11927193,-0.064618982,0.057836,-0.044372696,0.068878479,0.9446103,-0.13905734,0.051596507,-0.16865531,0.20871618,-0.069007665,-0.060011733,0.099517584,-0.01672437
-0.034312967,-0.17926873,-0.039973389,0.11936335,0.12204005,-0.24964952,0.32962471,0.81702662,-0.10763184,-0.10999755,-0.077582151,-0.044765361,-0.088807628,0.11283416,-0.0019328628,-0.038217325
-0.1695891,0.16305971,-0.13459612,0.097339854,0.14105278,-0.081843071,0.1008506,0.11580268,-0.13517718,-0.058665574,-0.19892885,0.20300034,0.023172574,0.034869511,-0.04188301,-0.19312346
0.10090324,-0.038892839,0.2283162,-0.036855299,-0.078024298,-0.088568367,-0.16526283,-0.15239109,0.063539475,0.15696752,0.029321253,0.033043489,-0.063980885,0.10157171,-0.012158877,0.11571927
0.069249719,-0.22654845,-0.042119719,-0.040598441,-0.19565912,0.16926754,0.18232772,0.026143469,-0.17055446,-0.12933196,-0.24193144,-0.0096437437,-0.031964011,-0.13381946,-0.021031175,0.055836923
-0.069324769,0.042050876,-0.092302337,0.081705697,0.022497717,0.21643168,-0.082165107,-0.060892086,0.022847911,-0.04409954,0.23082963,-0.070909612,0.0092622731,0.070541769,0.035060853,0.014316126
0.030910453,0.19065332,-0.026385399,-0.057825219,0.14368026,-0.013845682,-0.18066345,-0.088813782,0.092494428,-0.090647042,0.12931094,-0.11793002,-0.18797418,0.03804148,-0.16372836,-0.11799543
0.068763554,0.23944256,-0.1161268,-0.021355631,0.14260429,-0.067007303,0.058704495,0.088548414,-0.058780778,0.13771302,-0.050211065,-0.0086381724,-0.021629462,-0.061629359,-0.029033553,0.051379293
0.14359941,0.0041667596,-0.12899755,-0.09153793,0.050350983,0.10614578,0.0067208642,0.20221274,0.96565598,0.25752297,-0.052205507,0.045964696,0.0076617119,0.13610739,-0.047434311,0.013308087
-0.067593575,-0.053315058,-0.072121888,-0.098874152,0.054661378,-0.020742513,-0.08491952,0.037914868,1.1507132,-0.22814944,-0.001489852,0.082985915,0.054071646,-0.20430188,-0.18770051,-0.0077563338
0.042488325,0.11025189,0.076318182,0.040236339,-0.1375851,-0.00099665043,-0.11230154,0.030446308,1.037565,-0.071150914,0.15123731,0.031225441,-0.04178061,0.046748985,0.17731407,0.071321279
-0.10879371,-0.044889409,0.12784658,0.017466873,-0.1358292,0.14072157,0.10148719,-0.022645961,1.0682652,0.095217332,-0.073769353,-0.0087071201,0.19056663,0.10968706,-0.15469667,-0.15797329
-0.069290578,-0.18960567,0.073281974,0.058984533,0.91302443,0.99068689,0.88920933,1.0278982,0.96100557,1.0057973,0.98998857,1.1383548,0.90387487,0.10421795,-0.0038432612,-0.20870985
0.020355433,-0.23259421,-0.023387447,0.16075417,-0.19222182,-0.056534637,-0.038414784,-0.0053081154,1.0732983,-0.18861912,0.070480213,0.024130207,-0.20176564,0.080691464,0.017205533,0.11044142
-0.31276512,0.017355841,-0.085125491,0.042085528,0.17693247,0.016217528,0.16611536,-0.15153426,1.1459007,-0.047184467,-0.061708126,0.25735161,0.08542648,-0.16340831,-0.13599662,0.017652687
-0.28149861,0.11297162,0.066606186,-0.13914099,-0.058988728,0.029464377,0.12414322,0.036871374,1.1727011,-0.05860915,-0.17801851,0.0019274817,-0.18834212,0.01160053,-0.11391563,0.17724796
-0.19871332,-0.098515078,-0.068869583,0.23252058,-0.030892696,0.11568095,0.067700811,-0.07096903,1.2262996,0.022297146,0.047751456,0.029035814,-0.081998721,-0.0024969282,-0.0040020868,0.096641846
-0.086957254,0.04407857,0.13073994,-0.060675416,0.13771331,0.0369999,0.084060997,0.046765272,0.11103214,-0.17182718,-0.11190876,-0.1589281,-0.022854824,-0.22775313,0.031137861,0.0012342192
-0.00989966,-0.20646089,0.082996257,-0.099402934,-0.13969879,0.077983491,-0.11297264,0.24895489,-0.17339912,-0.10413013,-0.046859022,0.028760316,-0.025629789,-0.016907359,-0.11805103,0.062856667
-0.01157565,-0.031402066,-0.059674092,0.074526042,0.057314135,0.08408688,-0.15287593,0.017477423,0.036974464,-0.028475011,0.10619903,-0.0019813648,0.072188087,-0.056742474,0.080619961,-0.21468024
0.0229677,0.086194642,0.074222162,-0.043593902,-0.054266632,-0.004388513,-0.066560149,0.038379289,0.066332482,-0.010888647,0.047447745,-0.21551821,0.021026475,-0.099467166,-0.017788844,-0.17609391
0.18454306,-0.10728746,-0.025648355,-0.064861827,-0.054431569,0.143889,0.079301879,0.028208379,0.12606004,0.025321096,0.034120675,0.099804096,0.093258619,-0.12774667,0.02681656,-0.086229168
0.04953507,0.045486547,0.013838454,-0.048848197,0.025347514,-0.067253232,0.0052728467,0.086138822,0.084825441,-0.11237473,0.078831077,-0.09217643,0.010611139,0.1378012,-0.038916755,-0.029094741
-0.07736823,0.20212041,0.0075113918,0.16737588,0.00046105354,-0.032371156,0.046191633,0.016439943,-0.11004396,0.034054037,0.1826428,-0.03973623,-0.0091518359,-0.16787046,0.0014639101,-0.066686019
-0.10824218,0.095600501,-0.018657137,0.16499019,0.11632185,-0.031888768,-0.032655392,-0.0091482308,0.12123613,0.037345268,0.18375809,0.15957151,0.17989457,0.10461286,-0.029617481,-0.060033534
0.095144272,0.067108385,-0.021173963,-0.08511921,0.16967899,-0.070471153,0.092769876,0.075782493,0.10441903,-0.013932576,0.042503245,-0.0013763476,0.05099583,-0.10468903,-0.083430685,-0.0032728871
-0.051188782,0.068484128,-0.090569139,-0.019835817,-0.046359021,0.0023742337,0.11253839,0.10542707,0.0029939306,0.0036325431,0.16797611,0.053833764,0.083805293,-0.064269669,0.26063281,0.1364581
0.015305214,0.05311577,-0.047841925,0.0029099102,-0.14904998,-0.2530905,0.076783627,-0.030331837,-0.057945807,0.18817222,0.003751999,0.022852888,-0.20003955,-0.059720684,-0.15154366,-0.030571492
-0.057342973,-0.1135337,-0.13586135,-0.087167099,0.017314913,1.0021216,-0.054741487,-0.056128766,-0.14379919,0.03679743,-0.23658308,-0.080224,-0.050308876,-0.08791437,0.039883442,0.22845311
-0.022798404,0.10018686,-0.19034494,0.066658489,0.057339072,0.94050497,-0.031387053,-0.16530177,-0.047994021,-0.097107254,-0.079158716,0.12174149,0.072208561,-0.060405578,0.033585556,-0.045741681
0.10548882,-0.042210091,-0.043862808,-0.033556558,0.10464897,0.96067446,-0.035753109,-0.17517836,-0.11926277,0.19575429,0.014343057,-0.07898695,-0.013666102,-0.016634464,-0.22610465,0.054089397
0.031360034,0.07230746,-0.1235442,-0.11445835,0.11555161,0.8599124,0.054962497,-0.03233866,-0.14422877,-0.021988522,0.009815516,0.14406617,-0.19514428,0.050405644,-0.16443186,-0.17731152
0.042065755,1.0988171,0.85735899,0.93541205,1.0797335,1.0629594,0.94299543,1.0079534,1.0035696,0.95811713,-0.087419674,-0.125697,-0.032656718,-0.032501142,-0.073709279,0.15890492
-0.079615138,-0.060958557,0.13739406,0.17158207,0.10377751,0.92343897,-0.095623001,-0.092441425,-0.13561456,0.1019449,-0.038846698,-0.081933811,-0.15196458,-0.02549118,0.17916124,0.11709473
0.26096046,0.18485837,-0.21360099,-0.25411108,-0.12591264,0.93332148,-0.27178192,0.12373362,0.056597758,0.20039707,-0.12542696,-0.001585894,0.18247624,0.16325019,0.052634574,-0.080825016
0.010569099,-0.088356331,-0.2197205,0.20488884,-0.11856183,0.97844976,-0.095853806,-0.055425212,-0.15519083,-0.017958071,0.0019991456,-0.011752086,0.12665409,0.11163184,0.058619335,0.056501094
-0.014588991,0.10300289,-0.11016238,0.012527055,-0.017199807,1.1036201,-0.093196087,-0.046840049,-0.079691112,-0.10651001,0.078317553,0.082272656,-0.12356877,-0.082645051,0.082349099,0.15186319
-0.0097213136,-0.023117522,0.039911732,-0.21892411,-0.024590023,0.16208772,-0.022856565,-0.044003773,0.11689615,0.0082276547,0.27195758,0.050726123,-0.12320242,0.020993955,-0.031356271,0.018105976
0.98400688,1.1332767,-0.039708063,-0.014234905,0.11803272,0.0052070846,-0.005124487,0.1782721,-0.0079891318,-0.18382911,-0.045099284,-0.077477194,-0.012385766,0.032919537,0.014500278,-0.026375385
-0.11908532,0.86186999,1.0494615,0.19137549,-0.17176199,0.080457576,0.16015033,-0.19684815,0.13528065,-0.05312473,0.048883658,0.0061030388,-0.15234907,0.19792533,0.15435822,0.21384864
0.082992159,-0.083283514,0.86074734,0.93937826,-0.0032844127,-0.27887192,0.1410155,-0.19125777,0.019145794,0.091838419,-0.014828172,0.2175325,-0.098495238,-0.086862125,-0.087419637,0.19401313
-0.35080093,0.025854876,0.043693028,1.0908557,1.0253714,0.16935454,0.0071269353,0.075773522,0.15531518,0.010804279,-0.099133089,-0.014604538,0.098479964,0.047964882,-0.11207554,-0.096398748
0.12938197,0.036346417,-0.060527463,-0.089689702,0.96655923,1.0688719,0.044335473,-0.35292774,0.17833082,-0.030739153,0.045513473,-0.13164374,-0.049258329,-0.0091956705,-0.098608926,-0.077275045
0.092107691,0.062178396,0.042203695,-0.047517374,-0.16776933,0.73325694,1.0481505,-0.073800959,0.14875141,0.065914564,-0.053459369,0.18170369,0.00050854048,-0.023761053,-0.04444623,-0.054472532
0.029526247,0.095034882,-0.018102128,0.09881676,0.22207373,-0.0035941037,0.97362483,0.96035659,0.13134843,0.046231933,0.12591997,-0.040182199,-0.25511459,-0.082701512,0.097867474,0.061322007
0.064891666,0.13749138,0.29168186,0.052484207,-0.039167203,0.13594036,-0.031470459,1.0483472,1.1677884,0.091277122,-0.096001036,-0.21064417,-0.10910545,-0.007965412,0.099022612,-0.080277547
0.065143578,0.16183034,-0.055970993,0.10221451,-0.10922401,0.10278118,-0.01894534,0.0082595432,1.0627763,1.0569814,0.13885555,0.04944934,-0.21129258,-0.00016030057,0.24488135,0.08932016
0.14529543,-0.095363177,-0.019077132,-0.12725812,-0.0028755902,0.044039536,-0.20223635,-0.24704544,-0.038476225,0.97418684,0.93149322,-0.0060943943,0.10807965,-0.012532475,0.0052180937,0.13969541
0.059264053,0.073775575,-0.090412587,0.10465883,0.032688972,0.15532623,0.035144467,0.029223341,0.077484779,-0.007412679,0.87609035,1.0191711,0.00046391494,-0.014612284,-0.19424228,-0.10028665
-0.04427743,0.075535141,-0.054501716,0.0089081507,0.1669087,-0.29957584,-0.13438296,-0.11967985,-0.079184867,0.051802456,-0.084244199,0.92862958,1.0495414,-0.17042574,0.064095266,-0.021270975
0.016855372,0.036244031,0.038263872,0.060912326,0.052580994,-0.023981173,-0.094781324,-0.15768929,0.21750528,0.083012618,-0.081730761,-0.1323404,0.87756288,0.94820738,-0.046857711,-0.12598816
-0.007862757,0.2342907,-0.092915386,0.014353797,-0.072860122,0.19238479,-0.088822544,0.008616956,0.17588171,-0.038614281,0.015762677,-0.073464543,0.0081396913,1.1305677,0.8709991,-0.0029809296
-0.24942546,0.0059976224,-0.023601249,-0.14885004,-0.012854129,0.039598454,0.071321525,0.11659652,0.078864388,-0.062021684,-0.051187821,0.010535954,-0.081710108,0.060109094,0.93920422,0.9419328
-0.0081192553,-0.2776897,0.13945538,-0.086645707,0.15780617,-0.080507383,0.050135508,-0.0030037065,-0.036451411,0.091177158,0.20945391,0.12732559,0.12858132,0.036480878,-0.2270437,1.0505229
0.05362656,-0.13715355,0.050221879,-0.15606418,0.13179567,0.045016069,-0.10006562,-0.038761362,-0.025531743,0.15219544,0.10500614,0.1200726,-0.11230259,-0.024105672,-0.021778878,-0.0065643848
-0.04309231,0.016965162,-0.04494651,-0.080885261,-0.018833838,0.21996695,0.1882479,-0.13918251,0.84988713,0.019536965,-0.1823656,0.12238009,-0.0036688347,0.064018779,-0.093028501,0.30527881
-0.012958494,-0.23552091,-0.0029946286,-0.10463464,-0.014098838,0.093105771,0.092713527,0.1060373,0.88218725,-0.21798466,-0.099270843,-0.05444169,-0.049953204,-0.10563894,-0.12371447,-0.15520287
0.15200152,-0.0037391076,0.14274812,0.089071423,0.017637303,-0.048497867,-0.018305801,0.062013485,0.97530341,0.17322923,-0.16555159,0.1611498,-0.10150427,0.0011968423,0.16508859,0.024595663
0.14333153,-0.042876914,-0.097649068,-0.10492758,0.17504947,-0.19655821,-0.050346665,-0.13831444,0.99919254,-0.11375931,-0.068796419,0.054957006,0.031772997,-0.32725292,0.075506032,-0.044790071
0.050784513,-0.11373429,0.06352669,-0.033750463,1.0565652,0.90971506,0.86813611,1.1007317,0.94949526,0.86520118,0.90503675,1.2065616,1.1123763,-0.10614344,-0.11203211,0.10847332
0.057100378,0.13157837,0.15808852,-0.063480973,-0.0047899894,0.26026759,0.09416765,0.098702826,0.90159881,-0.10346616,-0.085219406,0.19287083,-0.056730378,-0.010996385,-0.15925923,-0.0097784884
0.054784603,-0.018546628,-0.056709584,0.071305521,0.064881667,-0.13192342,-0.10381662,0.024089219,1.082152,-0.16234411,-0.010824165,-0.065227427,0.013601697,-0.04615533,0.055648983,0.03530008
-0.22229266,0.032408144,-0.087311395,-0.023670016,0.11991129,0.24451065,-0.13094467,-0.082060523,1.0199406,0.14768811,-0.25998119,-0.12895396,-0.035937637,-0.10765573,0.015656387,0.076137148
-0.25399381,0.032299638,-0.043338612,-0.24074498,0.035255618,0.24571294,-0.15322375,-0.090334423,0.9499957,0.033462014,0.11244985,0.078542233,-0.0037559236,0.16119204,0.0088549843,-0.012998884
0.1025763,0.0026044783,-0.018164147,-0.11128092,-0.075007215,0.065872692,0.010686705,0.020228921,-0.029786665,0.0059610922,0.21150738,0.04505565,0.12968493,-0.24409142,-0.11879349,-0.024476534
-0.27718022,-0.045628868,0.026104527,0.18381628,-0.0464238,-0.20894584,0.08293584,-0.078133233,-0.0092651304,0.05625074,-0.01024263,-0.065756798,0.076149017,-0.04211916,-0.20396112,0.013053696
-0.13379051,0.20138322,0.065373242,0.011908581,-0.033093911,0.010601774,-0.04181809,-0.065801002,-0.072835766,0.10012023,-0.29094741,0.11029468,0.10542554,-0.011109309,-0.12838633,-0.15825048
-0.11518314,0.058569349,-0.0076883198,0.058035925,0.013598991,0.13944532,0.10317497,-0.2041637,0.0049175303,0.14138648,0.10795117,0.13286442,-0.095686533,0.13432577,-0.31411853,-0.043440469
0.077991687,0.066998124,-0.078589804,-0.13610627,-0.1109389,-0.0153302,0.004357575,-0.048511859,0.073347285,0.09893807,0.086046733,0.061011117,-0.00074537453,0.0051193484,0.0078268563,-0.086731628
0.25369519,-0.077332459,0.079860121,0.039599989,-0.085313924,-0.053280529,-0.18997073,-0.038018446,-0.034039464,0.064839572,0.034855377,-0.18306637,-0.073625974,0.28866863,-0.046379082,0.21541114
-0.13762319,0.024256304,0.081058413,-0.065904588,0.041549038,-0.024255447,0.048018929,0.11985863,-0.088332288,-0.042184167,-0.21186028,-0.034205642,0.047246039,0.12372081,1.1188186,0.82506841
0.23644267,0.069745101,0.022807075,0.16074258,-0.077913582,0.0072189197,-0.071023263,-0.24527191,0.093473144,0.1680063,0.034489311,-0.054970495,0.22515002,0.9787333,1.0902783,-0.0095241237
0.15034063,0.058083668,0.11678985,0.14284046,-0.12494171,0.20291308,-0.084284648,-0.018949145,-0.22704753,-0.23594433,0.057146017,-0.12288224,0.84148031,0.87840378,-0.008904946,-0.022408068
-0.13682188,0.037070107,0.0080252429,-0.041410867,-0.049550511,0.024919117,0.083295442,0.077654578,0.3192313,0.039145917,0.18601282,0.84795082,0.95877904,0.0943579,0.21577874,0.091059707
-0.229972,0.0097664716,-0.11699983,0.13797359,0.049807839,-0.16877127,0.21957305,-0.059740596,0.050009765,-0.012170715,0.84861922,1.0131558,0.049277049,0.10494169,0.030859904,-0.32166794
0.10871059,-0.17429034,-0.051571917,0.10384931,-0.015263502,-0.1428995,0.15923454,0.10175333,0.0088283988,0.91374731,0.75155932,-0.14342338,0.093888342,0.056455869,0.043455586,0.11191914
0.093394473,-0.058635958,0.092183821,0.14472021,-0.0025444364,0.28090894,-0.037836727,0.025653254,0.99132413,0.8928327,0.24305251,-0.12708512,-0.070840992,-0.13479689,0.12750779,0.0017701837
0.046227533,-0.0085120685,0.16118528,0.19293168,-0.071915418,-0.066578031,-0.093713708,0.87003076,1.0922422,0.054636557,0.033438493,-0.10466762,0.13304809,-0.017279834,0.034771882,-0.12668373
0.00042066618,0.09832269,-0.047515728,0.15766382,0.074128054,-0.18972102,0.9936946,1.1492962,-0.11812839,0.10396446,-0.11630472,-0.061435893,-0.023754222,-0.015160452,-0.29329503,0.1250525
0.0061526131,-0.11628461,-0.002318403,0.16704313,0.096933953,0.92705649,1.1625692,0.025361057,-0.07345853,-0.1640511,0.023773868,0.052980147,0.013578985,-0.24133939,-0.10324137,-0.056763709
-0.0021887305,0.080869742,0.038605515,-0.14781642,1.0176978,1.1696573,-0.039675299,-0.0080085061,-0.019679155,-0.141563,-0.014271932,-0.10514408,0.14159578,-0.10833315,0.19024506,-0.10764945
0.016181357,0.10566779,-0.041814443,0.88504463,1.0983181,-0.089268237,-0.018370282,-0.091910727,0.12018003,0.12801938,0.091619834,-0.00036658792,-0.10947916,0.083517402,0.1907346,-0.006810707
-0.1889897,-0.23603943,0.89353126,1.1978319,0.061271794,0.071740381,-0.0920792,-0.21374205,-0.055997718,-0.12939599,-0.19428767,-0.047746938,-0.080246218,0.038531937,0.0099824918,-0.14580044
0.064963304,0.84148329,0.94649637,-0.087703325,0.019835686,-0.11546195,0.11749566,-0.066516928,0.12098876,-0.062779404,-0.052955221,0.04694093,-0.044113804,0.018939681,0.20632458,-0.055667974
1.1794136,1.0103538,0.17094438,0.24639237,-0.12461413,0.066467054,-0.023385927,0.10016894,-0.031469241,-0.10271826,-0.017439248,-0.20512985,0.051619183,0.043379232,-0.12359432,-0.15102759
1.1390237,0.016928267,0.24540113,-0.108666,-0.17597768,-0.0034650834,0.11546086,0.2156647,0.097659849,0.042061627,-0.017730428,-0.086052887,0.0070877708,0.28141394,0.099491417,0.0084615219
0.068394542,0.021591557,-0.010155141,-0.014669082,0.047932416,0.039935071,0.077115029,-0.011531898,-0.09392941,-0.039566014,0.11836404,0.054525707,0.22720696,-0.040649157,-0.19941948,-0.0095834285
0.11024902,-0.20528294,-0.15139647,0.015994793,0.081465498,0.13105935,-0.02299259,0.84722203,-0.14551511,0.047887318,-0.064210378,0.0080655431,-0.02867851,0.11395267,0.17605443,0.069909655
0.070273973,-0.038542543,-0.027519902,0.026532495,-0.12455201,-0.086831219,-0.07179375,0.82897198,0.012539543,0.33143309,-0.023624957,-0.27226898,-0.084550053,-0.20961688,0.33851856,0.26180151
-0.063360721,-0.25559303,-0.049401809,0.093872763,-0.13037181,-0.29759306,0.082059354,0.94978648,-0.050406758,-0.10536651,-0.026589021,0.080564372,0.072598666,0.2102693,-0.067452423,0.13341212
-0.079015233,-0.051370237,-0.14262784,0.11428466,0.094286531,0.045617972,0.048836224,0.9447341,-0.050950665,-0.01176273,0.061259709,0.018102916,0.052330337,-0.14960024,0.12175157,-0.015519012
0.19050001,-0.25334653,0.09022852,1.2595402,1.0602384,0.9173817,0.99877393,1.1622628,1.1333597,0.85976577,1.0276462,0.85836935,0.20775387,-0.21309134,0.076806396,-0.028128812
0.061451577,0.18655165,-0.033757899,0.17639019,-0.0045635598,-0.15876381,0.091514431,1.1054918,-0.024470836,-0.027437018,-0.0060338601,0.020180281,0.0084633417,0.074721672,-0.10003716,0.092176028
-0.024403948,-0.18648778,0.13859646,0.0075687296,0.1122006,-0.12105624,-0.24385057,0.93345898,0.072001517,-0.16841593,0.13510121,0.053146746,0.095033914,0.085105196,0.11368113,-0.11461826
0.049285173,0.054461714,0.03815734,-0.075477682,0.058829419,-0.1180648,-0.11341122,0.97645789,-0.1682225,-0.064924419,0.088545032,0.027782278,0.24745835,-0.15014,0.22196741,-0.16352256
-0.11427648,0.11297143,0.026049089,-0.1258855,0.057153098,-0.0053744675,0.078467511,1.0174704,-0.25196806,0.015745534,-0.023463082,0.026863042,-0.058568854,0.043406028,-0.015931966,0.19970229
-0.14144985,-0.069856204,-0.14350706,0.078953415,-0.11014072,0.082734674,-0.083215341,0.03222448,-0.027318124,0.12731762,0.075696319,0.053039923,-0.036700804,0.1933839,0.047912844,-0.051191974
0.027107993,0.044433363,-0.025377724,0.056028619,-0.044962723,-0.16871394,-0.12627321,0.076902099,-0.072280444,-0.076189913,-0.20944522,0.023274481,-0.033047393,-0.23333229,0.19522522,-0.082391717
0.028129391,0.098304361,-0.08046297,0.061499279,0.090075493,0.07506004,-0.12440111,0.1102647,-0.07727246,0.082805559,-0.14196077,-0.043382909,-0.086470589,-0.06980516,0.2760542,-0.027770534
0.0056008305,0.029671816,0.092092901,-0.061912209,-0.095513605,-0.018301956,-0.02762836,-0.055597585,-0.025747243,-0.28931591,0.0027125883,-0.058729835,0.25319275,-0.092718847,0.075623043,-0.12434782
0.069153443,-0.081319943,0.025023572,-0.23447676,0.078262024,-0.0078451457,-0.25988689,0.015960559,0.022618515,3.1141048e-05,0.15702027,-0.094744109,-0.079229034,0.069586828,0.1083791,-0.014891399
0.037610333,0.13868406,-0.04269027,-0.066524521,-0.29307383,0.080589548,0.16423655,-0.010807015,0.29230094,0.12378597,0.0066744625,-0.11603305,0.020080213,-0.053423092,-0.062563926,-0.14815709
0.083124354,0.072610222,0.24912386,-0.026351141,0.025729889,-0.067933291,-0.17845084,0.0090997592,0.10215538,-0.12150812,-0.080915093,-0.14098509,0.16097656,-0.075907692,0.06962996,-0.10372845
0.0090702986,-0.07502985,-0.28169712,0.0093464144,0.063334994,-0.25005433,-0.02093422,-0.051901158,-0.12938756,-0.030156527,-0.23275924,0.030073596,0.14232388,-0.15140021,-0.0078502251,0.17104007
0.014687647,-0.062229395,-0.10926881,0.021344077,-0.015918832,0.075788833,-0.18243462,0.12924553,-0.048429865,0.077110894,-0.086693786,-0.15575725,-0.068042055,-0.11452437,-0.044960707,0.077746548
0.12945296,0.02443113,-0.064861722,-0.05415893,0.071067594,0.13635035,-0.038768578,-0.015062072,-0.090193741,0.024819011,0.11482202,-0.34868771,0.03065672,-0.06608358,-0.27934605,0.037639085
-0.010741225,0.044321366,-0.16392303,0.25645709,0.0132797,-0.04117094,0.18290138,0.078273825,0.099945143,0.1395867,-0.24859199,0.20031969,-0.041677393,0.034258455,0.11073831,-0.085476547
0.038148738,0.091544226,-0.0050213793,0.059356879,-0.19271125,-0.14305219,-0.13802233,0.044531807,0.44914693,0.031539403,-0.017744418,-0.0077397805,0.11799417,0.085668378,-0.13761249,0.12204275
-0.0028717648,0.098282136,-0.2398797,-0.18656631,0.07162115,-0.21608269,0.046772037,0.040577445,0.017482601,0.042661179,0.031861477,0.05368799,-0.048753552,-0.0026262745,0.35152495,0.13642721
0.073457174,0.04707415,-0.087308966,0.027216895,0.97037011,1.1135302,0.89018577,0.7164349,0.93275261,0.083608694,0.29505789,0.12304608,-0.11742831,-0.026285442,-0.11411301,-0.022410188
-0.10767597,-0.19728507,0.053350314,0.023480373,0.979509,1.0415483,1.2439978,1.0140477,0.95459062,0.10394073,-0.19702284,0.090436026,-0.092947334,-0.098003767,0.013194923,0.20068198
-0.089455366,0.11429816,0.045338657,-0.16690941,1.1099485,0.90085489,0.82357776,0.90502602,0.91275001,0.071046144,-0.087826729,0.17921686,0.026543884,-0.08622586,-0.10013495,0.027342185
-0.24355556,-0.26120907,-0.1061763,0.075559631,1.0214994,1.0026078,0.97432947,0.73869044,0.96097666,-0.21301219,0.10020296,-0.0010497344,-0.010783941,0.047860537,0.038734868,0.027890496
0.041750062,-0.07069023,-0.1602512,0.040973574,1.1735554,1.1213791,0.97429568,1.0734594,0.94719023,0.046140518,-0.072938502,0.016854942,0.24031341,0.092694156,0.17982745,-0.09281633
-0.08233171,-0.00474858,0.066809542,-0.025025936,0.12159858,-0.066063464,0.16321717,0.11620361,-0.13389602,0.069956027,-0.026881099,0.12225309,-0.064507864,0.037333813,0.065485507,-0.33046743
-0.22563487,0.015347052,-0.015169908,0.12188771,0.027117923,-0.1525097,0.039392002,-0.090058245,-0.027553771,-0.061087858,0.041827794,-0.1706242,-0.13443136,-0.26691636,0.25727028,-0.11986901
-0.10366383,-0.13859095,-0.077334158,-0.052631404,0.073742814,0.02110903,0.039389346,-0.070930496,-0.0087951841,0.14610006,-0.0027490575,0.036674686,-0.24358389,0.061979052,0.030934796,0.15450479
-0.33033231,0.0026370306,-0.015442433,0.0091435062,-0.076687738,0.023778208,0.082655773,0.0036301124,-0.037054021,-0.027470762,-0.048576608,0.0026919821,-0.088324182,-0.24120179,0.16031806,-0.21339707
0.24806736,0.016789341,0.089301124,-0.14932166,-0.10800656,-0.10806533,-0.021381533,-0.0048569082,-0.23264173,0.10629848,0.00437441,-0.064599574,-0.14182858,-0.14010228,0.15898283,-0.0062182476
0.11444281,0.16297238,0.026504671,0.12210213,0.18502766,-0.31793693,-0.093782052,0.057097483,-0.1275097,0.32584551,0.14731601,0.054075841,0.14768222,0.036133826,0.042300522,0.097169474
0.098634988,-0.051633798,-0.044437636,0.18518515,0.12876475,0.061895631,-0.1206935,-0.067825317,0.32607749,-0.040309973,-0.2370774,0.040171709,0.0051238691,0.047967963,-0.14021784,-0.020320512
0.027032642,-0.022873415,0.010796975,-0.13318783,0.093742765,-0.0063119712,-0.028790146,0.028738664,0.098856099,0.074708663,0.91172928,0.10686738,-0.18242793,0.050364323,0.18257532,0.023231048
0.035114098,0.17644992,-0.079002492,0.090406254,0.057928395,0.18683659,-0.067268603,0.019557284,-0.059802487,-0.1352472,0.77955276,-0.16469932,-0.10733651,-0.036297873,-0.0073118256,0.035549879
0.053560011,-0.25985393,0.29434443,0.037685189,-0.086287431,0.070826329,0.222518,-0.03111079,0.099171609,-0.054304995,0.84737992,0.060876708,0.11990818,0.054943789,0.15266618,-0.010281103
0.0036866167,0.078153044,0.060943861,-0.047132488,0.093643963,-0.13373157,-0.070097029,-0.047837242,-0.083686262,0.1879223,1.0720886,0.14865068,-0.03065896,-0.027805012,-0.26591015,-0.17623441
0.14718033,0.16269669,-0.048683722,0.12492139,0.061295267,-0.014186842,1.1201764,1.1897341,0.83895129,0.91685069,1.070973,1.0486481,1.1104903,1.1055321,1.0241477,0.039433442
-0.10018992,-0.064474568,-0.090755731,-0.14325412,-0.050675318,0.046422049,0.032857012,-0.057237517,-0.060074545,-0.065058358,0.88887781,0.31826872,0.080216482,0.13858521,-0.026697356,-0.19034496
-0.096469335,-0.081972867,0.035635151,-0.26499537,-0.18811244,-0.10004842,0.12778504,-0.13339978,-0.13170223,0.07956636,0.83033019,-0.1040801,-0.15856186,-0.28613102,-0.091503717,-0.054128304
-0.082049154,0.19594617,0.11649588,0.099608809,0.091891564,-0.012282898,0.0570556,-0.087614119,0.17667374,-0.19811107,0.9915151,0.12217729,-0.15959248,0.15249313,0.14822063,0.1290049
-0.18070474,0.059865601,0.024042334,0.12727708,-0.10569488,0.12595573,0.063296266,0.00039226178,0.070413373,0.10639792,0.97954905,0.028672282,-0.063130997,-0.030003792,-0.063795961,0.17902671
-0.0019468957,0.16879553,0.063021898,0.089506231,0.040954065,-0.28059351,0.1073759,0.043006439,-0.08144363,0.072102122,0.079371661,-0.10985793,-0.11390195,0.041015878,0.011918922,0.20726886
0.076332055,0.049947087,0.22049542,-0.033423044,0.068434931,-0.16612263,0.17747721,0.054331791,-0.065160602,0.29360136,-0.10233235,0.13796735,-0.024574762,-0.21783303,0.10002891,0.032823693
-0.22815607,0.003511637,-0.015512506,0.019014524,0.0849154,0.11666429,-0.051083624,-0.056175053,-0.057133075,0.14307509,0.17086473,-0.12398887,-0.11524724,-0.082808502,0.012550637,0.15218298
-0.046099018,0.034957908,0.10107058,0.071762905,-0.081032038,0.091675863,0.11090773,0.064814977,-0.10718208,0.016447783,-0.089460105,0.013428016,0.24733339,-0.084295496,0.10127663,0.1194827
0.070270725,-0.086241469,0.13571998,0.056050532,-0.21140616,0.018667059,0.15961118,-0.067758612,0.2348994,-0.1345627,-0.001710863,0.16609494,-0.079620942,0.12965101,0.12513272,0.040402383
0.14442502,0.080161206,-0.039385054,0.11007217,-0.12854601,0.34978992,0.18262811,0.092851318,-0.032382119,0.018302565,-0.019174086,-0.0045135124,0.13224737,0.049645774,0.066574387,-0.055312235
-0.070810415,0.10340814,0.22499038,0.091961369,0.024144873,-0.01855378,-0.27419841,-0.053213347,-0.0038953242,-0.12444586,0.0027724605,0.082947016,0.16842306,0.0039362214,0.1152474,0.1221467
0.071892202,0.026868057,0.014983767,0.056907676,0.088885516,-0.19467318,0.21677434,-0.075791255,-0.0080750482,-0.15423749,-0.11431324,-0.057813153,-0.099385798,0.13081479,-0.018895702,0.061122142
-0.17990975,-0.21338136,0.092011958,0.053675115,0.018424146,0.12037452,-0.061632663,0.092255145,0.10411917,0.058316063,0.036151771,0.071056478,0.042246196,-0.036535446,0.058677141,0.26426896
0.10159909,-0.18258785,-0.10284782,0.12852499,0.078708485,0.18248168,0.031204864,-0.054092627,-0.040117256,0.082862996,-0.2298649,-0.050542776,0.0028526038,0.10648812,0.093475953,0.096795425
-0.0082309926,0.092911758,0.12483527,-0.065310173,-0.089420103,-0.13600062,0.023546129,-0.12021664,-0.098851129,0.15180965,-0.077318728,-0.08076641,0.043580741,0.031307228,0.091291532,0.017653191
-0.11998001,0.017857509,-0.12342734,-0.036451831,-0.17280029,0.1577177,-0.12537812,0.14729781,-0.0010542773,-0.016242048,0.080539204,0.29988536,0.14086188,0.017570406,0.058534306,-0.040454336
0.10130545,-0.029891338,-0.054941598,1.0676825,0.77216488,1.1097208,0.81196076,1.0687991,0.090852693,0.10251072,-0.098883577,0.072420754,-0.25238347,0.061829016,-0.15338239,0.038107052
0.0033405274,-0.055387851,-0.33557925,1.2319031,1.0333622,0.99009657,1.0570563,0.96077561,0.008027954,-0.044313096,-0.13396613,0.16482124,0.087109156,-0.0045739654,0.072252229,0.27435431
0.045624446,-0.0046382141,-0.007273335,1.009513,1.0560982,1.0207764,1.038978,0.70629758,0.096880838,0.01648616,0.10069246,-0.11282161,0.030344309,-0.23262046,-0.11149268,0.20116265
-0.071371548,-0.087975241,-0.066029236,1.0262173,0.97440916,0.96895438,1.1170797,1.1601657,0.1492759,0.058821909,0.030279197,0.1505097,0.1431722,-0.05096294,0.14559947,-0.18065195
-0.1205077,-0.02186624,-0.12172657,1.1257962,1.1389843,1.1212471,1.1284786,1.0871034,0.227199,0.019481396,0.081821606,-0.18661232,-0.078277372,-0.021017974,-0.022302624,0.050769102
-0.10593586,0.014565976,0.03638494,-0.084113196,-0.0090574445,-0.21447623,-0.034875199,0.27386209,0.04837602,-0.015277739,-0.064813495,0.063655019,-0.062358171,0.15561242,-0.016768061,-0.065641195
0.062745228,-0.090136476,0.15811619,-0.04839848,-0.0050309673,0.063708268,0.088368714,-0.18417586,0.322568,0.1596307,-0.22626476,-0.1677725,0.066501476,-0.030657696,0.16244796,0.051436111
-0.23961847,-0.12441277,-0.0051271813,-0.14208315,-0.18134779,0.023748117,-0.074225917,-0.16553193,0.042168058,0.048698138,0.019091092,0.18010727,-0.019449933,-0.15046003,-0.019547878,0.18307757
-0.072156087,0.094873026,0.077257812,-0.071530707,0.0031564082,0.16448705,0.069519565,0.19066699,0.05648122,0.13252625,0.1739776,0.041795783,0.020749602,0.2100758,0.10118245,-0.17359275
0.14023101,0.16496634,0.049835201,0.068077445,0.12345656,-0.096295029,0.04943078,-0.066080816,-0.070538223,-0.19719893,0.057349224,0.075570635,-0.064957187,-0.11257582,0.018000847,-0.037207916
-0.16734676,-0.02896494,0.098245196,-0.13758773,0.13909103,0.0050905719,0.22636446,0.2035058,0.16953659,0.068938605,0.24061288,-0.027357994,-0.049077637,0.15259746,0.0097754747,0.094047979
-0.082994044,-0.15099958,0.0040286384,-0.010949103,0.021813372,0.055948962,0.069118455,-0.15139362,-0.13816945,0.10821334,0.0034854184,0.14154929,0.084086806,0.10052872,0.0087288888,-0.04643853
0.021707125,-0.1781349,-0.02322549,0.12566303,0.027882855,0.20039764,1.0454639,0.12854163,-0.013063327,-0.033094723,-0.2147058,0.011853898,0.079189658,-0.091785468,-0.039078724,-0.049025815
0.037523385,0.20986421,-0.07451275,0.10362465,0.1091374,0.086898759,1.0360658,-0.10447298,0.12634382,-0.0050390624,0.16295344,-0.0056633409,0.071825132,0.022227155,-0.23527747,0.011308033
-0.075995564,-0.039528716,0.091866069,-0.040270682,0.088938043,-0.32052401,1.0257977,-0.066438355,0.18869422,6.6140827e-05,0.047867425,-0.040640559,0.089097552,0.1623036,0.012713953,0.15625459
0.019883415,-0.033796333,-0.1299645,-0.13153654,0.072038636,0.10003686,1.1514904,-0.031811778,-0.20218937,-0.033424824,-0.0046504089,0.058968835,0.10211581,0.070623904,0.019870298,0.088379718
0.10065064,-0.15816353,0.92577803,1.0039954,0.98433214,1.3369437,1.0790992,0.99052948,0.95198083,1.2752069,1.0103161,-0.15443173,0.10216856,0.18992764,-0.10332433,-0.12620921
0.063214958,0.15741068,0.022125609,0.07785885,0.084803365,-0.11279725,1.0600179,-0.040486239,-0.024775436,0.26417199,0.05897142,-0.092636988,-0.027817894,0.010138161,-0.0078920973,-0.020588653
0.12900105,-0.12654668,-0.089757808,0.0022958671,0.11170611,-0.17164165,1.1829395,-0.034555875,0.33888009,-0.0048608319,0.0069235517,0.046936773,-0.13854547,0.049717534,-0.19715291,0.24208027
-0.083845071,-0.068933167,-0.12479728,0.16805665,0.084874406,-0.06586042,1.1120085,-0.19893917,-0.12401276,0.012138098,-0.21870409,0.11915838,0.096799888,-0.019737817,-0.089836217,-0.065530941
0.04838774,0.016958252,0.034280721,0.091378994,0.18105541,-0.060386527,0.99400192,0.13748766,0.021087004,-0.016810251,0.20101885,-0.026266098,0.10716112,0.035646293,0.026344821,0.011724744
-0.069906488,-0.037195191,0.15834346,-0.087902948,0.12887263,0.036785044,-0.14557248,-0.094475158,-0.065728061,-0.0085793342,-0.26219526,0.18441276,0.010027119,0.078717142,-0.19271727,-0.043969885
-0.012983328,0.026228281,0.077753216,-0.019879187,-0.13073015,0.21409813,-0.15782011,-0.008235462,0.13889411,-0.015492447,0.095908493,0.018712588,-0.24752878,-0.16264431,-0.1463109,0.10600831
-0.093950555,0.075182162,0.12017911,0.076777071,0.045108065,0.013033438,-0.081630543,-0.012117058,-0.075769797,0.18704094,-0.066226855,0.079099268,0.0033713202,0.036753375,0.013031356,0.19720979
0.20980386,0.91695613,1.1973773,-0.16685089,0.16343455,0.10751309,0.20741828,-0.011509004,0.026010696,-0.17481978,0.073778436,0.092773959,-0.06708061,0.13192126,0.12782352,-0.054069862
-0.18785097,-0.01957923,0.91307932,0.93712533,-0.074456602,0.10270174,-0.10078849,-0.059571244,0.11581918,-0.23184073,-0.041162193,0.1388738,-0.18862113,0.045805145,0.081021771,-0.15425773
0.087093987,0.1164757,-0.070556194,1.1671067,1.0489917,-0.12192987,0.2011447,0.13793612,-0.27799016,-0.057561774,0.028902253,-0.1352088,-0.048569545,-0.14094548,-0.24188833,-0.2439356
-0.079971462,0.0049942071,-0.053558286,0.068595745,1.0813186,1.0283287,0.031129923,0.12073909,0.010124416,-0.016126078,0.13933043,-0.077782527,0.10453387,-0.05473417,0.04035157,0.079357639
0.15364088,0.099781439,0.047100477,0.065345556,-0.10410296,1.0368508,0.93360931,-0.10826366,-0.090870157,-0.1632209,-0.07923796,0.0089063672,0.086353958,0.029660236,0.11868982,-0.18365291
0.019893108,-0.040595509,-0.12609126,-0.031666558,-0.01830853,-0.13270777,0.96700084,1.0384068,0.034762211,0.03011575,-0.13638234,0.077278852,-0.14772736,-0.2072636,-0.13690279,0.15083133
0.0055404017,0.14024791,-0.033713724,0.059330493,-0.27582112,0.072333053,0.043203592,1.0680294,1.1291546,0.2223798,0.18321182,-0.065341637,0.051025648,-0.022415224,-0.20166321,0.060079873
-0.12857312,-0.11907493,0.050376698,-0.18652417,0.010760349,0.04228209,-0.18457493,0.057101436,0.90240234,0.94399244,0.13396759,-0.040213101,-0.12233138,0.071958728,-0.024175016,0.049333293
0.053391732,-0.12871538,0.0031084071,0.070663773,-0.05378459,0.028851092,0.040663414,0.011667422,0.20064951,0.92088544,1.2695537,-0.0068315309,-0.014169683,-0.037679926,0.0067101931,-0.04867582
-0.0092751393,0.049929913,0.02744972,-0.042176347,0.10305645,-0.058787227,-0.21348409,-0.07370016,0.14361911,-0.1414059,0.97022116,1.2939357,0.047443599,0.13317727,-0.0084236767,0.12704138
0.21920709,0.05903405,-0.19090092,-0.035074715,-0.03222952,0.33192393,-0.058875348,0.18305133,0.044059403,0.11634421,-0.11848924,0.99440259,1.0025866,0.012367786,0.19580157,-0.13980348
-0.10381824,0.0050609577,-0.043490302,0.045597311,-0.3531419,0.020338846,-0.081299521,0.13406941,-0.027245633,0.16010162,-0.10727386,-0.15191534,1.0410033,0.82020319,0.048237681,0.12953845
-0.16750704,0.19789417,0.19190712,-0.1658828,-0.16817886,0.12302937,0.020137073,-0.095365994,-0.011610229,0.041792963,-0.10207593,-0.10268259,0.015200979,1.1960342,1.270043,-0.00043599424
0.018319812,0.0682889,0.16743469,0.26792234,0.046958383,0.043721527,0.048066676,-0.14156322,0.17246042,0.27386492,-0.10659982,-0.058471508,0.085412927,0.0018530444,1.2479644,0.90677303
-0.046388913,0.078649126,0.015023361,-0.11563942,0.087803192,-0.21667418,0.0030326149,0.15055659,0.071106218,0.036107633,-0.14754127,0.086037867,0.089002579,0.20071839,-0.053481359,1.041572
0.034641124,-0.11053521,0.064699821,0.025176046,0.12825169,-0.030146642,-0.079809979,0.041299094,-0.32958281,0.06179091,-0.18051709,-0.17764582,-0.17029129,-0.20305337,-0.053438675,-0.098066434
0.043618415,0.033902146,0.12325989,-0.027140699,-0.18292323,-0.037749346,-0.024845568,0.081112877,-0.0030738034,0.24594951,0.1063661,0.065046899,-0.011812069,0.093438305,0.15305595,0.039609611
-0.0044010016,0.019462403,0.094664507,-0.1859173,0.078372106,-0.14855516,-0.093150154,-0.17101257,0.033094775,-0.036935382,0.26713383,0.1373065,-0.018696541,-0.2119475,0.13620351,0.13480642
0.04599205,0.053548705,0.0020738197,-0.0064959,0.20200874,0.14164142,-0.039672725,-0.022775693,-0.053974576,-0.037232105,0.21356307,-0.027531954,-0.073896602,0.01231357,0.09061449,0.025605662
-0.0080464119,-0.073350042,-0.27294883,0.10601924,0.11663504,0.14158364,0.070756294,0.038756624,-0.030625347,0.013744703,0.083823532,-0.04476805,-0.057445712,0.043888018,0.0087527698,0.20083284
0.18031688,0.036569048,-0.14703085,-0.021774668,0.11063957,0.36692208,-0.20538242,0.023471151,-0.013896059,0.13000035,0.018647091,0.14390831,-0.068178907,-0.093830109,0.22338967,-0.15805215
0.07251925,-0.15253392,0.02155976,0.057091463,0.014054286,0.010230824,0.28431422,0.20309432,0.055730056,-0.00079087762,0.11348795,0.073885597,-0.28010222,0.087360762,0.008884022,0.11869387
0.095146559,-0.04088562,-0.21121393,0.029105408,-0.10245431,-0.181098,-0.0057881218,0.094921052,-0.16095166,0.036246736,0.067804269,-0.18560025,-0.19842806,-0.10239755,0.17644559,-0.063272975
0.2060008,-0.052887555,-0.040339518,0.016776124,0.093170531,0.20058049,0.118117,0.049323697,-0.19723949,0.085686676,0.01082917,0.1390294,0.04708403,-0.041396588,-0.16804628,-0.020091217
-0.057826206,-0.053338699,-0.066616707,0.99353129,0.91017276,1.2045096,0.87112713,0.95453775,0.19379216,0.0070961514,0.058458723,0.1045678,0.20773375,0.12994984,0.0055073523,0.091764122
0.00094539358,-0.18474011,-0.15192817,1.1056935,1.1199815,0.9527204,0.86483145,0.93849272,0.13644272,0.062125828,-0.025624476,-0.0066393586,-0.041086055,-0.010983085,-0.13039435,0.25891072
-0.17776005,-0.033384193,-0.098656029,1.0268812,0.87604958,1.033807,0.96815282,1.0137488,-0.012329499,-0.038034365,-0.036754768,-0.19772035,0.12734023,0.021710873,0.13826415,-0.089793704
-0.066118851,-0.053927153,-0.14662547,0.91069305,0.95775062,0.96392184,1.077283,0.77208406,-0.13144627,-0.15104508,-0.15923165,-0.164005,0.034951411,0.060204349,0.20373058,-0.041676961
0.045577828,-0.36551079,-0.0010608565,0.93211567,1.0119284,0.88605797,0.98630548,1.1032234,0.1601868,-0.033673961,-0.06293194,-0.092931725,-0.05221238,0.063761979,0.01433506,-0.051219571
0.15313327,0.039013613,0.077991396,0.19515254,-0.020931991,-0.00069273286,0.031443655,0.030235894,0.069943771,-0.094861239,-0.036684331,-0.021320548,-0.17087638,-0.18849315,-0.042806201,-0.14026903
-0.069296695,-0.12701589,-0.057431486,0.016052093,0.12784806,0.019188376,-0.12736556,-0.21152905,0.27441323,0.029315794,0.15292262,0.17051065,0.17458025,0.084715113,-0.080326729,0.081895217
-0.038498838,0.0038566655,0.01980773,-0.11197069,-0.0042934078,0.058461502,-0.030992014,-0.03371093,-0.11549141,0.053314891,0.12376805,-0.048663773,-0.1003103,0.014415254,0.12366651,0.030776519
-0.12656936,0.010362754,-0.13653623,-0.099995546,0.10644502,0.12547764,-0.21154566,-0.0028602672,-0.16080295,0.2604385,0.037514612,-0.085157737,0.37039202,0.25666937,-0.12982331,0.036839034
-0.064256661,-0.073914275,-0.13931702,0.23374403,0.010299925,0.18429314,0.015528139,-0.1285653,-0.073142007,0.055431079,0.080331206,-0.12432455,-0.062207866,-0.014621396,-0.023015328,-0.13513035
0.1528495,0.26539966,0.059431762,-0.023198625,0.11830986,-0.21276289,-0.16466896,-0.082110681,-0.14522979,-0.10109092,0.12176594,0.24591364,0.17098875,0.074517317,-0.1194784,-0.026682658
-0.036047254,0.266451,0.10070067,-0.014146769,0.0050684758,-0.016844995,-0.001963865,-0.037997846,-0.0082210721,0.007608295,0.31049687,-0.090185076,0.18373449,-0.071117304,0.37431982,0.12753972
0.049593884,-0.050938413,-0.049979474,0.013034394,-0.17390722,0.20017558,-0.13054597,0.072653152,0.17868191,-0.16523282,-0.093723841,-0.1028083,0.16275655,0.10462537,0.016111165,0.074723601
-0.13278343,-0.025202444,-0.0089277821,1.1715611,0.83372951,0.91579658,1.0163289,1.0449022,-0.068488687,0.0087274574,-0.029917063,-0.020578079,-0.075079583,0.0089006098,-0.0070404578,0.022355054
0.17263731,0.10139324,0.041847911,1.0432721,1.0886432,1.1359787,1.1395212,1.0185746,-0.1476362,-0.15924184,-0.00031802178,-0.08556328,0.055574868,0.17758173,0.080631755,0.00067830394
-0.13892533,0.0424527,-0.17367356,1.0422103,1.0470166,1.1488681,1.3278799,1.0288221,0.32624355,0.12810205,-0.071745068,0.032367725,0.051720679,-0.13644741,-0.0051113041,0.018825818
0.18897264,-0.14671075,0.050847046,0.8543945,0.96300209,1.1694666,0.97333932,1.0323942,0.049737852,-0.13116366,0.084520318,0.080342866,-0.030520771,0.20611902,0.26970485,0.16496806
0.086058125,-0.13648088,-0.1109942,1.0715433,1.0663774,1.1654918,1.1376189,1.1222422,0.0012204917,0.089498907,0.03609034,0.029457301,0.04585126,0.10415796,0.22059642,0.054771643
0.019510981,-0.059938148,0.13329294,-0.076709546,-0.23102678,0.17028168,0.28256762,0.019040545,0.043129474,0.030895377,0.11176488,-0.1661908,-0.22959262,-0.063227899,0.18469572,0.059954826
-0.09975674,0.0049562533,-0.069477171,-0.10875794,-0.13576232,0.015739946,0.015486959,0.054067798,0.024759082,-0.11994158,-0.078869119,-0.016950604,0.05255878,-0.081002295,0.12129711,-0.1396683
-0.031662039,-0.2556068,-0.19545914,0.28842878,0.052719887,0.041002996,0.16974235,-0.16562711,-0.094997749,0.094315141,-0.1574969,-0.045512695,-0.31716058,0.054986559,0.18269496,0.095163621
-0.068743728,-0.093784481,0.13987477,-0.36473671,-0.04628982,-0.12241219,0.044025835,-0.11908142,0.050216608,-0.20021796,-0.12927629,0.1124291,0.28860459,-0.11997679,-0.2266981,0.13520844
0.026422529,-0.26230848,-0.077742904,0.014677608,0.033511095,0.12065112,0.07096307,-0.10444939,-0.21896291,-0.0092514893,0.075191073,0.17309543,0.12716553,-0.03646525,-0.081538022,0.17310031
0.10293496,-0.078715689,-0.04269493,0.05878108,-0.2897236,0.084104493,-0.038682196,-0.14717598,-0.15804616,-0.10854151,0.035327822,-0.083972909,0.16742507,0.065687887,-0.036535468,0.16168404
1.0329504,0.11274341,0.0022444644,-0.018390374,0.0089975893,0.1186846,-0.22365187,0.034966804,-0.078789145,0.070582725,0.11206919,-0.13466386,0.036571525,0.12053634,0.14348859,0.065660208
1.0304381,1.1169106,0.039035689,0.027824527,-0.17282987,0.25103098,-0.1020432,-0.12440445,0.10405958,0.11346634,0.081959598,-0.048217684,-0.068114281,-0.21297683,-0.1650427,0.044189006
0.045768168,1.1674515,0.86979449,-0.03351216,-0.1511097,-0.031699888,-0.20388247,-0.026516056,-0.00030769955,0.064690322,-0.074288242,0.014431382,0.15615182,-0.14652507,0.19200432,-0.070192799
0.2230882,0.022217911,0.71162057,1.0289772,-0.11410215,0.26844981,-0.0036959886,0.069376551,-0.077456757,-0.16887477,0.037538301,0.10279443,-0.0032909294,0.12247155,-0.034259614,-0.019395906
0.028739689,0.048415702,0.14008003,1.1126001,1.0127211,0.11973284,-0.083954312,-0.18074283,0.13339286,-0.16634762,0.13345186,-0.047910839,0.2462621,-0.16935843,0.20793359,-0.11278418
0.15774696,0.23694153,0.23885466,0.050121181,1.2153368,0.82532829,-0.1015965,0.063625708,0.087057382,-0.086972639,-0.043563433,-0.089229442,-0.1177955,0.038161837,0.05176302,0.010599457
0.12275817,0.18987207,0.32156637,-0.27566993,0.040529877,1.0836867,0.92717969,-0.12367942,-0.091686405,-0.040518247,-0.13013172,0.14267473,-0.033393022,-0.069289796,0.079140902,-0.27919495
0.092174962,0.12194698,0.040098853,-0.18823098,-0.042061776,0.13013116,0.88855869,0.94612038,0.16393341,-0.0070381267,0.16524231,0.063539289,-0.029541027,0.19394119,0.18802971,-0.02606382
0.015579447,-0.092729524,0.126258,-0.033626407,-0.055547871,-0.038399152,0.095311761,1.0038545,1.0975468,0.09748929,-0.0851091,-0.045003384,-0.010478609,-0.039991368,-0.037842087,-0.058874618
-0.018231494,0.049095888,0.023518497,0.063500576,0.012999309,-0.087560073,0.0173882,0.27402431,1.1333743,0.71926212,-0.078579567,-0.060628291,-0.017781237,0.0039703865,0.18831871,-0.041142996
-0.010154163,0.28700367,-0.069623701,0.029724913,0.10442029,-0.20893782,-0.23156255,-0.18776247,-0.21139869,1.0990551,1.1439288,0.04555238,0.076772556,0.087829702,0.21771729,-0.055366848
0.3703163,0.1395157,0.078883901,0.042954117,-0.052701514,0.11459912,-0.038487386,-0.12942365,0.12438735,-0.11595815,0.98938632,1.2444075,0.039964102,0.14269461,0.059994403,0.29375759
-0.0073460909,-0.17203687,0.050683115,0.017849488,-0.087591395,-0.23849979,0.041052047,-0.0096500218,0.015558635,-0.0055644913,0.0019760542,0.898615,1.0610633,0.0098077012,0.06548965,0.019823844
0.17981651,0.15207182,0.091050804,0.08769469,-0.18057965,-0.16218965,0.028103314,0.063984238,0.082621671,0.053807043,-0.16486628,0.034830995,1.1514338,0.78530425,0.067274995,-0.1258471
-0.13153346,-0.068779349,-0.0052104346,0.19226344,-0.074296407,-0.0089338366,0.049181309,-0.13554223,0.022571761,-0.0093602818,-0.026207983,0.034994408,-0.069412827,0.9930045,1.0804937,-0.052702937
-0.09355846,-0.11415043,-0.11412804,0.070838965,0.056394283,-0.11293159,-0.18502209,-0.072436355,-0.088927351,-0.15780003,0.070685558,0.093592726,-0.1066075,0.20169543,1.3105494,0.98997295
0.066353627,-0.030030107,0.05196178,0.055277225,-0.043829653,-0.127288,0.08040601,-0.053255513,-0.19723862,0.20792529,0.038098615,-0.16252866,-0.0031486771,0.22028819,0.13551496,-0.13323535
1.045287,0.033429008,-0.0012989915,0.1512544,0.17723574,0.062975124,0.023560574,0.050119348,-0.22341326,0.017716952,0.051555838,-0.13604936,0.43978009,0.068941548,0.15779038,0.037092
0.96789724,1.067089,-0.07438416,0.059371747,-0.042689964,-0.035020854,0.042451818,0.017210241,-0.28566825,0.058794878,-0.22404751,-0.033908751,-0.032066755,4.4126406e-05,0.21978141,0.09146332
-0.20807852,1.2474216,1.1576754,0.309286,-0.15940723,0.1095566,-0.0033554262,-0.0050853994,0.27458048,0.010153404,0.067136906,-0.16775414,-0.013807932,0.13764514,0.040764179,-0.15601325
-0.061203748,0.077095151,0.8391633,1.0405927,-0.094080947,0.17549567,-0.24275671,-0.29512295,-0.043087751,0.0052059139,0.061320044,-0.053158827,-0.043962788,-0.15045275,0.043828085,-0.0080506792
-0.11165902,0.066111967,-0.0637362,0.95158237,1.1217648,0.043631934,-0.046885025,-0.03368254,0.11565001,0.13990071,-0.16398698,-0.13097988,0.058719337,0.12845248,0.1327806,-0.090055399
-0.0063434211,0.023599802,-0.17560649,0.071968973,0.92513716,1.1206098,0.1638332,0.15875673,-0.068471089,0.17435302,-0.1508992,-0.013803282,0.078042597,-0.088366747,-0.25339258,0.058719557
-0.10378622,0.045175549,-0.11674344,-0.13445374,-0.08742249,1.0811143,0.87028837,0.027002683,0.071224861,0.043509189,-0.16997662,0.0030375491,0.0387787,0.027003234,-0.16709684,-0.08588022
0.17616221,-0.08949057,-0.011004115,0.20243055,0.010941264,0.089980535,0.855169,1.0349085,-0.26738924,0.063038304,0.26946542,-0.24556525,-0.073631935,-0.10316093,-0.020340091,-0.35488719
-0.097033218,-0.17303935,0.086078286,0.084072545,0.025331974,0.023499554,-0.066179723,0.91027081,0.91022837,0.072719917,0.15718107,0.015219874,0.20889793,-0.19736899,0.012682128,-0.16395149
0.084351256,0.03687628,0.30637422,-0.14646634,-0.06867262,0.059164509,-0.092515342,-0.016596656,1.0799912,0.96107167,-0.10134201,0.14760357,-0.16345242,-0.0068117725,-0.053476192,-0.093316555
-0.025469268,-0.071485192,0.1787709,0.13793747,-0.017827665,0.18768634,-0.017420178,-0.035540856,-0.18547583,0.9155615,1.0764582,0.21729489,0.19693521,-0.15889663,-0.037256848,0.072860435
-0.079252236,0.081399158,-0.12497891,0.043546498,-0.032869976,0.10502188,0.38825771,0.026332241,0.13948575,-0.042061541,1.0796082,1.0226307,0.19571634,-0.0080144592,-0.075123362,-0.085747808
-0.12556824,0.21338704,-0.035051793,0.065234378,0.053222224,0.10496439,0.069153868,0.02027362,0.056458302,0.11396294,0.097355083,0.96647829,0.91705674,-0.15455793,0.053975422,-0.0092085805
-0.090441361,-0.042532511,-0.17609884,-0.013726933,0.072680756,0.047589973,0.034531161,-0.014922608,-0.076250657,-0.055298723,0.14352915,0.027877729,0.82233876,1.0756249,0.12895752,-0.036371399
-0.083275482,0.054236002,0.029609384,0.068084612,0.24330433,0.19855803,0.066784166,0.052852143,0.21897571,0.18902913,0.037787262,0.010136873,-0.3456383,0.97622126,1.1401209,0.11138144
-0.050264031,0.08574044,0.12717755,-0.13864426,0.036271296,0.075525984,-0.03539364,-0.10688107,-0.066918068,0.06688033,-0.072245248,-0.087607272,0.0062061367,0.14488557,-0.00086474221,-0.1914805
0.012456545,0.042745743,-0.065021999,-0.078134626,-0.073157176,0.046653166,0.06210918,0.18751116,-0.070074961,-0.072334908,-0.11960785,0.091103263,0.046692062,0.17052586,-0.13908537,0.070165835
0.060068037,-0.089001395,-0.065159239,-0.0020741813,0.18132982,0.12588716,-0.025363902,0.058989402,0.098741852,-0.09066049,-0.044621829,-0.018584322,0.20128353,-0.13405359,-0.038118292,0.043212365
0.024768976,-0.086106904,-0.15760034,-0.085438453,0.052809544,0.0038859432,0.041893318,0.0040983823,-0.14218195,-0.12623943,0.23760299,-0.019969741,0.010244447,0.25404644,-0.057020023,-0.035109166
0.064546034,-0.099566013,-0.097417206,0.038165063,-0.090861715,0.096595481,0.88432181,-0.027065488,-0.027064959,0.17502232,0.066530973,-0.070426896,0.19296168,0.059056666,-0.11206796,-0.0073459512
-0.027284697,-0.061301019,0.044501051,0.10623829,-0.038156033,0.10559167,1.1193029,-0.2117662,-0.17560878,-0.19792554,0.0061392607,-0.22185671,0.049797554,-0.029146871,0.00043153061,-0.019123301
0.18258825,-0.083390206,0.076929078,0.06990359,-0.11913338,-0.26553524,0.92342979,0.042220175,-0.063216135,-0.040505692,-0.19783537,0.1100582,0.061873179,-0.054508485,0.087094374,-0.24182072
-0.015482378,-0.058828484,-0.049794938,-0.13878977,0.16172802,-0.10377241,0.87979239,-0.040945124,-0.20188023,0.028768545,0.022670139,0.16595061,-0.044830605,-0.07464458,0.12540662,-0.032188877
0.15233211,-0.062984973,1.0172688,1.1144489,0.76906228,1.1076194,0.96118885,1.1600016,0.82374668,1.081959,0.95868438,0.21573697,0.26010892,0.068671867,0.075625144,-0.035747152
-0.010480479,0.00021690188,0.012685101,0.10805991,0.0074140504,0.050002743,0.9102568,0.25962311,0.038558789,0.12707137,0.21035425,0.017095724,0.11753626,-0.15585791,0.086419642,0.023799736
0.015773498,-0.20719422,0.12588914,-0.045909442,0.083919778,0.075039096,0.98441631,-0.048072841,0.014642951,-0.18021464,0.15794426,0.17698064,0.097571634,0.14944226,-0.048365854,-0.19036569
-0.10996399,-0.05438653,0.0066710729,-0.077217549,0.04027842,-0.29059768,1.1796318,0.19813827,-0.15272593,-0.10276926,-0.035129469,0.18234503,0.025976174,0.25577357,0.1942475,0.11700608
-0.08203987,-0.21173459,-0.066482618,0.0080721881,-0.093764111,0.28350195,0.87077069,-0.11983526,-0.044834554,-0.091421515,-0.061986577,-0.077319063,-0.0082470085,0.13022068,0.080048323,-0.044607271
-0.0040298402,-0.077002332,0.05762019,0.062734783,-0.0032773705,0.003260233,0.15586297,-0.12044989,0.14127269,0.22766516,-0.1975657,-0.19777197,-0.094035454,-0.056615803,0.11575245,-0.068311825
-0.057742145,-0.053485408,0.043251086,0.15829836,-0.10172168,-0.10017601,-0.079065368,0.036741771,-0.01966539,-0.051873662,0.23892118,0.12592423,0.043720275,-0.022994433,0.042130869,-0.099701643
0.00030022042,0.11606888,0.26607823,0.0031039976,0.29625651,-0.083045244,0.0018622753,-0.17275403,-0.040822942,0.017573502,0.13542981,-0.012494038,-0.074394122,0.070397429,-0.068552196,-0.054012433
-0.11390343,-0.16685583,0.20466301,0.11268706,-0.0027166191,-0.064139605,-0.045509405,-0.09253411,0.077011719,0.063342527,0.12829101,0.040236536,0.027264712,-0.18419352,0.13079482,0.067230575
0.098892257,0.23160556,-0.054632507,-0.29388258,-0.011265189,0.14055935,0.055784985,0.069816589,-0.053043131,0.060170967,-0.015795615,0.24498868,0.031581115,-0.23892604,-0.16505404,-0.060211774
0.015344705,0.17656013,0.129336,-0.083606437,0.020481244,0.04834776,-0.22589202,0.31715769,-0.087488696,0.12353607,0.077841036,-0.24523373,0.18903035,0.17494594,0.01024579,0.25543249
0.06932731,0.10461851,0.15781151,-0.2204677,0.13875124,0.037035741,0.042818166,-0.1826285,0.1526897,0.061782245,-0.078242078,0.0064079664,0.17188869,0.10453806,-0.066635221,-0.037002038
0.30491605,-0.1718711,0.01813682,0.10778816,0.16177513,-0.11750354,0.15488583,0.050313152,0.0069496343,0.24807645,0.21858254,0.10599399,0.078330807,-0.11906431,-0.094236091,-0.076824337
0.18343611,-0.19215289,0.024087548,-0.20130679,-0.092671186,-0.21153952,-0.1103933,0.1666722,0.057148706,0.095475897,-0.010067932,-0.048684467,0.026579235,0.10780124,-0.15077287,0.094392672
0.0047244523,0.17243509,0.027600681,-0.0010456204,-0.0082728732,-0.12521456,0.062627874,-0.12686612,0.064130805,0.088489808,0.011685298,0.14346044,-0.01424674,-0.017398987,-0.1915002,-0.045983706
0.02419636,0.25134596,-0.1785437,1.0825822,0.94651872,1.0594625,1.2405351,0.92887837,0.17496873,-0.18787125,-0.053889684,0.038183756,-0.13935864,-0.095047623,-0.10429035,0.31867522
0.046189252,0.014813034,0.06652692,0.80924064,1.0530592,1.0086894,1.0220841,0.99551541,-0.011865856,-0.0086368071,-0.062842652,-0.034297816,-0.18167986,-0.041032542,-0.12705328,-0.056729246
-0.20254529,0.058910254,0.068804599,0.9004581,0.79929656,1.118492,1.0634336,1.0552108,0.079751201,0.026623182,-0.046044618,0.14709789,-0.18458854,0.22720052,-0.0013396335,-0.0077651897
-0.16415891,-0.0037025069,-0.079139411,1.0046499,1.1815598,1.1427363,0.99250489,0.96852112,-0.085924044,0.16160221,-0.15040717,-0.011447752,-0.29697767,-0.2073309,0.050574612,-0.045786235
-0.0014353647,-0.0085494677,0.17981964,0.84154308,1.3337042,0.94344139,1.0711457,1.0588236,0.26809201,-0.063410595,-0.0023905325,-0.087483838,0.082794964,0.07475616,-0.18469292,-0.2742033
-0.072027393,0.067239612,-0.12871718,-0.19137608,-0.042973075,-0.090421699,0.091261774,0.0061803553,-0.021157566,-0.098853022,-0.094762944,0.033994105,0.077562794,0.12535042,0.040177573,0.11299128
-0.22678849,0.025957063,-0.040108688,-0.089460932,0.18799441,0.025133578,-0.092245266,0.15064164,-0.028907139,-0.12104154,0.058750819,0.050308123,-0.11887655,0.14549765,0.21088065,0.12216635
-0.080472901,0.16383998,0.15264937,0.019889103,0.14138305,-0.0864508,-0.02214149,0.0090955198,-0.026636414,-0.095692635,-0.2305918,0.12595057,-0.19864018,0.0023636427,0.12727983,-0.061110921
0.10122211,0.25616181,0.093818016,0.15624356,0.11801247,0.13489254,-0.012315549,0.10812502,-0.019527841,-0.21256217,0.22013374,0.068888955,0.036862612,-0.03062699,0.040013567,-0.33696252
0.056723591,-0.055680264,-0.051435869,0.049851116,0.10831077,0.040547851,0.013007753,0.13090119,0.025365245,-0.079558745,0.056064133,-0.0098167947,-0.064802743,-0.23959833,0.05054459,-0.0045938198
0.1525508,0.0019395167,-0.071055114,-0.050798964,-0.12977262,-0.080701925,0.0076175155,-0.038434818,0.01591148,-0.02330672,0.022504782,-0.02348626,-0.047118448,-0.17096585,0.30293736,-0.19980259
0.038950462,0.010829001,0.059772205,0.043678585,-0.14379047,-0.083819814,-0.1144359,0.089946486,0.22264075,-0.026867073,-0.032731913,0.0933754,0.11047731,0.041735925,-0.021007665,0.036304254
0.0093487613,0.015468624,-0.0026853555,-0.023946069,-0.14273857,-0.16203098,0.0061625075,0.096332863,-0.086696833,0.043774612,0.12398546,-0.17026789,0.069011673,-0.11894637,-0.097409502,-0.074351504
0.0644297,0.16528633,0.064813748,0.049968936,-0.089495249,-0.17944044,0.026448181,0.10090533,0.20370598,1.2567692,-0.088072844,0.14907368,0.078868426,0.011805673,0.052479506,0.26286501
-0.18792677,-0.19263315,-0.06764257,-0.086080745,0.051316109,0.00071773928,-0.24385618,-0.23971377,-0.049592048,1.004565,0.18014237,-0.094895542,0.031063577,-0.15270875,0.24770416,-0.13133812
-0.055848174,-0.029176975,-0.017433792,0.059041973,-0.065770559,0.090784676,0.023956997,-0.091185473,-0.061257221,0.96056437,0.012137099,0.099281304,0.086075641,-0.27672672,0.16671205,-0.090710744
-0.095277764,0.028245121,-0.20388833,0.16233155,0.027600951,-0.15440862,0.11109695,-0.2027714,-0.011871023,1.0628116,-0.042474546,0.11829338,0.012122007,-0.22969955,-0.068095639,0.17544286
0.010230839,0.065342121,-0.022546181,-0.072328269,0.007929001,1.1294806,0.95086962,1.0290037,1.0377399,0.84658813,0.98975593,1.053051,1.2042067,1.3262633,-0.07499738,0.1160984
0.11404126,0.18936503,0.048972122,0.328035,0.044695742,-0.023240732,-0.24387689,-0.071933158,-0.09264984,1.0288379,-0.014921186,0.15855443,0.11947285,0.091016136,-0.13650574,-0.045458809
0.20553316,0.10451508,0.026461659,-0.18141888,0.076267742,0.082619436,-0.12406196,-0.30572686,0.088318668,0.88565278,0.1273021,0.014604735,0.12172219,0.049722679,-0.1724122,0.23979674
0.016133629,-0.10361397,-0.23127253,0.12300918,0.15533762,0.1775225,-0.0020207253,0.020229898,-0.13026226,0.73343647,-0.092887573,-0.080385715,0.098430611,0.059525739,-0.02338562,-0.12099431
0.051780578,0.028345458,0.04175251,0.40417293,0.012616184,0.05414284,0.090844445,-0.0058031962,-0.11633372,1.0716451,0.026299128,-0.052101009,0.071701996,0.071198851,0.017725322,-0.007362233
0.084612884,-0.19833495,-0.063890532,-0.12187771,-0.052251596,0.11111083,0.013321934,-0.011128741,0.16887181,0.0027486451,0.12005602,0.11528641,-0.093398519,-0.21362366,-0.058689147,-0.25726777
0.12361395,0.1187906,0.26495668,0.00021810789,-0.067281783,0.17319466,0.043758217,0.023026314,-0.090408236,0.13648129,0.1523568,0.010071442,0.15855056,-0.1385587,-0.079759799,0.025479389
0.020570152,0.014053754,-0.0016202448,-0.12906146,-0.10619773,0.004852606,-0.056817651,-0.051056776,0.032385141,-0.0068796747,-0.089911237,-0.18395621,0.12546782,0.022984911,0.049367011,0.0021163125
-0.16427757,0.044059735,-0.11332569,-0.052677587,0.019625423,0.092742264,-0.23839581,0.080592297,-0.20065172,-0.085191876,-0.075325444,-0.13567397,0.013999513,0.036328353,0.041191995,0.12831214
0.033095572,-0.18543948,0.056892402,-0.051133271,0.019475831,0.11806355,0.035596795,-0.13250752,-0.032595303,-0.075730056,0.0084027871,0.17657731,0.21513902,-0.039129693,-0.0034417834,-0.077130213
-0.12183425,0.016970145,0.18971924,0.0094659692,0.20420854,0.056595378,0.88572448,0.84429944,1.0672891,1.1097112,1.0634885,-0.079812244,-0.064060532,0.13495117,-0.013467146,-0.0035297389
0.16760644,0.041114666,0.011260128,0.086299695,-0.048229344,-0.18725619,1.0956309,1.0782939,1.0275952,0.78187394,0.9746381,0.052224766,-0.022244804,0.014350677,0.1227775,-0.26130226
-0.0076073175,0.047974788,0.12865964,0.10366483,0.069317997,0.099919364,1.2219986,1.18538,0.88769865,0.92515445,0.85316074,0.0072477954,0.15173845,-0.14163572,-0.09314578,0.050302178
0.014132413,0.0018266496,-0.1756146,-0.080415189,-0.0041883434,0.039913349,0.96207541,0.77489901,0.89879459,0.85973555,1.2113627,0.035705626,0.16566855,-0.23213154,-0.21115731,-0.040466152
0.22636834,-0.098920979,0.094537869,0.049261369,0.079239391,-0.066728063,1.0899104,1.199465,0.90567881,1.0462759,0.86081481,0.098776191,-0.09294299,0.24254902,-0.15210949,-0.12321774
-0.090603754,0.043153811,0.059552062,-0.2018822,-0.14674078,-0.09623763,0.21166264,0.0096899346,-0.17236535,0.079814821,0.033313844,-0.044147041,0.22087881,0.022973476,0.011200669,-0.16812268
-0.25975084,-0.061637741,0.019984275,-0.083172023,0.0148819,-0.15065391,-0.1787492,0.22050381,-0.012491928,-0.021112543,0.11549781,-0.019242747,-0.039903693,-0.054686859,-0.0037566328,0.06596338
-0.21561629,0.023066808,0.12324862,-0.092144057,-0.046534669,-0.23070693,-0.0030187622,0.034562819,0.14942881,-0.18392612,-0.090947524,-0.003448766,0.011849595,0.069729686,0.19497553,0.0010435308
0.099187858,-0.10812718,0.072153166,0.3000859,0.016814565,-0.069152787,0.068820938,-0.13608184,0.29904124,-0.0041675018,-0.12313785,0.091752693,-0.12734532,-0.065072313,0.1296991,-0.084540315
0.18415548,-0.20186481,-0.087525114,-0.14438918,0.071961254,0.086248249,-0.011223209,0.18387592,-0.12729159,0.030330256,-0.089832209,-0.16940323,-0.13484842,0.14609067,0.10923047,-0.015662318
0.068854086,0.11211505,0.13613085,-0.081216879,-0.036619954,-0.29859734,-0.076669343,0.072578505,-0.026066031,0.056497321,0.19726159,-0.05546461,0.11534165,0.16630422,-0.014864371,0.17412776
0.13191627,0.15056628,0.12819162,0.22793597,0.019180592,-0.099375218,0.015142011,0.082586855,0.19375047,0.057479654,0.36330038,-0.039753672,-0.22971807,-0.017925583,-0.02609298,0.11726141
0.0012262593,0.056359891,0.052200463,0.065903679,-0.12022153,-0.13638292,0.043038797,0.0069671175,0.067196481,0.093876563,-0.040264815,0.14002386,0.0046114665,0.051900309,-0.023871757,0.008902411
0.0077470145,0.20008381,0.13994013,-0.13752764,-0.0067967093,0.042724658,-0.043768946,0.057387728,0.15045293,-0.046952285,-0.06236596,0.017177939,-0.11566251,-0.0039327238,0.0063662282,-0.026107986
0.090324476,-0.033628307,-0.01729472,0.12325893,0.071539037,-0.053968631,-0.04593984,-0.035627209,0.012905798,0.04680302,0.10556828,0.096181221,0.10549504,-0.13397005,-0.17102638,0.035151914
1.0414566,0.011214294,0.042107511,-0.068951316,0.0019300382,0.050844904,0.21326379,0.25255951,0.10117479,-0.16075215,0.054798871,-0.18620919,-0.002542506,0.17405644,-0.028323861,-0.030843729
1.1034734,0.9885596,0.10415463,-0.014859454,-0.031092338,-2.4490622e-05,-0.20722018,0.015070908,0.0047226716,-0.12810838,0.05827073,0.20051958,0.029295381,0.032107551,0.21157961,0.02084602
0.018579774,1.1049744,0.74544811,0.035154451,-0.065077677,0.037381582,-0.068406411,0.078755774,-0.042035893,-0.058002193,-0.08694531,-0.029276304,-0.094285995,-0.061956525,0.13838679,0.0044973465
0.0035420631,0.075372286,0.89122069,0.84665895,0.14323717,0.20391554,-0.017905578,-0.13083638,-0.10592385,-0.051852543,-0.067491248,-0.29554567,0.12887941,0.0050958139,0.19956897,-0.14400579
0.22157504,-0.12907296,-0.10890372,0.95495844,1.08646,-0.093445279,0.17348452,-0.081641585,-0.030425537,0.12201814,-0.029702926,0.08925838,-0.10630704,-0.24660218,-0.04912886,0.067386597
-0.054512534,-0.038975473,-0.082050703,0.030790707,0.92936856,1.2826849,0.00281039,-0.07151854,-0.079814859,-0.029043842,-0.10084392,-0.15347353,0.13534226,0.23253803,-0.09626662,0.074940771
-0.013603868,0.11304328,0.061852485,-0.019167503,-0.10909398,1.0831156,0.94387513,-0.026015913,0.12720294,-0.013301655,-0.137401,0.025024381,-0.076080568,-0.024176441,-0.033953264,0.080810159
0.0017546092,0.07062313,0.020609073,0.10531607,-0.11259812,-0.31121081,1.350588,1.1092952,0.069256335,0.035240576,-0.10979077,0.12512983,-0.067279719,-0.0088281427,0.0079589691,0.14936972
0.046459101,0.10350776,-0.057689577,0.061026208,-0.11926035,-0.059775025,0.13525398,1.1055232,1.2047147,-0.18910335,-0.021061126,0.15683901,0.089623973,0.088636912,0.087569036,-0.091388613
0.0074902512,0.11200262,-0.23157094,-0.034499027,-0.075723857,0.16728935,0.077838138,-0.21074231,1.0867032,1.0616339,-0.015944639,-0.092817932,-0.0099750087,-0.068266459,-0.16891745,-0.14608462
-0.12731069,-0.11105756,-0.14258836,-0.086772986,-0.085693367,-0.01458126,0.16232572,0.12438011,0.05127015,0.85450464,1.0402725,-0.097255036,-0.25370193,-0.048372932,0.0029367958,-0.066406719
0.018361509,-0.027360026,-0.052502681,-0.084408574,-0.078706197,-0.024530938,-0.12197657,-0.17361923,0.035475388,0.11373137,1.0133674,0.96968555,-0.06123428,0.085612684,-0.011030185,0.13342471
0.078938469,0.023040432,-0.12161777,-0.019297145,-0.1093523,0.038780637,-0.050247248,-0.14861378,-0.2396972,0.056093324,0.0098669361,1.1370701,0.90076429,0.19820532,-0.047250405,-0.14442025
0.11467566,-0.018369026,-0.02562586,-0.12254135,-0.20926106,0.19575173,0.12684444,-0.18818516,-0.090059236,-0.10463971,-0.008499193,-0.069780082,0.95731735,0.94890648,0.029270429,-0.04288356
-0.17408115,0.1435155,0.016215399,0.26161426,-1.5000018e-05,0.094309449,-0.078669667,-0.049115386,-0.0047821668,0.21557176,-0.10913458,0.17054388,0.20247017,0.71727169,0.93175197,0.0085531399
0.030847782,-0.0096734995,-0.12098858,0.21393374,-0.086456917,0.1221756,0.026680546,0.035388846,-0.053485285,0.25597233,-0.1106583,-0.12613867,0.10945113,0.42133495,0.16973713,-0.027285308
-0.06317272,-0.04202136,0.049194153,-0.13474911,-0.019308737,0.062930577,-0.0051716608,0.11234983,-0.16138013,-0.082711376,-0.099716611,0.096625887,-0.15931055,0.030556373,0.083196357,0.076892778
-0.020756081,-0.04109519,0.070526108,-0.013612588,-0.041210778,-0.18957283,-0.25381997,-0.030172218,-0.042009007,0.074086405,0.14319868,0.035873234,0.048594922,0.041315891,0.20680693,0.081040703
0.036570679,-0.0018363206,0.092473239,-0.13749141,-0.0602253,-0.12365618,-0.098603338,0.20208614,0.14445634,0.16262193,0.041293088,-0.082205981,-0.067355931,-0.19812812,-0.2839244,0.031270225
-0.08649604,-0.060468405,0.16120088,0.080034226,0.049913608,-0.14900561,0.042238403,-0.10802844,-0.11605779,-0.16528639,-0.050773166,0.24076338,-0.22072589,-0.056718435,-0.070068456,0.11179186
-0.06139145,0.020687731,-0.029004464,-0.15645599,-0.024100371,-0.10973516,0.031005543,0.12193026,-0.092723712,0.012505639,-0.11819322,-0.044837132,-0.031183431,0.11017939,0.14886312,-0.00013848071
-0.07157962,0.010731294,0.12455878,0.18533117,-0.16596577,-0.1263594,1.1434517,1.0656524,1.2368456,1.0028796,0.92159015,-0.0092354082,0.13119687,-0.1080782,0.099990129,0.1450415
0.078001425,-0.1019304,0.14487387,-0.03835775,0.026181947,0.016023984,1.1948875,0.92640275,1.0539441,1.0491334,1.0472311,-0.094559528,-0.1486547,0.024174262,0.18403023,-0.017102938
0.14890888,-0.073132254,0.057449259,0.043307122,-0.063065961,-0.071646295,0.92689472,0.92655909,0.86182404,1.1531767,1.0087833,0.064816393,-0.16312687,0.028819256,-0.092709593,-0.16813137
0.082350135,0.018433489,-0.21458378,-0.079163544,-0.11038679,-0.16285264,0.77965319,0.83058757,0.94760096,1.1128349,1.2491516,0.109267,-0.051447202,-0.10828674,-0.095537074,0.0027601193
-0.18180877,-0.32561818,0.12839954,0.035056759,-0.095157802,0.22127165,0.94349408,0.94167405,1.1447874,0.77224392,1.1841657,0.051611226,-0.28703231,-0.045450814,-0.11721224,0.14307296
-0.008886179,0.089049771,0.09913104,0.069636151,-0.13939239,-0.05209361,-0.00302003,0.028908139,-0.0026624445,0.048410375,-0.20361339,-0.041593153,-0.23809169,0.14678678,-0.060573272,0.20739831
0.032634195,-0.0092749381,0.12524794,0.17773645,0.0038370038,-0.25464758,-0.030368207,0.11154349,-0.027466159,-0.074625641,-0.18993948,-0.0079620136,-0.055589035,-0.070796609,-0.028471801,-0.13937594
-0.058064472,0.088090867,-0.22085963,0.022389762,0.0024628723,0.09388721,0.13101108,-0.10605968,-0.093523562,-0.1012446,-0.021595428,0.12025106,-0.081048377,0.14503554,0.19979924,-0.027938282
-0.031384226,0.068259619,0.20012954,-0.07386037,0.12332967,0.083742991,0.02246394,0.19861048,-0.038902324,0.18885607,-0.025490295,0.17932278,0.011003252,-0.013831299,0.018627321,-0.14520493
0.092666216,0.16594657,0.047292594,0.0060354881,0.0010210754,-0.20784704,0.063520618,0.13464847,0.10170616,-0.013126041,-0.00643611,0.024226313,0.18910466,-0.24113414,-0.12371517,-0.25243708
-0.11885376,0.85887623,0.93035257,-0.054204311,-0.01904323,0.00033093104,-0.1727677,-0.0064628967,0.23113723,-0.34248808,-0.0018269778,0.21419713,-0.066537909,0.033285584,-0.15142001,0.011383618
0.016099744,-0.19649845,0.91381115,0.75974834,-0.086919591,0.1045395,0.056371301,-0.13981371,-0.074581414,0.018761203,-0.050193645,-0.050767355,-0.0052987235,-0.035055984,0.17236328,-0.065006033
0.20487213,0.061931849,-0.048244532,0.98665643,0.83661312,-0.10278616,-0.26337656,-0.064132974,0.083378896,-0.22167201,0.1548083,-0.13318956,0.45890358,-0.068407916,-0.030475626,-0.13487662
-0.066166908,0.016847096,-0.16299175,0.011979135,0.93559432,1.0951829,-0.054003831,0.20240961,-0.20515992,-0.24325562,-0.0036164082,-0.080528252,-0.054544803,0.062750258,0.13188939,0.0084812557
-0.040518843,0.092043914,0.083484173,-0.28002423,0.17299724,0.81785536,1.0569433,0.0059003597,0.33066645,-0.039089758,0.05353751,-0.014773173,0.12045524,0.19017507,-0.019364772,0.054666284
-0.021744667,0.12098904,0.25611988,0.059075728,0.18685427,-0.0017959592,0.90296823,1.0368567,0.1767081,-0.19691591,-0.10751132,0.049596649,0.16814932,-0.18922468,0.06217498,-0.039288346
0.15890867,0.06371738,0.0046169935,0.15932605,-0.10088356,-0.075906664,-0.064455867,0.98367107,1.019097,0.0075887344,0.064919807,0.037030727,-0.012523443,-0.16053173,0.054058995,-0.055520456
-0.21427262,0.12290278,0.14577688,0.1774949,-0.016568877,0.14860091,0.093904369,-0.07396403,0.92397135,1.0517508,0.052135836,0.21721976,0.066734187,-0.057323262,-0.082872793,0.031246953
-0.057615019,-0.098660246,-0.030828504,-0.35993242,0.11120042,0.18195282,-0.088428102,-0.17601442,0.056885708,1.1668051,0.94225782,-0.10912623,-0.15701218,0.023699086,0.10360563,-0.076737352
-0.11408467,0.2790148,0.03270017,0.024296261,0.033876617,0.028223185,-0.12440839,0.041568946,-0.18120769,-0.037619323,0.94145077,1.0307256,-0.0030506803,-0.018395249,0.17928998,0.15303424
-0.098205045,-0.035016079,-0.25449857,-0.030232146,0.17423631,0.15372111,0.10091574,-0.21216178,0.046464644,0.28057349,0.10654989,1.0483451,0.96424454,0.081670649,0.23338218,0.2630513
-0.098132424,0.074806415,-0.15798931,0.0075632893,-0.09127374,-0.11951147,-0.14353724,-0.20552149,-0.14902367,0.14916585,0.056677047,0.036058508,0.99002033,1.0130081,-0.097042754,-0.048501763
0.22073312,0.063135199,0.083973445,0.035981428,0.081400774,0.13899958,0.13353293,0.14139731,0.074171476,-0.17861632,0.0048078266,0.07476905,-0.026012294,0.98823845,0.86701769,0.067339562
-0.035579052,-0.087356001,0.13422649,0.011252183,0.023349479,0.19871841,0.15160903,0.038515702,0.041374568,-0.096611157,0.17009078,-0.078265838,0.11147095,-0.087567851,0.84795892,1.0653327
-0.052979674,0.20676425,0.075162493,-0.047123216,0.089530826,-0.066399589,0.018358171,-0.0021613019,0.11490064,-0.12322613,0.019720005,0.050768189,0.026739584,0.11741893,-0.086012535,1.0660295
0.013037582,-0.085888043,0.12777448,0.080580443,-0.1730981,-0.08369758,-0.1587221,0.0043576895,-0.054279078,-0.16026886,0.11114444,0.1470907,-0.21662676,0.13946421,0.090706415,-0.073848628
-0.094153553,0.78358746,0.94373608,0.041115627,0.13362812,0.062070504,-0.18501833,0.0069419872,-0.19958925,0.032322139,0.17174225,0.027736008,0.16019794,-0.12729132,-0.063084878,0.028076313
0.065817222,0.38122773,0.92781436,1.0189773,-0.19508687,-0.0066014673,0.060780857,-0.059675965,0.035386212,0.21626817,-0.10940952,0.015722785,0.12148924,0.15212196,0.12289832,-0.26131961
0.093553223,-0.013619523,0.13281064,0.95258057,1.1975507,-0.17123586,-0.067988835,-0.10076442,0.058269601,-0.012723716,-0.13307793,0.29779714,-0.039962828,-0.055144452,0.1259713,-0.17609537
0.13803078,-0.26678696,0.15694608,-0.20362322,0.94512171,1.1473967,-0.085385382,-0.059288811,0.0057249484,-0.10387526,0.04526677,-0.011519188,0.16800986,0.018567825,0.12598391,0.068006732
0.21420996,-0.02080298,-0.1560024,0.11238661,0.1446207,0.93898517,0.97953826,-0.014980501,0.017674295,0.054473616,0.24149308,0.0063272319,0.0062971152,0.020039851,0.28211126,0.049023729
-0.14071122,0.116994,0.059137721,0.011905926,0.067474298,0.014421894,0.78376698,0.983971,0.088091873,-0.12725191,-0.14834195,0.13581435,-0.075656027,0.077683456,-0.087726854,-0.096282728
0.06845805,-0.058068909,-0.036032304,0.18293571,0.16115999,0.022859395,-0.13117018,0.89923108,1.098192,0.11598561,-0.053605497,-0.14326183,0.22031249,0.14666483,-0.05520495,-0.02001573
-0.0010413931,-0.044147819,0.021487329,-0.054453067,0.034540098,0.036036603,-0.16441195,0.020089513,1.0354711,1.1507837,-0.12624685,0.10336453,-0.0055995272,0.13508919,-0.072447084,0.055838164
0.11191897,-0.18620561,0.0047313096,-0.10976641,-0.055111714,-0.044243321,-0.22743599,0.0075256852,0.11080056,0.94468105,1.0326711,-0.10455653,-0.034554798,0.1358404,0.10924979,-0.2729196
0.22111104,-0.11498377,0.19800262,0.082388356,0.02318999,-0.22126138,0.15997159,0.083391465,-0.15639223,-0.026106011,0.83410627,0.99395299,-0.025076706,-0.085692048,-0.11124636,-0.14220354
0.043017574,0.14535369,-0.10570326,-0.036299415,0.024552304,0.2625564,-0.16636279,0.11980683,-0.0027404539,0.059770811,0.074844956,0.87927538,0.81179035,-0.20596281,0.0028702645,0.24059884
0.10424583,0.039789725,-0.016330758,-0.16524276,-0.058064688,0.13047606,-0.20125349,-0.14097913,0.049966492,-0.23241144,-0.22989322,-0.029928179,1.0739312,1.0751588,-0.21444941,0.015567617
-0.087502934,-0.042653773,-0.30247396,-0.030335389,0.039102107,0.20242265,-0.014373121,-0.18269841,0.058156375,0.040178664,-0.087396674,0.12914561,-0.23496516,0.85657209,1.3356415,0.12758403
0.12279824,0.00064785592,-0.0055993358,0.1647265,-0.0076300083,-0.067412846,0.22006537,0.056133054,-0.20932709,0.10275099,-0.028915944,0.21235423,0.081892379,0.17637019,1.0314018,0.91823536
-0.12878932,-0.036071163,0.0016885542,0.10337996,-0.049597844,0.055635307,0.16601019,0.058305778,0.02545874,-0.095329382,0.1757562,0.038794734,0.056587782,-0.050243061,0.0058519421,1.0746791
0.079866409,0.10474589,-0.050543763,-0.045615103,-0.18150343,0.1172386,-0.04296878,0.048306603,0.070550688,-0.20373866,0.089767866,0.020281265,0.19811812,0.045685172,-0.039972004,-0.0038363743
0.019613313,-0.010376801,0.26114282,-0.1534798,0.11298925,-0.096629664,-0.022396719,-0.054964051,0.076119028,-0.00868141,0.077647381,-0.09079238,-0.12393652,-0.13953011,-0.2377518,0.18197174
0.0014237665,0.2899043,-0.13866057,-0.07498794,-0.037663482,-0.12687659,0.10826205,-0.042328645,0.034628976,0.11312738,0.065384373,0.045361258,-0.021755684,-0.094927348,0.00057971961,0.10684135
-0.015923593,-0.16828564,0.015068414,0.150287,-0.093417257,0.044471651,0.012165151,0.041841496,-0.0027369342,-0.13095343,-0.092558816,-0.13380754,-0.17741503,0.01366764,-0.044524848,0.095154218
-0.12113573,-0.21069072,0.0051320875,0.1780207,0.11407565,0.099837773,-0.13378969,-0.077273205,0.32010007,-0.060971148,-0.0041616736,0.0077359998,0.04176037,0.12458302,0.1139162,0.055670932
0.13033898,-0.043393061,-0.02386093,0.020260528,-0.18831894,0.23616138,-0.052100923,0.079576544,-0.059522532,-0.10955078,-0.07262259,0.067832246,0.051052991,-0.040118407,-0.14914729,0.04697828
0.03535891,-0.17556632,-0.054177828,-0.20468311,0.99274617,1.1495546,1.0095929,0.88292438,1.036055,0.15768324,0.03216118,0.064984031,0.033986297,-0.082226053,-0.17846161,-0.010329661
-0.085270368,0.088626593,0.23406717,-0.060667537,0.98267311,1.1085483,1.1282791,1.1066389,0.99028391,-0.099084832,0.083678454,-0.034310821,-0.023501286,-0.073317535,0.017723192,0.084521346
-0.093752325,0.0015058181,0.051042031,0.21569873,0.85905373,0.75703984,0.92199147,0.98098326,1.0942253,0.18252119,-0.089095794,0.026954863,-0.10254203,-0.11278942,0.026689403,-0.056147989
0.032100558,-0.19150884,-0.099496126,0.072937936,1.0157579,1.1184063,1.1191498,0.85652816,1.0942655,0.20915802,0.010613924,0.093824022,0.0065144547,0.1212402,0.089686148,0.097326539
-0.037392139,-0.20202166,0.1052635,-0.051291112,0.68860477,0.99178547,0.9233942,1.0012344,1.0595177,-0.023523422,0.10024446,-0.066281006,0.18373391,-0.14400269,-0.080879681,-0.031606521
0.048178382,-0.09810663,-0.23151362,-0.11531381,0.012098378,0.17859805,0.11848516,-0.0097754449,0.17746994,-0.13364165,-0.0040576868,-0.11099187,-0.17619325,-0.16765833,0.019471146,0.042577077
-0.13520783,-0.038099498,-0.15321456,0.061141387,0.11320873,0.080284894,0.17628221,0.11829042,0.19085807,0.10438699,0.031409983,-0.1530617,0.1586301,0.027781118,-0.023995049,-0.065338068
-0.05439521,0.052218311,0.1380602,0.07929717,-0.083992213,-0.033141959,0.061110821,0.12785044,0.12442453,-0.00056574412,-0.0084718857,0.14690968,0.068324201,0.071972057,-0.1093284,0.046943013
-0.093330018,-0.11224043,-0.015584849,0.23835777,-0.081009097,0.00614439,-0.099705599,0.0096217562,-0.18759963,0.30490822,-0.1246723,0.055874459,-0.059246287,-0.2285369,-0.10699737,-0.1459602
0.0018668385,0.090500489,-0.21751407,-0.036609575,-0.15787439,0.14822014,-0.025892364,-0.034836572,-0.024244806,0.17077643,0.0018351857,0.036477566,-0.15690093,-0.22886065,0.017155608,-0.1510423
0.074577644,0.037974868,0.041661788,0.025740085,-0.12397891,0.0038057468,0.025211141,-0.0048463214,0.045010023,-0.039424308,-0.11369514,-0.0037726359,-0.15231006,-0.17158027,-0.11529525,-0.075528093
0.090595677,0.029954696,0.10236919,-0.11766171,-0.023437619,0.068382904,-0.023172608,0.20606774,0.0082564186,-0.12756774,-0.064862899,0.044897009,0.00072652771,0.0023112416,0.020907674,-0.20064732
-0.14863113,-0.0019198201,-0.066800237,0.15340571,-0.030790061,-0.027219625,0.087450728,0.075162552,0.081109039,0.075745113,0.23603669,0.02026921,0.11865709,-0.039762881,-0.060495459,-0.036263116
0.16184905,-0.00047984879,-0.017421512,-0.030297708,-0.10993124,0.13219418,-0.046639051,-0.19660111,-0.017891645,-0.051478449,0.16908878,-0.084011063,0.113658,0.10241211,-0.26756594,0.01183188
0.0088903103,-0.044244166,-0.027706264,0.15641034,0.10870902,-0.15826154,0.049154453,0.031886768,0.054058615,0.037991948,-0.33240855,0.13399191,-0.039919417,-0.018994348,0.047521088,-0.076448612
0.0059969802,-0.085746825,-0.1171174,0.14425634,-0.034898899,-0.042981118,-0.018810894,0.056957398,1.1327032,1.1295292,0.84204572,0.98584664,1.018328,-0.11797387,-0.031683031,-0.004551135
0.092244439,-0.052495398,-0.17159757,0.12111411,-0.01288008,0.097570173,0.080555275,0.15930328,0.7764557,1.2774748,0.91226643,0.8357144,0.97487622,-0.0026473491,-0.070512392,0.01436741
0.083052076,-0.15993176,0.023247994,0.016234716,0.073044576,-0.04694064,-0.011086947,-0.016869938,0.85371256,0.94793546,0.97906578,0.98706549,0.88160253,-0.096866086,0.040404417,-0.018370809
0.058340333,0.23597801,-0.084737465,0.14825454,-0.11205496,-0.12087312,0.022430604,0.017549869,0.75072658,1.1010926,0.85832494,0.78073055,0.81056339,0.11808156,-0.0091475267,0.099700034
0.099425271,-0.11245036,0.16488445,0.032658804,0.080554768,-0.13871817,0.11628593,-0.082681678,0.74424422,1.0245495,1.0988901,0.7975834,0.80530721,-0.079795241,0.13478021,-0.020917023
0.099187315,-0.10276813,-0.016456699,0.13188939,-0.032948855,-0.1491117,0.14468779,-0.042153552,-0.119739,0.11355796,-0.25791162,-0.053516645,-0.034678906,-0.12582153,-0.093657143,0.16157162
0.11936996,-0.06204953,-0.017522383,-0.036751941,0.063986741,-0.10601489,-0.25668696,-0.046766847,-0.21485481,-0.042596485,-0.16675149,0.086782686,0.064420991,-0.12005655,-0.24565122,0.016612802
-0.078050256,-0.10280693,0.22537777,-0.081031457,0.13846287,-0.14811653,0.18188763,0.11330025,0.058845609,0.18386063,-0.10084446,0.069974191,-0.051894013,-0.024490146,0.26338372,-0.26088217
0.10555603,0.23476277,-0.14210604,-0.19049901,0.041150916,0.00016802324,0.23146296,-0.11450393,-0.10343275,-0.0019927241,0.087640136,-0.42294207,0.058861844,-0.11052804,-0.11817621,0.040973715
-0.17227809,0.026716137,-0.055143416,-0.028495053,-0.16708501,-0.1193451,0.038820066,-0.093760081,-0.152262,-0.10610217,-0.15112069,0.063584313,0.089273341,0.0039272378,0.064237304,-0.040829845
0.072093703,-0.21564054,0.067218497,0.080984287,0.078918077,-0.00071748241,0.099424094,-0.10002995,0.024983201,0.16637327,0.021024954,-0.054100003,0.12437716,-0.014787574,0.13185878,0.098333344
-0.068895511,0.045589924,0.03588615,0.1036959,0.00038579371,-0.085589632,0.10919154,0.25841627,-0.13695832,0.0021347725,0.35125259,-0.01362342,-0.024877738,-0.036589764,0.038855769,0.19858676
-0.13211657,-0.060251985,-0.031409413,-0.11783116,0.14690129,0.038818091,-0.016497392,0.07828223,0.16366348,0.066207066,-0.0042206799,-0.011984045,0.027145484,0.14891049,0.22503068,-0.069971167
0.027868722,-0.12344736,-0.0039597908,-0.034373652,-0.0024257374,-0.02491284,0.099081069,-0.013616658,0.1043462,-0.022651577,-0.0097933467,-0.0011688602,-0.052311365,0.088047132,0.16193236,0.032725692
-0.032133568,-0.018132616,0.066034049,-0.017882796,-0.12002014,-0.066950783,0.26524007,0.22732741,0.063392833,-0.068162166,0.062539726,0.010411074,-0.052885219,0.2971853,0.018308083,-0.015884181
-0.06007586,0.17472728,-0.24221645,-0.046094406,0.075571209,-0.0035351699,-0.10442484,0.095190801,-0.039104037,0.019664846,0.018954122,0.077924863,0.12988648,0.087855957,0.24741513,-0.17781368
0.082314968,0.11424383,0.069498159,-0.16981862,-0.10222803,0.055294123,-0.15162948,-0.11010268,0.012186021,-0.25378689,0.11782681,-0.003848274,0.017203165,0.12235846,-0.12707034,-0.12750509
0.14548649,-0.13245599,-0.10128412,-0.038003504,0.20870599,0.033265375,-0.062449247,0.1134613,0.091680661,0.97395283,0.077734783,0.085828163,-0.10812177,0.14001456,-0.011257675,-0.0092430878
-0.26441851,-0.10372865,-0.017966984,0.05420332,-0.14888442,0.077554487,-0.097903892,-0.0094264327,-0.12123293,0.86513442,0.089904554,0.0069831549,0.045082662,0.052274991,0.0058403807,-0.066597432
0.15523216,-0.11244513,-0.036293454,0.060195383,0.011111996,0.013550756,-0.0067308778,-0.017465325,-0.16736406,0.9449957,-0.12775239,-0.19507085,-0.068328388,0.037310291,-0.096607238,0.017846998
0.17478441,-0.07435064,0.011738912,-0.017289994,0.011244112,-0.19658849,0.030448388,0.16149466,-0.055301536,0.79652804,0.037979756,0.20727959,-0.11543804,0.062102042,-0.0017308826,0.051841225
-0.054978654,-0.029373106,-0.12155842,0.16219684,0.017004494,1.0366478,0.98116112,0.90731019,1.0970472,1.1704437,1.028172,0.93906295,0.93871415,1.0248252,0.0093311863,-0.030850718
-0.10547094,0.061452717,0.24448234,-0.11090325,0.076012321,0.011686536,0.10175463,-0.085537985,0.12560517,0.9481501,0.16356802,0.15796302,-0.023914287,-0.14140834,0.1861669,-0.013184903
0.034125417,0.12682121,0.023646446,-0.16585468,0.064620994,0.0053528431,-0.08057721,-0.11775603,-0.19208267,1.2299299,0.00089423714,-0.073417537,-0.060332052,-0.046922434,-0.020678883,0.007497651
-0.13073389,-0.068633556,-0.024221396,0.10131641,0.03530347,-0.044034019,-0.20362988,0.12742822,-0.12296667,1.01594,0.061966222,0.056247119,-0.14434195,0.054172359,-0.01097478,-0.05060884
0.066012181,0.013012764,0.095471568,-0.11718182,-0.21015202,-0.20549946,-0.011473604,-0.18366173,-0.14751884,0.81123197,0.18277766,-0.013187589,0.11300213,-0.080670133,0.029031951,0.086556241
-0.18312883,-0.15293705,0.018174218,-0.066415899,0.12937494,0.092776284,0.12851036,0.15009554,-0.082835637,0.10511507,-0.02960486,-0.052810643,0.29627982,0.059469081,-0.31543586,-0.073026478
0.077132329,0.023324436,-0.053518899,-0.2183546,-0.055767499,0.070364811,-0.037477389,-0.11469603,-0.099487089,-0.13032211,-0.080017015,0.033409458,0.11840739,-0.053290229,-0.026465209,-0.10651656
-0.10513099,0.026422722,-0.058990292,0.21091725,0.10894249,-0.086163372,-0.05486038,0.10741451,0.21243134,-0.017847238,0.027349655,0.021835985,0.011373982,-0.06964609,-0.057018865,-0.02079284
0.044642895,-0.068562195,-0.15379944,0.018720228,-0.14089446,0.18076162,0.033089608,0.32690001,0.012627411,-0.035708718,-0.076342754,-0.020860102,0.064817384,0.040589873,0.02957008,-0.25667813
0.017395597,-0.052385066,-0.07018327,-0.15275621,0.01123212,-0.077481404,0.012477485,0.072066188,-0.045502093,-0.048201248,-0.023076469,0.13284656,0.099253386,0.048724838,0.18775995,-0.019591812
-0.10934971,0.023387972,0.053789843,0.06587673,-0.12311161,-0.07698115,-0.19803965,-0.035105728,-0.20051073,0.33241612,0.050601549,-0.060959313,0.15438901,-0.045784958,-0.19790602,-0.0043909918
0.030001121,0.092505664,-0.090334564,0.12391712,0.016484598,-0.0028526341,1.0339861,0.95000255,1.0775689,0.92517054,0.92920017,0.042801749,0.11680795,0.04097224,-0.023050273,0.021765439
-0.0025905017,0.20884806,-0.026144383,0.11900715,-0.10290025,0.02918263,0.93920863,0.85954231,1.1386893,1.022212,0.97843093,0.21348277,0.13165854,-0.14361118,-0.023496352,-0.18320766
0.018092707,-0.23698618,0.015902495,0.021186439,0.16954666,0.13467064,0.87605029,0.81481719,0.98029447,0.98708808,0.81661701,-0.052461453,0.07788495,-0.0071385871,0.14178559,-0.20154254
-0.0093682045,-0.095830545,0.046682924,-0.037549034,-0.027348345,0.14667252,0.83453441,1.174776,0.90565103,0.99823332,0.90490633,-0.12033078,0.33099455,0.092464447,-0.085127175,-0.089362077
0.13327262,-0.0019808742,0.040151991,-0.27581581,-0.13572854,-0.13292636,1.0457641,1.1182861,1.103662,0.88032699,0.92289561,-0.051595364,0.0078052701,0.003868334,0.10544302,0.02585867
0.14055984,0.16996261,-0.032384649,-0.063566811,-0.047699798,0.043149386,-0.142574,0.18921702,-0.091534838,-0.34632263,0.19625705,0.060017727,0.071611971,0.099560902,0.22624445,-0.049681272
-0.16146733,0.098788433,-0.072810747,0.11942278,-0.18187548,0.052539606,0.024119269,-0.064038917,0.0091093099,-0.02199195,0.027032347,-0.11779281,0.090377405,-0.084042892,0.067031763,0.12541412
-0.030398978,-0.21735708,0.15082534,0.11754321,-0.19325393,-0.028823204,-0.039767407,-0.076072261,0.0073301825,-0.12700918,0.28265423,0.13279153,-0.094091266,-0.13884218,0.10573643,0.11880691
0.081921034,-0.026339229,0.20615666,-0.0044983602,0.049757596,0.065229513,0.17155503,0.046984501,-0.028407179,-0.1436342,-0.158435,0.12867208,-0.080880329,-0.1331879,0.012273227,-0.036273956
-0.073352292,0.095441751,0.13146992,0.16287416,-0.032787085,0.16322507,-0.09424793,-0.1174589,0.097467378,0.13015352,-0.062970124,-0.094755076,-0.064346977,0.029564437,-0.03294649,0.066304334
0.17106377,-0.17154196,0.15908024,0.11274554,0.23519647,0.11019056,0.052071143,-0.022857012,0.022028184,-0.048650652,0.10160416,-0.073105678,-0.066616908,0.03763026,0.13259718,-0.069752365
-0.11916621,0.06144008,-0.040219564,0.021179317,0.014653673,-0.17579424,0.064584956,-0.15480459,-0.101968,0.14150022,0.12039401,-0.13021508,-0.0048323008,0.10327691,0.049166493,0.075339429
0.089742273,-0.13865374,-0.013187001,-0.073540248,-0.064476177,0.054586571,0.086454615,0.0077926321,-0.020185085,0.011748412,0.036694311,-0.087948963,-0.1601094,-0.048407029,0.24223323,0.014296114
0.0048114192,0.14930175,0.11268406,0.044505809,0.067747623,0.11331011,0.053041577,-0.18288265,0.079072379,-0.048662942,0.006214832,-0.007881552,0.16170089,0.0026441375,0.059515361,0.036420673
-0.0013202082,-0.14364949,0.014588833,0.059886318,0.0065987511,0.022103729,0.0099749034,-0.065230332,0.052270535,-0.026115742,0.059301138,-0.072507069,0.2448591,0.19183522,-0.086240649,0.083136976
0.14507565,-0.12260433,-0.039098222,0.031062402,0.14556807,-0.16282248,0.0031178368,0.086018525,-0.1236242,0.056416046,-0.033902761,0.099795446,0.16410407,0.028648101,0.0024601782,-0.11158866
-0.080928966,0.024428714,-0.21660431,-0.019476304,0.058889609,0.88127077,0.00058695953,0.063787185,-0.10935071,-0.067327224,0.093513198,-0.084590055,0.0050181048,-0.077618144,-0.19260362,-0.016264621
0.1757603,-0.13875192,-0.0032026018,-0.19984603,0.058375407,0.82142907,0.03797273,-0.31101626,0.042192638,-0.12970632,0.0066953385,-0.024138043,-0.028343562,0.053608648,0.022883398,0.10283922
0.034019317,-0.0066175559,0.24406074,-0.053094245,-0.15670569,1.0629153,0.25444546,-0.010126371,-0.11046852,-0.028447552,0.050505668,-0.034107044,-0.13834204,-0.065163046,0.14319286,0.05105653
0.11342804,-0.16957799,-0.089402445,-0.10610592,-0.01786956,0.92200929,-0.15400626,0.085653402,0.0030353859,0.066137083,-0.022947617,0.051056705,-0.10160019,0.045598131,-0.016034817,-0.061092436
-0.020381415,1.0833374,1.0474211,1.0235461,0.92662811,0.81777018,0.70344996,0.94664246,1.2994407,0.85461408,0.046750981,0.010517123,-0.0045938753,-0.020825222,-0.039461806,0.21212776
0.11744525,-0.23458239,0.046155255,0.12378936,0.026810041,1.0593559,-0.020383244,0.06210199,0.0090778787,0.051406149,-0.26453885,-0.040913753,-0.06954515,0.10260938,0.0043980251,0.04415226
-0.11826086,0.065760843,-0.1505212,-0.092686087,0.12566309,0.77578926,0.037673578,-0.1331006,-0.06898997,-0.13592437,0.023438705,0.073589526,0.075100288,0.062853843,-0.030409785,-0.16137463
-0.14202502,-0.003231321,-0.035247002,0.14115113,0.071524598,0.92629927,-0.11103278,0.20683642,0.057291731,-0.021200927,0.0054847663,0.14668973,-0.093671679,-0.20113871,0.12593472,0.17919482
0.087984398,-0.025645457,-0.035974897,-0.21704951,0.074575059,1.0348037,-0.067775786,-0.10543787,0.007756765,-0.073386982,0.37524015,0.038071733,0.085768595,-0.00848254,0.038803071,-0.023736442
0.040377956,0.012021641,-0.079394981,0.0088299718,0.088716604,0.13090302,-0.01524385,-0.1540277,0.10299693,-0.092327408,0.075930066,-0.21591082,0.20874663,-0.081693873,0.01455529,0.14298181
0.15890497,-0.040030304,0.015837234,0.26499474,-0.011925503,0.036132645,0.0076549468,0.21050832,0.0042435746,-0.12551692,-0.026609985,0.11636095,0.15468898,-0.21475494,-0.022098694,-0.08786089
-0.24033612,-0.13645832,-0.021888809,-0.13678482,-0.10973608,-0.022997323,0.060441773,-0.029799137,-0.0062914323,0.11819538,0.14259422,-0.087619945,-0.079613738,0.2418806,-0.12009949,-0.047651406
-0.28520375,-0.019833231,0.21347089,0.25339702,0.056295361,-0.099443667,-0.24149117,-0.012375914,-0.068872087,0.11875921,-0.048084524,-0.15849653,1.1119096,1.0342205,-0.16320026,-0.11175155
-0.23813176,0.053438131,0.13183926,-0.18507503,0.17055379,0.03482287,0.19913623,-0.05744563,-0.058955215,-0.022131164,0.18512665,1.0283096,0.72533768,-0.1625599,0.05295153,0.094421715
0.025079448,0.18532737,0.10879499,-0.039038971,0.027018471,0.019952636,0.061251767,0.028156085,0.16438794,-0.37562102,0.91933972,0.93548238,-0.18715017,-0.14131117,0.00078071858,0.073879577
0.095315166,-0.039974187,-0.074058674,-0.027781788,-0.12076845,-0.062922448,-0.076717287,-0.0462851,0.076418199,1.2368586,1.0824635,0.087932847,0.030139616,-0.18274437,-0.11562677,0.11013041
-0.030507406,-0.34644052,0.13851009,-0.17164013,-0.00036544952,-0.11870395,0.035822861,0.13398576,1.2066712,0.8114149,-0.10043067,0.11253033,0.10039882,-0.19549716,-0.26265743,-0.033286087
-0.082629219,-0.14791657,0.12081719,-0.04288974,0.12608105,-0.074676938,-0.08654882,1.0740638,1.0736201,0.14831711,-0.13183045,-0.13432562,-0.23653454,-0.065844052,0.062009703,0.018266186
0.18568689,-0.068354934,0.069110587,0.084211119,-0.041301485,-0.08127661,0.92120779,0.93768424,0.069384716,0.047357351,-0.19441336,-0.19441739,-0.19806939,-0.11360416,0.12189485,0.029184634
0.086613603,0.032731973,0.045361623,0.02241569,-0.095168464,1.1440245,0.98520207,0.055031288,0.02028119,0.077623531,0.13601394,-0.01187387,0.21103431,0.019047726,-0.014967709,-0.27550423
-0.099799119,0.062341627,0.053283397,-0.03555084,0.81973618,1.0548652,0.22467293,0.059491873,-0.14969274,-0.030653466,-0.13534476,-0.12597613,-0.089327388,0.33688757,-0.10883439,-0.082663566
-0.0053350367,0.17651817,0.11507601,0.97449052,0.99688268,0.098036259,-0.0083397338,-0.069416441,-0.16629104,-0.083276488,0.028782511,0.082549147,-0.0082901688,0.0080458643,-0.047691122,-0.0073078144
-0.10950064,-0.013496342,1.0724229,0.90801835,0.22196594,0.10487493,-0.077424407,-0.0790148,0.022969363,0.12100814,0.0096053248,0.16953446,-0.061022971,0.39067036,0.15079255,0.20156963
0.109139,0.91315025,1.0239255,0.17223774,-0.13720857,0.10804326,0.041370187,0.17050147,0.12450322,-0.19818154,0.19642064,0.0057181972,0.14926131,0.013510616,0.016004944,0.060781717
0.90206748,0.9980287,-0.13704924,-0.117665,0.048165947,-0.032167938,0.0043996242,-0.1089791,-0.13960341,-0.039092042,-0.058470707,0.081939682,0.06852112,-0.024597127,0.049486637,-0.04007965
0.93533224,-0.10936679,0.017370101,0.012356574,0.218465,-0.028027331,-0.15383202,0.31243208,-0.099606782,0.031747572,0.016495783,-0.064705119,0.19169314,-0.067841269,-0.15420827,-0.025739415
-0.001390676,0.043526947,-0.12636708,0.13433667,0.025376467,-0.1641072,-0.19831185,-0.022205684,-0.0088898186,0.17058484,0.23165493,0.028929533,0.072396137,0.02804395,-0.025912737,-0.012429292
-0.051728647,-0.11601766,-0.12168714,-0.17043912,-0.1627458,0.086215436,0.061180707,-0.048935823,0.036457688,0.084861353,0.10428423,-0.071399391,-0.077036202,-0.011395269,0.01315786,0.091465354
0.17155543,0.079342827,0.9877165,1.0108614,0.15013978,0.15530048,-0.013848489,-0.072972558,0.058317974,0.22317097,0.1416471,0.065524541,-0.18314412,-0.13910525,-0.050069503,-0.17207099
-0.054841533,-0.09284921,-0.10160089,1.0637963,0.88813025,-0.13586523,-0.080143318,0.06664139,-0.0028856809,-0.029811794,0.098144576,0.028798144,0.056945384,0.0484947,-0.13438869,0.0094995312
0.11029907,-0.11764124,-0.023107354,0.020730803,0.9903906,1.0349152,0.10140522,-0.24462928,0.038125329,0.103315,-0.07532312,-0.18244512,0.098158367,-0.055046737,-0.10955051,0.033642087
-0.025907058,0.17594311,-0.017639102,-0.064317189,-0.092195168,1.087257,0.93805468,0.14717928,0.18909115,0.22452787,0.14158773,-0.031362694,0.19814314,-0.032873191,0.02956952,0.058647994
0.12942629,-0.14031108,-0.01581637,-0.0074336575,0.051431678,-0.17607608,0.95701665,1.0206571,0.058903459,0.090160318,0.10376778,0.1912473,-0.12284864,-0.087540723,-0.053129748,0.046342306
0.063159242,0.184448,-0.14450198,-0.0892419,-0.10169481,-0.041688584,-0.19000398,0.89728707,1.2304831,0.10955936,0.060234528,0.13077818,-0.20733683,0.078273147,0.17653617,0.042902399
-0.12360318,-0.093963094,-0.18423678,-0.11682475,0.098389171,0.091065943,-0.098860078,-0.12196224,1.0755013,0.79716009,0.053075101,0.13850945,-0.11506205,0.02604337,-0.21019858,0.04763573
-0.018675949,0.11092116,0.13181846,-0.098883584,0.026258284,0.1205801,-0.034722861,0.096836999,0.030707911,1.0028726,1.0336766,0.072387859,-0.13422324,-0.0033233014,0.087467343,-0.04161942
0.0056952932,0.037747923,-0.055720787,-0.0048013055,-0.074195206,-0.070308857,0.092785187,0.035342339,0.033268198,0.07141757,1.0705277,1.1920689,0.03795075,-0.043288745,0.21931121,0.089761473
-0.0080625396,-0.12202999,-0.0046732039,-0.035259631,0.051568642,0.051647957,0.24345843,0.042165913,-0.035130579,-0.11415758,0.047931135,0.95137596,0.98172992,-0.12327395,0.17300645,0.12413744
0.0026637581,-0.11883641,0.21597554,-0.12078217,0.13707153,-0.026287137,-0.17671573,-0.27733082,-0.15293604,0.11584578,-0.22503786,0.12197407,1.1937349,0.84961939,-0.023403008,0.06256517
0.073593855,0.0034676441,0.033546995,0.16303645,-0.0061246911,-0.24899958,0.052530259,0.022747738,-0.11768124,0.027708802,0.10170236,-0.032010842,-0.023185013,0.87648368,1.2902576,-0.019801991
0.12814167,0.094105199,0.18414685,-0.03436549,0.11175655,-0.083181106,0.22101073,0.073426478,0.0069675576,-0.078575902,-0.073790126,-0.07204096,-0.020060161,-0.23970251,1.200789,1.1170597
-0.067465067,0.10246545,-0.017555993,0.11045194,-0.02934337,-0.04350204,-0.23240662,-0.15389632,0.23448174,0.029767791,-0.17915078,0.23736222,0.057623766,0.22330514,0.096178479,0.97164035
-0.18361567,-0.0015496098,-0.11600268,-0.096889205,0.12355984,-0.21599375,0.047307912,-0.05446858,0.11027678,-0.16472805,-0.064892679,0.2717621,0.18252361,-0.076396823,0.20714146,-0.20044723
-0.16872332,-0.1030051,-0.17425895,-0.0027263341,-0.00022543118,0.08902964,-0.10500084,0.091536015,-0.20636025,-0.1169837,0.080456495,-0.077913418,-0.068153962,-0.02846683,0.14755569,0.065257229
-0.12213113,0.11646707,0.072923526,0.067626439,0.1197659,0.016939882,-0.1503897,0.14949514,-0.067443758,-0.027033262,0.091466859,0.12426296,0.027408358,0.12495825,-0.14426166,-0.093484662
-0.011196573,0.067828134,0.095242791,0.020102,0.024391158,-0.036048446,-0.061167993,-0.1424434,0.10559799,0.098340958,0.11782352,-0.010900741,0.23092371,-0.078105882,-0.025723726,0.19025321
-0.033366919,-0.11809147,-0.038717851,-0.17066263,-0.017086906,0.10021381,0.037890416,0.071419783,0.063089103,0.26811805,0.94866014,-0.071445629,0.24463814,0.088483959,0.11812704,-0.098987222
-0.16226487,-0.10242805,-0.053192854,0.0039583705,-0.11558401,0.036751624,0.18579182,-0.10100392,0.10015829,-0.076505877,0.89315748,-0.020665051,0.027237395,0.058298558,-0.22135854,-0.029145095
0.060015295,-0.020491797,-0.058905125,0.15576345,0.32995129,0.15093684,-0.12325384,0.1381837,-0.072951816,0.18497381,1.2111725,0.094845235,0.056425154,0.0066519836,0.19068882,0.080539636
-0.096090488,0.10466187,-0.040725198,0.36943227,0.10741671,-0.052470542,-0.075334147,0.016660538,0.10456574,0.16588812,0.89714485,-0.12605175,-0.044541754,0.048693914,0.13109869,0.01419606
-0.047710318,-0.011620351,-0.0075624208,0.077012248,0.17075945,0.041054018,0.8811515,1.1658947,1.237493,0.99516112,0.85092747,0.95918661,1.1213562,0.82585764,0.98933303,-0.0035264171
-0.14203557,0.032585468,0.062147442,-0.0036788075,0.11955474,-0.079108819,0.06834875,0.0295789,0.17489985,-0.074257173,1.0177417,-0.024173517,-0.0091816885,-0.0094558345,-0.01637993,0.012174839
0.13716449,0.23089696,-0.092999339,-0.19975476,-0.064339347,-0.072122395,-0.062151432,-0.026759315,0.069301941,-0.086617462,1.0163502,-0.068527557,0.010054074,-0.012550516,-0.034668803,-0.021888474
0.15551998,0.079039559,-0.11870827,0.0094420938,0.08343412,-0.21732102,-0.012246692,-0.15547909,0.082337871,0.016264208,1.089716,0.076063491,-0.049267564,0.053134557,-0.0023224414,0.10654987
0.13100685,0.045622069,0.081509195,-0.11121485,0.041431651,0.22006333,0.11916847,0.1854904,-0.053271405,-0.041771103,1.0217216,0.074200049,-0.21303505,0.15744239,-0.55373967,-0.033291031
-0.19797717,0.1236221,0.051992565,0.35489658,0.069598496,-0.21592675,-0.13447328,0.11012233,0.19275871,-0.031668469,-0.23442006,-0.039336693,-0.12946242,0.059527986,-0.17608801,-0.048380993
-0.033273038,-0.012849747,0.068672761,-0.079631597,-0.10053031,0.039876316,-0.030197423,-0.061757922,0.016030755,0.043705847,0.0040587937,-0.014841329,-0.037616175,-0.11867338,0.067994721,0.079568021
0.084963985,-0.0097538382,0.051982637,0.018827667,0.10343866,-0.18328623,0.024964534,0.11944015,-0.044564299,-0.22624899,0.25284514,0.16140977,0.11452409,-0.035102855,0.24293387,0.063721776
-0.16805401,-0.0097234854,-0.20262834,0.12956311,0.28038117,0.022566473,0.1229079,0.081984535,-0.05891126,-0.075041957,-0.37378338,0.048908826,0.026378591,0.015748844,0.10032284,0.15435973
0.06688302,0.036265016,-0.037849024,-0.0051186127,-0.11797167,0.15961815,0.0023528647,0.13252491,0.25000536,0.050454926,-0.22357917,0.11776551,-0.051698077,-0.022241691,0.15206063,-0.059232786
0.03608875,-0.0075265602,-0.13197489,0.075682275,-0.030617358,-0.01442759,0.0093242191,-0.015402376,0.11688436,-0.097089976,-0.081010453,0.016289132,-0.026031192,0.064446077,0.10893634,0.16440931
0.11373486,-0.03487242,-0.020938709,-0.045857798,0.13759938,-0.028405597,-0.10337457,-0.12595218,0.089208633,-0.10561181,-0.31843364,0.084689073,0.039619468,0.091589153,0.11837338,0.061227329
0.046871215,0.006390376,-0.094255328,-0.25381649,-0.23543018,0.045160744,0.09656056,0.0042958241,-0.091363914,0.077055469,-0.0026158439,0.0017535059,-0.042877771,-0.13988206,-0.12022672,0.046843536
0.19569817,0.21216604,-0.020947265,0.055075619,-0.0094111478,0.019457702,0.050951108,0.10995151,-0.13551956,0.21373035,-0.013598113,-0.11594446,0.27911392,-0.10524445,-0.0027341719,-0.08622802
0.14349431,-0.319783,0.04219057,-0.18902083,0.18849774,0.25353992,0.10511082,-0.091801882,0.14161132,0.26521945,0.032226123,-0.042961933,0.1781038,-0.15793259,-0.033242457,-0.0046343594
0.016576443,0.13446672,-0.016172968,-0.13112137,-0.16693571,-0.015991436,0.05736002,0.11722691,0.075888671,-0.16413203,0.069802187,-0.078142434,0.15769805,-0.035061825,-0.032281611,-0.065384239
0.11938117,-0.011611277,0.33192018,0.14189957,-0.13864376,-0.0024036518,0.12737748,0.097354606,0.075544447,0.031937607,-0.18270491,-0.17779252,0.099488892,-0.073345259,0.0048458469,0.07913813
-0.22428136,-0.22445191,0.066515692,-0.067885868,-0.039581481,0.13879393,0.96999806,0.9949376,1.0367131,0.7941637,1.2101711,0.050573412,-0.063942946,0.13803968,-0.11016721,-0.081417561
-0.14659368,-0.026561467,-0.088464312,0.032507099,-0.079423979,0.032066796,1.0532713,1.047717,1.0457736,1.0105335,0.90155119,-0.23800012,0.042702485,-0.16806814,0.041214492,-0.0057843165
-0.0056032115,0.00096191413,0.069008946,-0.11667722,0.038089652,0.12965429,1.0947366,1.1326245,0.96680444,0.99024171,1.2248241,0.060618047,0.031235438,0.12008929,-0.10442711,-0.015813872
0.053046871,-0.0070686862,0.1813108,0.052630968,0.10615586,-0.09872406,0.99892515,0.99711251,1.0625476,1.0587262,1.0005594,0.069898851,0.25127432,0.0041622887,-0.077595994,0.1451533
0.1785326,0.023088779,0.11631852,-0.24373184,0.057700925,-0.020766919,1.2650023,1.028924,1.2213473,0.97958463,0.96867287,-0.062153775,-0.13840425,-0.066139609,0.13375093,-0.18111052
0.013143215,0.13500912,0.032643907,0.06424696,0.043318249,0.064366512,-0.22645606,0.18165298,0.0453486,-0.063507177,-0.032763422,-0.013834713,0.083950959,-0.13777299,-0.14706963,-0.15334769
0.11034972,-0.10552401,0.018080479,-0.13316803,-0.0044125044,-0.05575579,-0.084021732,0.13798395,0.015761167,-0.11029109,0.28969666,-0.10820632,-0.13586885,-0.19623667,0.19657949,0.028733281
0.044320401,0.13574694,0.019524416,0.090886831,0.20503788,0.035276294,0.10161389,0.030317361,0.0228421,0.17599405,0.07561934,0.039096333,-0.21987578,-0.10049856,-0.076042742,0.0039205947
0.050935537,0.025021657,-0.012971243,0.047283947,0.048654087,0.11304379,-0.2054618,0.12773739,0.23931742,0.14210263,-0.045005079,-0.10122053,-0.001213889,0.1665241,0.038819913,-0.23397334
0.16983983,0.064258501,0.11276312,0.10951332,0.054780465,0.0096125929,-0.014535228,-0.19062927,0.063658722,-0.10830715,0.05200386,-0.030955741,-0.094172433,0.009366354,-0.0046331836,-0.3139098
-0.059911955,0.054545339,0.017994685,-0.15888013,0.034050904,-0.12189412,-0.020821087,0.01600649,0.035491396,-0.17457481,-0.039526884,-0.18593889,-0.083065346,-0.12227532,0.0084811971,0.1351916
0.26130611,0.17450371,-0.065984637,-0.050946906,0.15228534,0.17243871,-0.044916876,-0.070554741,0.082002491,-0.096237212,-0.074297823,-0.03127218,-0.047934305,-0.10817497,0.046863012,0.049226742
-0.076970048,0.0086221173,-0.20985208,0.16178875,-0.082047157,-5.9142745e-05,-0.036532231,0.031931475,0.022663252,-0.054276403,-0.030250167,0.15676351,0.027789177,0.13868074,-0.15811332,0.22272685
0.050672144,-0.008438834,-0.12160157,0.018894989,0.066245131,-0.076261371,0.16041294,-0.028602462,0.035898287,0.17789,-0.27700278,0.0095712021,-0.083044849,0.066771887,-0.10138861,0.11912102
-0.016019063,-0.066217758,0.221407,-0.13221516,0.0087037403,-0.17397885,-0.19056055,-0.25810984,0.12933567,-0.052229289,-0.071148284,-0.045334101,-0.11018392,0.00031298655,-0.017256862,0.037869342
0.02023902,-0.093679123,0.037899371,0.0436855,0.8931182,0.80923277,1.1170282,1.0855924,0.95956439,-0.11419171,0.18904734,0.083217621,-0.13835631,0.12626287,-0.29858631,0.09202145
0.10106879,0.018137876,-0.16020352,-0.10547706,0.96903372,0.96054,0.82017207,0.93542194,0.98138505,-0.027756549,-0.073377006,0.17074338,0.08244992,-0.11775792,-0.066648148,-0.091611072
-0.17762686,-0.24050745,-0.13333011,0.12571369,1.0415875,1.204111,1.1212817,1.1367797,0.72116369,0.030279197,0.11478743,0.068970963,0.018155931,-0.10293102,-0.086157195,0.2598162
0.25133249,-0.0045678238,-0.20286703,-0.16795935,0.94575137,0.93310118,0.83180946,0.84980094,0.91242385,-0.2173246,0.22488695,-0.028783036,0.28388351,-0.083847828,0.11315955,0.048078988
-0.080367222,-0.077140003,-0.072303072,0.0091219051,0.94044733,1.0523252,0.90743864,0.91875112,1.2008829,-0.0062194164,0.1192661,0.14822996,-0.092221864,0.14015415,0.024747508,-0.084956653
-0.016810436,0.12576339,0.16872449,0.073668011,0.11385585,0.037224416,0.010760132,0.045072537,-0.2481143,-0.19576025,-0.021382706,-0.074851818,-0.0017827969,0.0077250409,0.17315611,-0.018536028
0.17066462,-0.082742102,0.050339639,-0.14993119,-0.046210106,0.052467316,-0.075000152,-0.098100051,0.12618515,-0.0019218068,-0.030863339,-0.089190707,-0.12222037,0.079147235,0.039616898,-0.030781863
0.039032526,-0.17267354,-0.02533591,0.14585499,0.093126141,0.083121009,0.011952182,0.0068491781,0.19363512,0.096166223,0.12577885,-0.21165377,0.16082352,-0.12933314,0.050902419,-0.17649952
0.055435732,0.0033821994,-0.21422686,-0.015966156,0.1009496,0.022343323,-0.024286294,0.020688917,-0.022348819,0.081106976,0.07478708,-0.13450271,0.083797112,0.025936913,-0.067774512,-0.036237549
-0.012408267,-0.053363871,0.24592178,0.01486582,-0.099884003,0.034748673,-0.014858205,-0.12386592,-0.12613797,-0.039169483,0.054029971,-0.096772082,0.11503065,0.062417671,-0.09763898,-0.13084079
0.066641837,0.11466052,-0.079531744,-0.06297332,-0.14625697,-0.092330456,0.19284433,-0.11012573,-0.07017874,-0.050361987,0.26407933,0.035440948,-0.083439037,0.097429298,0.16867861,-0.046122979
0.14422388,-0.18165122,-0.17305373,-0.037388116,0.17696445,-0.039218836,0.18642619,-0.11215848,-0.028341541,-0.037496805,0.055793785,0.044486262,0.038174774,-0.071475685,-0.15891291,0.13584477
-0.026805259,0.0036663529,0.067644641,-0.026858041,0.16724046,0.12795947,-0.19783039,0.21189107,-0.0036694212,0.031612154,-0.19454157,-0.093468562,-0.14492084,0.11103565,-0.16562431,-0.021944275
-0.036651053,-0.0066539538,-0.01816019,0.04249689,1.1138463,1.0116354,0.98848087,0.73994201,1.0984827,-0.0073548714,0.14175203,-0.049896266,-0.13400699,0.062955827,-0.015420435,0.086932562
0.063406475,-0.072663955,-0.19366959,-0.054140098,1.0044998,1.0436196,0.98873776,1.104291,0.99500948,-0.04287827,0.0035456172,0.12243759,0.029438913,-0.10619064,-0.047180824,-0.068970568
-0.18430425,0.099764854,0.022324091,0.12435831,1.0198703,0.84484446,0.94543797,0.83630031,1.107545,0.11191124,0.10953984,-0.070820212,-0.056398898,0.19800077,-0.12304343,-0.22043832
0.02268018,0.12648848,0.0095645729,0.18159583,1.2151839,0.89877993,0.89046454,0.85834968,1.1189051,0.069966607,0.051319893,0.029116513,0.3018994,0.045084555,0.13630243,0.096129403
0.047379915,-0.091232888,0.14532451,-0.062142193,0.90654701,1.3185343,0.94450134,0.98938286,1.0375996,-0.13177943,0.04071182,0.097510487,-0.1352416,-0.030664658,-0.038116779,-0.027760854
0.048286244,-0.074274406,-0.026622422,-0.023748687,-0.01628707,0.29531303,-0.12359638,-0.34321478,0.024707198,-0.092484213,0.019645762,-0.11914353,0.14197651,-0.05066618,-0.044598494,0.057411652
-0.03668233,-0.057569601,-0.17151532,-0.12583147,0.0095863361,0.061918803,0.046529192,0.18658075,-0.12880205,0.021339018,0.12108045,0.027877964,0.1202415,-0.029577855,0.2862817,-0.063746065
0.072779864,0.07498385,-0.02023422,0.11881216,-0.012740057,0.032036383,0.05249102,0.14601365,0.00019516083,0.02475257,-0.22115593,0.057044704,0.025233462,-0.0052595637,0.092689447,0.15384342
0.0097710313,-0.012228572,-0.12122752,-0.045284215,-0.10409561,-0.031103199,-0.085406184,-0.055896055,-0.2127791,-0.064285167,-0.12960118,-0.0056153652,0.043013241,0.04145436,0.053793151,-0.0095465919
0.11461934,-0.20957404,0.05348875,-0.019398609,-0.14626476,-0.18222576,-0.1595647,0.11030474,-0.070364445,-0.040274642,0.24592632,0.020247236,0.10324528,-0.022220809,0.10075119,-0.13272041
0.13514535,0.22601327,0.085505374,-0.09230157,-0.12189501,0.110947,0.04356591,-0.11313114,-0.1181974,-0.071162663,-0.13893838,0.16133823,0.016390972,-0.015132805,0.052261516,-0.0077232406
-0.099751242,0.14989655,0.3035852,-0.18190016,0.15351196,0.043893173,-0.019171081,0.017409928,0.027639722,0.050393708,0.25498682,0.011008314,0.066680379,-0.17620352,0.18597993,0.021281168
-0.14999595,-0.0051158741,0.15322191,0.12881306,-0.1006854,-0.21705747,-0.0075707119,-0.039411291,0.14416829,0.1511687,0.26321283,0.12466554,0.12648745,0.14531654,0.23382612,-0.19210421
0.18611129,0.077834003,-0.016231095,0.23450731,0.15239005,0.13999557,-0.059090119,-0.020474341,-0.09582831,-0.26256365,-0.015574257,0.076482534,0.13507718,0.12972493,0.050482336,0.069138855
-0.0687209,0.17034781,0.11209579,-0.024360042,0.070119016,-0.022262881,-0.0072942618,-0.01257102,-0.020189,-0.060489163,-0.063774563,0.085177556,0.1271393,-0.0091225412,-0.044235732,-0.048775706
0.08745385,-0.16302349,0.095962226,-0.029523857,-0.0064754444,0.0016329199,-0.095783658,0.014198471,0.047468632,0.085639596,-0.032318249,0.084396087,0.11598103,0.16199696,-0.1309361,-0.11292845
-0.086659051,-0.14677022,-0.13626489,-0.10036123,-0.072333738,0.21207526,-0.040084783,0.11419901,0.032479573,0.2243679,-0.23366612,0.16280054,-0.16530679,0.079438679,-0.033505958,-0.029120965
-0.050055489,-0.0049482118,0.0079180663,-0.054860439,0.043716613,0.0050007091,0.15694152,-0.17463094,0.069363147,0.013438577,-0.17843424,0.060510863,0.073379211,0.019001799,0.040088449,0.11030159
0.083135858,0.17531447,-0.16489355,-0.2950162,-0.15532991,0.8478896,-0.21206072,0.029432207,0.042231612,-0.087868452,0.0098479828,0.093858689,-0.065445207,-0.085568801,0.050788824,-0.049323451
0.02028198,0.10781077,-0.037096877,-0.1219997,0.07443098,0.99186301,-0.13857165,0.051188756,-0.23659125,0.11681627,-0.13564263,-0.20073391,-0.23829545,0.049463198,-0.13737883,0.049429107
-0.15086739,-0.0083874166,-0.23885483,0.14595072,-0.17436557,0.92059284,-0.19025357,0.19838576,-0.12529504,0.019468671,-0.12519944,-0.028805682,-0.10327639,0.01477485,0.04593027,-0.053558107
-0.12003462,0.15075767,0.073012553,0.027644567,0.08112967,1.0700415,0.05576095,0.068428434,-0.02213545,-0.0051063476,-0.12810616,-0.023868062,-0.17684343,0.091020375,0.022508072,0.067709289
0.03638367,0.89890873,1.1018456,1.1263454,1.1147928,0.93210715,1.2121671,1.1009197,0.98757881,0.86407357,-0.015706681,0.024030631,-0.019584384,0.044944469,-0.015247638,0.015959153
0.02935762,-0.07216572,-0.17249806,0.17760746,-0.0890297,0.99416476,0.214046,-0.13195939,0.018299019,0.098866232,0.14704119,-0.03371847,-0.14722952,0.20679358,-0.026856938,0.16450281
-0.10978124,-0.12123311,0.13016938,-0.068741895,-0.13725618,1.1467408,-0.11244351,-0.11906986,-0.024092624,0.014206832,-0.22852539,-0.11074312,-0.30481896,0.070121065,-0.16417684,-0.060655132
-0.12236881,0.29773474,0.12450758,0.14541069,-0.028601386,1.2298415,-0.0070951758,-0.25668791,-0.056015655,0.085277222,0.11705669,-0.067803368,0.0015893028,0.12602749,-0.25356397,0.063009821
-0.081838205,-0.1405706,-0.050676983,-0.0068917931,0.017377513,0.98122787,-0.085856229,0.10415127,0.043971732,0.036966532,0.034027085,-0.078032359,-0.11236295,0.098914832,0.21253344,0.06654761
0.07452932,-0.21004766,0.09772227,0.11817809,-0.11038918,0.039017674,0.035604209,0.0066025001,-0.041528106,-0.19796379,0.20033519,-0.060993627,-0.055299435,-0.063152172,-0.067636222,0.27150837
0.19861761,-0.31626174,0.045377064,-0.019674389,0.03079927,0.079947487,0.074254058,-0.098737508,-0.10744003,0.055938315,-0.30606818,-0.074192338,0.092585422,-0.35597697,0.23639241,0.11702789
-0.12637979,-0.16782209,0.10116772,0.037493352,0.011595633,-0.11379734,0.063287064,0.027461512,0.19751583,-0.084549151,-0.10218006,-0.04679212,-0.042941943,-0.023782272,-0.18994787,-0.084519789
0.14905415,-0.041603081,0.15175161,0.11975086,0.023149351,0.036724143,-0.038336001,0.034383245,0.19094515,0.095759533,0.16654429,-0.078356281,-0.071634822,0.15748021,0.14463912,-0.061540712
-0.069085434,0.051988188,-0.028888328,0.029287299,0.11327703,0.015099995,-0.021626458,0.14097705,-0.001418218,-0.041759256,-0.14073429,0.26466101,0.036699571,0.076440148,0.13644305,0.087474339
-0.14774707,0.084567763,0.11269754,-0.12636285,-0.03379162,0.15614986,-0.0249558,-0.1083632,0.078378834,0.052919108,0.092534229,-0.12564436,-0.017604126,-0.063263953,-0.19462651,0.14981683
-0.14287946,-0.028204849,0.010880798,-0.10054352,0.022172991,0.013781893,0.10263018,0.94628531,1.1188374,0.97854769,0.93241239,1.0005025,-0.046783496,-0.18683118,0.014085673,-0.065665327
0.27903545,0.087571405,-0.20092446,-0.048581235,0.015510414,0.21992542,-0.029932471,1.1383139,0.87584227,0.95309311,0.85391456,0.87442356,0.10185698,0.15785508,-0.083960287,-0.11584139
0.1722791,0.021234676,-0.23126881,0.055963572,-0.070370033,-0.059911042,0.066374786,1.1882827,1.1626916,0.85334736,1.1255937,0.97770387,-0.28196973,-0.24478959,-0.034455616,0.010736953
0.43885949,-0.056025747,-0.035719909,0.11124457,-0.11567236,-0.0049594026,0.12504122,0.98156554,0.79349852,0.95270997,1.1371577,0.92567259,-0.012991149,0.21822293,-0.032538902,0.099000938
0.13074411,0.22625712,-0.057863098,0.25170434,-0.10316706,0.0070380531,0.2167206,0.9623518,0.74128431,0.93415475,1.0651537,1.3677993,-0.096255168,-0.16291827,-0.027082933,0.12520488
0.046631169,0.28441,0.021534963,0.19378868,0.011029726,0.1875717,0.24010974,-0.089066446,0.047252025,-0.00070734217,0.1196824,-0.051816188,-0.11520824,0.10457841,0.058577377,0.0057398179
0.033737104,-0.035110518,-0.0033785684,0.039295044,0.032504279,-0.22160971,0.24160309,0.051956013,-0.074385144,0.011708573,0.0058810157,0.28340736,0.032978442,0.033621401,0.18775459,-0.064723566
0.23238683,0.085121267,0.096026681,0.10249946,0.07948745,-0.034927458,-0.17276222,0.094570652,0.18340179,-0.034994859,-0.018893741,0.078277111,0.098364584,0.14921404,-0.32517391,-0.11721277
0.031079033,0.11251571,0.092523485,-0.024850801,-0.039870761,0.0014920341,-0.17739655,0.30796665,0.35168219,0.031130794,0.024609827,-0.034016848,-0.20386286,0.096259646,0.051919948,0.10985038
0.18900947,-0.022512961,0.10964843,-0.0043836324,-0.18201816,-0.11605372,-0.011184828,-0.035543799,0.06294699,-0.029270526,-0.042044036,0.070462137,0.018512907,0.21405582,0.048047513,-0.025223397
-0.074038334,0.13626529,0.012120171,-0.15993465,0.081433944,0.03807326,0.10799774,0.089742504,-0.12788272,0.11339727,-0.12662679,-0.016572725,-0.040228225,-0.04034042,-0.087877534,-0.096641749
0.16500561,-0.34415501,-0.11284042,0.074563883,-0.20529315,-0.10078594,-0.16623116,-0.19256058,-0.034967411,0.067987874,-0.26500532,0.083261102,-0.0076334048,-0.094715551,-0.04048663,-0.0010013122
0.21271513,-0.14087416,0.20836991,-0.083975799,-0.040797994,-0.040927358,-0.033345923,-0.12321591,-0.029508045,-0.13293608,0.013921245,-0.11123729,0.19759667,0.1650012,0.070173472,-0.11622397
-0.014102429,-0.072189838,0.13858043,0.23389682,-0.06055212,-0.050880834,-0.013621038,0.0016894965,0.054552566,-0.02462426,0.19894971,0.093253359,0.13524488,-0.050612368,0.10895224,0.2835536
0.099102721,0.19134656,-0.0529605,-0.056929793,-0.029480619,0.097204238,0.043899152,-0.10898892,0.034327328,0.059994854,0.059612982,0.23353943,-0.0056189462,0.27008772,0.00045261416,0.0091614602
0.077063084,0.0052491706,-0.16314413,0.16380098,-0.1722102,-0.1859605,0.13775879,0.10835018,-0.076794781,-0.12638572,0.13186787,0.22047737,-0.00012271212,-0.03612037,-0.008906126,0.090619229
0.03715159,0.08440987,0.065585867,0.055881649,-0.11531122,0.24166849,0.073216245,0.045711413,-0.18968236,0.012110686,-0.11153698,0.15912314,0.025864802,0.085830078,0.034382887,-0.025537977
0.27601096,-0.22148214,-0.09228231,0.013532709,-0.017067282,0.030162189,-0.039808419,-0.087228879,0.15378523,-0.24338055,0.0011706954,-0.14553086,-0.13085169,-0.015298808,-0.15497924,0.14041135
0.023274601,0.13089059,-0.22319266,-0.089777052,0.094006866,1.0271014,0.96485454,1.0492004,0.82739466,1.0551213,0.03688141,-0.02193277,0.0093606962,-0.10002657,0.11857631,0.13682605
-0.045637835,-0.045845393,0.16629107,-0.00597753,-0.16351499,0.88905108,0.93600404,1.1851971,1.0741615,0.90115052,0.11106545,-0.13519223,0.15857404,0.079973556,-0.078564227,-0.018396374
0.035533935,-0.10642603,0.11678097,-0.099899322,-0.0022222695,1.1758957,1.0267895,0.91276646,0.88720989,0.94909304,-0.031852525,-0.071650833,-0.053305723,0.16661112,0.31921944,-0.090931326
-0.15043005,-0.062732935,0.20222382,-0.20375283,-0.14030729,0.9487021,0.98152536,1.1655805,1.0572822,0.85857612,-0.019751905,-0.038930226,-0.052870613,-0.11408924,0.060111444,-0.034939367
-0.13088506,-0.039650105,-0.038342107,-0.059781991,-0.071232408,1.0032383,1.0224608,0.8598702,1.2126045,1.0454774,-0.31830272,0.13406263,0.08344952,0.06889867,-0.019298881,-0.018276379
-0.069111817,-0.013411337,-0.11256688,-0.27782413,0.084273912,-0.033345673,-0.10400393,0.10800128,-0.1071757,-0.24117509,-0.065784894,0.046127208,-0.084812254,0.056589592,0.1208637,-0.053184979
0.16673206,-0.23349717,0.13323292,-0.11809909,0.051702164,-0.16133545,0.0026043451,0.046726193,0.03482347,0.01926779,0.023303324,-0.0186134,-0.009321142,-0.058277331,-0.10731632,0.17346205
-0.14988311,-0.042261619,-0.048218351,0.035305995,-0.05494751,-0.0035914881,0.083808027,0.040091492,-0.044616874,-0.09279801,-0.0020395704,-0.054571301,0.04051942,-0.11660784,-0.027850032,0.015979333
0.097428203,0.027628938,-0.046019435,-0.089745723,0.027081316,0.30251089,0.059391506,-0.021679634,-0.039127018,-0.1939559,-0.051451221,0.11494611,-0.095223702,0.20712128,0.039614853,0.15756789
0.14304866,-0.056849997,-0.12112119,0.015998667,0.081579246,0.13815929,0.010016097,0.21522602,-0.0055608121,-0.084178016,-0.086539008,0.17264833,-0.12666251,0.097746216,0.13763578,-0.11690018
0.11113277,-0.0651628,-0.063147835,-0.26508459,0.17949475,0.019634737,0.16287579,-0.17892414,-0.27622399,0.039412994,-0.096970163,0.022927687,-0.089388862,0.10010844,-0.03588701,-0.016243413
0.060617916,-0.049540039,-0.042146992,0.15138227,-0.0074012945,0.030127987,0.063107729,0.016721506,0.06492056,0.23025157,0.13317348,-0.16231783,-0.25704113,-0.099126384,-0.27601188,-0.31643182
-0.1201105,-0.11035292,0.024768325,0.05763299,0.26136285,-0.080982104,-0.068592019,0.02968836,0.13304752,-0.027520578,-0.10366991,-0.31564343,0.10289127,-0.02469218,0.18755068,0.21879764
0.22831237,0.05755407,1.1070836,0.84347504,1.0533044,0.9597556,1.1258963,-0.061878521,-0.02478555,-0.096361302,0.21884555,0.015757814,-0.11675677,-0.044624727,-0.15108162,0.14483069
0.1478541,0.02020786,1.0367398,0.82954782,1.187296,0.99590218,1.2451706,-0.066944398,0.057373799,0.10551424,0.096169293,-0.011911754,0.1301299,0.048175104,0.0043258551,-0.12173052
0.15392162,0.0055029485,1.0585325,0.99370342,1.0423722,0.95760679,1.306583,0.2172296,0.081975937,0.035270832,0.081379727,-0.09983407,0.072668612,-0.0097415093,-0.048665028,-0.079833038
-0.078991391,0.058192596,1.0037425,0.9072023,1.0503378,1.0177777,0.98950475,0.17347606,-0.029930625,-0.1571195,0.018756658,-0.11643661,0.099501461,0.068493649,-0.035863973,0.060291626
-0.04651767,-0.053498648,0.79079109,0.75409079,0.9519732,1.2078973,0.8594014,-0.0090325708,-0.077676438,0.060999159,-0.097003572,-0.012674955,0.047178049,-0.059674717,-0.017834472,-0.025151409
0.061223585,0.07345587,0.087788738,0.050406888,-0.1167627,-0.048556402,0.059839636,0.0052394755,0.10102037,-0.14829916,-0.10420012,-0.098717995,0.033986729,-0.074788086,-0.10490853,0.039046202
-0.048815273,-0.12687001,0.047469087,-0.01357233,0.055699594,0.064717434,-0.07078696,-0.035332754,-0.016295031,0.07696493,-0.0059054294,0.11931405,-0.065386899,-0.0016741944,0.14848527,-0.16321178
-0.14751996,0.078288361,0.085286364,0.111552,0.095821209,0.11773126,-0.058868676,0.0008326681,0.062934004,-0.14070135,-0.14781515,-0.069422305,0.11211518,0.085662417,-0.15031151,-0.066790894
-0.065458506,0.0064087347,0.02060039,-0.001782215,-0.10822685,0.12336482,0.11686733,-0.12223555,-0.021882921,0.11992116,0.037911497,0.051539283,-0.052738905,0.16104181,-0.12616354,0.10324753
0.20041111,-0.087748699,0.15162008,0.09395548,-0.074453793,0.016965246,0.16100001,-0.051711846,-0.051842678,-0.32803479,-0.19096527,-0.044930138,-0.016326707,0.066536091,0.098910011,0.22348216
0.07958252,0.33380786,0.086895429,0.15475844,-0.091626979,0.052530713,0.11100589,0.11015699,-0.050046582,-0.0037794292,-0.142837,0.039892994,-0.11915225,0.11225137,0.030131789,0.082678638
0.0691901,0.052745055,0.094765157,0.0096600736,-0.18410543,0.14719005,-0.083002821,0.10652678,0.063740827,0.045062061,0.019820247,0.033317223,0.024505191,0.0037746842,-0.01277703,0.035327185
0.070460416,-0.048031062,0.028725479,-0.15247802,-0.092656866,-0.19693117,-0.029844459,0.043852545,0.080319785,-0.1536878,0.093728028,-0.11694105,-0.04629425,-0.056999691,0.17980808,0.020138938
0.051192913,0.0067612161,-0.040880039,-0.26461327,-0.069587238,0.28192547,-0.22775324,-0.077085868,0.10876822,-0.083160855,-0.2069837,-0.052785318,-0.034877673,-0.029622458,0.13586761,-0.25715688
0.31898949,0.18236019,0.091124594,0.092544585,0.1398077,0.1326708,0.048115142,0.21863793,-0.21460378,0.020814596,0.28932571,0.058790784,-0.038515404,0.15248816,0.14189526,-0.021470303
0.087971158,0.25538123,0.022075862,0.11924317,-0.020850379,-0.052608401,0.14076522,-0.15285946,-0.056498304,-0.091262415,-0.038684789,0.025692284,0.022309225,-0.1024942,0.19870536,-0.050703045
-0.027824499,0.013935872,0.23325802,-0.073632665,-0.13154835,0.026790047,0.095944241,0.10013731,0.16241524,0.17918484,0.16907065,-0.055378683,0.025410803,0.15310399,-0.047139134,0.1409194
-0.040109932,0.11653905,0.066096179,0.033541769,-0.091335312,0.15625595,0.1581717,0.12587807,0.056989919,0.09725593,0.093901128,-0.010262888,-0.13623077,-0.057195373,0.021628913,-0.063348658
0.03402701,0.16105323,-0.090908371,-0.21546501,0.077486627,0.10262072,0.13078724,0.17929801,1.1270773,-0.036565114,-0.056142576,0.338168,0.052344356,0.0095732026,0.062322084,0.004620275
0.18850811,0.052784186,0.22326691,-0.15008125,-0.0084947431,-0.13654642,0.13719176,0.030637985,1.0668201,0.050596226,-0.0026294189,0.023428654,-0.080230705,0.0074448744,-0.24927644,0.063256443
-0.011644996,0.11345647,0.017965702,0.14230357,-0.099457249,-0.049297266,-0.10149039,-0.18762554,0.80401748,0.21709588,-0.044974748,-0.016620841,0.01328525,-0.14136013,-0.043105409,-0.12337448
-0.0088772811,0.11686557,-0.10764457,0.039510757,-0.0088316714,0.054036003,-0.06176243,-0.043014206,1.0072947,-0.089143246,-0.03727717,0.15381135,0.024589986,-0.088773638,0.059212718,0.16591984
0.0804566,0.04166903,-0.12245771,0.17982124,0.91775322,1.153161,0.8568877,1.1424496,0.90630943,1.0402107,0.93863028,1.1800872,1.2398498,-0.030339058,-0.032670747,0.037821315
-0.093872301,0.075068556,0.059007589,-0.028906951,-0.19411156,-0.0082629388,-0.012274102,-0.38053361,0.95452899,-0.069542773,0.12711124,-0.2252018,0.052110493,-0.099274546,-0.026037011,-0.14116774
-0.061347947,0.055740621,-0.32053617,-0.072934873,0.040596172,-0.042373799,0.15039833,-0.23662494,1.122607,0.084792413,-0.12260505,0.072735623,-0.02958964,-0.16094068,0.11664481,0.038936622
-6.1781961e-05,0.040445432,0.12605186,-0.044361282,0.27539495,0.089724712,0.20574006,0.0036596926,0.9225899,-0.013401879,0.15546994,-0.00086521066,-0.036260236,0.090127267,-0.0089994837,-0.057409599
-0.0069842776,0.044169016,0.1898295,-0.027000427,-0.22774318,-0.079202794,-0.078653544,0.035093565,0.7624765,0.028957311,-0.1026983,-0.086265087,-0.087996498,0.097044043,0.13762136,-0.011332775
0.11810958,0.065023482,0.0019886233,-0.10650965,0.17152609,0.094333507,-0.052130807,-0.057991106,0.085649461,-0.024018575,-0.03160204,0.11216862,0.03996687,-0.16373195,0.15619808,-0.10282904
-0.074727222,-0.11792516,0.17510204,-0.094483234,0.029600469,0.10662555,-0.024093846,0.18965076,0.030181615,-0.013606795,-0.053789288,0.092027381,-0.0052435342,0.32935917,-0.029841669,0.2690343
-0.027307726,0.14582527,-0.02457265,0.038511008,0.034194831,-0.019218765,-0.012132758,0.088861302,0.16766326,-0.04809653,-0.046875603,-0.091885127,-0.0484972,-0.1018915,0.0078434255,0.0046310434
-0.060133666,-0.056819808,0.23694697,0.066099852,0.027460366,0.18286224,-0.13226545,-0.012344792,0.1411633,0.05719728,0.066048011,0.010078277,0.014354016,0.18620452,0.2249441,-0.037570797
-0.030851077,-0.13425219,-0.02153777,-0.092944995,0.0011554211,1.1048462,0.94913352,1.0287,0.92675638,1.0775508,0.053281866,-0.080635056,-0.14336954,0.029950589,-0.19004241,0.0058592418
0.058174148,-0.27904347,-0.0095300078,0.03837122,0.05270385,0.89150327,1.0383204,1.0412706,1.0519426,0.96820688,0.095609002,0.11617853,0.22846568,0.024262719,0.02854686,-0.013881769
0.16731742,-0.060235515,0.0031783627,0.12167654,0.048575275,1.0268495,1.0168077,1.0300059,1.0319386,1.1318583,0.080546431,-0.14217021,-0.11319492,0.11520667,0.16532461,0.013794019
-0.072600298,0.15169041,0.081231527,0.043186408,-0.13391365,0.89556116,0.83463967,0.97983968,1.0604483,0.92162758,-0.1893144,-0.046466511,-0.04981596,-0.11160527,0.055917118,0.14531603
0.060805473,0.065719239,-0.11158727,0.076636165,-0.011697118,0.99259478,0.84439796,1.0319173,0.91104597,1.1342021,-0.055395301,-0.17529516,-0.060995862,-0.066561006,-0.07274574,-0.0071685449
0.0019401882,-0.010606557,0.05478444,-0.016049476,-0.17483355,0.081039965,0.020263489,-0.036957849,-0.18584654,-0.080740668,-0.14851591,-0.012384031,-0.15219715,0.14746542,0.016450308,0.065745451
-0.061621975,-0.3164354,0.22471845,0.14887729,-0.043130059,0.048323013,0.18591331,0.10142118,-0.10611132,-0.039643016,0.15432639,0.21115337,0.067884855,0.020503148,0.11102664,0.078555956
0.23021396,-0.0023532896,-0.0060522654,-0.046665631,0.17761223,-0.053342886,0.051499903,-0.026457295,0.12381665,0.10859817,0.0028960481,0.089714944,-0.037700996,0.0003632062,0.17454031,0.074662358
-0.14210805,-0.027459098,-0.07849995,0.052511524,-0.10065117,-0.065790959,0.12103052,-0.18367828,0.14217205,-0.034757383,0.063050397,0.053682789,-0.1435151,0.082209028,-0.09392444,0.022590119
-0.32574278,0.13407859,0.013536205,-0.02277619,0.092821874,0.061102495,0.16533509,0.0063281716,0.010167863,0.087370425,0.08810962,0.02046318,0.11855484,-0.11615023,0.1165853,0.14903714
-0.14375034,0.092697367,0.030380353,0.099004693,-0.12481184,-0.070140399,-0.17268166,0.018055717,0.028615478,0.054733936,0.25623044,-0.12352501,-0.091236584,-0.0033625572,0.22526035,-0.14979453
0.080116838,0.00118432,0.067754529,-0.26758355,0.10532218,-0.034268197,-0.0065579233,0.10324065,-0.028776625,-0.15965369,-0.060150344,0.14152373,0.011891722,-0.13162994,0.39231196,-0.17628378
0.051145751,-0.031178012,0.087088361,-0.11988014,0.015746096,-0.063567355,-0.015456716,0.13685794,0.079616413,-0.020866729,-0.17011683,-0.034285918,-0.059115004,-0.33437106,0.052362751,0.050685
-0.034698695,-0.16557519,-0.045119267,-0.15845639,-0.028739503,0.066470757,-0.17994989,0.029012563,-0.051703937,-0.10546047,0.19504295,-0.034051992,0.16534066,-0.043211084,-0.1248795,0.10696311
0.097906202,-0.18215257,0.39209411,0.030616408,0.12347668,-0.044683587,-0.32070979,-0.15024923,-0.10373072,-0.080932476,0.088904433,-0.076697379,-0.026236081,0.078257233,0.047420766,0.0029261606
0.060176603,0.10381641,0.17461613,-0.012060873,0.15026397,-0.11573799,-0.043933135,0.048704773,-0.16437307,-0.022509625,-0.1045356,0.063099481,-0.17197104,0.0014329177,0.02738421,-0.062557854
0.028819079,-0.17610078,-0.1413178,-0.028720688,0.03066982,-0.125744,-0.043006495,-0.14926189,0.015158155,-0.079386644,-0.13649717,-0.089634933,0.15829067,0.14352198,-0.032644797,0.15446921
0.042648021,-0.010390372,0.12719209,0.17419206,0.13439094,0.0093528228,0.15145487,0.026411729,0.1501704,0.0097616734,-0.084868595,0.13727063,0.0063293772,-0.030886702,-0.052431583,0.9094311
0.05226117,-0.12178297,-0.035540313,0.095482863,0.057488393,-0.10091724,-0.010605478,-0.012545817,-0.063567735,0.04922827,0.14611696,0.079008199,0.042064164,-0.058126971,0.94584888,0.89820766
0.029589579,-0.16269661,-0.14843376,-0.056910444,-0.11838248,0.23212539,-0.20036896,0.05277627,-0.21796463,-0.048410431,0.061354421,-0.02411096,0.091392294,1.0560367,1.0049893,0.14662074
0.18635178,-0.13873169,-0.013312822,0.18236068,0.13245374,0.12407749,0.043073114,-0.0031260848,-0.11527515,-0.10840005,-0.19476317,0.027544228,0.96787798,0.96485895,0.235222,0.12987694
-0.020411,-0.18899591,0.12604785,0.043711919,0.20353624,0.21902877,0.10800067,-0.11077137,0.019720972,0.10358316,-0.053795598,0.82448936,0.79135126,0.013831915,0.078902461,0.015614215
-0.070974283,0.099157318,0.008902668,0.046131603,-0.14308216,-0.1327922,0.14456317,-0.13582976,0.01715442,0.078759708,1.1085587,0.99251449,-0.21513171,0.10503664,-0.074934103,-0.11840017
0.013884377,0.00079152139,-0.083155975,0.065379031,0.01868446,-0.158456,0.040387347,-0.074276447,-0.025594316,0.89357483,0.97031301,0.21710785,0.11904604,-0.16480903,-0.10134184,-0.086078428
-0.17578751,-0.21875091,-0.10264616,0.053096641,-0.042243905,0.0093561308,-0.11304788,0.084169514,1.0657967,0.98048735,0.01425383,0.058632124,0.064822316,-0.040906735,-0.073517323,0.33186367
-0.057382774,0.04938224,-0.25011861,-0.079709597,-0.13645037,-0.060114909,-0.2049564,1.0880327,0.97594798,0.047234278,-0.060378343,0.11570372,0.038979501,-0.057283945,0.10797719,0.054815173
-0.11897296,-0.023033306,0.13346405,-0.13524377,-0.075761162,0.10599857,0.91695982,0.95807308,0.025987448,0.28985238,-0.034375545,-0.072968997,-0.031917263,0.10300647,0.031735674,-0.054849673
-0.042572342,0.061358765,-0.1003383,-0.12339934,0.089067198,0.99694669,1.0245162,0.060679529,0.045471575,0.09783189,0.11218163,-0.078985758,-0.10049898,0.063092649,0.067010894,-0.042283125
-0.32310605,-0.10020158,0.044481538,-0.065589473,1.0055715,1.0374764,-0.31519854,0.1128125,0.029361462,-0.0061651757,-0.050759487,-0.14686808,-0.072760724,-0.14329089,-0.049604397,-0.0290472
0.18616897,0.052202176,0.012879727,0.94360691,1.0397398,-0.091575652,0.063377894,-0.069596179,0.089757748,0.015717411,-0.0057138447,-0.13408996,-0.17038803,-0.070448413,0.060098302,0.038981106
0.039235257,-0.074784756,0.083663672,-0.11820317,0.076636538,-0.10801839,-0.017098123,0.0029542649,-0.16178124,-0.087083042,0.20342655,-0.0080518275,-0.08004576,-0.14157288,0.024108978,0.25918779
-0.1898427,0.086827204,-0.026919896,0.046070602,0.14912565,-0.059578486,-0.077995837,0.040305011,-0.088640757,0.30239677,0.1405126,-0.010675138,-0.15436426,-0.11686313,0.0803551,-0.019783322
0.012472707,-0.037461404,0.044241272,-0.02239752,-0.035307359,0.039779983,-0.059728015,0.17268191,-0.027771635,0.024019407,-0.15759352,-0.096396729,-0.047177196,-0.0064744651,-0.14656237,1.0341409
0.0051716235,0.015446754,0.07276085,-0.022071114,-0.0010066758,-0.14822127,-0.081488229,0.037998669,0.034726966,0.11616507,-0.16882506,0.10535504,-0.011756312,0.038485207,0.93723029,1.0330861
-0.18679103,0.022137273,0.11399883,0.02494243,0.060845383,0.11178457,-0.16456971,-0.17955318,0.057529725,0.30324471,0.065511212,0.25026131,0.01360037,0.89895058,0.68043351,0.08258681
0.14086141,-0.033684652,0.27765021,-0.18495725,0.0043657706,0.1250131,-0.16792095,0.055868536,0.087150037,0.091446213,0.16181128,0.025628105,0.88254178,0.96620482,0.037596483,-0.13860598
0.060501229,-0.21737035,0.030320808,-0.10303426,0.23151579,0.090197548,-0.014379222,-0.16094476,0.2374994,-0.098665848,0.087332308,1.0698003,0.93755281,0.20069252,-0.10097904,-0.19150245
0.10091237,-0.02832922,0.21209507,-0.062220763,0.11913975,0.24685709,0.1226818,0.046982668,0.16056091,-0.04082996,0.97111428,1.0215102,0.19754553,0.093421005,0.023314556,0.2546806
-0.13060999,0.052863855,0.031093588,0.058478978,0.18406016,0.055092096,-0.2560935,-0.09356647,-0.041146748,0.91155118,1.040965,-0.013069312,0.0368536,0.10149393,0.11678887,0.052838229
-0.17119062,-0.17260933,-0.047613632,0.056370582,-0.15024334,-0.09705846,0.11007458,0.02521492,1.0988854,1.084919,0.13368778,0.11183258,0.14177079,-0.15589337,0.17937715,0.24437107
-0.17720075,0.24673186,0.064179525,0.16331795,-0.0016975516,0.18265662,-0.0031409983,1.1536969,0.8503207,0.0064113596,-0.10528204,-0.046988722,0.22333908,-0.12867908,-0.052995536,-0.063410245
-0.1097534,0.034479316,-0.070081443,0.31064641,0.025552057,-0.06036032,1.1600919,0.82871568,-0.069883496,0.051215764,-0.17032716,0.052385032,-0.04267345,0.020855872,0.043584999,0.09792985
-0.06600862,-0.01546093,0.1251078,-0.10471113,0.0010726872,1.1295353,0.89877105,-0.10803211,-0.14453295,0.14879127,-0.093631074,0.16423704,-0.12260719,-0.15287754,-0.12241452,-0.071368158
-0.048228279,0.084991254,-0.029355187,0.016916124,1.0326406,1.0856531,-0.0094221141,0.04635049,-0.18618971,-0.16347887,-0.12903382,-0.016245626,-0.0062094252,-0.081412494,-0.18381615,-0.025603993
0.1494734,-0.027104098,0.22414733,1.1726204,0.93286473,-0.21669048,-0.0087557659,-0.10928383,-0.00087851105,0.022710161,-0.072166756,-0.0235774,0.10848988,-0.044984791,0.048525739,0.057075206
-0.16830294,0.11443675,1.0213522,1.1182623,-0.081347801,-0.14535852,-0.22342175,0.0090940893,-0.028750567,-0.036675863,0.14169472,-0.16018951,0.10556929,0.033215612,0.040404093,-0.064188093
-0.033855651,0.0044886619,0.039999887,-0.051641669,0.07220424,-0.053498421,0.060842272,-0.039559733,0.066422239,0.23606904,-0.038873326,-0.1034982,0.10462255,0.0022741703,-0.10644878,0.075683497
-0.16113348,0.0092361029,-0.024198927,-0.11332302,-0.1080782,0.089928217,0.056286864,0.025934519,0.092912741,0.13553686,-0.12920216,0.11458881,-0.075354986,0.0066402447,0.17992276,1.1809164
-0.073462524,-0.080790967,0.089621678,0.080456972,-0.051127657,0.11989859,-0.046162806,0.089357823,0.15022549,0.045278281,-0.28071865,0.071286768,0.055429794,-0.047322031,0.8551935,0.8098188
0.04325432,-0.02111611,0.1337256,0.11916349,0.01166233,0.073452629,0.020102384,-0.18842484,0.073183618,0.20012839,0.18736672,-0.038555197,-0.20141307,1.0816851,0.91144389,-0.080285788
-0.11865266,0.069945976,-0.21270716,0.26183438,-0.10430548,0.067364007,-0.089574113,0.17588484,-0.088778883,0.023150042,-0.29435015,0.11311674,1.0667744,1.0860482,0.062150557,0.18977793
-0.18389872,0.1660303,0.10101741,-0.26874164,0.038281124,-0.0395693,-0.11514356,-0.0043627457,-0.12644912,-0.061807252,0.10288426,1.1063939,1.0916481,-0.031169789,0.016732072,0.17622119
0.038865369,-0.039850477,0.12137937,0.02001767,-0.099766999,-0.071286701,0.11023468,0.081970133,-0.11378905,-0.031047558,1.0051999,0.89680928,-0.039200701,-0.16409825,-0.06424018,0.038942125
0.099592209,-0.03627944,-0.019833438,0.16253889,-0.13973552,-0.097272374,-0.14635377,0.076258928,-0.097037151,0.8912093,1.1691465,0.025507275,-0.037542701,0.051139846,0.077199332,0.11542843
-0.22058363,-0.058000527,-0.15526049,-0.2739608,0.039336439,0.20851421,-0.029433096,-0.0068388479,0.97130096,0.91599423,-0.12952103,-0.13520689,0.039037772,-0.029534347,-0.11165254,0.15785272
-0.098351635,0.058698297,-0.095450729,-0.03319354,-0.1196785,0.018157067,0.25575131,0.98377252,1.1683373,0.24985205,0.1680779,-0.19455957,-0.12072483,-0.11949323,0.0059180637,0.10208043
0.010865387,0.10712519,0.078090921,-0.0069511198,0.19268996,0.037273299,1.140403,0.71552235,-0.0034137797,-0.10279931,0.10390019,-0.031532634,0.10449408,0.0050924742,-0.26190028,-0.060735073
-0.075628728,-0.048694987,0.04502568,-0.16601567,-0.039368138,0.96839494,1.1102036,-0.062892318,-0.08269655,-0.02567116,0.086007327,0.081680268,-0.10757295,-0.054900862,0.16450348,-0.12838271
-0.014899986,0.14204304,0.068800882,-0.074629486,1.0740271,0.91788799,-0.061643165,0.015814031,-0.10637236,0.0038296841,-0.084495246,0.037291992,-0.15289745,0.012497999,0.0037438283,-0.066544719
-0.20859505,0.01701724,0.071920149,1.2285314,1.0546689,-0.34992507,-0.090558499,0.02658093,-0.096505322,-0.061447546,-0.15600623,-0.089042068,-0.0019742483,-0.05773785,-0.043055564,-0.0086168665
0.066688344,0.019233514,1.0001274,0.95935261,-0.020531265,0.038050812,-0.028263096,0.066070519,0.085090175,-0.1612052,-0.2880145,-0.086637549,-0.040642031,-0.030197386,0.0012857335,-0.10154042
0.20266494,0.84121609,0.84718347,-0.074506521,-0.006005005,0.1389915,0.023533419,-0.1155884,-0.17140406,-0.045765519,-0.15946394,-0.04025688,0.030514728,-0.01134559,0.10502087,0.0095218699
-0.15314792,-0.092956051,-0.076837488,0.13507174,0.079609185,0.033367939,-0.017174946,-0.010904819,0.0076666623,0.032950714,0.1556239,-0.019975876,-0.1704044,-0.054975383,0.082602873,0.89203322
-0.091478974,0.054235335,-0.064625107,0.049426001,0.090481743,0.15495315,0.063479677,0.13381782,-0.0097266221,-0.042905971,0.082990102,-0.2348115,0.20999363,-0.034262322,1.0294294,0.98960876
0.064663649,0.072744288,-0.074957833,-0.018387934,-0.27178985,-0.1161265,-0.17467082,-0.013308296,-0.037655558,-0.097947739,0.16556138,0.20658262,0.057999905,0.84560597,1.0449619,-0.10993255
-0.092335425,-0.029740103,0.048144471,-0.32148764,0.10557461,0.027465599,-0.252599,-0.0036021159,-0.15056458,-0.11101988,-0.010035401,-0.20630437,0.86711001,0.9599424,0.3002179,-0.16744728
0.1006081,-0.11506986,0.21477412,-0.31570113,0.086360998,-0.026330322,-0.019901503,-0.10119346,-0.15772896,-0.11476815,0.1516705,0.93403876,0.96647942,-0.04092757,-0.0053937277,0.19319066
-0.11337314,0.01285962,0.089918599,-0.230709,0.091650099,0.057718184,0.068348631,0.0015685466,0.015286014,0.074943624,1.1265246,0.88720375,0.17346092,0.16061214,0.16324154,0.047086287
-0.10740921,0.19522734,-0.24527949,0.091372609,-0.18026775,0.10210206,0.1446446,-0.062249638,-0.24678902,0.74473429,1.0328113,0.031605337,-0.14576301,0.019494092,-0.032808807,0.14113547
0.099764042,-0.025097694,-0.028181825,-0.19654931,0.098088257,0.098520413,-0.0013948067,0.0039744545,1.3700483,0.94792742,-0.16743852,0.0072688633,-0.1033578,0.14390461,0.048827704,-0.012726424
-0.20929421,-0.11009352,0.0029037879,0.11054493,0.083108939,0.21967325,0.078185134,1.1180756,0.90556502,-0.097643308,0.10985218,0.03042157,-0.10151646,0.13711803,-0.071135342,0.095793203
0.30875945,0.031132391,-0.22178118,0.049015246,-0.021567075,0.043477084,0.98889989,0.97564334,-0.0024885798,-0.10469957,-0.044303518,0.055846762,0.045991771,-0.10609424,0.19656654,-0.14783059
0.12518451,-0.042896047,0.10397397,-0.029190077,-0.10451899,0.68985772,0.96353489,-0.14282933,-0.15658472,-0.0027039899,0.040379755,-0.043003656,-0.04103541,0.21617487,0.080269635,-0.097142771
0.099140428,-0.22945866,-0.12863538,0.071793713,1.0967906,1.0339196,0.28032818,0.070023395,-0.0067460448,-0.20207086,0.04423482,0.028375434,0.197405,0.05308605,-0.091561355,0.14016949
-0.032946214,-0.30831486,0.016606342,1.0111011,0.93233997,0.090976231,0.055195011,0.0040199691,0.045109317,-0.15814102,0.15380603,0.061369888,0.2315221,-0.13447736,0.10773265,0.085690312
-0.090936124,0.034235232,0.96200788,0.91282415,-0.35133463,0.18890436,0.028803876,-0.049233608,-0.15835209,-0.031661104,0.035865683,0.22228767,-0.0089848135,0.05728903,0.10738737,-0.079388045
0.085437514,1.0534438,1.0780003,-0.047144871,0.084361389,0.012528962,0.022868805,0.055769671,0.019309031,0.1549471,0.11481833,0.12043837,0.048558466,0.015839927,-0.117382,0.011862669
0.91095603,1.3181297,0.10369942,-0.06987869,-0.026835814,0.050682057,0.048584435,0.22336102,-0.078998856,-0.081704326,0.10911325,-0.12217006,0.20350571,0.117606,-0.10104443,-0.094389632
0.15565637,0.04931131,0.092348188,-0.0016182732,0.029281104,-0.29942024,-0.15656488,-0.051838003,0.059504699,-0.036156122,-0.066583864,-0.30663037,0.039230086,0.086993709,0.086553872,-0.068043642
-0.072563015,0.069007941,-0.05802165,0.29539779,0.11178271,0.14182919,-0.0066417879,-0.10139995,-0.043885473,0.08512111,0.080928482,0.067709751,0.16473292,-0.050382137,0.12409898,-0.07082773
-0.067488126,-0.036633998,0.084855512,-0.021568926,-0.053029258,-0.006086119,0.13128731,0.2749587,0.12977052,0.097861037,-0.071922734,-0.023254499,0.21580532,0.0051343092,0.1886574,0.9180029
-0.10124931,0.19634548,0.11708515,0.14069779,0.18332523,-0.035592761,0.1629464,0.19520743,-0.06089557,0.049440973,-0.0059686271,-0.15906262,-0.098885782,-0.0028819623,0.8884393,1.1983979
0.018723512,0.12696674,-0.0341269,-0.026025651,-0.072360314,0.042912096,-0.074198648,-0.068869166,-0.14634149,0.22333142,-0.07988406,-0.0097144442,-0.038251191,0.89216501,0.91330594,-0.15922576
-0.21539164,0.13014349,-0.18748429,-0.094970509,-0.071476482,-0.15620218,0.23964453,-0.084050193,0.14924777,0.12684916,0.057730656,0.078182377,1.0751172,0.90052634,-0.11548379,0.026151519
-0.090338461,0.012992536,-0.077181183,0.20092081,-0.090516523,0.027469676,-0.09670455,0.029235218,0.38567355,0.021819446,0.01428702,1.0806822,0.96531171,0.031067846,0.033392616,-0.11029787
-0.043000508,-0.20485681,0.18898602,0.061141666,-0.17200837,0.086759932,0.15425605,0.14952481,0.050839413,-0.17382123,1.1739794,1.1304959,-0.18240689,0.18958825,-0.03132578,0.11514717
-0.081286624,0.020119008,0.068358071,-0.055971153,-0.049150523,0.17556597,-0.08009357,0.063036092,0.0091708405,1.0642391,1.0708898,-0.037799191,-0.015447528,-0.12174085,-0.057689287,0.15805651
0.13194162,-0.1070561,-0.042370677,0.050715208,-0.10550552,0.072318882,0.15460236,0.066949978,1.1840919,1.2391917,0.21449465,0.0024052991,-0.097227149,0.20277643,-0.018306499,0.11125335
0.062578939,-0.04206796,-0.0051458059,-0.16213408,-0.039214838,-0.25470647,-0.0080722701,1.1577395,0.92400277,-0.23537026,-0.019051187,0.044843506,0.0039277123,-0.16965146,0.13188705,0.11410943
-0.0046649771,-0.02036925,0.031913597,-0.016744381,-0.020099077,0.031216102,1.1973765,1.1261789,-0.079441153,0.12716736,0.019043619,0.11226284,-0.035008512,0.0060158544,0.034891851,-0.085010499
0.045505635,-0.041541632,-0.097956069,0.11087465,0.09702798,1.2610431,0.87832344,-0.069291197,-0.075921297,0.058621872,0.12955062,-0.044994529,0.037465144,0.1119434,-0.050856344,-0.014643434
0.11382074,-0.0053888694,0.074801527,0.23420021,1.0324373,1.0681671,-0.057919018,-0.081209786,-0.15245515,0.04343323,-0.16577944,-0.047923092,0.20427543,0.21231362,-0.044279184,0.26575002
-0.12814392,0.077969186,-0.028329466,0.97502637,1.132764,0.029389521,0.021187747,-0.11583918,0.21430536,0.026010612,0.068790704,-0.026364641,-0.11067092,0.17218573,-0.21703525,0.098414734
-0.00026361598,0.08458703,1.0568695,1.0735091,0.042963248,-0.050989825,0.058029644,0.1052777,-0.1031545,-0.30047795,0.078813709,0.14398631,-0.020289069,0.091146067,-0.20339094,-0.0033673958
-0.23464304,-0.068021953,0.032661263,1.0112336,1.044968,0.11430827,-0.13198355,-0.052779563,-0.032284975,-0.20300929,0.11252554,0.1190514,0.029955257,-0.047378846,0.037864909,0.085410044
0.099854976,0.11573511,0.14385715,-0.19940451,0.97253716,0.89492702,0.0031084237,0.062211752,0.047945857,0.036733363,-0.13315035,0.054908916,0.022762716,0.057848096,0.013992432,0.018007847
-0.2586717,-0.1439463,-0.12576053,-0.011941762,0.12364747,1.1381119,0.9898439,-0.089884318,-0.035477072,0.084473342,-0.010574999,-0.06396345,0.0124875,0.12791467,0.086690843,-0.092221439
0.14865381,-0.099542655,-0.02501644,0.16304444,0.015177858,-0.11055776,1.0015893,0.94675165,-0.14950521,-0.077734813,0.25411656,0.14996618,0.04592932,-0.22226131,-0.016825298,-0.02574108
0.18380512,-0.015326267,-0.06415648,0.022766618,-0.15444197,-0.034118105,0.17511833,0.90379071,0.97825366,-0.16391417,-0.021621497,-0.063464187,0.046511833,-0.11972591,-0.070972592,0.05753652
-0.060277283,-0.073153436,-0.06354598,-0.065758415,0.17091031,0.038354613,-0.12413726,-0.055240996,0.88837636,1.0141985,0.057173688,-0.10449988,0.028041985,-0.14892805,0.016349247,-0.09744592
-0.11941363,0.14027248,0.24498376,0.11004652,-0.15488736,-0.0064198165,-0.016400518,0.22700436,0.086610794,0.97352558,1.0309014,-0.23214784,0.046684928,-0.14237477,0.023126947,0.15605769
0.094239339,0.070897512,0.1205432,-0.0012404738,0.12679736,0.08242514,0.012134369,-0.074244224,0.21031527,0.10185945,1.1107246,0.98683375,-0.20766297,-0.12865463,0.065618567,0.14366274
-0.050407842,-0.064536847,0.15423284,0.13951313,0.062972702,0.11279859,0.045006491,-0.16130945,0.26494062,-0.19889246,0.078809932,0.73150712,1.149821,-0.076937735,-0.22098188,0.035902649
-0.11587489,-0.084752314,-0.20165554,-0.075966366,0.024387501,0.023574773,-0.10507513,0.079262853,-0.0035867849,0.19675431,-0.1318453,0.13374855,1.0278294,0.96243942,0.0088142622,-0.059339996
0.07094489,0.21375614,-0.042915102,-0.23581602,0.08940199,-0.061792191,0.14493251,-0.089017965,-0.035399176,0.095799133,-0.021603387,-0.019701403,0.034086429,0.91592693,0.96730596,-0.04260283
-0.065591156,-0.09545663,0.13828529,-0.21339869,-0.10559504,-0.0078552924,-0.20146058,-0.070098504,-0.22624917,-0.18872301,-0.058746569,0.17323188,-0.17248312,0.18099144,0.82609123,0.92324209
0.071845189,-0.022164138,0.0064879847,-0.043772709,0.14352913,0.038846653,0.083867468,0.19607398,0.082298964,-0.10163382,0.032217823,-0.077345975,-0.21848582,0.084540501,0.0011881896,0.97835439
-0.10492577,0.18724217,0.11045967,-0.12148979,0.057558313,-0.015909983,0.070061415,0.22865152,-0.040077295,-0.066035688,-0.051275525,0.079425871,0.052851897,0.057309233,-0.0056012226,0.014108167
0.068860687,-0.11684436,-0.033891495,-0.10473292,0.017915877,-0.0015844048,-0.09306632,0.010494404,-0.21197568,0.15104476,-0.029083962,-0.10103705,-0.15346,0.188738,-0.045942578,0.098232329
0.19324169,0.1180856,0.067765467,-0.14189091,0.017225945,-0.14947425,0.064820148,-0.03759728,0.10041977,-0.10382833,0.035463084,0.30108356,-0.023073958,0.0029034957,-0.093877107,-0.0413692
0.12732391,-0.0080540013,0.065030903,-0.088324517,-0.090393655,0.038363822,-0.048175704,0.14251906,-0.035337172,-0.24493103,-0.063754909,0.071874365,1.0637213,0.97721714,-0.23246726,0.18432103
0.11559545,0.032259457,-0.14387164,0.004580426,0.0016210206,0.20997627,0.074279085,-0.15189806,-0.042121667,0.077571698,0.048145838,1.1174011,1.2523725,-0.053438276,-0.049295176,0.26965916
-0.15431139,0.034318659,0.22065829,0.17105442,-0.12201151,0.25564083,0.0086968401,-0.021010749,-0.16752748,0.02498161,0.86368126,1.0507296,-0.031659868,-0.05771644,-0.084883288,-0.066705264
0.065844864,-0.020416461,0.073155649,-0.043532979,0.084011376,-0.15283985,-0.032245312,0.003959998,0.19689091,0.86134911,0.91962814,-0.082696907,0.11736882,0.061945468,0.10688679,0.034037124
-0.086720072,0.0036725583,-0.10420698,0.017748186,-0.033576783,0.050875057,0.046233892,0.020157542,1.1137639,1.0308729,0.016726989,0.18996474,-0.065736182,-0.29025644,-0.10106541,0.009397517
0.20250082,-0.18363592,-0.041472226,0.0054640155,-0.078645743,0.11378943,-0.097751774,0.88447112,1.0280006,0.12182268,-0.0055765393,-0.16662745,-0.28705165,-0.070024341,-0.031189868,0.12870377
-0.1126247,0.22235133,-0.12081297,-0.10105876,0.01914455,-0.069690436,0.92202485,0.84967124,-0.010003396,0.0018772703,0.073850587,0.093645453,0.10911394,-0.057116266,-0.039251696,-0.004875456
0.090764031,0.058827899,-0.067369349,0.014716329,-0.018687639,1.1290123,1.0637485,-0.0078993645,0.036694575,0.029388523,-0.072139353,-0.048400931,-0.31722102,-0.1169623,0.036920354,-0.036562536
0.093206428,0.063149028,0.073800065,0.11868704,0.98954493,1.0467659,0.086069182,-0.058740705,0.048863817,-0.017237086,0.10448387,-0.16796619,-0.24722257,0.080470055,0.15507732,-0.13451508
0.011518691,0.02294437,0.055333111,0.94732034,0.89361447,-0.1590495,-0.080717884,-0.066674732,-0.018493824,0.15721069,-0.15446635,-0.19946156,0.136315,0.0061490745,-0.072909869,-0.043227687
-0.050121747,0.13116547,1.2315905,0.98464429,-0.073976383,-0.056212798,0.061061744,0.010743015,0.18192892,-0.1087548,0.12127834,-0.13927868,0.17393415,0.18840313,0.035605937,0.069913954
0.12024974,0.99006981,1.0816071,0.23237891,0.011792915,-0.16006041,-0.10231179,0.081134386,0.064059399,-0.095941938,0.11936082,0.061590623,0.031848285,0.024070838,-0.026920091,0.050364558
0.88567668,0.95935351,0.32943225,0.025404941,-0.089915581,-0.0469037,-0.063315526,0.030785775,0.0018254543,-0.015637169,0.054672245,0.1178009,0.24906075,0.1414566,-0.07615263,0.081668712
1.0703243,-0.19090819,0.0092398347,-0.12212043,-0.21808417,0.047393978,0.096593268,0.032692369,-0.25744194,0.060596231,0.070491485,0.1693437,0.097194694,-0.0043868916,0.15573712,-0.0016832734
0.0011498807,0.083431318,0.21741457,0.13389935,-1.8015546e-06,-0.034684438,0.13893144,0.06507168,0.033439744,0.17618799,-0.077456765,-0.061173134,0.15263513,-0.19278835,0.027967434,-0.050215252
0.077816561,-0.18625632,-0.0058926293,0.041091919,-0.12631625,0.026982998,0.0099758515,0.10537887,0.12259743,-0.27134684,-0.1177448,0.060317665,-0.126468,-0.0077821221,0.039779399,-0.19581749
-0.074964218,0.024280531,-0.15227029,-0.040926054,-0.14381208,-0.16700883,0.18177292,-0.083532147,-0.068451777,-0.13177699,0.050894339,0.08732564,-0.14663862,0.06215734,0.076837003,0.14901803
0.025027737,0.024206895,-0.14455955,0.11931208,-0.14208244,0.9725554,-0.048465483,-0.15712589,0.16016272,0.13008328,0.012025314,-0.14335126,0.049955856,-0.17015579,-0.13158491,0.028920233
0.11865442,0.14497232,0.014224716,-0.028967721,-0.15220948,0.89052898,-0.27178818,0.081143126,-0.094065562,-0.035918254,-0.084576786,0.1065506,-0.082801394,-0.062261045,0.057546664,0.078013107
-0.049809378,-0.006575244,-0.08153066,0.13729222,0.15614617,1.2236654,-0.29188073,-0.12143212,0.1208476,0.14998713,-0.031344533,-0.025482234,0.089371085,0.009411281,-0.024580274,-0.15815593
-0.12085526,0.17816778,0.10322371,0.012572658,0.19732355,1.0151705,-0.15591115,-0.22713692,-0.076058157,-0.11068195,-0.12597807,0.07410372,0.031973001,0.15835164,0.14670691,0.055960983
0.017635923,0.89840055,0.96043861,1.0194805,0.90902257,0.9536584,0.93436241,1.2143329,1.1625425,1.0002879,-0.00097604777,-0.040170711,0.11244395,0.035120834,0.14113741,0.15177603
0.19694053,-0.21387166,-0.11868632,0.11662312,0.012240357,1.0047593,0.026108362,0.071541414,-0.1858965,0.039950937,-0.24480955,-0.069396533,-0.011774546,-0.02595471,-0.0067150332,0.035266295
0.082193799,0.050751396,-0.15198183,-0.10701535,-0.12044536,0.8874436,0.057233978,0.098765939,0.079229712,-0.14098515,0.11981442,-0.020764194,-0.034134421,0.079250261,-0.17531613,-0.010136379
-0.031640172,0.035225667,-0.20825668,-0.053931985,0.076648265,0.93595862,0.096314624,-0.17480843,0.017967103,0.091127753,0.19323877,-0.11029115,-0.011312492,-0.05437604,0.094428435,-0.035675015
-0.11940084,-0.2018172,-0.15931134,0.085420832,-0.10319085,0.90540886,0.090054102,-0.20052934,-0.12002323,0.1156227,0.065607615,0.099237926,0.12266424,-0.075618915,-0.023742557,-0.13727073
-0.24514857,0.076265767,0.06032661,-0.070143677,0.18128619,-0.22817583,0.031359639,0.14680058,-0.0032279638,-0.10878702,-0.042184122,0.12546036,0.3053875,-0.078809842,0.025017601,-0.044608768
0.088786691,0.0062069916,0.17337294,-0.10536572,0.10297088,-0.0055720508,-0.078940913,-0.03015252,0.29495555,-0.18638876,0.031133654,-0.015367299,0.16763933,0.047957256,-0.11433762,0.0046588653
0.036042266,-0.11839537,0.052127112,-0.026723687,0.015939249,0.049834866,-0.046081409,0.034480758,0.21097049,0.0042117932,-0.06355378,0.079164803,-0.37434533,0.098233111,-0.01546762,0.12835707
-0.11404025,0.018902613,0.14068706,-0.17742126,-0.15749064,-0.1502493,0.13158858,-0.11872356,0.056776945,0.057567734,0.12241687,0.037915744,-0.087627828,0.025789779,0.14328347,-0.11815045
0.17406699,0.13822336,0.055972755,-0.00510896,0.12724946,0.02346335,-0.09451399,-0.35627875,0.10027632,0.059026998,0.13670708,-0.018810729,-0.25434083,0.10345928,0.21527961,-0.055325735
-0.17334418,0.17541011,-0.042049479,0.081636474,0.028800312,0.15117691,-0.25421259,0.0063990853,0.081338264,-0.12552971,0.27318817,-0.01077462,-0.034438733,-0.21122825,-0.07648208,-0.013640486
0.054886747,-0.14961535,-0.077369228,0.048849951,-0.046929635,0.1743751,0.13558902,0.024056109,-0.095446944,-0.095825441,0.026557822,0.11249463,0.0045971335,-0.11859652,-0.059749357,-0.11227723
0.11431676,0.025268577,-0.020856546,0.010848686,-0.047173068,-0.045379061,-0.20337428,-0.070820369,0.019192806,0.092066951,0.0057691871,-0.077641591,0.14502341,0.18582249,-0.11268206,-0.15888622
0.02461735,0.00092470984,-0.15378641,0.067160502,-0.15542082,0.10399404,0.071008012,0.056743093,0.048465282,-0.035370316,0.020383691,-0.051217012,0.090184025,0.07169842,-0.09508279,-0.026620347
-0.02120976,0.11322527,-0.060260773,0.11368356,0.10163303,-0.10612699,0.22917362,0.12509272,0.0030700224,0.22067232,0.10030717,-0.035963532,0.12359452,0.070615783,-0.20482841,-0.21701868
0.19273995,0.080824904,-0.14604524,0.084059738,-0.0081351716,0.12406144,0.041026819,0.15490952,0.12672634,0.048145816,0.16612001,0.075608008,0.013176895,0.10979358,0.032920893,-0.090146117
-0.078283638,0.019534815,-0.021900315,0.71127862,1.0631461,0.9586882,1.0650088,1.1818128,-0.068861239,0.065606125,-0.01566758,0.070831142,-0.12005652,0.037480325,0.04316742,-0.18707395
-0.15764175,-0.055026524,0.10754909,1.10756,0.88301706,0.8182537,1.14739,0.82932585,-0.089718595,-0.011110974,0.1365025,0.0041413149,-0.14810361,-0.041984364,-0.024589047,0.26057363
0.28388342,0.10525844,0.03661944,0.904046,0.71490043,0.98280466,0.90821505,1.0738404,-0.14643109,0.10651024,0.1423649,-0.034103375,0.044493206,-0.18471105,-0.12993488,-0.18431015
0.10054038,0.15346287,-0.047702894,0.84657627,1.1536506,0.87377352,1.1367903,1.1038463,-0.021669291,0.042427935,-0.21206759,0.09255629,0.14134346,-0.078440703,0.098758966,0.042634744
0.11019281,0.067089729,-0.11628515,1.1998668,0.92874461,0.80815053,1.0983553,1.0597901,0.082428731,0.046398677,0.18625599,0.051989146,-0.034012608,0.19529051,-0.01693593,0.01558627
-0.04081244,-0.1990353,0.03305674,0.089841828,0.0043446519,-0.063429758,-0.1477491,0.20924498,-0.01479389,0.2522901,-0.15524197,-0.089538366,0.036191802,-0.0092463521,0.076036371,0.19790335
0.022152225,0.022930974,0.10031065,-0.16601282,0.26938677,0.032732327,-0.34031111,0.031296369,-0.098299809,0.18016593,-0.032841668,0.16724981,-0.071370512,-0.15896522,0.075040959,0.018614631
0.38421294,-0.087159008,-0.033689842,-0.07628943,-0.063973635,0.16252522,0.0094430065,-0.015802339,-0.060440272,-0.025699003,-0.054605447,-0.031876896,-0.079749897,-0.07530646,-0.0080831703,0.29037616
-0.16340481,0.025919411,0.12817019,-0.074748471,-0.0029803382,-0.063416779,-0.014797126,0.043328498,-0.063035384,-0.042563748,-0.092810318,-0.030042414,-0.28727373,0.0094798673,-0.16569929,-0.022655526
-0.12821078,0.041108619,0.31557572,0.1252355,0.1398574,-0.044628218,-0.20834713,-0.083638877,0.06162405,0.05993735,0.22487035,0.065686569,0.15806405,0.11541727,-0.0047318535,0.091857985
-0.17587449,0.03574758,-0.12364697,0.030606203,-0.0048586545,-0.07167495,0.083190478,0.098913498,0.2110703,-0.086480767,-0.07179226,0.032610483,0.1532076,-0.023003934,0.17108934,-0.19653538
-0.024939612,-0.058402978,-0.10348749,0.1291998,-0.019947058,-0.15311937,-0.11662509,-0.053344276,-0.17008771,-0.061194416,0.13233498,0.097807832,0.1153136,0.1131928,0.016999098,0.042546317
-0.20232274,0.086965382,0.072270185,0.026803419,0.025784746,-0.12596996,-0.055608895,-0.18357427,-0.056694541,-0.030469466,-0.075762659,0.13405457,-0.097666956,0.03776136,0.023006288,-0.021165526
0.064223856,0.044830259,-0.044622008,0.15197113,-0.01682796,0.071786948,-0.12036041,-0.10642441,0.019673273,0.26786062,-0.14680688,-0.13829891,-0.08906699,-0.051002171,0.0075391489,0.12058787
-0.019424705,0.068859555,0.0030488905,-0.06595657,-0.055710357,0.057390235,0.021775721,0.15466595,0.024036139,-0.012600469,-0.13105974,-0.08707644,0.044019558,0.03823917,0.19325824,-0.070043057
0.077189572,-0.0062400564,-0.23751061,-0.13132334,0.032403015,-0.038768705,-0.074354358,0.13078929,-0.022657169,0.036322579,0.091524422,-0.049832724,0.078149311,-0.11219255,-0.14606556,0.13173525
0.15392374,0.08754687,-0.084502354,-0.036517374,-0.1052876,-0.10557857,0.018113658,-0.051898729,0.13635376,-0.17841156,-0.057881214,-0.1388182,-0.14904286,0.21870485,0.18381548,0.050234914
0.062725872,0.071391739,0.0059189484,-0.36076355,-0.26084134,0.066723756,0.70220584,1.1634654,1.0949961,1.0354302,1.0425963,0.08080592,-0.071187906,0.21315625,-0.031541575,-0.10855364
0.21441981,0.014935317,0.037546467,0.138595,0.25528952,-0.0053612133,1.0111791,0.83599299,1.0021999,1.1945184,0.90902978,-0.1076667,-0.19999021,-0.1516258,-0.15597762,0.00019371814
0.032104086,-0.23819427,0.048821308,0.15077892,0.098307095,-0.090009339,1.0953759,0.93902153,0.86779457,0.83338875,0.82386136,-0.040796697,0.069090843,-0.2128115,-0.23811656,0.13609488
-0.11334764,0.2597608,0.044366427,-0.1692526,0.10802597,0.11876334,0.79735231,0.96827286,1.1599298,0.81852674,1.0487559,0.03814901,0.22802727,0.15335135,-0.048561707,-0.17042196
-0.042912778,0.0094536776,-0.004569367,-0.053383987,-0.11413384,0.14787848,0.95280617,0.91015917,1.0231984,1.0146152,0.99623901,0.13980718,-0.12146351,0.029548327,0.11850473,-0.055396371
0.015968315,0.075845145,0.060750414,0.0011531468,-0.14654781,-0.10699952,0.0013703126,-0.035594333,-0.036701549,-0.063271537,-0.20511305,0.071755849,-0.12468812,0.18545169,0.32802016,0.093276426
0.055179536,-0.07469371,-0.11563182,-0.047957953,0.11939472,0.0043258024,-0.19159375,0.09470737,-0.058906525,0.097275183,0.0011792067,-0.092611663,-0.053924508,0.087100498,-0.067105114,0.15801486
-0.092696041,0.16947849,-0.15600549,-0.12749559,0.070455633,0.17709899,-0.034920458,0.09333469,-0.10923427,-0.11883169,0.0026655819,0.25255328,-0.032083187,-0.18909504,-0.29158598,-0.010729661
0.070441581,-0.044347405,0.017641913,-0.093908891,0.14586753,0.056115661,-0.16753401,-0.076315984,0.13971849,-0.0080197854,-0.28304884,-0.051457882,-0.064779572,-0.32622689,0.048526205,0.15794262
-0.071318738,-0.11267984,-0.033868857,-0.063907884,-0.017569726,0.052623279,-0.19631378,-0.049167983,0.21404843,-0.026249297,0.0026204388,0.029859249,-0.10809199,-0.17604271,0.25924873,-0.0078174677
-0.089033283,0.0027813476,0.15369937,-0.046581578,0.073294014,-0.25487337,-0.037120961,-0.079458177,0.039995257,-0.21127999,0.067400701,0.11564869,0.082761168,0.16398437,-0.042650525,-0.15405025
0.11295149,0.004017048,0.11068399,-0.040489655,0.019091796,-0.15287012,0.0057856948,0.11933503,-0.099596843,0.17756884,-0.016523575,0.10159603,-0.18172042,0.20742491,0.12742963,0.074990526
-0.042095084,-0.2030493,-0.1379029,0.11464614,0.17395782,0.050926428,-0.05262759,-0.082794286,-0.01299498,-0.045467701,0.13699763,-0.20021304,-0.015906731,-0.12895286,-0.049324725,0.1453964
-0.33816153,-0.0067792167,0.081417732,0.12450211,0.037065621,-0.078881115,0.038729068,1.0631257,0.079784244,0.028696399,-0.2370017,-0.025045935,-0.092267796,-0.11909037,0.077165894,-0.12789746
-0.0066500637,0.016948491,-0.088971928,0.16281474,-0.30214688,0.11065532,0.14083593,1.2692178,0.065405495,0.0084915068,0.30309835,-0.043564521,-0.13899858,0.19124268,0.044011075,0.084589861
0.013176655,0.073595002,-0.024841871,-0.11998017,-0.093961798,-0.10411525,-0.11972556,1.0815496,0.049568251,0.096342631,0.15475489,0.12952292,-0.063881703,0.093249463,-0.081152797,-0.078307398
0.14798665,0.036004771,-0.020152172,0.06372565,0.011351052,0.21557724,-0.24214473,0.79664046,0.0071075507,-0.03597169,-0.27407616,0.06077303,-0.0094858566,0.034875572,0.0715767,-0.12727527
-0.091356754,0.15763736,-0.049933169,0.93519497,0.92362106,1.0812817,1.1284354,1.1546156,0.76742578,1.0640451,1.0467916,0.87571102,-0.049141716,0.15855159,0.14172091,0.11051309
0.054876905,2.5983336e-05,-0.027461033,-0.17605816,0.018750658,0.067341529,-0.1169664,0.99323505,-0.032670837,0.11309971,-0.05908763,-0.18159242,-0.17451864,-0.11892642,0.10887869,0.073831424
-0.075955734,-0.041971918,0.012897612,0.036219981,0.021787839,-0.32468769,0.13098982,1.0056014,-0.0041589453,0.033354983,0.0072430456,-0.26971361,-0.05770199,-0.0015844679,0.13254909,0.0056931046
-0.15277068,0.036512174,-0.079068609,-0.18837562,-0.11753865,-0.25932568,0.1079571,0.94076896,0.0073710978,-0.16920267,-0.16688371,0.22327393,0.0017705517,-0.12462765,-0.11830355,0.13537449
0.11851113,-0.052798256,-0.36336237,0.024585642,-0.25046819,0.09953367,0.21176483,1.2145846,0.18935283,0.10224273,-0.12783073,0.074963011,0.083814174,0.0035225521,0.015212935,-0.36734158
-0.022926362,0.28797275,0.02748294,-0.025044458,-0.041519869,-0.075871125,0.022756899,-0.19408239,-0.063239679,0.097645827,0.24228822,-0.030010648,0.041405972,0.062224068,0.044921886,-0.098786421
-0.14691509,-0.087550402,-0.097664349,-0.031780202,-0.10593762,-0.15585057,0.062465593,-0.020603694,-0.097402044,0.1754397,-0.10470569,-0.01891974,0.12053009,-0.067939498,0.27289194,-0.11051153
0.027986642,0.053784069,0.037291449,0.036644496,0.0089415498,-0.056221448,0.022959977,0.097757034,-0.03146933,0.1520108,0.118389,-0.12206694,-0.042131878,0.15808405,-0.021392468,-0.035803854
0.018306404,0.16925177,-0.12434199,-0.046064459,-0.041599505,-0.011221931,-0.12941125,-0.046753738,0.026421394,0.088994928,0.032420743,-0.027077975,0.1390373,0.15589704,-0.22435513,-0.10573634
0.052081786,0.14181948,0.1604301,-0.031040696,0.033317998,0.16125727,0.07368055,0.15431884,0.00054010982,0.046325769,0.1533162,-0.049611762,0.079835266,0.0042797877,0.096498892,-0.23745584
-0.1152625,0.052992355,-0.023473246,0.037495483,0.086479783,-0.041236516,-0.01498721,-0.023588518,0.054763258,-0.12775746,0.10725042,0.12503709,0.08094465,0.22354943,0.1313895,-0.26908779
0.054712951,-0.02657018,-0.25760767,-0.0028492252,-0.0031876147,0.16503152,-0.060062822,-0.16434875,-0.018737106,0.047917824,0.21864659,0.030393405,-0.24570324,-0.011509089,-0.062906519,-0.0090974486
0.13388668,0.098834336,0.092191525,0.017716592,0.0016519085,-0.0072874711,0.029374942,0.058396954,-0.17773725,0.30156174,-0.20873132,0.031297039,-0.039657068,0.015249058,-0.16828112,0.17133485
0.0074127545,0.10410931,-0.058997277,-0.061115976,0.25366667,0.049256865,-0.05950588,0.16822278,0.086198844,0.11696509,0.91555297,-0.065286905,0.15969239,0.018685393,-0.060722277,0.11087721
0.20648757,-0.057610895,-0.004017469,0.24740395,0.098823495,-0.022604253,-0.074800953,-0.16793448,-0.31453064,0.06635461,0.90744334,-0.06116657,0.063740663,-0.036229264,0.10884909,-0.18683149
-0.071178667,0.13661438,-0.096270174,0.0027780461,0.028928421,0.077935144,-0.0028790105,-0.025577107,0.17053829,0.09155073,0.89017153,-0.055388495,0.17022023,0.078480296,-0.058202576,0.11384048
-0.18381877,0.13981354,-0.059379514,-0.039166853,0.11486761,-0.12646297,-0.056497864,0.13242528,-0.020347346,0.02347233,0.91926026,-0.07614892,-0.12499233,-0.077023953,0.084066458,-0.071964309
-0.17082287,-0.094402075,0.042909175,0.15464921,0.039119806,-0.078196213,0.87726921,0.7525785,1.1074278,0.93485534,0.92738485,1.1389656,0.93968582,1.2159439,1.02161,0.024366677
-0.05267629,-0.061095163,-0.071993552,-0.10899884,0.054820206,0.0050965799,-0.0026030811,0.061187595,-0.054406404,0.097328462,0.80453235,-0.010949763,0.069209263,-0.14143081,-0.015410195,0.0019610785
0.056125667,-0.11055343,-0.076397091,-0.19934361,0.024547135,-0.29064673,0.11167875,-0.10871668,-0.29240453,0.012303603,0.90677887,0.15933767,-0.050538797,0.073858373,-0.034421712,-0.0039848313
0.03867919,0.11261921,-0.049547713,0.06560047,-0.14551099,-0.04565319,0.079938538,-0.086296111,-0.34619862,0.022417989,1.1577965,-0.26957259,0.11829503,0.030416876,0.12153701,0.058489092
0.25261283,-0.13768177,-0.035857733,-0.11660348,-0.026264252,0.07294362,0.066138573,-0.31117132,-0.0080392798,0.21504451,0.8946256,-0.085242458,0.11117018,-0.10244276,-0.059565805,0.011326327
-0.11401494,-0.054681871,-0.031833958,-0.039817125,0.030555476,0.06464722,-0.096177891,0.11353438,0.058281511,0.22736858,-0.26973432,0.024006868,-0.16025032,-0.11233812,-0.001564973,0.21271317
-0.062618434,-0.15098326,-0.083454646,0.00041491102,0.083080731,-0.075007647,-0.065605797,0.00096941792,-0.092922561,0.059547119,-0.02730684,0.052004743,-0.023300398,0.19233979,0.18568362,0.0027360213
-0.16849393,0.02708045,-0.2041222,0.089205027,-0.09672831,-0.17213587,0.15571792,-0.015904382,0.091312185,-0.083532102,0.025821829,-0.073531985,-0.23115271,-0.12526135,-0.041312102,0.28656781
-0.007215708,-0.020362258,0.18799025,0.14125958,0.001884519,-0.10961025,-0.096890718,0.12835053,0.0060415412,-0.085698709,-0.079373538,0.16439918,0.015791276,-0.10394585,0.18221405,0.046200316
-0.16536951,-0.14873484,0.038189314,-0.087833285,-0.051665936,0.2180392,0.23613173,0.21777663,0.058787949,0.034467068,-0.13320319,-0.13838105,0.015384842,0.021554353,0.11823118,0.10223727
0.0610421,0.078694247,0.035079993,0.16182539,-0.12701225,0.24281432,0.076120824,-0.1564576,0.038359765,0.21174535,-0.067967795,0.068697557,-0.0033264784,0.1813224,0.033147719,-0.069082029
0.059889857,0.062729903,0.018327042,-0.06081073,-0.1636847,0.00046636746,-0.18922898,-0.098522946,0.014054386,0.13366,0.11177789,-0.20526619,0.1214053,-0.24365371,0.030517505,0.016767692
0.11084759,0.025774524,0.13111785,-0.067494355,-0.0090899589,0.10991604,-0.058457639,-0.060125642,0.013562981,-0.17992887,-0.023069002,-0.11716989,0.18103433,0.15566544,0.089549147,0.26747617
0.03030573,-0.038586739,0.046475131,0.042716093,-0.02839789,0.048790604,-0.13894172,-0.11150938,0.038627636,-0.14193903,0.13855155,0.056630686,-0.066710725,0.13821463,0.034117937,0.20355393
-0.01909449,-0.058691401,0.058123302,-0.11769368,0.12871745,1.0503557,0.61644918,1.0007384,1.0278366,0.85672438,-0.033222895,-0.036636773,-0.23464699,0.034346856,-0.0036215179,-0.07905516
-0.047165696,0.007681685,0.13251641,0.056906473,-0.028777376,0.9588697,0.94252813,1.1169071,1.0452687,0.94043553,0.16386946,0.099004261,-0.097228847,0.066381,0.026665056,0.049280126
0.089355461,-0.036130048,-0.057868943,-0.12778094,0.039538302,0.99414349,0.79605085,1.0080268,1.0503799,1.024031,-0.03031677,0.091604471,-0.063172013,-0.17437586,0.18355116,-0.16838412
0.03870124,0.21568735,-0.052210782,0.14992374,-0.021215159,0.97381526,0.79486465,1.0839257,0.929524,1.0960344,-0.099245057,0.0207255,0.023489622,0.16486844,0.10454401,-0.1329319
0.11759415,-0.0086384825,-0.076539993,-0.04945818,0.12045886,0.81428421,0.94642091,0.87419975,1.0061187,0.97092772,-0.1353204,-0.025802134,-0.020862078,-0.039691661,0.01433184,0.1407537
0.00032089348,0.0076169609,0.075996064,-0.02634578,-0.02578182,-0.070597447,-0.078487173,-0.086324304,0.019449279,-0.2815223,-0.057993475,0.019320654,0.11873507,0.17057605,-0.18525372,-0.082973205
-0.017428279,-0.21103266,-0.088933639,0.011455157,-0.035160229,-0.22379066,0.081033923,-0.11239208,-0.001985895,-0.20471367,-0.014470593,0.097840466,0.10607413,0.099457182,0.055542666,-0.11041466
-0.17110862,0.16137026,-0.15391351,-0.11316887,0.081648447,0.0062807049,0.15024434,-0.056356505,0.12256334,0.33758345,-0.075266197,-0.0086079417,-0.068807147,-0.02263144,-0.057301197,0.084533498
0.10684264,0.02669988,0.096215442,-0.11697271,0.050693832,-0.068930253,0.12750368,0.04343953,-0.22701675,-0.0018028597,-0.15467615,-0.036389977,0.12029029,0.24129285,0.054532338,0.058528982
0.063152879,-0.025711354,-0.22271819,0.10066557,0.028293043,0.0025283757,0.038822863,0.057014681,0.016310602,0.12211745,-0.0027304555,0.13698539,-0.036847629,-0.042399839,-0.12388103,-0.095148645
-0.1110523,-0.0034097573,0.00093579252,0.15760615,0.028191663,0.021210035,-0.17755468,-0.10805254,-0.47111735,-0.14454423,0.12136026,0.1100358,0.079974726,-0.31157133,0.02582866,-0.010449101
0.15435164,0.081389546,0.10144435,0.137508,0.21286237,-0.063583612,-0.030476598,0.054118283,-0.077284433,0.091683313,-0.056795746,0.20492584,0.0045693116,0.076245166,-0.10741768,0.0048313667
0.059323024,0.0032839063,-0.14442539,0.43673077,-0.0762714,-0.21996252,0.13292192,0.059461322,-0.3049469,-0.077073768,0.09560021,-0.25479102,-0.028358957,-0.0024608856,-0.03101187,0.03671588
0.0056843474,0.10978555,0.052032895,-0.045313854,-0.01791027,0.19063772,0.0014359746,-0.16658977,0.011277912,0.87208509,0.095263682,-0.035139043,0.058299348,0.0019953032,0.049988389,0.14530869
0.053105999,0.08399874,0.0645684,0.10332683,0.042151827,0.040232107,0.0040002223,-0.33697644,-0.053349655,0.99378568,-0.06113502,-0.22349592,0.062979601,-0.093608446,0.077818356,-0.096526891
0.0098844953,-0.076017186,-0.071481816,-0.081887826,0.10051218,0.0043415199,0.063726358,0.0060134432,-0.038051683,0.88035923,-0.0023675677,-0.089447781,0.039443631,-0.062208746,0.0051709567,0.13726993
0.063302189,0.098316044,0.045526601,0.015922152,0.11804482,0.073629722,-0.0040133544,-0.16337046,-0.14163743,1.196077,0.048492979,-0.15978296,-0.034275681,0.081057325,-0.12973727,0.020231815
0.1196024,0.11672693,0.14555512,0.01059856,-0.11081681,1.0470593,1.0700091,1.0945852,1.0297086,0.8670553,0.99995846,0.80868465,1.0934772,1.1247656,0.031158483,0.0094284052
-0.0045135757,0.026003547,-0.036388088,-0.041989513,0.20511526,-0.031843904,-0.057283122,-0.02589744,0.21973683,0.89709949,-0.072491266,0.15034589,0.12067614,0.084499426,0.060706284,0.022587115
0.0073692771,0.16940089,0.0084398193,0.04529218,-0.050032072,0.14250097,0.051831588,-0.11749032,0.23682536,1.154256,0.1153179,-0.036630057,0.021735398,0.11842194,0.013346645,-0.067459166
-0.074165687,0.14699668,-0.044696514,0.026323462,0.19668275,-0.089561753,-0.017358443,0.038600933,-0.16922142,1.1349161,-0.011810306,-0.10654297,-0.057131153,-0.042362284,0.12989749,-0.13510697
0.041395042,0.013880887,0.097495347,0.25234127,0.1551155,0.085176215,-0.089598738,0.04889787,-0.16073419,0.88576287,-0.00034625936,0.090299681,0.038667258,0.2775209,0.034524251,-0.23409115
-0.046080153,-0.057984691,-0.026131842,-0.20077394,0.095089652,-0.044825256,0.10111537,-0.089987651,-0.035792172,0.042283215,0.03386914,0.022049269,0.052788701,-0.16788538,-0.048321206,-0.086487062
0.15334691,-0.12952563,0.013540433,0.29499769,0.012699451,-0.085993074,-0.034446083,0.00061152753,-0.058487456,0.10180916,-0.094306305,0.11008144,0.1090076,0.15500958,0.32751414,0.10689106
0.11183483,0.073447935,0.039096426,-0.099600814,-0.11153471,-0.012632702,0.008784961,0.1075905,0.072888434,0.29233393,0.016440192,0.039174307,-0.027815284,-0.080465496,-0.10223304,0.098217398
-0.11132927,-0.055906862,0.037445344,-0.12093661,0.012955575,-0.059553511,-0.055848364,0.021628076,0.05235827,-0.09464924,-0.0023677503,-0.12673669,0.20690271,0.033619184,-0.25267428,-0.0092226779
-0.0022071379,0.076431096,0.12045336,-0.25317383,0.048630167,0.0076989331,0.13543653,-0.12362598,0.16408715,-0.012957415,0.066162951,0.054372691,0.052561074,-0.026738925,0.11218876,0.16179752
-0.0042530354,0.092588857,-0.30734533,-0.086176924,-0.10087606,0.14739852,-0.068454459,-0.14674218,-0.12718239,0.031195093,0.2605533,-0.057611857,-0.028367771,-0.1314504,0.048115801,0.0030409344
-0.019644499,-0.28116789,-0.034506351,0.050902039,-0.043712795,-0.20144263,-0.074865386,0.060032021,0.059685133,0.04067431,0.13325067,0.100439,-0.0022718171,-0.13763244,0.13180684,0.23555186
-0.020704174,-0.13139489,0.11248633,-0.12015203,0.032458656,1.0169449,0.0079916362,0.083153762,0.12379834,-0.36924064,-0.10973776,-0.094381332,0.039037839,-0.042131037,0.038856424,0.15681015
0.15220988,0.20673129,0.071565047,0.13673502,-0.13647789,0.95935398,0.19767572,-0.13043287,-0.018279165,0.18171287,0.064691752,0.1042584,-0.13983946,0.0049445168,0.15850726,0.081194669
-0.12165574,-0.2383039,0.10572078,0.0059654354,0.0067874906,0.89290762,-0.024537794,0.06931749,0.13201086,-0.036062386,0.3938894,-0.12557776,-0.027359771,-0.067689322,-0.24310337,0.0023565721
0.070148014,-0.18369332,0.075997263,-0.12080176,0.041921712,0.99549288,-0.053384539,0.14797354,0.31791618,-0.1117178,-0.17013344,0.18923268,0.22493377,0.060960408,0.11350901,-0.010495295
0.071901873,0.94960195,1.1172862,0.76288188,1.0493262,0.95613456,0.98516881,0.99287516,0.97208512,1.0711012,0.011847923,0.060014158,0.14867191,-0.13370378,-0.1702804,0.10117243
-0.10998547,0.029807724,-0.11731999,-0.1216462,0.11083882,1.1169962,0.092734903,-0.029509244,-0.16127759,-0.016940685,-0.070525192,-0.012383731,-0.070438437,1.9471714e-05,-0.071560055,0.053249333
-0.071723759,0.063053489,0.091884978,0.101435,-0.15756273,0.9451741,0.023668228,-0.073432595,-0.071016997,0.13693853,-0.032971393,-0.0024321673,-0.00075304927,0.051972821,0.19460887,-0.19174357
0.081502549,0.034119293,-0.1125521,-0.028466165,-0.19193858,1.2348459,-0.13908759,0.25432223,0.021909548,0.24149302,-0.0421119,-0.12428589,0.035595912,-0.10948491,-0.049057994,-0.12163957
-0.021559013,0.035117902,-0.061313607,0.033128459,-0.14065446,1.0767078,-0.063511692,0.14811413,-0.053396136,0.056896243,-0.070458554,0.024121223,0.056350455,-0.22933687,-0.053083096,-0.13822879
0.062302873,0.17842747,-0.080847658,0.087071992,0.049891651,-0.046388462,-0.035847232,0.14889632,-0.083387986,-0.036027856,-0.18515666,-0.19916198,0.2491639,-0.0929332,-0.10930702,-0.15937971
-0.061885361,0.028443547,-0.067539953,-0.10424358,-0.14497015,0.11470173,0.13684522,0.030071182,0.1745598,0.065589704,-0.16231553,-0.1723731,-0.11508088,0.018743034,0.020437492,-0.015201
-0.10195431,0.022425743,-0.032491542,0.028974872,0.011033222,0.024450764,-0.035907753,-0.15206142,0.15507531,-0.043824304,0.24429733,-0.10140527,-0.045142546,-0.18245703,-0.19372888,-0.19863895
-0.13119157,-0.0060757417,0.067473382,0.24067512,-0.059639305,0.034910135,-0.14745401,-0.0018226744,-0.157848,-0.059984241,-0.14353128,0.062241521,0.11311644,0.0049738917,-0.13467208,0.11472753
0.071731664,-0.067802899,-0.19335142,-0.047602471,-0.12463678,0.11428472,-0.022210056,-0.13018607,-0.22880824,-0.066284925,-0.060350113,-0.11605839,0.26730523,0.014437221,0.056355037,-0.062547602
0.16718625,0.06554123,-0.2423455,-0.20845452,-0.054198693,-0.039477278,-0.026802206,-0.088461652,0.019429149,0.073333383,-0.3799215,0.21111107,0.12083697,0.14768097,-0.057679772,0.061286937
-0.090821967,0.084233411,0.053579178,-0.00019702477,0.019705262,-0.1152376,0.16768382,-0.1017541,0.16992846,0.075209506,-0.24061875,-0.10380799,0.060943063,-0.010862088,-0.036140006,-0.10917003
-0.016589629,-0.19137545,0.20457834,-0.043968707,0.051377792,0.10286995,0.0194909,0.22196029,0.096170798,-0.02188204,0.28974852,-0.061349846,-0.060003616,0.047409128,0.08244881,-0.19501632
0.0994974,0.12005282,-0.095271409,0.14800496,-0.02653178,0.013353018,-0.070797391,0.06598796,0.14763364,0.15467565,0.21774811,-0.10168102,-0.083489344,-0.035007536,0.19188856,-0.083088458
0.054951146,-0.063060939,0.066917658,0.032664701,-0.08563821,-0.11512434,0.11070494,-0.070259392,0.15565471,0.07322678,0.090663344,0.29279491,-0.020588189,0.015714159,-0.063921362,0.014220281
-0.11311108,-0.016791608,-0.053197272,0.16336259,0.00081010052,-0.089356311,0.99204105,1.0717541,1.0396672,1.1459757,0.86708701,-0.015277435,-0.082232222,-0.13294728,0.12993932,-0.032047547
-0.096381672,-0.089010686,0.082058661,-0.14212984,-0.14222336,0.021560865,0.96333122,0.83009928,1.1096977,1.203519,0.96931386,-0.055462927,0.037911974,-0.060294814,-0.040748108,-0.099618852
-0.18266222,0.10799015,-0.14195837,0.10338441,0.010075932,0.087194838,0.82895744,1.0297015,1.0914276,0.83514845,1.0070723,0.079532094,-0.044317,-0.032830767,0.1541422,0.024272038
-0.072285175,0.12768964,0.03596209,0.13704623,-0.22930314,-0.20772524,0.99845868,1.2170916,1.3098347,0.99925363,1.0380939,0.12805687,0.037512731,-0.0053990302,0.027933592,0.040072329
0.085711531,0.068701617,-0.068606108,-0.18038259,0.048687011,-0.24013977,1.0668555,0.85153979,0.9271853,1.08832,0.81099325,0.28281456,0.088217862,-0.33064952,0.058955066,0.020140983
-0.088971116,-0.090973474,-0.044314127,-0.051159292,0.047362573,0.11070985,0.11636931,0.074142598,-0.066958502,0.13521793,-0.15984164,-0.0664263,-0.041943304,0.015161486,0.21301651,-0.079825021
0.093246788,-0.024293745,0.047425628,-0.15527716,0.056734666,0.01558536,0.091920212,0.01841373,-0.06734404,-0.028841838,0.23120075,0.033004671,0.049982645,0.10971598,0.38322082,0.13086177
0.10474145,-0.054103173,0.10007169,-0.030685153,-0.028260816,-0.22996129,-0.074647591,0.0013751272,0.018235611,0.0043369969,0.053195257,-0.28217,-0.081012428,-0.0036283168,0.30319548,-0.10170524
0.041615322,0.039652631,-0.045104824,-0.1025905,0.25844574,0.052792236,0.036796644,-0.072909221,-0.1192584,-0.018172767,-0.16666262,-0.023682548,0.11351559,0.13870676,-0.10190974,0.059445128
-0.14352323,0.032302447,0.1121627,-0.00076586375,-0.02418378,-0.1066386,-0.19865473,-0.28454813,-0.090597391,0.16077234,0.013134921,-0.049482234,-0.068843968,-0.097247273,-0.031381357,-0.055983432
0.1735418,0.079406984,0.97731096,0.99166679,0.14633515,-0.05167298,-0.11883559,0.055914301,-0.04232448,0.25700101,0.022369334,0.10311014,0.07337328,-0.1465539,-0.25629374,-0.014433508
-0.052064553,0.082164198,-0.11994329,1.1177168,1.019976,-0.021356206,-0.17924145,0.021022405,0.046230555,0.074229583,-0.077291049,0.017590204,0.10539325,-0.16060519,-0.050640736,0.053454116
-0.037045922,0.11804426,0.15905102,-0.1517303,1.04439,0.96453488,-0.13961735,-0.17187898,-0.17628002,-0.099830769,-0.029257555,-0.086244106,0.071050979,0.13329569,-0.21636455,0.30515087
0.0042519881,0.021331266,0.11534085,0.10978473,-0.03934392,0.69652802,1.129248,0.012337968,0.1399204,-0.13628386,-0.09252575,-0.022361225,-0.21376896,-0.0057253223,-0.070037112,-0.090598129
0.17651643,-0.00086425821,0.31266817,0.12779878,0.13287185,-0.015099777,0.96240497,1.1224704,0.11699472,-0.040858008,-0.10613263,0.024264913,-0.16990063,0.1338719,0.20525505,-0.040492672
0.067057796,-0.17307512,0.016977962,-0.11797272,-0.042364161,0.0089035388,0.046255272,0.84600693,1.2128288,0.072931066,-0.17971726,-0.036832809,-0.041174415,0.11700583,-0.10485021,0.084084556
0.11751729,-0.056517649,-0.035942402,-0.11084693,-0.056026146,-0.19019863,-0.005570462,0.040647626,1.0475906,1.2229035,-0.075407252,0.011691876,0.26614109,0.033066362,-0.043635085,-0.0015668393
0.12491713,0.16525793,-0.02156264,0.033935618,0.13426836,-0.053137686,0.07271558,-0.13919654,0.0065884199,0.89333236,1.0444819,0.087409936,0.0081037693,0.065731727,0.27204648,0.023689767
-0.010309951,0.060928643,0.0641094,-0.014106638,0.17007554,-0.20056807,0.041392229,-0.042992815,0.13867214,0.023675874,1.048808,1.0191743,-0.2062853,-0.01215416,0.10526381,0.11646941
-0.068286218,-0.18673038,0.011610027,-0.069591738,0.231511,-0.17226706,-0.046877615,0.092573464,0.11026809,0.17484811,0.14466782,0.99585652,0.90692067,0.0031621456,-0.071887158,0.022165228
-0.132523,-0.035066381,0.0063596116,-0.034254961,0.070469745,-0.12936878,-0.030654892,-0.12598658,0.024280235,0.055012807,-0.07264787,0.080245219,1.0356169,1.1230512,0.086026713,-0.11498763
0.20369692,0.028567856,0.00098687492,-0.02660213,0.10596038,-0.12507951,-0.01700652,-0.046586022,0.036105223,-0.15339251,-0.030490972,-0.046545725,-0.061281521,1.0124806,1.0091931,-0.16185836
0.16279398,-0.061160468,-0.20267084,0.093169071,-0.021853028,0.15111287,-0.058535721,-0.022535125,0.17671156,0.051708717,-0.18708797,-0.03541689,-0.14420077,-0.19768617,1.2406771,1.0533565
-0.13320714,-0.021926861,-0.024993999,-0.018615443,0.1704644,0.11660815,0.14635652,-0.12394653,-0.015727995,0.039859407,-0.029969769,-0.036195539,-0.019456793,0.26679927,0.16419481,1.1271849
-0.091072164,0.20686524,0.19226092,0.13045023,0.14434104,0.054096136,-0.35126188,-0.28158993,-0.027705928,0.18088485,0.0087291189,0.045895115,-0.13971922,0.092168637,0.041635685,0.059848916
0.048417304,-0.15951332,0.2515668,0.15504675,-0.12409755,-0.0338489,0.061904863,0.025848864,-0.14470834,-0.2752701,-0.14766869,-0.17956878,-0.133009,0.35456184,0.047018114,-0.033402324
0.95182258,0.86255234,-0.032771055,0.0019521408,-0.062977031,-0.02530751,0.10122787,-0.039539635,-0.17288007,-0.075735509,0.041622721,0.13182919,-0.13469568,-0.046929415,0.052398086,-0.03293905
-0.01465534,1.1791003,1.022208,0.078633413,-0.068949021,-0.052143455,-0.068778262,0.14042887,0.11963883,0.033237834,0.19547139,-0.036196824,0.25677103,-0.14610438,-0.21324311,-0.013651258
0.056488559,0.19571009,1.0726638,0.92884624,0.15717369,-0.097006246,-0.060022216,-0.17261283,-0.17943089,-0.04702457,-0.088441148,0.073517323,0.12762664,0.032641463,-0.10789521,0.026320841
0.11468633,-0.013335829,-0.15125351,0.94721478,0.88078558,-0.029287754,-0.0004917804,-0.21395342,0.0080795642,0.15681502,-0.12693976,0.090374313,-0.00044379756,-0.060593188,0.079337418,-0.029890366
0.033826534,0.083377846,-0.09916649,0.11285836,0.94276839,1.0111928,-0.10232568,0.077798992,-0.0070298226,-0.2454963,-0.064868689,0.09834487,-0.1406811,0.18382731,-0.043942429,0.0073017594
-0.049844887,-0.044621591,-0.0071691438,0.0021789125,-0.0080560148,0.9487865,1.013597,0.026064148,0.072419986,0.10867608,-0.012097099,-0.16511092,-0.095622376,0.022139475,0.088469915,-0.087444812
0.0085546691,0.024333797,0.21657729,0.082806103,0.12912484,0.035156373,1.0464085,1.2463626,-0.033681281,0.11268832,-0.056291178,-0.2244577,-0.12865496,-0.19366923,-0.084074721,0.057094973
-0.06901519,0.067461349,0.066118196,0.23168324,-0.12885582,-0.054445546,-0.077579662,0.78842252,1.1512136,-0.12598377,-0.097800903,0.020990437,0.13168462,-0.017801059,0.17334276,0.13510552
-0.11034651,0.0051916661,-0.0073047285,0.065829515,0.0030103391,-0.14405882,0.051161785,0.11957911,1.0066081,0.84840482,0.020869618,0.060469374,-0.017470764,-0.051828422,0.10006497,-0.016886638
0.063432693,0.022250706,-0.16932093,-0.18328206,-0.20866691,-0.010248455,-0.1751684,-0.0082623223,0.080116481,0.97991347,0.84360784,-0.063619822,-0.03084819,-0.049669564,0.024436759,-0.053693809
0.1947649,0.1270279,0.06154022,0.201198,-0.20092461,-0.014087235,-0.1025533,-0.054715808,-0.16577357,0.094691873,0.95301849,0.95387745,0.20085508,0.082770117,-0.017534601,-0.031096943
-0.013979733,0.18322642,-0.094872907,-0.092569917,-0.15925574,-0.027092261,0.03987392,-0.057812274,-0.060525537,-0.077575952,-0.020677041,1.0321022,0.85726869,-0.0092797363,0.27339736,0.16080281
-0.014441978,-0.059766266,0.041921198,-0.068637483,-0.011776703,-0.069001228,0.1668707,0.13908346,0.028708328,0.019736012,0.12770756,-0.087135851,0.97722763,1.1782113,0.007911846,-0.086538814
-0.084554635,-0.019049494,-0.11538353,0.08475931,0.053066801,-0.22095202,0.16987015,-0.11312401,-0.010890109,-0.14151144,-0.16985413,0.13487193,-0.11089041,0.81493741,0.98634601,-0.043675575
0.002733452,0.036847472,-0.02268322,0.14702719,0.26312387,-0.055584628,0.049857724,0.092463635,0.12420195,0.054704171,0.056325015,0.0025629203,-0.16644023,-0.0042434465,1.1484847,1.1763068
0.12451329,0.16958213,0.12311774,-0.030477684,-0.11299717,0.039752189,-0.13176061,0.01801092,0.041427337,-0.022933338,0.062666699,0.034201235,-0.087472722,0.098712854,-0.13101503,1.0150694
0.074057296,-0.017327983,0.0017856719,-0.01932095,-0.039114434,-0.067633182,-0.0029838851,-0.19005008,0.11119466,0.012837706,0.1221566,0.015914654,-0.11200816,0.04500344,-0.12251391,0.085878223
0.1582884,0.080419987,0.13141729,-0.11380742,-0.12692502,-0.15310159,0.38586327,0.064531215,0.085104585,0.11108137,-0.13671003,0.22639808,0.0049499841,-0.081451163,-0.31939179,-0.11683584
0.098409846,0.012490795,-0.084823295,0.11601739,-0.12693387,-0.078896396,0.094472781,-0.19333872,-0.068257868,0.15815446,-0.045707989,0.056696456,-0.13327388,0.076044776,-0.024020778,-0.039139103
0.3855406,-0.18967003,-0.015861465,0.25924858,-0.077568576,0.010276039,-0.042619821,-0.22255272,-0.043775029,0.017780514,0.88153136,0.0022127342,0.070335396,0.054546714,0.03331653,-0.08245033
-0.032161109,0.17949872,0.15941766,0.018833149,0.0045469562,-0.16110533,0.1165182,-0.05455197,0.029952427,0.13266619,0.97975361,0.016266773,0.26281515,0.13676098,0.081876174,0.085751943
0.15098757,-0.081417277,0.015290438,0.11295627,0.026995258,0.025435312,-0.11192797,0.0675423,0.058475617,-0.10804458,0.88666999,-0.19936605,0.018770387,-0.050990734,-0.011543067,-0.17196716
-0.11257204,0.063378476,0.034605302,-0.17613171,-0.0037820672,-0.067843705,0.070029505,-0.13127697,0.1045506,-0.12890778,0.97831464,-0.24660203,0.025614411,0.0027760353,0.03221377,0.11517213
-0.015486892,0.018799784,0.086930141,0.15355596,-0.22875506,-0.230382,0.93260455,0.8959958,0.90494543,0.98563063,0.89789593,1.186829,0.96010709,0.91282803,0.93557394,-0.077511981
0.13095438,0.018907644,-0.18641876,-0.026164029,0.10485296,0.094504714,-0.048816655,-0.029525807,-0.051229101,-0.0054066214,0.85929567,0.037363056,0.24632037,0.08266867,-0.025158273,-0.18454376
-0.022919787,-0.061021592,-0.061338779,-0.010905231,-0.070611991,0.077728882,0.13941227,-0.086719006,0.015987298,0.11139864,1.0456977,-0.016616875,-0.0032304078,-0.021326093,-0.10186201,-0.21728466
-0.047172699,-0.0026150851,0.03104753,-0.22972971,-0.047847789,-0.020830851,0.049438942,-0.12585112,-0.14503948,0.09279339,0.92683429,-0.19457833,-0.10237908,0.02218667,0.028723691,0.080228999
0.028876368,-0.01692269,-0.16754861,0.14576209,0.15032436,-0.045600031,0.013367615,-0.054929398,-0.080860533,0.027981197,0.98592669,0.017651677,0.095280349,0.15842395,-0.12680303,-0.0059082722
-0.10083825,-0.081065021,-0.022868726,-0.11784414,0.075798348,0.072649278,-0.047796961,0.068084463,-0.11776573,0.20143598,0.23199782,0.051319644,-0.0405651,-0.059470199,-0.062929541,0.17701896
0.025406659,0.11148486,0.10435563,-0.1122528,0.17943464,0.23160884,0.15096053,0.18332753,-0.079928935,0.11746176,0.061879721,-0.056117028,0.093582056,-0.15877359,0.090712354,0.014073942
-0.019358512,-0.052300662,-0.072013184,0.011319127,-0.12949324,0.15245165,0.03667213,-0.080555283,-0.29883212,0.054845277,-0.059227359,-0.084572442,0.017954912,-0.022686942,-0.05369712,-0.068447269
-0.095245004,0.025393842,0.015862105,0.14757375,-0.13189243,-0.22044781,-0.033142392,-0.12105028,-0.0026832123,-0.0075202212,0.00053631375,-0.2308275,-0.094996214,-0.087631196,-0.076930836,-0.0025575135
0.36216217,-0.14844853,-0.065280132,0.095901325,0.073293202,0.11817932,0.060075525,0.10095564,0.0274974,-0.1809226,-0.019976191,0.16201085,0.091477022,0.20231953,-0.18572782,-0.17088808
0.1290058,-0.063356221,-0.059163239,0.12573022,0.25187013,0.042568989,-0.08176855,-0.23497573,-0.19563825,0.080678545,-0.099244133,-0.021708786,0.044900879,0.085729323,-0.16004726,-0.02848753
0.26962072,0.07794299,-0.089506924,0.24262106,-0.050304249,0.96391225,0.93616289,1.0670291,0.97318155,1.2444937,-0.025712414,0.093321994,0.10526454,0.11508426,0.026012778,0.028536413
0.079806834,-0.047348134,-0.18132325,-0.038483888,0.010874679,0.98897552,0.99681491,0.98379844,0.82264018,0.85211807,0.11265834,-0.042450599,-0.10340909,-0.084258996,0.11580985,-0.018480834
8.0471444e-05,0.017147984,0.16267937,-0.067180768,0.2522538,1.0263435,1.0622152,0.87074971,0.88984656,0.89267445,-0.0007015359,0.093599103,0.038702093,-0.030027488,-0.040272113,-0.00067187805
0.15262134,-0.03732593,-0.039684657,-0.13774966,-0.010335092,1.2305683,0.90041298,1.0851377,0.95466328,1.1205121,-0.10631016,-0.19814165,0.095907487,-0.017007379,-0.07425645,-0.069004476
0.050579287,0.0149274,0.040847369,0.071781762,0.09154357,0.90808308,1.0023721,0.95285034,0.9738664,1.1021076,0.24375369,-0.066379011,0.037338458,0.036771242,0.0094463974,0.079442926
0.070656165,-0.0056595416,0.019883972,0.15230854,-0.010679311,0.14262988,0.11652645,0.064145513,-0.15592167,-0.22574745,-0.055167597,0.11373065,0.037181735,-0.036430195,0.1174069,-0.11619838
0.011522769,-0.047394756,-0.083447583,-0.28833565,0.092770837,-0.22878347,0.19966853,0.13973612,-0.031038664,0.047072582,-0.17591015,0.037757348,-0.12271942,0.024344606,0.19610155,0.031633686
-0.0159267,0.010003966,-0.25207451,-0.011025475,-0.016754709,-0.082982749,0.062453452,-0.16057386,-0.22908489,0.019206509,0.17564012,0.054865051,-0.097157165,0.37644678,-0.12075251,-0.0070344652
0.082136691,-0.12613569,-0.0441343,-0.046617527,0.1239849,-0.049782652,-0.051284086,0.18428202,0.047342084,0.15043156,0.058553904,-0.14212264,-0.065377109,-0.14251746,-0.019586463,0.091211297
-0.086145423,0.010023017,0.065737911,0.056879394,-0.092864707,-0.074542075,0.250788,0.075719908,-0.046537619,0.16622972,-0.022748578,0.055935472,0.15293778,-0.10049734,-0.01928081,-0.15760417
0.078139164,-0.28715008,-0.14165154,0.080614693,-0.26558292,-0.071684986,-0.18960692,0.034250222,0.090495683,0.10841396,-0.080238238,-0.035091922,-0.027031356,-0.025272718,0.078715667,-0.063916177
-0.053585447,0.010642822,0.026569899,0.063394524,0.045676585,0.12206541,0.028555021,-0.086080909,-0.16241139,-0.27162316,0.14898358,-0.13052084,-0.23738155,0.084900498,0.004994431,-0.019336382
-0.18019296,0.016608033,0.07223542,0.13841178,0.10108346,-0.073687516,0.13927856,0.084645316,-0.033906747,0.19118796,0.14048174,-0.020088673,0.028338758,-0.043567128,0.15885392,0.053403933
-0.093317285,0.21889535,0.050360635,-0.010225593,-0.086854622,-0.12828276,0.070524886,-0.016606022,0.078764074,-0.25245294,-0.002710497,-0.081720866,0.14668962,0.081520297,-0.14047401,0.0097394213
-0.0060033337,0.13571757,-0.079145499,-0.01106011,-0.036339298,-0.24360862,0.21373527,-0.034567874,-0.019980097,0.15504749,0.062906414,-0.031461567,0.19181487,-0.044247363,-0.037687615,0.1570801
0.99067396,-0.17284344,-0.12478792,0.062137898,-0.067888781,-0.014163194,-0.094566718,-0.039613795,0.12419333,-0.15288436,-0.21325992,0.0086166728,0.050199531,-0.079089209,0.058768757,-0.089659564
0.93175304,0.83053517,-0.18574792,-0.13497925,0.081317358,-0.03438044,-0.12349726,0.06504672,-0.02400963,-0.027400566,0.15099649,0.19296016,-0.09173011,-0.25745875,0.00091341248,-0.21844038
-0.027139246,1.1525199,0.9887678,0.20190522,-0.24528338,-0.084249407,-0.011648,0.10949667,-0.0087530529,0.011325566,-0.05079186,0.15257038,0.12046055,0.026508916,-0.011813831,0.22749062
0.031065518,0.061244361,0.96003759,1.0885988,-0.059553951,-0.049464677,-0.014269288,-0.023637962,-0.17213941,0.06674359,0.0089392746,-0.10621646,-0.042526834,-0.0022862798,0.0076775947,0.063832216
-0.13709438,0.098002955,0.076774776,1.0572686,1.2390398,0.048088267,0.027211774,0.037515663,-0.11726892,-0.12780546,-0.087126516,-0.031445559,-0.042414542,0.042749263,-0.18580291,-0.043098714
-0.10576219,-0.018594211,0.27157405,0.18890871,0.89949048,0.55368346,-0.056319959,0.01844118,0.0061481441,-0.065986469,-0.10989077,0.035296082,-0.19249484,0.028499693,-0.098989017,-0.11406661
-0.082145952,0.19993453,0.0014101404,-0.08111988,-0.18163152,0.99879903,1.0090894,0.18390921,-0.019680034,0.12390115,-0.15347239,-0.049114585,-0.04737534,0.20105071,-0.24942105,-0.12079298
0.20782602,-0.15233468,-0.011079481,-0.17027329,-0.13462599,-0.2046514,0.81067979,1.0041558,0.13695259,-0.03992451,0.027955383,0.025740065,-0.12788378,-0.01319377,0.066872537,0.23228076
-0.021637253,0.29405013,-0.16216481,-0.14369531,-0.066844314,0.1174365,-0.035425942,1.3220083,1.1575844,0.093411691,0.10276672,-0.063691854,-0.0041393302,-0.089852028,-0.15391886,0.10632846
-0.19353291,0.027392417,-0.10386852,0.056291498,0.04785984,-0.052927028,-0.030281225,-0.01974017,1.0016377,1.0535841,0.13397855,0.015659859,-0.0063802768,-0.1412632,-0.13667576,-0.0022394799
0.17455532,0.084531419,-0.0090229604,0.094985023,0.091404177,-0.055517077,0.15565431,0.062583216,0.036555745,0.91192484,0.81513482,0.015184028,0.05588574,0.22794829,0.036164127,-0.098976456
-0.0057583451,0.1845547,-0.013387455,-0.012123203,-0.0015784843,-0.025529105,-0.079245836,-0.08068423,0.15848556,-0.060922533,0.90390104,1.2155755,-0.20358035,-0.0034160402,0.066733599,0.004214922
-0.17570736,0.11636315,-0.058747727,-0.052865867,0.11048254,0.025105312,0.12051976,0.12430597,0.15491772,-0.20267351,-0.019696392,0.90529042,0.83297843,0.12165478,0.053998269,-0.26471013
0.0027165671,-0.23008274,-0.15641566,-0.15601648,-0.028862469,0.0033692077,-0.13037063,0.12215497,0.027926696,-0.059877072,0.023776637,0.0044008661,1.0253147,1.0350139,-0.080330849,-0.11679316
0.1038206,-0.077285066,0.037796292,0.044786923,-0.14194447,-0.060405914,-0.16545148,-0.081354849,0.074185312,-0.068234183,0.20766361,0.11382109,0.042558815,0.81663984,1.0446147,-0.080535077
-0.12028655,0.14785857,0.93031323,0.87881511,-0.034845173,0.18601958,0.014056854,-0.047119632,0.20713454,-0.030017661,0.037400816,-0.13978007,0.042205356,-0.044969499,-0.018795403,-0.049170572
0.075487085,-0.041383699,0.13544668,1.2040887,1.2928327,-0.051587712,0.061688799,-0.069553711,0.070089564,0.15287057,-0.024227036,-0.11283395,-0.18077685,0.022196526,0.082835436,-0.084943071
-0.11632989,0.070361622,0.023112603,-0.01930752,0.94074148,1.0556191,-0.11172,-0.057183653,0.071502574,-0.033302233,-0.012594203,0.043387301,0.09917064,0.13152251,0.20757805,-0.1064704
-0.030093176,-0.16281378,-0.18547696,-0.13925666,0.20841794,1.0053455,0.99347734,-0.17102744,-0.2313305,0.019432727,-0.13408883,-0.075129539,-0.11863588,0.086968586,-0.088219568,0.1648245
0.14045475,0.017603591,0.248282,-0.089349076,0.069074407,-0.042864051,1.3470019,0.88779283,0.082708284,-0.11290427,0.1187336,0.1983593,0.10804147,0.11761884,-0.19328459,0.010596401
0.16849905,0.0452254,-0.23483327,0.010877878,0.21753474,-0.20317431,0.022184582,0.94036454,0.84995633,-0.14969993,0.10208032,0.06753289,-0.089306623,0.10641798,-0.027030369,-0.041109372
-0.10833178,-0.16972509,0.14489169,-0.082183532,0.046144221,-0.17934109,0.04337785,-0.1213241,0.93176842,0.86645859,-0.078670613,0.033666752,0.13176757,-0.043055028,-0.064323701,-0.06325306
-0.23389116,0.10308532,0.04348154,0.070073947,0.036360767,0.07065925,0.079137109,0.015439582,-0.20877326,1.0976335,0.92149097,0.065259218,0.12885895,-0.098622337,-0.021535894,0.094569437
0.19265161,0.030466836,-0.011513268,0.065880768,0.35579959,0.094538845,-0.06255921,0.043856885,0.0040203393,0.05312572,0.79007769,0.74422383,-0.027899312,-0.10364185,0.022328831,0.060911488
-0.10818178,-0.070629932,-0.3689498,0.081545658,0.24696091,-0.2841166,-0.044394158,-0.16678174,0.27608442,-0.090658903,0.0851987,1.0267994,0.97674865,-0.24726033,-0.039345991,-0.067965284
-0.058731489,0.18358818,0.06739863,-0.15808776,0.13503616,-0.2028254,0.04756742,0.085711934,0.16753805,0.026921934,-0.13967383,-0.039092839,1.1040987,1.3307097,-0.15038604,-0.034534108
-0.033654727,-0.19140106,-0.33251581,0.13282363,-0.12817931,0.1758011,0.040297836,0.054520901,0.019677894,-0.064551227,-0.029303437,0.13225916,-0.15887843,0.84537303,0.86964399,-0.14288951
-0.12501492,0.054568861,0.16270185,0.043787651,0.074847609,-0.13904724,-0.0008153735,0.0021372917,-0.074190162,-0.22833093,0.045984834,0.27899373,-0.15067047,0.094724372,1.0730687,0.91269612
0.093208343,-0.11679604,-0.029137162,0.031006973,0.20890626,-0.12321779,-0.13520055,0.12120389,-0.077680938,0.029651819,-0.067685291,-0.11354022,0.12092265,0.18598053,0.070447661,1.0655659
0.32474193,0.2127023,-0.033670478,0.040106282,0.17875108,-0.075063981,0.17952628,-0.023386899,-0.068910092,-0.15269318,-0.16512054,0.078992009,0.073680155,0.026179412,0.079444736,-0.13668221
-0.21980838,0.024899002,-0.22619176,-0.032383207,0.23747082,0.019051688,-0.058728635,0.029615842,-0.024615631,0.057254724,-0.30379039,-0.12135593,-0.062293813,-0.07311219,-0.089482516,0.21429056
0.030349584,0.067339659,-0.073226862,0.23056276,0.026472639,0.0027157252,0.094442353,-0.073706284,0.039379828,-0.29175237,-0.20373146,-0.042041913,-0.054376885,-0.041156616,-0.076119699,0.071677342
0.14731699,-0.058824535,0.12629499,0.047673807,-0.14273126,-0.16002068,0.0082318168,0.13127159,-0.10854859,-0.24908398,0.11826859,0.14049934,-0.025263008,0.13271992,0.24571952,-0.099595271
-0.043950342,-0.043086689,0.13252953,-0.099626549,-0.035359256,0.15521702,0.12421125,0.13001239,-0.10731891,0.056288727,-0.066043034,0.11396141,0.064080782,0.088747241,-0.01634275,0.021633649
0.049485151,-0.020922022,0.042899448,-0.11129241,-0.13666832,-0.19985569,-0.012979701,0.10483899,0.056064367,-0.23129071,0.052595429,0.0096565913,-0.014125591,0.031876072,0.073571488,0.16757885
0.15330046,0.23277228,0.075203933,-0.064283237,0.16422482,-0.13803287,0.1054533,-0.11537308,-0.06223556,0.15120097,-0.066999912,0.1328996,0.081304863,-0.009998084,0.094783068,0.07850647
0.023898415,-0.068510264,0.10571085,-0.031654444,0.00014042442,0.059483983,-0.0047079786,0.037249129,0.042775944,0.040211797,0.023087695,0.1703981,-0.049528293,-0.043573208,-0.14089175,-0.26878113
0.085708201,0.063355513,0.176277,-0.16379987,-0.083900213,-0.060404114,0.23642124,0.11533219,-0.014470854,0.003593157,0.042787485,-0.12638751,0.046001237,-0.12100525,0.017094348,0.086370662
0.038194135,-0.077248894,-0.028537575,0.098635837,-0.055548135,-0.15499699,-0.028471572,-0.056871589,-0.020487729,0.0028347303,-0.037772037,-0.038597494,0.10938515,0.070715748,0.11460013,0.01084152
-0.043091245,0.037736982,-0.16926244,-0.13132942,0.099784479,-0.05593681,-0.077293649,-0.12716357,1.0526627,0.8598606,1.143158,1.0236809,0.79426455,-0.060088135,-0.11940213,0.063524716
0.060808867,-0.057925567,-0.076230012,0.050302081,-0.074694365,0.15475741,-0.078923479,0.039138675,0.76683104,1.0422937,0.92505419,1.0293791,1.128051,-0.023084691,-0.29660702,-0.24316595
0.0068279076,-0.10850644,-0.13906519,0.11617722,-0.030844832,0.10515557,0.1028835,-0.051076658,1.0101612,0.85591072,1.0414872,0.99005175,1.1789299,0.092021599,-0.02597584,-0.087178528
-0.03291418,-0.0072300648,0.081032015,0.11228266,-0.14848368,-0.12999134,0.031259265,-0.14979102,0.98091191,0.78362119,0.95316368,0.93846107,0.95385283,-0.0844073,0.048259314,0.095236339
0.076346114,-0.040680923,-0.045223564,-0.086612739,-0.09344624,-0.028672097,-0.029189702,-0.033844151,1.0184361,1.0903757,0.91651541,0.96368104,1.055737,0.015031674,-0.10191222,-0.14556535
0.067727834,-0.13170809,0.040255632,-0.12401405,0.19702291,-0.12957843,0.20475216,0.080985896,0.15590148,0.13858238,0.056746565,-0.03900753,0.28138742,-0.051064465,0.018914737,-0.1592081
-0.0036698694,0.065945387,-0.083902009,0.013966515,-0.035526838,-0.041935705,0.070736155,0.099437639,-0.088113524,-0.20255794,0.052311007,-0.12846538,-0.054859541,-0.097633898,0.11431356,0.25215539
-0.069900468,0.25073603,0.016799593,-0.040992562,0.12805265,0.22178394,-0.028967666,-0.039912026,0.21437861,0.10053371,-0.32965565,-0.021598101,-0.096201107,-0.07137315,0.011356409,-0.058590297
0.049147688,-0.15429942,0.069466159,-0.18082246,-0.088432193,0.040604983,-0.13269767,0.014099683,0.075386502,-0.053562894,-0.041816991,-0.051289003,0.21245705,1.0405543,0.82820469,0.079353437
0.11921594,0.0067647179,-0.075373217,-0.050412398,-0.072048962,-0.09844695,0.00049294141,0.10434979,0.16611825,-0.011982613,-0.035264071,-0.12914369,0.88471657,1.3290503,-0.36078817,-0.16258201
-0.065349504,0.062727012,0.068789467,0.025718328,-0.16415301,0.0093597863,0.11480206,-0.05947385,-0.21308178,0.13660112,0.018507581,1.0268041,1.0131587,0.011070018,0.079334974,-0.13780813
0.060185309,-0.18507139,-0.0089219678,0.010680013,0.050556518,0.11619922,0.24192792,-0.073614098,-0.12841515,0.0053338837,1.0777881,1.2152597,0.13734962,-0.023404432,-0.10385946,0.22682887
-0.092316136,-0.029486723,0.05258983,0.022423493,0.22850879,0.060005717,0.19486009,-0.020917382,0.10206617,1.0265435,1.0665157,0.02199707,-0.19050536,-0.22533461,0.12977362,-0.07704591
-0.052297618,-0.079805017,-0.049204238,-0.11508318,0.013453013,-0.029375041,-0.0050957501,-0.1800985,1.0196253,1.0774767,-0.080707997,0.060717303,0.065154813,-0.3036553,-0.10134429,-0.0094598662
-0.15187593,0.11865726,-0.11671372,-0.027082965,-0.15894677,0.06663233,0.063311823,1.0175582,1.0368748,-0.15679745,0.010292678,0.18841922,0.021709176,0.14882958,0.023921978,-0.18721837
-0.10401549,-0.095148534,-0.072812289,-0.00032712574,-0.087760665,-0.14898777,0.9612655,1.0130941,0.048660364,-0.021927571,0.090360947,0.023284338,0.080892704,-0.025795391,0.065503106,-0.05676489
-0.023265744,-0.10002473,-0.11930712,0.040365342,-0.11616028,0.91852164,0.89198405,-0.0157697,-0.1883489,0.30581009,0.043574523,0.074933313,-0.088904545,0.082174264,-0.13450387,-0.028672384
0.00025510229,0.11368916,0.23173541,0.023298319,0.90207475,1.1233444,0.11102761,-0.12053624,0.22532935,0.19937105,-0.12112781,0.045138571,0.12332793,0.093349531,0.053927965,-0.04199288
-0.10903,0.16353711,-0.050987083,0.86079919,1.217286,0.10298139,-0.08741504,0.14364508,-0.16630431,-0.095685281,-0.093914464,-0.10700035,0.07592348,0.17254667,-0.0064793178,0.028811174
0.074402757,-0.11458271,1.0782216,0.80694097,0.097259,0.099074334,-0.033668272,-0.18974119,-0.015165528,-0.18689975,-0.12128063,-0.11634511,0.19360228,0.0029136364,0.0024792093,-0.18519132
-0.0065127048,1.0148313,1.1784447,0.024608251,0.018314758,-0.025829745,0.13234743,-0.038553383,0.075271852,-0.093198888,-0.096279651,0.12851569,-0.021582287,0.055447705,0.089310311,-0.064218946
0.99320257,1.0857716,-0.18222746,0.035952598,0.043956958,0.090410568,-0.19520263,0.011507783,-0.1728057,-0.17150725,0.14400619,0.15633434,0.15189914,0.024844287,-0.19786677,-0.11481
0.8935442,-0.11999343,0.14317627,-0.01044473,0.018720606,-0.004536767,-0.24764894,0.091617599,-0.038143799,-0.033647943,-0.02888073,0.21349756,0.050190125,0.16828874,0.22462972,-0.059876915
-0.071246803,-0.055093449,0.13703907,-0.0095660919,-0.063776456,0.0094427103,-0.065081723,0.1868013,-0.051106285,-0.057363845,-0.0072326185,-0.22383642,0.018534819,-0.039038584,0.052029222,-0.075673655
0.036937099,-0.0091069154,-0.046968516,0.10369989,-0.046729472,-0.04472908,-0.0037463175,-0.069626927,-0.076329038,0.085467465,0.049991515,-0.019753953,-0.034525193,0.037469313,0.13392903,-0.10032868
0.15969227,-0.010330282,0.032896426,0.0042427564,-0.24539414,0.15656,-0.13641022,0.037809495,0.14623915,0.043598749,0.019187901,0.048297632,-0.051348675,-0.072048046,-0.23777781,0.23254682
-0.042082991,-0.0059524882,0.17583974,0.17494789,0.069097109,-0.031341363,0.041788161,0.048851166,-0.063690536,0.093637981,-0.0831521,0.085407391,0.028407281,0.025290651,-0.12748781,-0.017548416
0.02104486,-0.14116915,0.085527472,-0.049467485,0.10704967,0.0059744529,-0.061901934,0.059128158,-0.039935876,-0.13529816,0.063019305,0.090365916,0.1881098,0.10015883,0.2045424,0.048879184
0.29016545,0.065565981,-0.080072537,-0.15771849,0.086268418,0.099720538,-0.15258852,0.03892858,-0.049093936,0.069763511,0.12412065,0.0646393,0.46598274,0.018942447,0.079891078,0.004432559
-0.10563938,-0.14949304,0.24159561,0.043099202,-0.072797902,-0.013760558,-0.039239552,0.093057767,0.044232145,0.095737107,0.061432477,0.036545116,0.013464752,0.06099163,-0.14529188,0.018913589
0.1815526,-0.30169979,0.056991912,-0.074145913,-0.015347512,0.08442352,1.1177746,1.0256974,0.90866572,1.0550696,0.79760873,-0.0047135451,-0.015218724,0.094426192,0.058736976,0.19278817
-0.097234905,0.072894052,-0.0050173802,-0.059137341,-0.20824821,-0.11994633,1.0013112,1.0566249,0.99686664,1.013096,1.1626195,-0.047356512,0.20454714,-0.18069269,0.024752431,0.084115475
-0.054938041,0.26980314,-0.13558543,-0.03994203,-0.040407959,-0.20168591,0.9389559,1.0098616,0.8910687,1.1091095,0.89607447,-0.26992112,-0.09358713,0.050359629,0.016892109,-0.13729051
-0.079011902,-0.30332145,0.063949198,0.027706187,-0.081696071,-0.059052393,0.92357129,1.0801623,1.1356728,0.92652237,0.92068094,-0.0059776562,-0.20951878,0.013722325,-0.022851221,-0.0086084129
0.23232444,-0.15066162,-0.076147452,-0.22546394,0.068128586,0.08854413,1.023818,1.2275845,1.0146194,0.93388522,0.87663436,0.021678286,0.11170779,-0.11883848,-0.16367766,0.070788048
0.065830678,0.21999627,0.17913203,0.067373805,-0.10039259,-0.04140719,0.018532353,-0.094846204,0.21926205,-0.013413553,-0.065988548,0.023913544,-0.036589462,-0.043250374,0.18266338,0.10182668
0.12351539,0.022975443,-0.14769985,-0.02998334,-0.1247873,-0.099343099,0.15996677,-0.10886113,0.0017965388,-0.01045607,0.18826434,-0.067660011,-0.020761937,-0.037349056,0.14011803,0.059288494
0.16915926,-0.058139503,0.093853921,-0.29514706,0.026118243,0.029858474,0.02945862,-0.033139762,0.23490165,-0.16417903,-0.036826737,0.1326571,0.18517469,-0.11284363,-0.11668616,-0.10109271
-0.036450624,0.010653742,-0.22536919,0.13490435,-0.096962169,-0.0058761947,0.16194582,0.11223534,-0.0097706104,0.10234928,0.037777938,0.0077304132,-0.17421396,0.15405674,0.016698128,-0.013086396
0.033928763,0.059521966,-0.11030208,-0.073061429,-0.097196475,0.006344961,0.030661533,-0.049403768,0.062656946,-0.17912798,-0.031254075,0.19912322,0.061234336,0.052863773,0.034573432,-0.21418868
-0.32953802,0.082386963,0.044972181,0.066544004,0.039455112,-0.078638367,-0.25040337,-0.044154901,-0.15232763,-0.016342549,-0.17957112,-0.07374943,-0.016232166,-0.070575461,-0.090739258,0.21217535
0.063717097,-0.26932111,-0.08522521,0.040607654,-0.13208529,0.061024304,0.026841519,0.044041384,0.1821474,-0.24175026,0.1454448,0.07739111,-0.32486314,-0.14331605,-0.066466786,0.0084400559
0.099084489,0.14196248,0.044035025,-0.026391163,0.078984715,0.057458453,0.0036841454,0.13004605,0.11272733,-0.0094282767,0.099675208,-0.18462256,-0.083150171,-0.011059391,-0.011557239,0.06746769
-0.22523642,0.09390077,-0.019746825,0.13513348,-0.21770009,-0.0066337967,-0.026338672,0.11867858,-0.010594538,0.046355624,0.058862321,0.089539602,-0.022033913,-0.090585336,-0.0010480919,-0.022937179
0.015259035,-0.081130892,-0.0013775607,0.037311301,0.086170852,0.1052088,-0.079341792,0.13456585,-0.24187532,0.058576111,-0.050936099,0.0027800705,-0.079762228,0.022532938,0.01223978,-0.30510879
0.0073730904,-0.06023952,0.014577871,0.041621272,0.010585645,0.013598843,0.055909563,0.03361617,-0.059390452,-0.11701279,0.13655092,-0.041948445,-0.047639489,-0.034229863,-0.11397909,0.16798399
-0.012506942,0.12407067,-0.17758688,0.96722257,0.9052825,1.0854179,1.1531907,0.92594546,-0.089197807,-0.13461009,0.2878027,-0.0025582309,0.099730894,-0.13356842,0.078099504,-0.002023089
-0.24808708,0.046361845,-0.014849929,1.0773242,1.0234357,1.0580623,1.0470914,0.9734835,-0.060889624,-0.10899318,-0.028978927,0.033970188,-0.099477753,0.13931571,0.10816868,-0.17834574
-0.17712468,0.18771091,-0.041480828,0.87554479,1.0869176,0.78698355,1.0391175,1.0178397,0.10560858,0.087377496,0.098788247,-0.128693,0.0050351657,-0.085573182,-0.058988348,0.051833291
0.045589864,0.12052374,0.064014569,0.92935956,1.0339956,1.0414702,1.029211,1.0094672,-0.09935078,-0.034205705,0.090680413,-0.024601879,0.012232066,-0.092734523,0.010691036,-0.0062350803
0.20091456,0.16073993,0.18602169,0.75527203,0.97326773,0.97079521,1.1089584,1.0710349,-0.047801949,0.014485137,-0.059075546,0.18650517,-0.18136989,0.19720846,0.042647164,-0.248007
-0.14844558,-0.2969147,0.23149852,-0.18453692,0.0044934792,0.00040186042,0.082833737,-0.26991352,-0.017858472,0.015505069,-0.11138614,-0.17332917,0.20683786,-0.23458594,-0.00061621435,0.027236031
0.14069521,-0.02005001,-0.064906962,0.16725904,-0.017434796,0.031538468,0.015540182,0.028128684,0.098633327,0.06611494,-0.2131971,-0.0029758748,0.086373627,0.011332571,-0.11348652,-0.036778137
0.11213247,0.14863688,-0.12358353,0.06169267,0.01927785,-0.11659235,-0.010020769,0.04048365,-0.12091359,0.14979506,0.084468588,-0.0080266092,-0.0098049669,-0.092161156,0.0025988151,-0.040615674
0.10215155,0.07430736,0.15590777,-0.11102017,0.10626931,-0.071370065,-0.0097722746,-0.0036634349,-0.0286511,0.021451112,-0.11412545,0.029773887,-0.17504348,-0.050784595,-0.10322137,0.21504132
-0.036656722,0.060816627,-0.10489845,0.02048588,-0.19191772,0.1486192,-0.047383394,0.095945664,-0.019147621,0.22980343,-0.029394839,-0.31463212,0.081008747,0.29888865,0.084382154,0.089636445
0.0015937685,-0.10306542,0.14950879,-0.041891612,-0.11146386,0.18727955,-0.12794808,0.042597219,0.027213154,-0.063675836,0.021296982,0.25816819,-0.065349869,-0.15972212,0.026879756,0.078552276
-0.1161994,0.26074067,-0.049664196,0.071976714,-0.22462048,-0.19805242,-0.23684944,-0.078686215,-0.027043121,0.034177441,-0.012604609,-0.14350408,0.13535506,-0.075121611,-0.087767065,1.0501993
-0.10550565,0.0217948,0.056240045,-0.25181949,-0.012675218,0.015038935,0.0067736832,-0.10347214,0.14586143,0.031280883,-0.083468132,-0.17678435,-0.068025298,0.08119981,0.75927603,0.86823982
0.091953173,-0.084622413,0.12091953,0.30238688,-0.1514632,-0.213497,-0.055081695,0.01887024,0.11634135,0.15166011,-0.017202968,-0.0075386283,0.064074181,1.1017215,1.0716041,0.10324797
0.073746011,-0.10194986,0.10548891,-0.074681863,-0.11413136,-0.0099980477,0.07588926,-0.040616095,0.16654956,-0.12844843,-0.081225045,-0.0021672531,0.9042033,1.0315635,0.032885615,-0.042793166
0.16374853,0.008189939,-0.0074487138,0.12101218,0.1304456,-0.012909606,-0.13371578,0.17313211,-0.12482599,0.086204812,-0.24013343,0.80742109,1.0207245,-0.084127992,-0.073506035,-0.005061625
0.010730132,-0.20052202,-0.0094473828,-0.041330881,-0.083237737,-0.1517598,-0.083753176,-0.20976885,-0.089747481,-0.080109477,1.010036,0.92909122,0.15837117,-0.080713086,-0.010145295,-0.05447302
0.024764629,0.12812741,-0.11342647,-0.018462557,0.092429273,0.009090431,-0.0503604,-0.069824688,0.19597055,0.96778113,0.76517278,-0.03992147,-0.050782669,0.12892093,-0.22067238,-0.12696666
0.19546314,0.094191901,-0.13866219,0.12973553,-0.15899819,0.12053633,0.26965791,0.078269355,0.96410334,1.1358181,-0.074785709,-0.0052358559,-0.050586723,-0.041514918,0.047061898,0.041930422
0.048477732,-0.00086240831,0.044042565,-0.11351288,-0.10523956,0.035573006,0.071424343,1.2783751,1.1420789,-0.094948441,0.17654367,0.018602701,0.11142809,0.17261617,0.10783408,0.032362692
0.027330365,-0.1581381,-0.15976456,-0.22062106,0.093104653,0.0092416527,0.79311317,0.92971802,0.13765214,0.12897742,-0.042587094,-0.0013697949,0.051967271,0.1153799,-0.042033464,-0.10557175
-0.014034742,-0.22185412,0.14712727,-0.2269308,-0.034299482,0.95004249,0.91230637,-0.033483874,0.07976111,0.041335002,0.12634948,0.054832574,-0.073713794,0.039891552,0.10502936,0.13997014
-0.12558877,-0.12838668,-0.1165648,0.1030878,0.96568418,1.0490963,0.047435194,-0.084810853,0.18035787,-0.058633216,-0.082223177,-0.01639897,0.034310728,-0.19786769,0.15976231,0.020552289
0.063240565,0.016261697,-0.067825966,0.96456414,1.1698972,-0.066942491,-0.085310534,0.071923383,-0.072899148,0.035002526,0.11075322,0.11709286,0.1604528,-0.086961433,-0.00043826055,0.036543142
0.00050318346,-0.010489849,1.180938,1.0680958,-0.14854482,0.22581263,-0.017562404,-0.025894443,-0.021144271,-0.11408518,-0.016083745,0.16405608,0.056845304,-0.021527475,-0.13301027,-0.0047937203
-0.066303089,1.1199728,0.6978699,0.059369627,0.0019929295,0.18811691,-0.10572927,-0.0071842331,-0.018864777,-0.22879903,-0.081575774,-0.010321427,-0.084541403,0.011389798,0.0031846452,-0.041973628
0.19013399,-0.10141726,0.015069231,-0.02278552,0.10789303,0.09406659,-0.070331551,0.21493547,0.01215718,0.20434976,0.13207838,-0.068218075,-0.064131126,-0.095055968,0.059829574,-0.016318016
-0.14418089,-0.08521349,-0.23823994,0.066586263,0.012699525,-0.022468293,0.06211089,0.07953611,0.070593409,-0.0962172,0.0081152003,0.12884888,-0.19613707,0.1310979,-0.0183526,0.17598166
-0.20557594,0.083020784,-0.10450748,0.19786508,-0.085342102,-0.06684804,-0.09108033,0.19412579,-0.20528959,0.16902134,-0.11346243,0.067004345,0.13183814,0.17736395,-0.048967805,0.031383473
-0.096813768,0.11137509,-0.051174998,-0.10503879,-0.047265623,0.27250221,0.017591586,0.23103915,-0.15424563,0.082450233,-0.061969321,-0.025759611,-0.064073451,0.034555621,0.066136651,1.0818665
-0.1640393,0.0064119012,0.011571181,-0.38254654,-0.014918251,0.12295549,0.12344261,-0.050137445,-0.053643733,0.025973063,-0.0069907773,-0.0727828,0.27384377,0.072592624,1.0361234,0.83196723
-0.12592201,-0.094092309,0.018429156,-0.099160254,0.14167947,-0.099857569,0.099524789,-0.11909538,-0.18826023,0.16999242,-0.039419487,0.089693926,-0.049045317,1.0891204,0.89096558,-0.23647077
0.039483923,-0.0083646458,-0.068826072,-0.017847115,-0.052058939,-0.26153609,0.096432418,-0.033574652,-0.084544487,-0.40108776,0.007959323,-0.22282363,1.0390905,1.0155882,0.032275371,-0.10271274
0.017887125,0.011737089,0.054045573,0.030227005,-0.0079524666,0.19085464,-0.23922405,0.015501186,0.036115013,0.027139785,0.017015889,0.87457949,0.95317161,0.09920603,-0.1295936,0.17061499
-0.18783386,0.21393773,-0.0040470506,0.044250965,0.0056640916,0.1888877,0.092599705,0.27894491,0.017413788,0.016704563,0.93704063,0.92132753,0.28178456,0.00085090782,0.055392388,-0.13335188
-0.0015091802,-0.10762776,-0.048843961,-0.053928532,-0.031533565,-0.17296678,0.064111643,0.018765323,0.13409932,0.99556082,0.98614991,-0.044796396,-0.0092582367,0.098801129,0.14346574,0.060020126
0.11368401,0.18244046,-0.14161752,-0.15784232,0.18435477,0.20214173,0.076857425,-0.0031385061,1.2851479,0.87787479,-0.11022545,-0.023598287,-0.11378721,0.23520936,-0.0050229253,-0.24805112
-0.082570218,-0.11177403,-0.058925696,-0.21313554,-0.075491935,0.27831456,-0.016480455,0.96614057,1.0330116,-0.1724775,0.10379755,-0.067860059,-0.14796875,-0.084801085,0.20874578,-0.031563021
0.10628853,0.022102507,-0.097191796,0.21562108,0.037485175,0.032328904,1.1727097,0.9109019,-0.21098189,0.079338938,0.28273293,0.09796343,0.19761418,-0.18223412,-0.061876085,0.19823077
-0.014813887,-0.084796466,-0.11324631,0.0050103525,0.15042447,0.81429166,0.83149964,-0.08919815,-0.022852385,-0.070366628,0.13511007,0.0024163928,0.14639884,0.29363006,-0.0091328174,-0.077939235
0.012314544,0.039379898,-0.22997123,0.025909137,0.92703801,0.98525202,0.11583088,-0.047226507,0.11578665,0.09504436,-0.15898059,-0.083591543,0.12983879,0.061753735,0.072271235,-0.16875024
0.15336819,-0.082143553,-0.061368339,1.1812381,1.1103264,0.0077315108,-0.064639717,0.10038608,0.040718809,0.07230705,-0.00029134128,0.21212041,-0.14420711,0.25141779,0.020105241,0.0062812995
0.0096655553,0.024924843,0.0077852705,-0.0092399372,0.00067648693,-0.079541348,0.044585448,-0.037520129,0.12703593,-0.045825973,-0.028350463,-0.20651272,0.0076006246,-0.0045612175,-0.29761076,0.080722682
-0.084847286,0.08359959,-0.094099641,-0.19554068,0.13420618,-0.014708254,0.15769604,-0.0017696108,-0.16394246,0.14859223,-0.070189163,0.039937224,0.00010986673,-0.18839823,0.24126787,-0.06745816
-0.060834248,-0.023979489,0.1224123,0.1216183,0.11179484,-0.074393228,-0.16330217,0.11303598,-0.097633421,-0.013542423,0.28933361,0.12855123,0.030723512,-0.12981658,-0.06660796,-0.25165099
-0.24099419,0.024839317,0.10691361,0.076709867,0.087253109,0.060968462,0.12120301,0.050215542,0.2950677,-0.030531457,-0.2042876,0.015489974,-0.12580742,-0.19308127,-0.01605795,0.01754225
0.022201076,0.1390323,0.093604237,0.11761886,0.016394829,0.014024548,-0.023541262,-0.11246981,-0.3821646,1.1534923,0.10551982,-0.0059554582,0.130567,-0.17598893,0.032757554,0.054862168
0.071339108,0.10780277,-0.022294801,-0.22723176,0.13906105,-0.10181552,0.26036492,0.071160115,-0.035201143,0.99991959,0.34887746,0.016168334,0.01304816,0.062242873,-0.085118376,0.057077456
0.21664186,0.1567349,0.019481804,-0.090590082,-0.096534185,0.068181716,0.19560036,0.11025134,0.12250429,1.0812387,0.02006148,-0.12513158,0.030397223,0.040565282,-0.020788169,-0.0041556223
-0.18375878,0.20434244,0.04328154,-0.051466823,0.18478967,0.066076301,0.11244693,-0.11987849,0.13987605,0.65193588,0.11204462,0.17717145,-0.078726128,0.044829786,-0.38367072,-0.23106688
-0.12365685,-0.036478609,0.049038563,-0.1370344,0.034505244,0.94476634,0.89806831,0.85279262,0.9621442,0.90660423,0.98537678,0.86080915,0.91082996,0.92048174,-0.029805033,0.16198596
0.074597359,0.015017338,0.11509363,-0.053751953,-0.0097770635,0.022533979,0.01362251,0.17973913,0.044222631,0.93318218,0.061977901,0.044931542,-0.14415647,0.066591389,-0.016717682,-0.061782885
0.15123518,-0.069316551,0.13795879,-0.034658067,-0.25066832,-0.10495447,-0.00026009092,-0.16658773,0.12206645,0.96035337,-0.21175611,0.15148017,0.10381459,0.19951859,-0.067298338,-0.15530936
0.033596002,0.1330492,-0.019829189,-0.03601633,-0.0013728582,-0.085257426,-0.040805597,-0.24249671,0.063839614,0.82462502,-0.036628995,-0.1855416,-0.020543279,-0.0065639066,0.05144453,-0.045730807
-0.17771104,-0.1114046,-0.22142394,0.067812279,-0.01346962,-0.036570139,-0.12781882,-0.0046858885,-0.07871405,1.0343773,-0.057472259,-0.2220335,0.26346821,0.14100772,0.087092519,-0.24346153
-0.15925157,-0.027060434,-0.048325747,0.16533253,0.068356514,-0.13099016,0.21363162,0.25705549,0.021529408,-0.013879256,0.19069283,0.052358501,0.062041592,-0.10677872,-0.057729259,-0.030764634
-0.052975822,0.1630936,0.0093218582,-0.025212305,0.32458371,-0.017315079,0.037497558,0.2042883,0.084700994,-0.0090042939,-0.05124642,0.1457032,-0.041928314,-0.089134425,-0.048146326,-0.22690216
-0.029412942,-0.17212063,-0.11763283,-0.027637862,0.17217699,0.0033695418,0.13969728,-0.061613496,0.041044634,0.065758236,-0.045964226,0.046691656,0.040166043,0.19608469,0.0061021145,0.12013794
0.091963641,-0.092214353,0.17987479,-0.086771242,0.064277396,0.30804104,-0.072317496,0.17956673,-0.11123922,0.11328176,0.058052916,-0.10677234,-0.16807136,0.10815985,-0.12814976,-0.010131907
0.070728466,-0.22897431,-0.069750197,-0.024032997,-0.08393196,0.18094869,-0.068182014,0.11487713,0.14506683,0.037315637,-0.030389016,0.020039519,-0.11619329,0.016778566,-0.094578937,0.018809242
0.090909235,-0.19324769,0.17680405,-0.03737127,-0.060211319,0.16061011,0.053469922,-0.022035878,-0.085883535,-0.035127971,0.10134722,0.05619793,0.041451186,-0.028070163,0.0024386847,0.15356407
-0.10306507,0.089553207,0.071476445,-0.05646142,-0.19145679,0.074998796,0.10135187,0.17556706,-0.16528341,-0.0066818222,0.070605382,-0.06825605,-0.096083157,0.17381693,0.26850286,-0.014262697
-0.0020827777,0.25067261,0.08471743,0.063617587,0.06769523,0.045820162,-0.14643851,-0.10378567,0.20489864,0.11030458,0.052101593,-0.083239093,-0.07460992,0.22784622,-0.035023931,0.03690815
-0.087375641,0.1513402,0.23409504,0.20857416,0.028079439,1.0568469,0.1640123,-0.031139094,0.073219649,0.1181069,0.054650381,-0.09234032,-0.20257445,0.20622596,0.12055595,-0.083506197
-0.081294015,-0.09664619,-0.17102037,-0.19715658,0.093219541,1.2020543,-0.10614568,-0.10902817,0.060806554,0.065404281,0.13162223,0.058073621,-0.18746866,-0.028339181,0.13422884,-0.027031668
-0.098173052,-0.086791702,-0.064500451,0.088120811,-0.039710961,0.8625896,0.13902763,0.077035956,-0.13626219,-0.11162291,-0.043511931,0.16036913,0.18015625,0.26325488,0.018338056,-0.16349204
0.143067,0.21432483,-0.24174324,-0.078216761,0.1426841,1.1688921,-0.062327292,0.078563996,0.067293279,0.049236633,-0.1188912,-0.079807997,0.069784395,0.019482544,-0.21664768,-0.027737824
0.054583717,1.223736,1.0442115,0.99731594,0.812576,0.84303218,1.0061315,0.88021302,0.86580878,1.0415726,-0.082305297,0.072838165,-0.14859353,0.13321365,-0.0010731238,0.23787914
0.1348038,0.15912977,0.15576042,-0.1979553,0.071590997,1.1466655,-0.24263586,0.0086816717,-0.12586115,0.0048914058,0.093217835,-0.080526382,-0.11253044,-0.32208487,0.038704343,-0.26377687
0.04336435,0.21261479,0.073832452,-0.12840219,-0.12025563,1.1971328,-0.12855008,-0.0077011436,0.038339846,-0.085220911,0.023677375,0.11460153,0.017994013,0.031419009,0.10026365,-0.07229127
-0.22516741,-0.11439139,-0.074682139,-0.07371109,-0.062440231,1.0237479,-0.20109694,0.092888504,-0.052544214,-0.088666789,-0.074436963,-0.0030267283,-0.073276132,0.12268857,-0.13874431,0.021279303
0.03571137,0.027168991,-0.19780523,0.064010762,-0.069584876,0.94578713,0.042159375,0.028064258,-0.063336365,-0.12234396,0.09675508,0.099714987,-0.098186441,0.074082889,0.087772839,0.065878697
0.14823115,0.074467644,-0.056252304,0.27205932,-0.010403154,-0.099969119,0.0073711248,0.11421106,0.04628003,-0.1421361,-0.028773919,-0.061848205,-0.094248787,0.15613937,0.29112443,-0.19550233
0.28412357,0.059116911,0.21116754,0.022044707,-0.12090308,0.043179516,0.11720681,0.12672924,-0.057364877,0.17303883,-0.072394736,-0.056846712,0.07420221,0.24251974,0.12938361,-0.05336624
0.23229779,0.046503268,0.11776521,0.27409169,0.14127913,-0.0026516982,-0.0044769007,0.020546302,-0.029836062,-0.036874436,-0.018373959,0.2150667,0.13920063,0.14610726,-0.16255169,0.10409047
0.055109244,0.12977372,0.019568197,0.10253895,-0.11216497,-0.29121348,0.038480423,0.96581268,-0.15169606,0.12237795,0.091442838,0.20364445,-0.038503364,0.044710983,-0.15128894,0.00065101701
0.15741418,0.19460252,-0.24569388,-0.027941193,-0.0680167,0.01793915,0.1287282,1.1548803,-0.019895982,-0.033738531,-0.16240016,-0.14796799,0.17511459,0.072752342,0.12947609,0.24002421
-0.2136303,0.051841583,0.13796672,-0.14313874,-0.089992315,0.20471895,0.079487912,0.83522367,0.064706922,-0.080944583,0.087937251,-0.0049188901,0.081394769,-0.033569407,-0.025873549,0.11173172
-0.20258997,-0.12178285,0.072032526,-0.097492188,0.115857,0.11318284,-0.35856155,1.0414993,-0.044898476,0.060252342,0.17939925,-0.01667265,0.026965562,0.22436014,0.058669925,-0.025792964
-0.15908787,-0.10963004,0.019067345,1.0964303,1.0018083,1.1003954,0.99355233,1.1751878,1.0778317,0.82602942,1.0687323,1.0680627,-0.045608789,-0.013308586,0.1539588,-0.024116393
0.15297304,0.12094877,0.036396783,-0.099507317,-0.09585239,-0.085537843,-0.011547999,0.90791184,-0.029414607,-0.16837138,0.062047709,-0.10460939,-0.16676098,-0.17422166,0.25307432,-0.077883117
0.03274709,0.14026378,0.016756684,0.16077161,-0.028304255,-0.087208264,-0.21293165,0.91495568,-0.036547069,-0.0026084061,0.0081923958,-0.2327949,0.076637149,-0.13599099,0.11610731,-0.14468603
0.35792261,0.017461685,-0.038824834,-0.13112387,-0.13152094,0.091514498,0.075193256,1.1240549,0.075799175,0.053232882,0.14209116,-0.072636455,-0.045307759,0.10186657,0.00059652375,-0.12324333
-0.31398481,0.10809335,-0.1273125,-0.14777555,-0.085418306,-0.012853453,-0.12102112,0.8881734,0.12399748,-0.016139662,0.091930605,-0.046394791,0.069303475,0.037281092,-0.13538727,-0.085209876
-0.24417558,0.10304058,0.0024272033,0.041190445,-0.019543169,0.11335728,0.11238527,0.095716015,0.13052687,-0.009966014,0.17978615,0.15419897,0.0094956402,0.072389141,0.11270292,-0.016440619
-0.12708507,0.078932263,0.10157967,-0.11341184,-0.043668587,-0.029584713,-0.154195,0.27331737,0.04392885,0.028171387,0.051073182,0.11349541,0.20882571,0.0095349671,-0.053830326,0.13144696
0.068336911,0.045567371,0.070859179,-0.084003784,-0.11778979,-0.026631225,0.13938843,-0.050055783,-0.018947642,-0.11304957,0.044456672,-0.03887713,-0.035665538,0.07644292,0.068929315,-0.3177087
-0.22090031,0.0088295015,-0.055069167,-0.11173505,0.064257808,0.0570773,0.07784199,-0.16785529,0.095540695,-0.13366753,-0.10916544,-0.19522673,-0.13431248,0.14211954,-0.040713616,-0.13213517
-0.0026981866,-0.0017735451,0.10115686,-0.10201494,0.16397823,0.12129717,-0.13813096,0.083744034,-0.07223732,0.0092724813,-0.15687467,0.21349622,0.046565574,0.077852361,0.098808207,-0.092941821
0.0014202391,0.1749007,0.062644064,0.14476682,-0.16106699,-0.17293495,0.055165544,-0.20416598,-0.12926029,-0.061772067,-0.058909357,-0.23184353,-0.013460668,-0.14075767,0.0293904,-0.0011873726
-0.22547191,0.056164045,-0.11983548,0.17059039,0.0086932946,0.16532432,0.13385679,-0.10394245,-0.16663235,0.083865084,-0.16085923,-0.00026546311,-0.23030952,-0.019729868,0.046578579,-0.15582007
-0.030269455,-0.069930494,0.070525281,-0.087103665,-0.0076575438,-0.16896704,-0.027597655,0.23568735,-0.055344608,0.069404349,0.098268077,0.12486026,0.0087331692,0.15197012,-0.08780849,0.046447005
-0.19207488,-0.010463193,0.053301729,-0.038014129,-0.02676484,0.098346591,-0.096240647,0.041878838,0.011843581,0.026734326,-0.071932659,0.31532454,-0.0013835352,-0.020068258,0.077195607,-0.19566795
0.1356923,0.10557983,-0.014828917,0.22800642,-0.060684808,-0.28946137,-0.053649627,-0.040080134,-0.044809941,-0.022994712,-0.096100882,-0.066552602,-0.060960524,0.087967619,0.15097177,0.10567669
0.1096358,-0.17769025,-0.14990751,-0.042454228,0.034499682,-0.031196125,0.05901511,0.18853609,0.038739417,0.15671228,0.054862596,0.14528574,-0.085368119,-0.14003284,0.075747788,0.087934442
0.1952877,-0.12817618,0.033891302,-0.16063827,0.16843396,-0.03465173,0.11633696,-0.038780257,-0.16477607,-0.09572652,-0.078488946,-0.021212289,0.16162615,0.11828899,0.11288416,0.093244918
0.037631426,0.1319117,0.23841554,0.049134571,0.14300916,-0.042345151,0.090100721,-0.1366176,-0.0080733942,-0.12975116,0.96744132,0.07902237,0.076855145,0.17624503,-0.05989866,-0.19755475
0.0023131615,0.13639784,0.11299565,-0.16706227,-0.15233006,0.12604551,0.12442516,-0.17611603,-0.046285126,0.11752491,1.1125898,-0.04983538,-0.1976589,0.068024091,-0.090840697,0.10729198
0.11720476,0.019214064,-0.05888015,0.0010368673,0.11649157,0.016708318,0.022764683,-0.12450822,-0.05447175,0.12551112,0.85889375,0.15380324,0.077249832,-0.05428623,-0.16528909,-0.11504363
0.050676554,-0.0059163128,0.18237089,0.071931794,0.081101656,0.023656307,0.075526416,-0.11375745,0.094534077,-0.31624037,1.0954401,0.11065346,0.21099912,-0.099519983,0.095612615,-0.22809367
0.019597426,0.10338206,-0.19722192,0.014718118,0.14174451,0.10518438,0.98339236,0.79509187,1.0344243,1.1448302,0.97465789,0.95942485,1.2161855,0.89113384,0.9240486,0.036736507
-0.24615245,0.022160295,-0.0024414686,-0.0053349519,0.091568545,-0.050058961,-0.11223687,-0.15192318,-0.24287306,-0.024578126,0.99939829,0.11109606,0.19397098,-0.051415786,0.038310274,0.041203331
0.17484696,0.028758913,0.076900393,0.2200176,-0.089989007,0.036595866,0.10462679,0.020012263,-0.034979876,-0.055082947,1.0969944,-0.096605077,-0.099889144,0.1372067,-0.18161887,-0.25344861
0.14671107,0.14666353,-0.030398818,0.14657556,-0.12191976,-0.03435573,-0.00019329759,-0.045618061,0.12298729,0.20059831,0.84774101,-0.049455032,-0.013310095,-0.10894502,-0.30461019,0.024902228
-0.041033506,-0.051004503,0.088465616,0.080120958,0.15807061,0.025211954,-0.17375563,0.070706576,-0.021813391,-0.0099324547,0.99236149,-0.053821366,-0.14125319,0.032076143,0.21819243,0.021692457
0.1121313,0.22007897,-0.12716021,-0.011758264,0.055688664,0.14064759,-0.14207929,-0.069269642,0.14844039,-0.079338416,0.038984962,-0.062446274,0.27553678,0.017941643,-0.031643767,0.082613252
0.15532026,-0.11386262,0.012835239,0.033687275,0.055139937,0.0028542471,0.090530396,-0.04210284,0.012186276,-0.16557059,-0.069623701,0.0042900061,-0.056720585,0.048085332,0.20819129,-0.039175339
-0.1237435,0.033738401,-0.10978884,0.084793866,-0.045181256,0.19758119,-0.24322291,0.11233621,0.018641738,-0.016761895,0.28334758,0.0010088545,-0.039552249,-0.11620174,0.079954684,0.079182245
0.12318958,-0.041086294,0.018019419,0.18015952,0.12051515,0.093548313,-0.065834872,-0.084789172,0.03216197,0.10258248,0.078756347,-0.071621895,0.068319738,0.064404368,0.12294717,-0.037680067
0.16370264,-0.052788585,0.038519308,-0.0049267621,0.16747732,-0.33235621,-0.059742264,-0.1247334,1.0065546,-0.053116411,-0.056435864,-0.083478533,-0.081897907,0.12883759,-0.014224921,-0.021877151
0.088528946,0.070301764,-0.13220727,-0.14903583,-0.16282871,0.09010233,0.16381009,-0.13800322,0.96112788,-0.22328378,-0.22880794,0.18471043,-0.22078809,-0.044706013,0.075204261,0.020220716
-0.12457142,0.077235505,-0.086500317,0.14702186,-0.058870118,0.13575567,-0.093366966,0.18732122,1.0957768,0.10217605,-0.16015624,0.11109647,0.017144725,0.033741914,0.081553653,0.25489455
0.013945873,0.046456974,0.10459993,0.028942052,-0.085265189,-0.086919136,-0.1464626,0.040885553,1.1204584,0.080566131,-0.027347982,-0.043144196,0.10095453,-0.0032643948,0.20723802,0.043442979
-0.090998396,0.081814267,-0.11339056,-0.0938325,0.95851004,0.81070554,1.0171878,0.77759093,1.0020652,1.1070743,1.1640552,1.1389939,0.75927114,-0.053119782,0.080041662,0.028290873
-0.073886074,0.22706833,0.063593924,-0.11288328,0.1999194,0.026072901,0.11163779,0.057805371,0.78737086,-0.12856939,0.045160543,-0.19438554,-0.012378092,0.1006645,0.073321134,0.038534995
0.068844281,0.027304634,-0.1035408,-0.0029275205,0.092554241,-0.073102854,0.15134543,0.089003332,0.8684088,0.16977194,0.017401878,-0.10242496,0.16562794,-0.066858359,-0.1540256,0.17803471
-0.042921089,-0.087361805,-0.010562356,-0.082388014,-0.01005885,-0.055923648,-0.22897004,-0.046975702,1.053528,0.096563511,0.062012292,-0.038803432,-0.34772345,0.029601416,0.067321219,-0.047535997
-0.041162696,-0.032570023,0.032979224,0.18356934,0.11471791,0.039606925,0.047746375,0.16210563,1.0389326,-0.080019064,0.1164584,-0.14755538,0.0042805178,0.039471641,0.077156343,0.056315932
0.2272376,0.018952511,0.022977686,-0.011393375,0.045404855,0.19699696,0.080358848,0.023133956,0.039938919,0.2739464,-0.10073093,-0.13599947,-0.080723606,-0.12489215,0.099276908,0.0029734981
-0.0032333734,-0.13190958,0.14888556,-0.040084321,0.086898722,0.0047462313,0.012490554,0.17379205,0.062678434,-0.08679539,-0.08722192,-0.007731712,0.032802179,-0.16754912,0.072659969,0.0017552795
0.080396697,-0.10754399,-0.035468761,-0.029625621,-0.11219049,0.053840537,0.15755548,-0.039632227,4.0139035e-05,-0.028367044,-0.093694262,0.1167885,-0.0021831067,-0.050648332,-0.11183551,-0.027626645
0.16387139,0.23978075,-0.20615216,-0.038680166,0.14979525,-0.24197072,-0.092734098,0.037191767,-0.1536565,0.1778228,-0.018603196,-0.020980565,-0.056745298,0.096071303,-0.030153401,-0.1236821
0.13366801,0.0023024776,0.011927576,-0.017392559,0.10531349,0.015827304,-0.091772899,-0.065691866,0.13882072,0.049154397,-0.14585118,0.10452171,-0.034046397,0.15458328,-0.14752693,0.049788553
0.18791766,-0.071021132,-0.091769017,-0.15634511,-0.10737082,-0.13675445,0.18595466,-0.077481084,-0.011396871,-0.064924717,0.10769957,0.056451757,-0.26876843,0.013741181,-0.15910296,-0.064866461
0.17357068,0.030352624,0.21394238,0.12640734,0.077766068,-0.097693071,-0.11476772,0.050155673,-0.17417918,-0.087866411,-0.19132721,0.179565,0.16246943,-0.15017137,0.0037744378,0.17152087
-0.12233958,0.034983076,0.08856757,0.12784621,0.1392844,-0.015670076,-0.047433686,0.094480544,0.15400597,0.048756681,0.01100447,0.20686857,-0.066474199,0.11678424,0.075649165,-0.024283199
-0.087295204,0.11736317,-0.010547135,0.085745759,-0.018463079,0.079084881,-0.05289045,-0.035163436,0.062250525,-0.21042939,0.035398092,0.23219615,0.065602884,-0.027253266,-0.057331003,-0.21485445
0.017944364,-0.10956981,-0.096810244,-0.21551576,-0.08910317,0.094910406,0.24176157,-0.26858029,0.076327495,-0.02800354,0.10405767,-0.10150804,-0.11015557,-0.25451291,0.0056362199,-0.026934315
-0.050254982,-0.17331226,0.12194032,-0.086267695,0.16559893,-0.080199897,0.1463844,-0.075477667,1.0033003,0.95980525,0.93491977,1.2044824,0.95145392,-0.055346664,0.24387236,0.068000205
0.067085445,0.090534836,0.088127449,0.067250311,0.00044662389,0.030133985,0.10576372,-0.13066508,1.1336392,0.80281949,1.0004312,0.94625258,0.7265836,-0.022708641,0.13289294,0.3119458
-0.30874676,-0.21591797,0.046939503,-0.23425625,0.015484761,-0.0063244482,-0.069811188,0.095884681,0.86584944,1.1454247,0.91718531,1.2837161,0.97007602,0.2065834,0.059688799,0.10824299
0.02114154,-0.065329142,0.089349635,0.1227329,0.17561573,-0.071820974,-0.038214721,-0.015593479,0.92997169,0.98232305,0.91355926,1.0050929,0.96992975,-0.16295056,0.18578243,-0.06008302
-0.035317123,-0.064059444,-0.0003261168,0.0050414559,0.087134987,0.20830333,0.10346274,0.093281925,0.96490896,0.96033925,0.93059313,0.90130144,1.2132239,0.084578052,0.082165852,-0.15650977
-0.00903886,-0.38873479,-0.11562425,-0.0035287999,0.049579982,-0.08957731,-0.0080187209,0.058264397,-0.12428756,-0.03345754,0.021786164,-0.12242153,0.13242793,0.080480836,-0.023635704,0.094992787
-0.0087745991,-0.011571527,-0.17042375,0.082836591,-0.20800443,-0.03761464,-0.00079127378,0.037289634,-0.24447052,-0.081029043,0.1572746,-0.111974,0.21984802,0.17844741,0.12383545,-0.2387732
-0.071723491,0.18190624,0.14368312,0.040579151,0.088472769,-0.08076217,0.16639845,-0.036414769,-0.19098401,0.059821893,0.058704864,0.021818437,0.068240717,-0.019801801,0.032671299,-0.07838314
-0.04335871,0.049145713,-0.14729486,-0.056574788,-0.020001136,0.25666732,-0.15465704,-0.15671831,-0.068785034,-0.14860322,-0.029039256,0.038402747,-0.22034641,-0.08043313,0.1050314,0.033588491
0.23645312,0.054465819,0.027078645,0.1262866,0.023794703,0.060900521,-0.0012846879,-0.056768432,0.02701827,-0.097715095,-0.19662379,-0.078157872,0.08492174,0.15048046,-0.12028521,0.1027268
0.068574145,0.079320878,0.23607968,0.23014472,0.0016290968,-0.063937813,0.086864159,0.13985378,-0.058108915,0.075230457,-0.15350798,0.091818683,-0.25967959,-0.10466717,-0.02308508,0.064771071
-0.22033729,0.040279984,-0.019338373,0.17024334,0.26978448,0.024905639,-0.0060643484,-0.11297559,-0.1688545,-0.031303249,-0.15860222,-0.041650467,-0.095881529,0.12964393,-0.00060346705,-0.055676963
0.00064986205,0.044549298,-0.069983684,-0.030777652,-0.047485985,0.1228691,-0.016694374,0.2246124,0.23967659,-0.035448417,-0.0070076343,-0.050299525,0.03777625,0.10434103,0.072299585,0.0024131238
0.14306171,-0.10533109,0.093051337,0.18473704,-0.0070527904,-0.10852239,-0.20913504,-0.045282844,-0.076366976,0.073123664,-0.016431924,0.091029428,0.010362681,0.094740689,-0.026236191,-0.11653947
-0.035685923,0.033399668,0.04483103,0.086007155,-0.13020428,0.22997098,0.0057140621,0.0098788869,-0.034799557,-0.11448187,0.25199124,-0.019725192,-0.18560161,-0.046724129,0.0683695,-0.15462542
-0.019502446,-0.046955734,-0.17795055,0.013759337,-0.14619465,-0.13119368,1.1843777,-0.042081162,0.18744777,-0.015111609,0.0055312347,0.26733842,0.29397592,0.11874259,-0.080988772,-0.11575505
-0.071386449,-0.13120456,-0.15327202,0.03887843,-0.19214392,-0.023813775,1.0244728,-0.10450474,0.16207424,0.21568149,0.033715211,0.032803968,0.17340443,-0.05656413,0.11681868,0.017302699
-0.0082499404,0.034329303,-0.15212503,0.15064722,0.052319694,-0.03823337,0.91927981,0.10993869,0.0018057511,-0.086364456,0.13271594,0.26316661,-0.0097052073,0.15682036,0.085069798,0.33332637
-0.027018396,0.071919404,0.065380193,-0.15925255,0.041371278,0.068952486,1.2098154,0.18210052,0.04259615,-0.063431799,-0.19213408,-0.052419439,0.027346361,-0.064727455,-0.15826795,0.099274866
-0.043428529,-0.23243555,0.98945439,1.050379,1.0893619,0.83551681,0.85303164,0.92151034,0.99503261,0.98811901,1.043057,0.079685673,-0.012517935,0.016267793,-0.0033042403,-0.14040682
-0.016261604,-0.16038442,-0.069955423,0.1398436,0.13729395,0.057881527,1.1265599,-0.28890762,-0.02553694,-0.10058791,0.020548427,-0.060466189,-0.035876498,-0.039975487,0.11938354,0.1121605
0.32502833,-0.059588909,0.099813305,0.0035880355,0.15297084,0.0073513305,1.1556697,0.16442591,-0.041578893,-0.12946272,-0.14426942,-0.028687669,-0.40816784,0.04105632,-0.052760892,0.20584507
0.0083680004,0.079503037,0.085407436,0.0037039344,0.084869549,0.0090198163,0.94149971,0.053763777,-0.1946882,-0.13318689,-0.035187166,0.015748624,0.20975709,0.07390134,-0.12793618,0.15210493
0.17624255,-0.018252982,-0.057236753,0.13264292,0.023308087,0.052902855,1.2005901,0.0016111598,-0.017220249,0.044220347,0.016831458,-0.084647261,0.091395117,-0.044565026,-0.018853894,0.21158218
-0.039096378,0.030632535,-0.013158056,-0.13581252,0.005020197,-0.017426684,0.020734958,-0.085766919,-0.036063019,0.094283842,-0.19681048,0.15122294,0.1847005,0.222096,-0.18197891,-0.12654051
-0.067838982,-0.062435634,0.068133302,0.072596446,0.25125292,0.053092238,0.095978253,-0.22700319,-0.033855639,-0.02425334,-0.099745609,-0.0392427,-0.19485691,0.0083713643,0.07957565,0.040081497
0.020407151,-0.314432,0.88329458,1.0180115,-0.051910479,-0.033533625,-0.13971393,0.22860663,0.11051028,-0.10978685,-0.076205589,-0.11156905,-0.0062166764,0.078694321,-0.032003105,-0.025261551
-0.084572218,-0.0083376952,0.27347642,0.9818995,0.7955156,0.18567677,-0.13818997,0.052549455,0.19072336,-0.017538754,0.1312646,-0.11794312,0.12846892,-0.0062684044,0.035851646,-0.24634077
0.0095540853,0.10842845,0.048063312,-0.065308519,0.99319351,1.0776016,-0.091523215,-0.15603323,0.21151792,-0.13030283,-0.22918572,-0.044374548,-0.061826918,-0.11547495,0.051314007,-0.0082974639
0.1316576,-0.08452896,-0.061059482,-0.16674091,0.03418253,1.1005704,1.1626844,0.090538569,-0.031337146,0.25911283,0.013661895,0.082824275,0.037361849,0.11136264,0.11496628,-0.12491322
-0.099925496,-0.0020357938,0.14898778,-0.13748378,-0.013188601,0.25980574,0.85919243,0.9573471,0.035925355,0.12450689,-0.23655973,-0.008218118,-0.061218813,-0.0035099504,-0.022165688,0.034035161
-0.0061374926,0.21118054,-0.10374568,0.018539922,0.023312351,-0.094139226,-0.10959815,0.96302217,0.96242416,-0.0083552208,0.0085277585,0.14858113,0.022594776,-0.040069263,0.0095105059,0.050379463
0.0027937989,-0.041088145,-0.15857118,-0.37421343,0.13630524,0.14345329,0.13088463,0.025137648,1.1039807,0.88753676,-0.061789528,0.02464628,0.016304713,-0.074038647,0.035096467,-0.042207103
0.034743097,-0.25690222,-0.15166736,0.15748405,0.15579247,-0.0053901398,-0.057087988,-0.20227331,-0.10692559,0.9594155,0.99128437,-0.061597735,0.11339832,-0.12350622,-0.22977054,0.034486972
0.05903507,0.11418211,0.025280587,0.024087895,-0.17772259,0.095146514,-0.17632088,0.31975359,0.075348899,0.043351784,0.93361098,1.1106647,0.059948791,0.071482494,0.012061439,0.041728366
0.056211691,0.07842236,-0.17917518,0.24988146,0.0098100109,0.055749841,0.117589,-0.0069594402,-0.057017379,-0.059898045,-0.069047101,1.0345281,1.1211417,0.15135294,-0.14921209,-0.024254052
0.08258833,-0.083497033,0.15333062,-0.068211459,0.060485806,-0.075813882,0.076672509,0.20116152,-0.046107095,-0.11348994,-0.0076468457,0.075978883,0.83444881,1.0216027,-0.098481268,-0.21787573
-0.287442,0.04832767,-0.10626656,0.064532049,-0.056876056,-0.010329955,0.082918867,-0.21067178,0.10990841,0.023721064,-0.078937672,0.12858918,-0.094207816,0.79354143,0.90021253,0.033601593
-0.014114378,0.052131198,-0.019044835,0.093325324,-0.065403529,-0.12472623,0.26485056,0.10768363,-0.045144215,0.19186291,-0.01777333,0.04010132,-0.11000547,-0.095716655,0.82747585,1.1851959
0.082588077,-0.22855246,0.1076465,0.0567986,-0.023517631,0.14638165,0.099499248,0.07595183,-0.0019721894,-0.026035341,0.028226439,0.0004041699,0.047961198,0.067613497,-0.22881848,0.97949457
-0.06711217,0.13926852,-0.2316917,-0.1179555,0.12660022,-0.078906603,-0.29476693,-0.019719005,0.057464562,-0.012256916,-0.22837523,0.096605107,-0.29428867,-0.080088444,0.13066958,0.12638253
0.16747706,0.070571594,-0.026710358,-0.076848939,-0.039596688,0.060912773,0.038943496,0.062990025,0.12524481,-0.18132871,-0.15951866,-0.14250676,0.051229846,-0.21663007,-0.33109745,-0.15939495
-0.037401121,0.039769545,0.024530252,-0.24606992,0.095084302,-0.0099866316,0.16075005,0.011487149,0.012951542,0.094208725,0.10437089,-0.29500642,-0.11806728,0.0095950104,0.092729725,-0.13472955
0.10139023,-0.037982419,-0.064479925,0.17923546,0.20433076,-0.1957583,-0.019044532,0.042905204,0.020143904,0.05026149,0.083113007,-0.064218804,0.035492748,0.23666121,0.074456044,-0.040281262
-0.15789099,-0.076637127,0.06354934,0.086386748,0.25924468,0.13282615,-0.071830884,-0.010021299,-0.038606726,0.044741925,0.1811368,-0.11874164,0.11962844,0.060741037,0.095079295,-0.16880094
-0.2231122,0.026373828,0.013802185,0.1852906,0.07017494,0.061695587,0.057693951,0.032062475,-0.18257761,-0.083215095,0.0035846939,-0.051115155,0.08864218,-0.085188963,0.027109277,-0.063260354
0.089393266,0.014842122,-0.056358781,-0.0068606529,0.066556938,-0.03881843,-0.19939658,-0.038056709,0.056890804,-0.041850168,-0.0057838336,0.21175249,0.040726911,0.11053957,0.12204872,-0.060446452
-0.065367579,-0.018436605,-0.0018001013,-0.12750934,-0.050994527,0.052566081,0.059649564,-0.16347693,0.066984221,0.14730452,0.0016451527,-0.011978665,0.25507572,-0.038957261,-0.13654703,-0.10872095
0.16759618,0.12294063,-0.11398377,0.027446698,-0.10698936,-0.051095366,0.16925292,-0.095184386,0.081395827,0.92225868,-0.014073503,0.0807418,-0.081010602,-0.098929428,0.06769485,0.14433149
-0.094930537,0.066967905,-0.11381546,0.045733236,-0.043114927,-0.13744898,-0.14644037,0.12597923,-0.017048294,1.0562178,-0.1330791,0.17765124,0.25882426,-0.07855922,-0.068332322,-0.047147203
0.081488393,0.06901446,0.02093414,-0.014658186,0.14527394,0.075948603,-0.1307558,-0.080666021,0.023187263,0.97201937,0.04757132,0.0091254683,-0.010600507,0.00062018441,-0.030093685,0.064854056
-0.085110418,-0.016211549,-0.053773593,-0.17360421,-0.075433075,-0.078091763,0.21351773,0.15059996,-0.034798242,0.91905141,0.066259265,0.021648178,-0.30078083,0.11551543,-0.17894335,0.024668312
0.025813133,-0.13998516,0.028103773,-0.00041011206,0.0015661101,0.75750673,1.039979,1.1227453,1.2026342,1.0630147,1.2462095,1.0486585,0.78854096,0.96592623,-0.030313423,0.16201711
-0.089015074,-0.18397936,0.18642412,0.061748669,0.25007248,0.023017148,0.01637646,0.0037865089,-0.12171455,0.81156707,-0.078369379,0.10393092,0.086082928,0.018293153,-0.045347795,-0.051705901
-0.17088568,0.1517604,-0.169401,0.12389476,0.029770456,0.039155465,0.18131469,-0.026805976,0.0072490224,1.036837,-0.1034038,-0.0032779423,0.065876901,-0.084465988,0.013618884,-0.022852225
0.18043192,-0.014230867,-0.060825501,-0.18113439,0.057318982,-0.14661482,0.031418808,-0.12576362,0.027808921,0.92317295,0.28809264,-0.071106151,-0.044925138,-0.16734402,0.011302504,0.056105696
-0.13774247,0.12485466,0.24255063,-0.11598683,0.1718303,-0.029979894,-0.18200001,-0.063237771,0.228875,0.95388538,-0.20791386,0.020489883,-0.039830338,-0.063794002,0.094966128,-0.056645483
-0.045883134,-0.15677647,-0.17909135,0.079233721,-0.10142379,0.14089915,0.16168575,0.067294464,-0.020657618,0.095529027,-0.029205101,0.023276506,0.064851232,0.05438973,0.15889044,-0.16236094
-0.10292245,-0.064735472,-0.045858875,-0.030794045,0.16095486,-0.015855715,0.0097531034,0.27004302,0.21054733,-0.052636206,0.10567793,-0.12322283,0.12036463,0.042587053,0.089740597,0.037018575
-0.14619401,0.026093572,-0.21188162,0.089738004,0.24315754,0.086568527,-0.00089755032,-0.12469022,0.01015338,-0.18564837,-0.016543645,0.043085527,-0.065041982,-0.027314108,0.11366323,-0.15519412
-0.059266135,0.025196949,-0.019359242,0.048746165,0.057724442,0.068738408,-0.15742594,-0.083167307,-0.067905292,0.067785397,0.1260611,-0.031329941,0.056386925,0.24573947,-0.08050596,0.15673983
0.06292747,-0.15922329,-0.13210247,0.10016102,-0.13588724,-0.13512245,-0.12048935,-0.10296282,-0.091331184,0.042954367,0.058769789,-0.029853458,0.19241728,-0.068630971,0.011461708,-0.0028363168
-0.080410883,-0.12091208,-0.13204116,0.037107382,0.24269657,-0.2561982,0.24288692,-0.049402695,-0.053729672,0.022711512,-0.0037528183,0.0061744796,0.054862157,-0.092494562,-0.05946115,0.0087052835
-0.14817852,0.07362026,0.24828464,-0.14065997,-0.23546149,-0.11927354,0.034602541,-0.14107881,0.17559662,0.2767148,0.81265944,-0.16850719,-0.093050472,-0.039238926,0.18703614,0.043914255
-0.19747895,-0.077132687,0.066517793,-0.00058998587,-0.19801714,0.068391442,-0.10274979,0.11976872,0.044539545,-0.073339596,0.92256242,0.090431996,0.082353279,-0.024255747,-0.048857551,-0.02382528
-0.059097502,-0.049008735,-0.09797696,-0.034440987,-0.14477369,0.034692142,-0.020936957,0.070428625,-0.16271034,0.0097731184,0.93318307,-0.0016497207,0.046117894,0.053031486,-0.17721184,-0.029062962
0.073571056,0.085493736,-0.071798876,-0.059398238,0.055622779,0.10276108,-0.098113835,0.03025795,-0.16403778,0.03487673,0.90394199,0.13895567,-0.24472441,0.013519979,0.080264539,0.20325497
-0.099162579,-0.10104748,-0.12132306,-0.074792333,0.10157575,-0.12270974,1.0658507,0.83061099,1.1982324,1.1334592,1.0646821,0.91796041,1.1031061,0.81771904,0.88985503,-0.23320998
-0.042404033,-0.05710509,-0.0614461,0.15949105,0.091830164,-0.036915172,0.11611192,0.1070634,0.026480542,-0.054222066,1.145474,0.068961687,-0.14805546,-0.025091935,-0.029450441,0.004459654
-0.1179233,-0.094337776,-0.034626372,0.15703928,0.011851094,0.0030833571,-0.065065429,-0.043346621,0.14395243,0.23433097,0.77367753,-0.05666738,-0.011684295,-0.1391785,0.037287913,-0.054483477
0.013291485,0.094271652,-0.04139189,0.09240602,-0.043831687,0.070299104,0.073385127,0.12758544,0.10157199,-0.022183619,0.99020445,-0.25171822,0.097715378,0.030563978,0.13274752,0.069917023
0.206351,-0.14872992,0.088184364,-0.046162326,-0.055642348,0.067214713,-0.032323163,0.053733297,0.036874939,0.41560116,1.0701135,-0.068527579,0.0060943151,0.11120845,0.043115281,-0.07871037
0.090161078,-0.10590146,-0.018128367,-0.0072442419,0.039910991,0.0869091,-0.034647722,-0.13926934,-0.14878389,0.081287779,-0.049417611,-0.053437307,0.012657757,0.14450066,-0.096910894,0.060873661
0.10836132,-0.023419639,-0.10649047,0.11729228,-0.13123906,0.078942649,0.062318355,0.20414136,0.079885557,-0.11265604,0.097587861,0.013168792,0.032373358,-0.076796003,0.015408059,-0.030899927
-0.083189361,0.18519701,-0.14404742,1.0787072,0.98213267,0.022129815,-0.14928187,-0.036382366,-0.035068471,-0.17130898,0.055595241,0.10905198,-0.094953068,-0.043174304,-0.28075123,-0.013953203
-0.061670862,0.061999727,0.077503525,-0.042325929,0.9737314,0.91767633,0.1104891,0.019848773,0.11593076,0.14722411,0.047625862,-0.067834251,-0.15493429,-0.019895369,0.0075907721,-0.1169892
0.21272755,-0.1055307,-0.28757593,-0.17663084,0.076780818,0.92352915,0.8741982,0.3399896,-0.041784279,0.13441955,0.14953494,0.1009443,-0.030905206,0.073251985,-0.082753971,-0.18891843
0.074018978,0.15035406,0.034814622,-0.0072087906,0.048143525,-0.0054418622,0.94888932,0.9473567,-0.10866844,0.19888385,0.020028632,0.031911857,0.17845865,-0.20148323,0.23865412,-0.0055339299
-0.071983643,0.062070847,-0.021613931,-0.22913133,0.046237644,-0.21983825,-0.070927016,0.89726412,0.91728234,-0.064564168,-0.046276197,0.041989006,0.13615257,-0.10457175,0.013735258,-0.049210016
0.017899148,-0.31454879,-0.044446025,-0.28075337,0.14451449,0.11378845,-0.054257549,0.047941506,0.9656772,1.0031502,-0.015063767,0.12432484,0.10277028,-0.048963733,0.041748293,0.0083731087
0.13521267,0.15766588,0.24162509,0.098698601,0.0055467701,-0.055583458,-0.2486172,-0.12717262,0.1735346,1.020106,1.1888946,-0.19991027,0.16801639,-0.21616173,0.072084486,0.013500181
-0.061065242,-0.13586499,-0.013505636,0.087553807,-0.057564776,0.16371763,-0.0021311953,0.10563609,-0.0040638093,0.057283983,0.96249485,0.90847242,0.15550341,-0.063786112,0.066006698,-0.011013979
0.010550599,-0.12445769,-0.070228778,0.040539481,-0.10974285,-0.11724992,-0.2656405,-0.13171518,0.21112657,-0.0040922929,-0.16399071,0.81494218,0.91846216,-0.26733747,0.04146903,-0.16382602
0.13767812,0.15623426,-0.18245004,0.030915193,-0.13478301,-0.18163909,0.055547547,0.10449045,0.28953645,0.15096292,0.042838376,0.035506938,0.82437962,1.2135241,0.013653644,-0.086261347
0.0048693605,-0.11983558,0.012451801,0.13575895,0.016310124,-0.046678055,-0.25961429,0.025083663,-0.043108743,0.10727191,-0.1676894,0.031821802,-0.028132452,0.91430199,1.0416917,-0.070283756
-0.10439987,-0.068392321,-0.10638686,0.17968047,0.018619701,-0.35900179,0.054125268,0.04296878,-0.311721,-0.068661086,0.17436506,-0.24130403,-0.22163716,0.035586108,1.0641322,0.96135348
-0.1148511,-0.028586229,-0.056622855,0.17278485,0.038890082,-0.012422296,0.11653426,-0.029340204,-0.11162023,0.035869338,-0.23663241,-0.15518938,-0.088191479,0.079018496,0.10872468,1.0414752
0.032958906,0.010629492,0.11322051,0.081702724,0.10823894,-0.060960244,0.0030947863,-0.040979523,0.082328573,-0.13250598,-0.066649877,0.12499168,-0.1496954,-0.074428402,0.10454241,0.067898221
0.048274469,0.004183975,0.049422443,-0.103083,0.11497647,0.014448378,-0.045295529,-0.31092581,-0.097238533,0.20537524,0.0087828487,-0.081172578,0.064167351,0.1909817,-0.028401561,0.061116233
-0.083220482,-0.019949343,-0.11332604,0.011784221,-0.085788108,0.046650227,-0.06156629,0.11216841,-0.0016019308,0.090946026,0.0021183498,0.31373239,0.22073075,0.11675859,0.05877389,-0.12731445
0.0048419381,0.18367349,-0.073833123,-0.044143252,0.10678103,0.027489463,-0.21504639,-0.013576094,0.097544231,0.042836871,0.027824266,0.045861889,0.13044734,-0.087897278,-0.034684423,0.18970649
0.1296085,0.26152697,-0.082923487,-0.15186061,0.044262305,0.054614175,0.053250831,0.062597416,-0.13994043,-0.071081579,0.11216671,0.10360212,0.043283407,-0.12585256,0.077353299,0.10037442
-0.047503557,-0.27965179,0.047697011,-0.007277796,0.067599967,0.10327028,-0.083771132,-0.17107932,0.052986745,-0.0076781381,-0.001127035,-0.12594081,-0.15242071,0.02389879,-0.30342478,-0.061557446
-0.018250592,0.20298578,-0.0051010302,0.053422239,0.020596327,-0.020830793,-0.04599905,0.018829746,0.028055321,1.0288199,0.11819419,0.22241299,0.1859891,0.049945757,0.15192616,-0.081110343
0.25453079,-0.13690186,-0.24212879,0.16037169,0.099706165,0.056728348,-0.14445235,0.053288307,0.0082975924,1.0239837,0.056262095,0.022914164,0.10550061,-0.01651549,0.078426786,0.27341652
0.25964868,0.019234734,0.17191936,-0.1173352,0.12286962,0.038889244,0.12905037,-0.0036948845,0.093777783,0.91197085,0.069146417,0.040405985,-0.038778387,0.12335223,-0.10861176,0.039689269
-0.15168373,-0.013749321,-0.073389195,-0.13846312,-0.057541925,-0.14171594,0.21515633,0.025892042,-0.12270829,1.0787978,-0.0092173032,-0.043761231,0.22078374,-0.17046176,0.14300826,0.13609885
-0.049800105,-0.097442083,-0.067978896,-0.010432472,-0.040342163,0.76283169,0.91770047,0.78465879,0.97031128,0.98500144,0.97938931,0.96748281,1.0707604,1.0124469,0.0037444159,0.12123409
-0.13021244,-0.054786243,-0.057437919,-0.15837091,-0.0061738812,-0.31873217,0.16817467,-0.017890733,-0.032268431,1.0390778,-0.021387918,-0.015813356,-0.092435218,0.11806308,0.029641418,0.021434929
0.036827695,0.23316231,-0.18641067,0.058213856,0.028812207,-0.0065772659,0.13168277,0.12188645,-0.041593198,1.0596604,0.059148755,0.036578368,0.21953861,-0.0013385193,0.16114755,-0.10424934
0.040326744,-0.27226555,0.037140999,0.015797352,0.031743202,-0.097500399,0.0011567363,0.13524695,0.22619669,1.2183163,0.2366804,0.040032476,0.052775644,0.07182125,0.03887669,0.020337012
0.11166667,0.059180122,0.016625561,0.012165068,0.14958358,-0.084220685,0.019301536,0.12056874,-0.093084909,1.1830778,0.099127725,0.10436007,0.08947178,-0.014880465,-0.11086775,-0.11696275
-0.029767193,0.016358484,-0.064024553,0.16254957,0.16597642,0.14003891,0.0040047895,-0.10244478,-0.25609145,-0.10350131,-0.017150637,0.066081494,0.38565663,-0.033956449,0.053747866,-0.27024385
0.23383929,-0.12396308,-0.077136263,0.00076886022,-0.11894172,-0.12240007,-0.066847458,0.021838028,0.0011429412,-0.21611246,0.12879467,-0.018731372,0.06746947,-0.044460192,0.17589489,-0.21275626
-0.081733309,-0.057861496,0.092112146,-0.064108588,0.091942847,-0.081455953,0.040043496,-0.035158023,0.02937739,-0.33258924,-0.098322473,-0.07935933,-0.21386996,-0.069402494,0.16002844,0.13360059
0.17647123,0.047505651,0.071898155,0.27058908,-0.27090043,0.064534515,0.078828573,-0.024913646,0.10294815,0.082517274,-0.13637929,-0.28582373,0.079378232,0.077161111,0.1073522,0.051759087
-0.072541736,-0.12275867,0.014431589,-0.25050595,0.026572453,0.049256954,0.087371811,0.038862262,0.089128219,0.080486082,0.0050814543,0.032772873,-0.061526243,-0.025169812,0.17345569,-0.14061219
0.13211064,0.093348622,-0.18588734,-0.19539411,-0.069393039,0.041741814,-0.049756519,0.083335504,-0.025636883,-0.16376096,0.056843571,0.09044978,-0.03366413,-0.031931356,-0.16745396,0.093096562
0.19627661,0.0078038233,-0.16883028,-0.16497137,-0.011379366,-0.15785609,-0.070925422,-0.14541723,0.011827976,-0.14481935,0.10868652,0.17931293,0.17529313,-0.18713084,0.14600132,0.046566062
0.071907617,0.059803758,0.084601291,0.053872276,0.0257117,-0.0075075524,-0.07464771,0.12946938,-0.012371675,-0.042637903,0.10408243,0.057239391,-0.014460137,-0.0020123692,-0.22654189,-0.13663019
-0.04704576,0.030807002,0.043575328,-0.14934298,-0.06123361,1.0221243,1.0995444,0.90730661,0.89337093,0.84253967,-0.012198534,0.031420857,0.11342404,-0.033021197,0.10738377,0.0053971387
0.023787091,-0.15068902,0.20124345,-0.02651757,0.14057252,1.0768344,0.96025562,0.92604947,1.0860524,0.92748159,-0.097847007,-0.098723643,-0.10044061,-0.08525186,0.16855004,0.0055822236
0.12909892,0.047782388,-0.01933782,-0.046711132,-0.12892844,1.031298,1.0001394,0.99877685,0.98223591,1.0590655,-0.068540506,-0.15464249,-0.077900372,-0.21438013,0.021662138,0.1821844
-0.059954781,0.11005895,0.2314246,-0.032272138,0.058065966,1.0810828,1.1867148,1.0436974,0.91472471,0.9300108,-0.116,-0.025286572,0.074873775,0.068418927,-0.064009875,0.064122468
-0.20461477,-0.011384932,0.152208,-0.015334619,-0.051801179,1.1455818,1.1578443,1.0062221,0.75448608,1.0838279,0.22004916,-0.10365424,0.27590534,-0.10321406,0.13026817,0.11794651
0.098096117,-0.088264301,0.098621547,-0.16603644,0.0018869221,-0.0016583228,0.0099496096,-0.1327585,-0.086129218,-0.21040441,0.21446662,0.031367421,-0.077503979,0.035001528,0.00058052107,0.19169292
-0.065782294,0.13993388,-0.16949522,-0.011863781,0.06023021,-0.025300371,0.12019613,0.022509033,-0.067163639,-0.055734135,0.16030709,0.001858949,-0.036938738,-0.18694907,-0.1685746,-0.11065576
0.075043097,0.13918248,-0.078181624,0.24691308,0.026587397,0.019793047,0.030642703,-0.094656438,0.12162132,0.022480888,0.082371294,-0.18919456,-0.1585726,0.097956888,0.17490043,-0.022966629
-0.027150197,-0.0041351113,-0.054754015,-0.13069229,-0.12723039,0.16126715,-0.063792676,0.094709858,-0.17836235,0.071713425,0.15330453,-0.032192513,0.12830116,0.041991081,0.29515886,-0.020143757
-0.020446079,-0.11875714,-0.0068552643,0.093629517,-0.083849981,0.1661716,-0.059381656,0.033669934,0.16818787,-0.061697811,0.026323674,-0.023324663,-0.084248468,0.073482014,-0.25002447,-0.11768565
-0.0087512024,0.039889943,-0.095959865,-0.15120403,0.19668543,0.075808123,0.075807311,0.021807596,0.14192083,0.043971572,-0.15002795,0.0058876821,0.12493374,-0.18980089,-0.065410607,0.013135483
0.0062403725,-0.068734698,0.028857175,0.047733881,0.22519824,-0.090885498,0.00040150454,-0.12366829,0.13659891,0.050306082,0.074165277,0.060288992,0.21820715,-0.035519693,0.035970386,0.06883584
0.092771724,0.094021581,0.071381345,0.065291069,-0.18881905,-0.027403509,0.12189014,0.069349036,-0.067163944,-0.033540267,0.020366078,-0.082996964,0.0097456761,-0.0088065211,-0.016708678,0.11825987
-0.21349077,-0.060363322,0.16808276,0.0081633311,0.045361176,0.023712235,0.84173852,0.022326842,0.0077110389,-0.0074507347,0.014218575,-0.090952449,0.2054999,-0.20706074,-0.22734305,0.0053135469
-0.13992469,0.18103686,-0.12583187,0.099731825,-0.16381261,-0.093505718,1.1527132,0.16055743,-0.15910861,-0.20868911,0.16013713,-0.055520028,0.032784458,0.043017469,0.10347364,0.022932848
0.051889777,-0.089254096,-0.17098312,-0.13727836,-0.0090939617,0.098483987,0.83702183,-0.12520224,0.016923744,0.0058698459,0.084196426,-0.035928473,0.057652876,-0.1174258,-0.22834647,0.24583647
-0.10487851,-0.060072526,0.16874394,0.20168112,0.1466316,-0.034848768,0.90793133,0.011378578,0.0032569738,0.03517795,0.14598671,-0.012672574,-0.10080917,-0.074845329,-0.067410462,-0.10673513
-0.054679967,0.16035302,1.1283004,1.1026695,0.9270196,0.86227328,1.0617747,1.0526316,0.94614077,0.94505858,0.93368804,0.079659551,-0.096935533,-0.030416233,-0.24716613,-0.034977317
0.041179661,-0.048923746,-0.20742859,-0.0084751919,-0.040656991,0.16094351,0.98106772,0.17376307,-0.029442666,-0.072559901,-0.036850408,0.024995258,-0.00021958926,-0.058345139,-0.10662054,0.021837521
0.02811547,-0.012706447,-0.044732511,-0.050381843,-0.11287279,0.017412286,1.0836599,0.13010301,-0.04046914,-0.10018877,-0.12799996,0.056332927,-0.044566978,0.019977489,-0.035976797,-0.10126478
-0.087448515,-0.23133935,0.080030851,0.0025836388,-0.055701796,0.074476153,0.97518229,-0.14663462,0.0029143638,-0.045389857,0.12757151,-0.064662725,-0.015488934,0.098627441,0.059871715,-0.10637044
-0.056610126,-0.090162076,0.037376478,-0.030183354,0.018450608,0.0048242044,1.0580529,-0.18163331,0.068505809,0.1908682,0.084943138,0.14213865,-0.077924445,0.086465277,0.027261581,-0.022993324
0.2985701,-0.1227402,0.12389315,-0.18778218,-0.068021983,-0.088848241,0.065145604,0.13324039,-0.015525931,-0.013470449,-0.10585733,0.074504912,0.074106961,-0.09820129,0.071382113,-0.12756039
0.13576919,0.013342588,-0.13035014,0.010588367,0.1027288,0.077742957,0.041730434,-0.12721781,-0.069239698,0.1952423,0.013527856,0.10343733,-0.010233233,0.12588526,-0.09468215,-0.0013647928
0.10061415,0.1619705,0.018446766,0.17042983,0.044841763,0.041469581,-0.053017404,-0.02591994,-0.12571162,0.03875152,-0.024678811,0.027580496,-0.057799153,0.010754456,0.28337371,-0.0051426739
0.073133059,0.060533036,-0.1485848,0.062674016,-0.17552477,0.12501001,-0.05326606,-0.060891487,-0.074785873,-0.20490429,-0.0071001095,-0.038773395,0.16003381,0.032933977,-0.1424429,0.14743242
-0.03719949,0.056344301,0.051569834,-0.067288242,-0.20842572,-0.15788402,-0.060681578,0.10425252,0.062518544,0.087216906,-0.18265489,-0.19449963,0.012529111,-0.18810786,0.10949204,0.012718879
0.13040949,0.035698701,-0.025444346,-0.02583701,-0.10492332,0.1999729,-0.14610656,0.03171847,-0.10884203,-0.19187005,0.17962538,-0.2036556,-0.09002696,0.063599274,0.19236162,-0.0067418371
0.13359067,-0.16917671,0.0082444418,0.074799083,0.084324591,-0.12213025,0.21760464,-0.038688384,0.085034862,-0.29091868,-0.019957175,-0.2843121,-0.21189579,0.095258713,0.043016829,-0.071816638
0.069714315,-0.14488293,-0.0075243944,-0.077574275,-0.19814982,-0.21191595,0.11611077,0.085257314,-0.13581723,-0.24435335,-0.0084806066,0.088537708,0.0099425716,-0.17489707,-0.12744087,-0.075660482
-0.16469009,0.049762029,0.18389551,-0.021017194,0.026301878,-0.045943517,0.067388594,0.10851165,0.13101877,0.047296181,-0.068484128,0.19351518,-0.057536174,-0.13997428,0.035940502,0.085177794
-0.015367008,-0.20988801,-0.010154238,-0.059817705,-0.076559089,0.056235574,-0.43087587,0.0020813164,-0.15703475,0.19707413,1.1293691,-0.045543291,-0.11345384,-0.031930365,0.16844678,-0.022063345
0.086520597,-0.16225146,-0.10479203,-0.041719545,-0.027423723,0.05743181,-0.049462058,-0.038491175,-0.027224883,0.04061725,1.1403257,-0.06396123,-0.15181553,-0.064900331,-0.11450557,0.034477569
-0.1125671,0.23392382,-0.083138548,0.0073672682,-0.035503745,0.062006634,0.0082976008,0.090367965,0.041257922,-0.14938721,0.92694843,-0.13438487,-0.10044131,0.0030452362,0.098811932,-0.053963564
0.0087363049,-0.080934376,0.039334293,-0.10970351,0.065858081,0.12632793,0.13507785,-0.098561332,0.084040225,-0.13261853,0.9372071,0.1273776,-0.151748,-0.047805231,0.079573497,-0.31479612
0.16631879,0.0009391841,-0.21818516,-0.073633872,-0.18152824,0.062557667,1.0406864,1.0030408,0.87625426,0.86030489,0.88695729,1.168281,0.88806361,1.0471936,1.139895,0.036971115
-0.051266931,-0.1136957,-0.082189955,-0.10112803,0.0043192157,-0.077315256,0.037858229,-0.017630938,-0.024863398,0.063946433,1.1401157,-0.094358116,0.05616511,-0.059730757,-0.0037548644,-0.167891
0.048619326,0.084174022,-0.0015494343,-0.20770031,-0.17937796,0.19341958,-0.12805182,-0.074638911,-0.1049462,-0.042188518,1.0995915,0.031897437,-0.037301037,0.14282498,-0.10652347,0.13040473
0.032236703,-0.15041886,-0.034910817,-0.04976156,-0.037158683,-0.056792367,-0.092326991,0.071806848,-0.059133764,0.02133684,1.273118,-0.13851351,0.20509984,-0.13185839,0.24221438,-0.065801315
-0.017332923,0.091643922,-0.21632053,-0.25022566,0.037615903,-0.2027159,-0.047310963,0.029587535,0.13115203,-0.18443786,0.92684513,0.18780696,-0.066236168,0.12775107,0.20361201,0.29359517
-0.11146744,0.18419304,-0.039756648,0.20360568,-0.27357879,-0.075190336,0.17600845,0.079604276,-0.29559156,0.14947632,-0.020057473,0.20073578,-0.067557909,0.025712894,0.051342387,0.021763101
0.18017556,0.12479576,0.12733461,-0.16388661,-0.12569168,-0.047007695,-0.22843793,0.22019465,0.30223325,-0.0020693,0.057274651,0.005712735,-0.04922165,0.07248725,-0.025849178,0.050460365
0.11642614,0.07873223,-0.045165785,-0.17640205,-0.2450615,-0.043499645,0.068246141,0.11791202,0.071833752,-0.023688223,0.053309068,-0.048146699,-0.1160479,-0.0058827652,-0.027395083,0.2026705
-0.078466937,0.41294861,-0.053546067,0.1257856,-0.073086098,0.17012584,0.026721681,-0.057464294,0.0076995739,0.046794642,-0.12865405,0.058509383,0.11627884,-0.17627305,-0.14583777,0.14184007
-0.023985306,0.14739986,-0.17208712,-0.0019988501,0.027890917,0.16029963,-0.036587518,0.024656069,-0.04109852,0.1228833,0.10517422,-0.053680353,0.058284208,-0.18415299,0.0011831034,-0.11265919
-0.056410935,0.11414755,0.25083387,0.018730953,-0.022558374,-0.045647085,0.08418829,-0.026870335,0.11198083,0.17881034,0.069841467,-0.051280376,0.086282969,-0.08756353,-0.2153222,0.13192032
0.22496365,0.15383302,-0.047715075,-0.40987939,-0.092660457,0.069334634,-0.052573845,0.16123614,-0.10294667,0.053616084,0.021015298,0.024987699,-0.17457719,-0.018570326,0.025194993,-0.054522865
-0.16377212,-0.065286241,-0.12175927,0.034474943,0.10900348,0.031970792,0.036921319,-0.029095387,0.015498176,-0.24176641,0.0010569006,0.098728478,-0.071377225,0.075223021,-0.18903363,-0.0026929595
-0.030964229,0.047515411,0.0089855837,0.25889191,-0.39122105,-0.18313763,-0.08991354,0.0025987611,-0.086651705,-0.090235844,-0.19859195,-0.17258547,-0.11397969,0.17361647,-0.10691416,0.32294825
0.11918825,-0.043837491,0.089302264,0.1141603,-0.15347506,-0.20454256,0.167927,-0.12449549,0.095632248,0.073226027,-0.21024618,0.069261692,0.059245992,0.1459806,-0.01271056,0.046343982
0.037052106,-0.036906146,1.188997,1.1081183,1.1768979,1.0343622,1.1319755,-0.12350092,-0.083534501,0.11217834,-0.036078725,-0.056403127,0.010476744,-0.19940737,0.011511724,0.050347101
-0.047376327,-0.14415132,1.2025281,1.0425911,0.8676374,0.92020071,0.79623806,-0.21873017,-0.23937865,-0.10946582,0.042016324,0.080306485,-0.022671647,0.11433171,0.059679471,-0.14736381
-0.11044375,0.025580646,1.07336,1.1220849,0.82556885,0.75699949,1.2348505,-0.041903779,0.11231752,-0.003656849,-0.17436384,0.1613476,0.049218312,0.17111467,0.06622041,-0.12583803
-0.011115709,0.11396933,0.9105069,1.0166217,1.134287,0.84517103,0.94948405,0.01562361,0.110146,-0.016681276,-0.091448985,0.062626705,-0.078468584,0.045647461,0.038434308,-0.028274057
0.098792382,0.13773461,0.83834213,1.058437,0.97596908,0.9597252,1.0063356,0.13794446,-0.021266308,-0.042295672,-0.15430482,-0.02326002,-0.0031210047,-0.11768942,-0.03931864,0.055007219
0.16480441,-0.03618858,0.23812383,0.11856158,0.10339242,0.070693098,0.011927157,-0.075170226,-0.0073364638,0.0082857758,0.020697303,0.1867148,0.24253938,0.067138188,0.12308937,-0.07942041
-0.23491129,-0.0083564026,0.033654846,0.17255908,0.29482093,0.0365646,0.16154158,0.13858673,0.031205572,0.10485806,0.051801994,0.19225825,-0.12065884,-0.27197286,0.02238279,0.11753017
0.1328827,-0.061253279,0.072311848,-0.071416043,0.089064345,-0.082241558,-0.12162439,0.12032371,-0.14304133,-0.1694176,0.10245829,0.01955663,-0.27024248,0.14936368,-0.13999212,-0.04698823
-0.0060428353,0.24921912,0.0047074123,0.1161406,-0.0090539958,0.0690265,-0.16126806,0.0079114055,-0.065647431,-0.11396574,0.043381903,0.13240631,0.064827889,-0.030119244,0.09582486,-0.12528123
0.045901954,0.070202336,-0.0027063184,-0.022636307,0.022333905,-0.060122129,-0.018708296,0.095943436,-0.22272471,0.15733525,0.062442195,0.033342268,-0.11309411,-0.041890483,-0.064025886,0.088690273
0.053311992,0.018600138,0.063269988,0.014888402,-0.074649833,0.0020883691,0.067440346,0.059025165,0.00847157,-0.15170607,0.14424342,-0.081021056,0.026345925,0.26925945,-0.022362955,-0.048611101
-0.029815696,0.0072500007,0.092762031,-0.04762229,-0.016844267,0.19170764,-0.089426622,-0.024311647,0.1416847,0.075690955,-0.13050358,0.30217147,-0.075376645,0.11249463,-0.030760234,0.1407768
0.054045424,0.014165695,0.021819092,0.10089568,-0.097517394,0.078165971,-0.13270728,-0.23206308,-0.071554385,0.18282941,-0.11724002,-0.011595303,0.065718032,0.071943745,-0.33037999,-0.030302053
0.056033622,-0.046707135,0.16384241,-0.083130755,0.088235594,-0.045658927,0.085087754,0.083392903,-0.028209712,0.17121941,0.07384783,-0.085634619,-0.13658467,0.053876556,-0.12450127,0.045143105
-0.051197641,0.075575612,-0.14931814,-0.014901921,-0.14512859,-0.079561345,0.1375494,-0.17888139,0.90867358,0.87601477,0.9447732,1.1180967,1.0904015,0.098026223,0.12135707,-0.044378556
-0.014489315,-0.079764605,-0.014213355,-0.052674517,-0.018368516,0.19458374,0.068700902,-0.12834755,1.1005408,1.2161766,0.80185241,1.0642252,0.86946672,0.089581057,-0.0059953788,0.17872843
-0.24693434,-0.088472068,-0.09362413,-0.019465633,0.15260857,-0.12530053,-0.046281811,-0.058846161,1.0885059,1.0087622,0.91774243,0.96569276,0.89429581,-0.059163224,0.04203473,-0.13561867
0.016845206,0.13828775,-0.038909152,-0.14855996,-0.045213368,-0.069327533,-0.032567494,-0.084888056,0.96762973,1.0320307,1.0603354,0.93859977,0.69973481,0.17697027,0.056637023,-0.097601846
0.061091796,0.19172923,-0.17482348,0.2866281,0.020871883,-0.034183029,-0.21315385,0.018232729,1.0514618,1.1679367,0.82895792,0.97080559,1.0516891,0.086467646,0.089616604,0.085307144
0.050206538,0.014548759,-0.083727866,0.14330906,0.10626356,-0.070868604,0.11612494,0.13010189,0.10297676,0.068346374,0.063331977,-0.028146647,-0.035077982,-0.049804091,-0.073800951,-0.29106274
-0.043452427,0.037785474,-0.1224831,-0.061661169,-0.11813873,0.028236777,0.013340786,-0.071601436,0.026323039,0.073287062,0.1847928,0.034850717,0.035732053,-0.17742696,0.044119019,0.13313235
0.038796823,0.26014951,-0.043659221,0.063026108,-0.0098627219,-0.089651465,0.15080607,0.0096368277,0.046677098,0.086006828,0.083992608,-0.093386069,0.063415691,0.07834816,-0.028639972,0.15207836
0.098849654,0.19975242,-0.083088972,-0.013794353,-0.038935233,0.089785978,0.0034276289,0.12275687,-0.069903873,-0.092908725,0.08921697,-0.062398929,0.078296915,-0.13950911,0.149791,-0.1533839
-0.0057387962,-0.058064174,0.18700556,0.041665323,0.19717275,-0.096777506,-0.08837007,-0.054994378,0.073370785,-0.12838945,0.29567325,0.062493168,-0.12165953,0.087576322,-0.11925324,-0.034334693
0.013353087,0.10305855,-0.063452817,0.10516015,0.018153284,-0.073114961,0.10555609,-0.17575316,0.035473045,-0.041778557,0.053730663,-0.035515841,0.17387542,0.051313762,0.079726294,-0.11780529
-0.094726004,-0.072960109,-0.015602665,0.3306683,-0.18998605,0.34474206,0.085721053,-0.1297695,0.072228588,-0.15980849,-0.22993021,-0.063537821,0.30936208,-0.10767669,0.006028255,0.039952587
0.12573348,-0.092506118,0.012695716,-0.074139379,0.20730579,-0.14384614,0.15590502,0.13356847,-0.015885647,0.14366585,0.06133106,-0.018089809,-0.086868756,-0.055814844,0.085587867,0.86526036
-0.065417193,-0.33673218,0.12597524,-0.15769888,-0.34160128,-0.0084829051,0.030438334,0.1032292,0.021421697,0.10511293,0.079669148,0.20162868,-0.053285107,-0.089864433,0.96037447,1.1023201
0.022700634,0.069953822,-0.16804019,0.078365274,-0.020435898,-0.078792237,-0.06350486,-0.1587899,-0.14579095,0.12078692,0.046440955,0.010734877,-0.036123831,1.0134032,0.90980011,-0.066020012
-0.098169334,-0.11686428,-0.13339789,-0.081753835,-0.13435723,-0.12989061,-0.03355705,0.014408737,-0.26075876,-0.16265158,-0.14058034,-0.10323691,0.99572438,0.99606621,-0.17236272,0.090012379
-0.13156423,-0.048893929,-0.019981289,0.034949794,-0.050982475,-0.0081212539,-0.0056311628,0.079766616,0.055659916,0.10913158,-0.015618969,1.1483753,1.0103271,0.10472666,0.010301605,0.041592091
-0.08689747,-0.03018578,-0.03620575,-0.11920384,0.0050265924,0.080259502,0.1858125,-0.15475875,-0.046104718,-0.086958431,1.0971364,1.093223,-0.032898981,-0.053917821,-0.016490774,-2.8502671e-05
0.10355438,-0.088741459,-0.0086025763,-0.11625981,-0.1012924,0.060851615,0.14047372,-0.13027024,0.21824095,0.97148043,0.76771152,0.051816706,-0.13205011,0.22488542,-0.16065618,0.060766414
0.17576785,0.028810387,-0.020522002,0.14754273,0.28174329,-0.16786614,0.026709417,0.074792437,1.1323924,0.83234578,-0.064909823,-0.075736649,0.2422222,-0.053865496,0.22158274,0.047375433
0.0057212627,-0.052993484,0.25635028,0.27079287,-0.069136187,0.106971,-0.017369051,0.96509242,0.96403164,0.17078981,0.084789298,-0.13411292,-0.10634053,0.076104484,-0.20027685,0.15567392
0.017327018,-0.051700328,0.044563051,0.14717533,-0.032951519,-0.10913627,1.1909785,0.83471906,-0.10121242,-0.0064760181,0.089786194,-0.19716312,0.010290671,-0.025678447,0.042615749,0.037280772
-0.18192711,-0.16607404,0.10980942,0.058359191,-0.0484519,0.83393455,0.9402439,-0.10536694,0.073668323,-0.014922042,-0.15853137,-0.012148744,0.11750707,0.16224326,0.01157811,0.075969413
0.12388502,-0.014352053,0.11534406,-0.034681492,1.1421813,1.0381778,0.023353133,-0.071239658,-0.03240842,-0.16576356,-0.012031434,-0.11915392,0.16540937,-0.24797921,-0.22008505,0.075882085
0.16239737,-0.075549662,-0.049772225,1.0958682,1.1359173,0.0082500298,0.070302576,0.054994803,-0.14547047,0.061462734,-0.087013558,0.03907603,-0.15061602,-0.027011363,-0.10747218,-0.10801212
0.10885599,0.043152016,1.1476064,0.98255026,-0.048709527,-0.060813759,0.057332877,0.1350117,-0.3083564,0.14026119,0.31080216,-0.024425751,-0.035352107,0.13754325,0.31634295,0.15610655
0.14588338,1.1375152,1.2506795,0.038575731,0.032578699,0.035155192,-0.051941551,-0.040067118,0.031829014,0.060892239,0.11405934,-0.062461182,-0.029933918,0.20182788,-0.20680577,-0.1367038
1.1052867,0.88135898,-0.0061965859,0.041487131,0.14889814,0.012013055,-0.098698899,0.23309191,-0.073256426,0.05525643,0.10963026,-0.00050360442,0.081673391,0.2206424,0.11806351,-0.17079265
-0.076646909,0.12999426,-0.18330765,0.095943235,-0.19644322,0.064447634,0.13186324,-0.24762574,-0.059561484,-0.17678562,0.13940544,0.045582008,0.11595004,0.04945844,0.062880203,0.034847677
-0.16952553,-0.076522708,0.10789597,0.16531608,-0.08891803,0.06161651,0.10431451,-0.20363609,-0.13170144,-0.12246948,0.20108311,0.096507378,-0.088192105,-0.0038652723,0.053557184,0.13964868
0.015549314,0.29551917,-0.032763395,0.10214754,-0.029204829,-0.09581881,-0.0066826032,0.0070351195,0.057885759,0.0092652328,0.22715466,-0.036727976,0.10340527,-0.064584188,-0.11502417,-0.010945282
-0.016265118,-0.07428728,0.1033391,-0.15738027,0.20934078,0.10660225,0.0072948514,-0.086667351,-0.065061681,-0.056807395,0.010886635,-0.0072868424,0.062055163,-0.079829529,0.02019972,-0.1178973
-0.067646533,0.17877752,-0.061989993,0.076329187,0.13963364,-0.24077514,0.0042434675,0.12826256,0.23102638,0.013278858,0.04635169,0.033114124,-0.063016422,0.10292532,-0.023984089,-0.23014268
0.1190391,-0.0046452833,0.14014496,0.035392106,0.13467447,-0.040393896,0.74030226,0.076780379,-0.24449897,0.020565392,0.051445756,-0.081057288,0.16230673,-0.081557527,-0.069439083,0.16136682
0.052959509,0.11293041,-0.1441593,-0.2182797,0.034399953,0.075787835,1.0331507,0.094871797,0.1662772,0.014187168,0.086020522,-0.15104507,0.11792146,0.032606274,-0.017746193,-0.019811997
0.17848563,-0.15574916,-0.049551599,0.039669897,-0.14956635,-0.033617239,0.76234227,0.060423523,0.055206858,0.2463305,-0.15859005,-0.010715269,-0.025637316,0.18565398,-0.059295345,0.092727289
-0.26755747,0.10648665,-0.088156603,-0.072367057,0.11514313,-0.033025485,0.97383392,-0.041343801,0.031940587,0.090194911,-0.011445731,-0.083382383,-0.11297961,-0.0015915979,0.018544421,0.1372814
0.046689522,-0.23393103,1.0858462,0.62509435,1.0100403,1.0667844,0.99140871,0.95268679,1.0463752,1.1381407,0.99251616,-0.021493154,-0.080411471,-0.10117481,-0.086406462,0.25655898
-0.050439425,0.074475206,0.089449674,0.047869842,-0.054757021,0.089308523,1.0647078,-0.030170558,0.14237435,0.12821588,-0.054366268,0.15873763,0.14955635,0.16811746,-0.096092917,-0.29255113
0.1275356,0.047809631,-0.14831069,-0.21491514,-0.031444967,-0.21453664,1.023199,0.13940252,0.0027259265,0.00087939668,-0.093350708,-0.12930594,0.022527333,0.080138393,-0.084457681,-0.041622862
-0.01758438,-0.062201265,0.020179903,-0.14738484,0.053740915,0.054160345,1.0182637,-0.29516897,0.0037179843,-0.11219394,0.014013934,0.040140364,-0.16739561,0.16695219,0.056314278,0.13223669
0.076435991,0.06869714,0.039251376,-0.10938186,0.040237557,0.068010062,0.95741463,0.16274652,0.12681419,0.0046591926,-0.052533709,0.095020242,0.26142827,0.17614889,-0.14734693,-0.11170803
-0.06206746,0.11639335,0.12075531,-0.084795907,0.025429923,-0.095505722,-0.12292529,0.013390121,-0.035919677,-0.012644219,0.24618465,-0.26268399,0.036369607,0.0010606397,0.061668638,0.12954889
0.15398254,-0.01538417,0.099802554,-0.075632781,-0.010354638,-0.099218488,0.066805437,0.027912531,-0.1074987,0.065402508,0.085453965,0.052405369,-0.10757259,0.1768854,0.17444055,0.19099179
-0.064767309,-0.13440338,-0.028583817,-0.023169488,0.13172038,-0.35802361,-0.078985989,0.14301176,-0.11120228,-0.041151863,-0.13415557,-0.20117612,-0.056515384,-0.071508065,0.15084362,-0.039278142
0.83832765,0.0026076583,0.11361366,0.0032535123,-0.058093619,0.17919467,0.091218866,-0.10795277,0.14680952,0.16716783,0.067559518,0.028533449,0.14621045,-0.0055140285,0.14126951,-0.26128522
0.92337155,1.0777436,0.046023373,0.022173071,-0.097384289,-0.09639816,0.032521442,0.051677126,0.17753446,0.078964703,-0.078718297,-0.032125283,0.020896075,0.074298017,-0.052837383,0.015711291
-0.15728024,0.99802029,0.99025732,0.015385139,-0.055105001,-0.11803792,-0.080179147,0.10377499,-0.048693821,-0.16112386,0.054478649,-0.1145769,-0.053432357,-0.030197114,0.093003146,-0.0054896097
0.0099705532,-0.006776121,1.1347138,1.1163168,-0.031787973,-0.11195423,-0.031579956,-0.060764268,-0.34170109,-0.015408575,-0.20620446,0.053442296,0.15779367,-0.060954083,0.035057295,-0.070931695
0.058900684,0.13508482,0.23681691,0.93594402,1.0613416,-0.054433536,0.12515405,-0.21504956,0.0078729615,0.15376069,0.13383669,0.14238696,0.17422114,-0.16254027,0.051949318,-0.043995995
0.083576143,0.16410004,0.24461211,0.043993924,1.0992125,1.1869107,-0.082659431,0.0076046386,-0.0073967394,0.023357986,-0.040441386,-0.12501986,0.23042129,0.0049510482,0.0071699331,0.11150546
-0.12622501,-0.013707896,0.12366248,-0.14054686,0.056332003,1.0241234,1.2141678,-0.094818644,-0.10160369,0.086128756,-0.1420646,-0.12499011,-0.030552402,0.15918759,0.055221282,0.11976887
-0.052700885,0.097008109,0.012042602,0.091005728,0.059201822,0.10295907,1.1058692,0.92092007,0.11753627,-0.011424223,0.036470648,0.096039735,-0.0036329625,-0.10805439,-0.020810494,-0.06747932
0.040426645,-0.1656864,0.16106524,-0.09999577,-0.072413467,-0.067649245,0.080283634,0.81592536,0.91499054,-0.12454265,0.13433734,0.095596939,0.019267594,0.0071316138,0.16344726,0.031968333
0.1649657,0.17603914,0.18684739,-0.11770513,0.11791069,0.21197972,-0.092013933,0.075644962,0.84816962,0.73407936,0.20387335,0.22030206,-0.006422909,-0.017334606,-0.21635446,-0.019230433
0.13762428,-0.06778305,-0.12427682,-0.030053174,-0.079504415,0.0088968202,-0.069579735,-0.0087730587,-0.17485586,0.9537009,0.9357301,0.17627257,-0.09729813,-0.11460445,-0.03953018,-0.129098
0.18461677,-0.21266541,-0.04576778,-0.012052485,0.064116627,-0.12629421,0.003529931,0.079795934,0.18405493,-0.036019307,0.99152976,0.99300396,-0.1632783,-0.017896982,0.023034789,0.11353289
0.037783604,0.094502904,-0.0031734963,0.090790823,-0.0089905653,0.14374356,0.14859475,-0.005267607,0.11133604,0.16397116,0.027999341,1.1287717,1.1447095,0.057463802,-0.19500326,0.162624
-0.081991605,0.1096547,0.18246956,0.038913868,-0.016676489,-0.0075544366,0.10977982,-0.12999848,-0.23774534,0.29044932,0.074358381,-0.069139957,1.008617,0.75848186,-0.075412609,0.09976811
0.097135112,0.049659863,-0.21280923,-0.17020936,0.047228683,-0.029220324,0.077742852,-0.19462867,-0.059589289,0.019562427,0.048659939,0.088383228,-0.067579202,0.98197258,0.97916251,0.015135726
0.041213546,0.14032748,0.031308968,0.021016933,-0.076604225,-0.038856238,-0.024643229,0.046631567,0.07010074,-0.17128389,0.11289341,0.16348825,-0.02730928,-0.18552393,-0.073328488,-0.012987982
-0.0043506683,0.15939935,0.22067368,0.14088373,0.11722635,-0.11101984,-0.033232708,-0.11330179,-0.16062713,-0.10982316,-0.11072564,-0.099306293,0.054100398,0.059448037,-0.2443303,0.051798102
-0.12523186,0.10458269,-0.24188265,-0.031316653,0.083291754,-0.22580327,-0.063570552,0.9080056,0.19763738,0.078626245,-0.024295453,-0.058456447,0.023875114,-0.081997968,0.011979716,0.060468294
-0.070600189,0.076723635,-0.0648757,0.083502389,-0.20048822,-0.11141364,-0.020900158,0.82992607,0.053640611,0.1169361,0.037015472,0.069745183,-0.054119572,-0.065943427,0.19959769,0.082421243
0.11874793,-0.024061447,0.023390649,-0.11402121,-0.022684792,-0.058938067,-0.085716866,0.84284484,-0.077792518,-0.22517926,-0.26108813,-0.036669653,-0.00019656404,0.088178396,-0.33526117,-0.0035820818
0.087552182,0.27174529,0.049456231,-0.017773377,0.012553735,-0.02806952,0.042002093,1.1941833,0.046143685,-0.064646438,0.13512464,-0.039154503,-0.090308979,0.13849762,0.060661178,0.049227782
-0.044421799,0.0064018006,0.073053941,0.95181823,0.92082107,0.96787262,0.9788689,0.80678493,0.98972601,1.0072126,0.93432975,0.86068839,-0.072782166,-0.01754521,-0.060875494,-0.10317559
-0.054670013,0.028337803,0.33864096,0.12040596,-0.014368546,0.15507437,0.065586194,0.99752384,0.097765364,0.12934636,-0.16207442,-0.27360806,0.025525663,-0.053105943,0.069814742,0.16176082
0.062641092,0.069754429,-0.082982562,0.013503483,-0.24505457,-0.13774022,-0.012479161,0.88234228,0.010654557,0.013874719,0.076634869,-0.070839383,0.030021181,-0.1140622,0.16388133,0.13811594
0.18950425,0.1104526,0.0091757849,-0.044503782,-0.092058674,-0.034081422,0.12558275,0.86181653,0.1602924,-0.13855842,-0.22478691,0.033793788,0.061826587,-0.081191644,0.021868192,0.2029888
-0.095621094,0.051764786,-0.10034141,-0.0094138216,-0.20403717,0.16906416,0.12427496,0.92591697,0.098453045,0.12390851,-0.13596213,-0.043098859,0.07133016,-0.16013242,0.21444339,-0.058240853
0.074985154,-0.27261353,-0.10327896,0.012543622,0.12884128,0.18879393,-0.031409066,0.095536247,0.049531676,-0.12034639,-0.065522827,0.22163002,-0.055257268,-0.17305273,0.054215409,0.068823554
0.073941037,0.0021243009,0.1932296,0.027442971,0.02070952,0.27122927,0.16319516,-0.17640239,-0.017030453,-0.035891,-0.037636954,0.10200598,-0.090745755,0.042561889,0.15419959,0.078966439
0.041109744,0.037885465,0.085612431,-0.0066047688,-0.11048216,0.069638707,0.018626874,-0.1600696,-0.10132759,-0.012154802,-0.17041783,-0.040126011,0.020965852,0.071388438,0.10160337,0.048064638
-0.15725902,-0.016144989,0.0083730724,-0.13070062,0.032084957,0.10434986,-0.15345846,0.15366587,0.14443168,0.13876683,0.074616194,0.094399936,0.011919792,0.080507874,0.069791064,-0.05367915
-0.094642483,0.14790474,-0.096005023,0.069457732,0.023498993,-0.090611659,-0.018453116,0.016038924,-0.19545488,0.19269738,-0.066832349,0.030887419,-0.057063494,0.052037321,0.070453398,-0.11604619
-0.054926239,0.085610203,-0.16867375,-0.037652202,0.16930813,-0.011824229,0.059698079,0.026852936,0.1632974,0.18714547,0.018488465,-0.017285446,0.23028231,-0.05036664,-0.21630384,0.067642242
0.029920315,-0.0046597566,0.23090579,-0.051067416,0.027511742,0.11982011,-0.24801336,0.040700443,-0.057125255,0.16176432,-0.1467516,-0.13177586,0.067387536,0.047218576,-0.074214585,-0.050135814
0.025654078,0.0022199203,0.0087808017,-0.10451517,-0.1014575,0.0064010085,1.0162385,0.78581142,0.97047192,1.0628213,0.94264978,-0.039030593,-0.10372254,-0.18352614,0.048113286,-0.049463879
-0.12852602,0.11470143,-0.077206083,0.09134613,0.011931881,-0.01711037,0.9430306,0.93502235,1.0718597,1.1183299,0.92953014,0.068379089,-0.052085236,0.15365691,-0.13713017,0.033459783
-0.28774619,-0.057671126,-0.16580608,-0.29348651,-0.1032016,-0.19437951,1.1477923,1.1187427,0.88745207,0.75982302,0.98448884,-0.081562519,0.075303741,0.028808562,0.16693859,0.16253465
-0.01255673,0.13520817,0.10520659,0.1433883,-0.10482717,-0.086830698,1.0158494,0.94450194,0.90948564,1.1979213,0.92535889,-0.051558573,0.10432948,-0.088834397,0.032008752,0.15306216
-0.015666861,0.10409504,-0.022664456,-0.12770772,0.1630315,0.030532744,1.0215752,1.1568234,0.99964023,0.95950282,1.1612501,-0.041280232,0.20909376,-0.048355527,-0.19808835,-0.041347049
-0.1997821,-0.18310401,0.20834912,0.10890521,-0.040531624,0.020935871,0.04083344,0.015023076,0.0571329,-0.010416274,0.087762289,0.1456995,0.22444516,0.16348952,0.15692809,-0.32708547
-0.0052714827,0.075704239,0.048094396,-0.18932322,0.15787597,-0.072665781,0.12650037,-0.068924375,-0.048008826,-0.16024014,0.038586993,0.11801269,-0.054222271,0.30015829,-0.00085384381,0.15972707
0.047825407,0.13912125,0.0072316509,0.087077893,0.029495675,-0.043143921,-0.049935576,0.14786166,0.104797,-0.014281261,0.18047293,0.23182879,0.064872086,-0.22714914,0.17914094,0.034194689
-0.026941929,0.13223678,-0.21353969,-0.01505007,0.098882593,0.090451062,-0.11270328,-0.060042351,0.032225113,-0.084293947,0.11090173,-0.004705613,0.048969053,-0.019794973,-0.0060127163,-0.07597664
0.022198798,-0.088506207,0.063397661,-0.20481405,0.0054796482,0.13833433,0.090795003,-0.15628755,0.026476307,-0.01418888,-0.10609192,0.064784423,-0.21108565,-0.12300944,-0.10598087,-0.036648553
-0.08155667,0.28870541,-0.19302006,-0.1175857,0.15445153,-0.051144656,-0.057434931,0.015333518,-0.10644069,0.080042556,0.03252412,-0.054576345,-0.11646679,-0.094811566,0.12204108,0.070042618
-0.030606121,-0.061500575,-0.19372313,0.12190799,0.048615724,-0.16680209,0.0020255498,0.083118461,-0.099961579,-0.12438767,-0.071013913,0.099520214,-0.23424724,0.20572114,-0.14827558,-0.06836836
0.03337571,-0.052643556,0.10152008,0.17733666,-0.017005688,0.036712639,-0.11062954,-0.027407562,-0.037427008,0.0085498597,-0.037908155,-0.0061363569,-0.080633365,-0.021133883,0.0070385691,-0.002362343
-0.27140427,-0.021328671,0.24342424,0.075727448,0.19518821,-0.03500494,0.17451459,0.13860364,-0.047409981,-0.21886159,0.019381801,-0.02790539,-0.23187013,0.11016453,-0.014094749,-0.15651764
0.040553272,-0.11664391,-0.13045506,-0.01935875,0.1962598,0.047344185,-0.045374267,-0.071114324,0.11730018,0.086912036,0.078469142,0.019079465,0.10624171,-0.052741114,0.082038939,0.049525853
-0.066931553,-0.23660876,-0.033421226,-0.04467221,0.02958684,0.20072897,-0.12000471,0.11032214,0.056575559,0.04230088,0.052761011,0.13270454,-0.055783775,-0.13104513,-0.016508184,-0.28319889
0.069159672,-0.054937713,-0.092816792,0.21764906,-0.045315515,0.068453625,-0.20070621,-0.17746288,-0.023804963,0.026052808,-0.08009664,0.1093668,0.020082129,0.0016187276,-0.14600646,-0.22718215
-0.017573867,-0.16540715,-0.27300975,-0.080866449,0.10935666,-0.042011224,-0.12904747,0.085832976,0.0053040781,-0.2600843,-0.085266635,-0.022492185,-0.033611443,-0.054226633,0.34981328,-0.08548329
0.035146572,0.13110997,-0.074802309,-0.004953118,0.15140034,0.033591177,0.15376231,0.099752404,-0.24135618,0.11392621,0.026096141,0.041707855,-0.012486855,-0.047991175,-0.36431283,0.046664972
-0.060287148,0.0072299978,-0.058253895,-0.11280724,-0.018995959,0.068630621,-0.088355258,-0.16623205,1.0463488,0.71233982,1.1051131,0.87601608,1.096311,-0.048971117,0.11385425,0.10347576
0.17973627,-0.093878128,0.083542012,-0.022573881,-0.076129109,-0.16417223,0.013984996,0.098965883,1.183758,0.81496012,0.88739932,1.083246,0.89753157,0.054391026,0.090508804,0.049751978
-0.0058876779,0.0089060385,0.040924046,-0.0079480307,0.01604626,-0.18591204,0.079991378,-0.12291843,0.91340977,0.9667626,0.94496936,0.94813007,0.96009314,0.086773694,-0.098038211,0.076259814
0.085695043,-0.09473858,-0.07324785,0.10560178,0.17769511,0.13011751,-0.12443599,-0.021356061,0.95041198,0.96985734,0.8704614,1.10653,0.93197179,0.083160467,-0.0070913429,-0.20146824
-0.015389137,-0.10402072,-0.065318376,0.18755183,-0.073678069,-0.14843959,0.0017985528,-0.13503315,1.2758636,1.0073724,0.96459407,1.2437968,1.1059363,0.017721787,0.26782236,-0.047244221
-0.13348839,-0.15758044,0.09813527,0.10398012,0.10041115,0.20776635,-0.073198423,-0.18465728,-0.1001359,-0.020202158,0.11942874,0.022620596,0.081972644,0.048432183,0.052072566,-0.12980965
0.053238977,0.027495557,-0.28153005,-0.076754414,0.05274415,-0.037799388,0.088870071,0.083817951,-0.022082748,0.22326891,0.033093996,0.028054412,0.079855189,0.11188356,0.012088466,-0.11168957
-0.058266085,0.076637343,0.17660533,-0.098526396,0.032830968,-0.024272423,0.0062398636,-0.040941376,-0.298318,0.26886404,-0.052312255,-0.036018305,-0.067334011,-0.10716203,0.12766431,0.097584791
-0.051031329,-0.0034783632,0.033398032,-0.1006252,0.11352395,0.032154188,0.042267509,0.13202544,0.088566259,0.14922312,0.18536244,-0.16531159,0.13521169,0.16660248,-0.20437708,0.14434612
0.03031175,-0.0011745372,0.026266878,0.0028392042,-0.03967762,0.17391808,-0.11449122,0.1717958,-0.16593532,0.14290874,-0.032845166,-0.085617103,-0.14471292,-0.050530814,-0.0051486902,-0.0038841132
0.045886192,0.099190533,0.18366402,-0.013662453,0.13982399,-0.036527213,-0.0095121413,-0.055467673,0.19567807,0.12564747,-0.24663222,0.020456551,0.082039937,-0.021199521,-0.10466905,0.033449229
0.093040526,0.036162294,0.027736928,0.11207972,0.0043239845,0.03124298,0.077615224,0.021539522,-0.14139323,0.061622266,-0.16898195,0.12357157,0.027142975,0.18024336,0.014206016,0.027500086
-0.11625263,0.045678876,0.049184371,0.040639497,-0.035075359,-0.032772202,-0.10763793,-0.061611943,0.32460666,0.064985536,-0.14045838,-0.12810783,0.057012368,0.13384265,0.044990577,0.098624535
-0.012610331,-0.23874073,-0.13284557,-0.082505994,-0.1248254,0.20494775,-0.059949599,0.19750214,-0.026101347,0.12830585,0.0035350861,0.081525698,-0.066476375,0.018531607,0.034443915,0.06978903
0.082548246,0.052675128,0.16783288,0.11875313,-0.043615445,-0.30236951,-0.015043875,-0.11865603,-0.1047541,-0.040573195,-0.036668658,-0.045173455,0.23536125,-0.045680702,0.098756373,-0.069790132
0.16195001,0.1524424,-0.081679575,0.13318875,-0.035827838,0.098829053,0.11290199,0.036480356,0.19978216,-0.27144274,-0.11255801,-0.04264899,-0.26435357,-0.13096027,-0.063889012,0.080699414
0.18664461,0.022897553,0.00050073146,0.014592055,-0.15268457,-0.25539342,0.15293716,0.019080803,-0.037547965,0.042638924,0.086519577,-0.13164382,0.23614939,-0.0059761866,-0.10227553,0.17029738
0.12989189,0.0076499446,-4.0990202e-05,0.0039790538,0.10025141,0.14019537,-0.11961316,0.3412829,0.063008316,0.1215715,0.062114727,0.14926925,-0.014526103,-0.075916067,-0.054650478,-0.011230648
0.11958741,0.079402864,0.21351971,0.043511659,0.14717163,-0.11516719,-0.072109386,0.0032660386,0.050677806,0.21086818,-0.23836465,-0.0073244586,-0.022378972,0.044754457,-0.10842352,0.0089398883
-0.043876801,-0.054433659,-0.045580108,1.0767776,0.99696231,1.1146696,0.81334823,0.99247557,-0.16101815,-0.094955266,-0.12016926,0.16181089,0.00089990604,-0.024938924,-0.05463624,0.039255463
0.12197697,0.025783686,0.041839425,1.0203965,0.76951289,0.80196536,0.96007794,0.94707662,0.039906453,0.10504518,-0.08047837,0.071303084,-0.040279202,-0.018572843,-0.15385799,-0.0010151168
0.16634715,-0.20430285,-0.029281314,1.0089178,1.0017706,1.1875534,1.085422,0.97241926,0.13331586,-0.060705397,-0.054752674,0.14897089,0.20717923,0.082513288,-0.13053301,-0.1823651
0.11569976,0.13753249,-0.084788233,1.1731379,0.94169551,0.82482702,1.0062464,1.0465192,-0.13461053,0.11950542,-0.040109441,0.10753326,0.058016445,-0.16195887,-0.14699358,0.03451249
-0.032945547,0.15294802,0.0077777398,0.89925331,1.2314633,0.91064006,0.89421237,0.84404105,0.15658215,0.099369973,-0.060198814,-0.16227907,0.068697229,0.15944591,-0.051198099,-0.11131873
-0.029239664,0.011908598,0.0047195433,0.0080572944,-0.074151486,-0.030531855,0.15525258,0.052122194,0.30057499,0.011396407,-0.040530436,0.062816933,0.17175406,-0.0011022277,0.022518482,0.15942049
0.037962083,-0.026843976,-0.1565228,0.024567159,-0.2028072,-0.13038294,-0.081129059,-0.15591773,-0.084889345,-0.043368727,-0.046617962,-0.019216454,0.084373377,-0.12944487,0.1509297,-0.16318296
-0.15787573,-0.16169727,0.071786836,-0.051675282,-0.05795151,-0.023310235,0.13811313,0.15103012,0.079818852,-0.04331049,-0.090199567,0.0061070952,0.14882715,-0.13998805,0.015746534,0.10766485
0.16708806,0.19864468,0.14796121,-0.15906878,-0.16255979,0.031362753,-0.027047304,0.22781879,0.0072287875,0.050158583,-0.092882097,-0.042798955,0.1011653,-0.14154276,0.10164138,0.094502866
-0.013133846,-0.10720669,0.048965111,0.02175463,-0.098153442,-0.068390667,-0.027229777,0.095952787,-0.37327498,0.035557859,0.068563841,-0.18657504,-0.019071855,0.0078784889,-0.017111128,-0.12264346
-0.10123079,-0.10771355,0.066321723,0.11049999,-0.02909247,0.14105915,-0.15781626,0.02615978,0.12913053,0.02852319,0.10927626,0.042297073,0.064569645,0.11682794,-0.087357715,0.10042848
-0.0089699188,-0.0081405193,-0.077014454,0.14265679,0.10723631,0.062036939,-0.14187248,-0.033666637,0.0063246279,-0.087433375,-0.18616684,0.050623361,0.17612733,0.0097150598,0.10651612,0.13204132
0.054441594,0.0037896088,-0.20595306,-0.20563409,-0.11023171,-0.10374686,0.15432553,0.11312875,0.06805785,0.041715235,-0.064444348,-0.12642856,-0.10673074,0.066769786,-0.11992182,-0.082242459
0.053328842,0.053774554,-0.019359881,-0.0557459,-0.040301405,-0.022173617,0.024411451,-0.056075845,0.11499999,0.20150492,-0.0639944,-0.10365441,-0.037154257,-0.024696324,-0.13715872,0.037791871
0.0096140234,-0.048535291,0.14837028,-0.22355181,-0.20958677,0.038011529,-0.14057599,0.981457,0.20355788,0.062501527,0.11497007,0.038637139,0.20688516,-0.013162943,-0.33303684,0.088073567
0.16337131,0.052695654,0.030763973,-0.094504677,-0.2336809,-0.13841562,0.0081699723,0.799353,-0.094065189,-0.059543394,-0.062909789,-0.10781904,-0.05855196,-0.0565545,-0.077496037,0.018321458
-0.15770186,-0.039452948,-0.15877594,-0.23716266,-0.14717685,-0.028290834,-0.002711422,1.0716861,0.17281625,-0.040449452,-0.036852457,0.15993352,0.034072328,-0.085485585,-0.087066121,0.10739689
0.057938855,0.027274683,-0.10716925,-0.16024651,-0.0045387684,-0.038353387,0.0051603178,1.0070447,0.017447747,-0.011787041,0.055479906,0.076701209,0.29975942,-0.12395117,-0.011255836,-0.14228262
0.074450858,-0.079939276,0.014348865,1.1072848,0.85885882,0.96188486,1.0245593,0.91588879,0.89893955,1.1416457,1.0345466,0.88994884,0.043823708,-0.0079513304,0.033823229,-0.1354451
-0.0087555088,0.027166547,-0.11130825,-0.20236543,0.028197061,-0.061439637,-0.073346838,0.90666842,0.026104322,0.17582971,-0.11471225,-0.010655081,-0.038960159,-0.00091192237,-0.1018305,0.19767308
0.037724461,-0.048737425,-0.043346822,0.020561775,0.15512329,0.034147251,0.33325514,0.97946602,-0.032742247,-0.11168353,-0.099284731,-0.12378494,0.071617134,0.024814993,-0.09292265,0.002339802
-0.017853048,-0.12266401,-0.055355217,-0.092829995,-0.10019044,0.27369124,-0.083794579,0.78798777,0.19466171,0.086606823,0.056751575,0.019236473,0.025568591,0.0023383531,-0.17262308,0.13200146
0.031618908,-0.0013236408,-0.20101689,0.08831349,0.13658032,-0.072830014,-0.0051034731,1.0055131,-0.11030366,0.01462079,0.035652768,-0.13690886,-0.29803866,-0.15350273,0.061939567,0.025587887
0.063730791,-0.050417207,0.0306428,0.092937395,0.26135677,0.021726403,-0.21411744,0.40563005,-0.28755155,0.16794714,0.016594581,-0.20947853,0.11250345,0.35495782,-0.076977484,-0.21895406
-0.16995819,-0.12763198,-0.1089533,0.044887576,0.077549323,-0.056013048,0.16660844,3.9657058e-05,0.14061049,-0.10476986,-0.12474222,0.20900516,-0.099310815,0.10849892,-0.24446528,0.065669417
-0.1552386,0.096916109,-0.21229751,0.071433425,0.1211355,0.0086159948,0.096148245,0.095645867,0.050118342,-0.017137354,0.15058917,0.11781967,0.16403584,-0.17196375,-0.14067797,-0.068599276
0.19328658,0.17384905,0.082547069,0.12024193,-0.05063007,0.91089457,0.87612343,0.89152223,1.0941898,0.89437902,0.020937856,-0.15257154,0.12045873,-0.025813125,0.082793184,0.11520435
0.061411168,-0.077668369,-0.14533304,-0.041437905,0.10760473,1.1558145,1.1611526,1.1080037,1.0106063,0.79735535,0.059614666,0.13871379,0.13885388,0.051132988,-0.027312731,0.0046071582
-0.023304684,0.21376176,0.065659352,0.11485889,-0.058820356,0.996225,1.0786558,0.98063391,0.93553698,0.98730296,0.1581383,0.046817459,0.082689963,0.090247259,0.055670734,-0.077312335
-0.036772624,-0.068159938,0.070573643,-0.048158459,0.046118703,1.0157411,1.1519285,0.90154475,1.0118926,1.0859307,-0.09468367,0.093595192,0.10657754,-0.024508806,0.027062278,0.097740375
0.13987781,-0.042110924,-0.13201687,0.0790364,-0.064566933,1.1310861,0.99071622,0.91942918,0.8471505,0.97053736,0.10423842,-0.051720623,-0.063996896,-0.057282649,0.02000113,0.10847366
-0.035016075,0.0078877117,-0.076070487,-0.091405161,0.042732891,-0.021172212,-0.077550322,-0.10508119,0.024098394,0.042906757,-0.015806984,-0.040995143,-0.19580822,0.038644154,-0.24647138,0.033392586
0.05188784,0.067904957,0.0047706524,-0.17585133,-0.015925409,0.030125998,0.10283534,0.051545024,0.041472435,0.027975038,0.18398307,-0.11404004,-0.12482763,0.030275658,0.15999815,-0.0837477
0.053813782,-0.086944319,-0.02131217,-0.15271719,0.042717114,-0.090879329,0.096887007,0.13107009,0.040557221,-0.12360675,-0.063179791,-0.10212305,0.068074726,-0.093242362,0.031560488,-0.017928895
0.17454906,-0.11987532,-0.12362321,-0.060069647,-0.17628603,-0.051285721,-0.04237682,0.13722946,0.030448312,0.13723794,-0.02832512,0.007971202,0.056004483,0.043681249,0.28850862,-0.11749399
-0.037355471,-0.17834289,-0.021165749,0.11778686,-0.014904751,-0.09131062,-0.018177258,-0.035163023,0.14452112,0.0043964372,-0.14142141,0.12413555,-0.067816384,-0.2018224,-0.26317072,0.0024318581
0.24452676,0.17978247,-0.15024839,-0.19583614,0.28816944,0.062991396,0.17259197,-0.033834815,0.09598209,0.042840097,-0.30113658,-0.06980633,0.10343281,-0.2033003,0.074216209,0.029262865
-0.1414983,-0.095508404,-0.057373941,-0.016393142,-0.099244997,-0.16107376,0.12981172,0.058787823,-0.15010893,0.055496592,0.062891752,-0.079183802,-0.075051703,0.031800427,0.15811753,-0.20948519
0.17860563,0.05836194,0.13665877,0.34211937,-0.057154678,-0.017828209,0.12063039,0.059158534,0.030634159,0.21433973,-0.048558328,-0.053517945,-0.022413341,-0.094037078,0.08353585,0.15139084
0.089721233,0.098622806,0.16540945,0.090160325,-0.090497561,0.0052762902,0.016327234,-0.085179769,0.04214748,-0.040253635,0.061469924,0.085041985,0.053558409,-0.081736222,-0.053470384,-0.035828099
0.17341022,0.11741233,0.12419778,-0.16739748,0.048537094,-0.12953071,0.031203156,-0.05004245,-0.080611542,-0.068413988,-0.04605376,0.041496042,-0.17213652,-0.1736626,-0.2675598,0.20649497
0.09363085,0.12053269,-0.10306901,0.1493966,-0.079519518,0.0079790028,0.0038696271,0.10786171,-0.045656774,-0.016571153,0.060859852,-0.20251188,0.30500272,0.080295205,0.055582721,-0.17386863
0.11187484,-0.063541763,-0.18930185,0.047129706,-0.090625428,-0.03750021,-0.097071998,0.15316515,-0.194593,-0.020981235,0.060765561,0.038031735,0.090320207,0.030821187,-0.07309974,-0.12193393
-0.033098873,-0.29528216,0.020385271,-0.15417989,-0.012417914,0.023273423,-0.13283356,0.16276476,0.081978127,0.10141727,-0.052576162,-0.11130102,-0.039019708,-0.19787292,-0.037918802,-0.19563814
0.060859051,0.23691602,0.090284288,0.078559354,-0.10848675,-0.11348376,0.001058644,0.018869281,0.0016367794,0.19972381,-0.036112327,-0.14516975,-0.075727217,0.12558866,0.18504328,-0.038515691
0.10404818,-0.027715882,-0.011402383,0.11171193,0.98885554,0.90839875,1.0597878,1.0815933,1.1840738,0.097259119,-0.003884912,-0.14096062,0.097278714,0.015471489,-0.086463541,0.041003991
-0.022354288,0.012277514,0.026629243,-0.0027636504,1.0685929,1.0291953,0.95301807,1.056669,0.7973119,-0.073722199,0.12888448,-0.0057236482,-0.074041024,-0.065337718,0.005424249,0.07681977
0.039325573,-0.062779903,-0.013990524,0.065996505,0.94879407,0.89628309,1.1136707,1.2366786,0.78535485,0.22838491,0.15243034,0.07461831,-0.018817896,0.1516331,0.13421308,0.041838098
0.10326923,-0.051245626,0.041692138,-0.010128152,1.1873428,1.056849,1.1546901,0.97462326,0.751284,-0.0020477585,0.086883202,-0.027916037,0.039023772,-0.18104371,-0.10396911,0.092556387
-0.32140341,-0.31511033,-0.075212032,-0.093069337,1.1591504,1.1277257,1.1530497,1.0738356,0.89783889,-0.014337317,0.086648516,-0.19772081,0.20033936,-0.16478708,0.099781305,-0.11483604
-0.017979588,-0.028530655,-0.063516922,-0.010652284,-0.22654991,0.24521832,-0.0099819871,0.15522447,0.1728759,-0.01607392,0.065182671,-0.096992359,-0.22404203,0.063572466,-0.010802995,-0.008099135
0.011823309,0.0028677371,0.0058734817,-0.077320896,0.00029059814,0.14829595,-0.0020721429,0.098917671,-0.036839273,0.10911133,0.14047858,-0.10676894,0.19363791,-0.0525048,0.051056717,0.011737676
-0.18213885,-0.19427319,-0.19216749,0.018004594,-0.14416863,0.011020018,-0.23095404,-0.096885584,-0.18857712,-0.17823867,0.055440813,0.16093171,0.028160272,0.11271499,-0.045961998,0.11455865
-0.1826995,-0.15344614,0.049988046,0.049775511,-0.025461599,0.15872161,0.14412591,0.0051148343,-0.090954974,-0.17649472,-0.19089557,0.053915098,-0.042985365,-0.10937616,-0.11979262,0.084861949
-0.27543592,-0.095591389,0.20814912,0.016305771,-0.15007451,-0.036651716,-0.12649792,-0.037762254,0.086241424,-0.15141609,0.041182984,-0.022990528,0.12955669,-0.047732539,-0.0083833346,0.070881777
-0.1963966,-0.059134044,0.19241251,-0.044201609,-0.079872668,-0.042222723,-0.083896182,0.089366145,-0.05344227,-0.12885116,0.03606686,-0.11542499,0.21859984,0.01495938,-0.062111732,-0.011432825
-0.20581925,-0.050566129,0.049819563,0.17230643,-0.11044103,0.12841976,-0.11518081,0.038961127,0.15760778,-0.1524795,0.16971143,-0.060762003,0.16585883,-0.068530306,0.053285815,0.036936693
-0.036545124,0.047040619,-0.19167991,0.1018714,-0.15587421,0.97122198,0.018883141,-0.071748666,-0.10446469,-0.1534183,-0.10270071,-0.12630303,0.04448979,0.065424211,0.12556693,0.16978669
0.052489281,0.16650327,0.013317185,-0.015936961,0.20481798,0.99122512,-0.17130902,0.29448766,0.050196052,-0.10161535,0.000581345,0.050850004,-0.019726252,-0.11928204,0.046490543,0.15269734
-0.15512311,0.11843122,0.053836901,0.03216197,0.15413614,1.1182455,-0.046977308,0.32082894,-0.12026425,-0.11199006,0.10335826,-0.25554669,0.026064694,0.091767468,0.043355137,0.15466604
0.13790707,-0.0082535921,0.042209372,0.11801452,-0.0050150221,1.250897,-0.22884306,-0.067309976,-0.26929858,0.11231701,0.093879558,-0.039960224,-0.20369193,0.20821518,-0.23565556,0.084995277
-0.10463097,1.2158382,1.0576972,1.0215816,0.89642733,1.0208889,1.167655,1.2120309,1.2791853,0.94536573,-0.097354181,0.10605291,0.29140997,-0.11972098,-0.22011396,-0.13970873
-0.03223991,-0.14727055,-0.019547921,-0.047038879,-0.043761909,0.94091517,-0.17356367,-0.10674442,-0.055013683,0.15672483,0.055524051,-0.13243778,0.062893391,0.10577483,-0.048706517,-0.12514462
0.12549692,0.18543179,-0.17770866,-0.043693241,-0.11714315,1.1623808,-0.064565867,-0.039705519,-0.03763213,0.090265788,0.052648019,-0.078906089,0.096692607,-0.048790749,0.11993283,0.15796767
-0.055117786,-0.19726934,0.068280928,0.017574927,-0.28732276,0.7855621,-0.096387297,-0.1794983,-0.090290532,0.048504021,-0.036336567,0.033011358,-0.21038596,-0.030590294,-0.0027218936,-0.1495097
0.011597402,0.059032749,-0.048372295,0.018143699,-0.16903199,1.0502311,0.17962605,0.07566689,-0.083392814,0.017412372,0.072663382,0.088143557,0.11154139,0.058820438,-0.026887573,0.017503913
0.031232869,-0.12983024,0.038585238,0.097827949,0.12859979,-0.25359809,-0.22868389,0.053765763,0.16491923,0.12513754,0.074521214,-0.0035355256,0.19611594,-0.14931293,-0.10203374,0.21608074
-0.16596523,0.035886522,0.11080018,0.11287219,-0.14486383,0.14701422,-0.090080827,0.19576301,-0.12121561,0.061456926,-0.20982327,0.081840344,-0.10323211,0.13287674,0.050536424,0.074424185
-0.075273849,-0.046081845,0.088188969,0.062371574,0.1628107,0.11071915,-0.023500156,-0.12899411,-0.16405521,0.13764204,0.053567663,0.32165661,0.034789149,-0.14261921,-0.015689475,0.14202088
-0.17351325,0.081245899,0.0099143647,-0.08339829,-0.017362064,-0.083045468,0.14300539,-0.05566249,-0.088743813,-0.061295662,-0.066053033,-0.0014176972,-0.047288321,0.020440578,-0.028005654,0.037925299
0.17509408,0.11731539,-0.091064744,0.02957591,-0.0079215365,-0.030659027,-0.046957396,-0.019362357,0.093673073,0.068005681,0.028473683,-0.037902687,0.068321913,-0.21127196,0.045672957,0.23697715
0.11214393,0.11142927,-0.17070194,0.0046490557,-0.061335888,-0.022980824,-0.18605834,0.024648722,-0.056167863,0.13444856,-0.028420789,0.044685427,-0.093652941,-0.018897036,0.057393644,0.19727725
-0.15193212,0.23833549,0.17333831,0.11781266,0.14865476,0.095092915,0.097529687,-0.13028263,0.1647926,-0.066408344,-0.14572746,-0.10171528,0.21645907,-0.09619455,-0.13613513,0.16648057
-0.14565763,-0.018587226,-0.095345661,-0.0017854637,-0.051923208,0.016036505,0.0093845446,-0.1343753,0.097811006,-0.1756267,0.12935489,-0.14935501,-0.04228482,-0.097379513,-0.031279534,-0.093420088
0.1033978,-0.082768135,-0.20720448,0.121206,0.052844953,0.013232914,0.0010627815,-0.051579542,0.25446001,-0.013728277,0.052235097,-0.068374179,0.077162094,-0.10026426,0.23633316,0.2149758
0.11568131,0.14712751,0.08193405,0.15495212,1.0125563,1.0458915,1.0088875,1.1344855,0.82521772,-0.10687556,0.0093895774,0.024832211,-0.052553058,-0.02972167,-0.0020785863,-0.10466502
0.072939306,-0.20282979,0.13845304,-0.038926192,0.91289598,1.0222327,1.0734729,1.0367203,1.0054018,0.013436459,0.012022317,0.00083745015,0.015886445,0.0033936943,-0.20409791,-0.009055255
0.11410864,-0.10424103,-0.020162124,0.081202328,1.0208994,0.90981489,0.69142717,0.91009742,1.0202647,0.13211037,-0.015174132,0.11575406,0.1213138,0.12415881,-0.12634003,0.1529658
-0.19965214,-0.067131095,0.073053367,-0.063388348,1.1591901,1.0021923,0.92290735,1.0775235,0.96507323,0.066508874,0.18723311,-0.040877242,-0.17623858,0.12529571,0.14918883,0.30983746
0.18316689,-0.18854243,-0.068025999,-0.02937261,1.0256228,1.0917348,1.0149949,1.1869363,1.0962129,0.018916218,0.0078630373,-0.1708571,-0.024397396,-0.037323564,0.15893131,-0.18731128
0.098093227,-0.066309378,-0.014701152,-0.020146102,0.065053925,-0.036168732,-0.17177109,0.11021256,-0.029188124,0.17404737,-0.039474398,-0.11082683,0.080679514,-0.0076255477,-0.032863025,-0.082553126
0.00092409051,-0.16494811,0.0026631777,-0.16771133,-0.19106762,0.022818457,-0.22683004,-0.21547624,0.060655225,0.051182363,-0.17939429,-0.0016184855,0.15894818,0.26901945,-0.09903942,-0.098313913
-0.041987717,0.10183695,-0.17705889,0.17436443,-0.083518915,0.0034925281,-0.12621558,-0.088536493,0.2348652,0.062663533,-0.0057653398,0.070754468,0.21331604,-0.091456123,0.099219754,0.089629233
-0.0093063815,0.0069650505,-0.02108953,0.048514605,-0.096706606,0.0023344972,0.22558224,0.030555671,0.16322576,0.016754812,-0.14423373,0.13687322,-0.030668298,0.11218848,0.19364171,0.07996536
0.13489841,0.2099319,0.033922698,-0.00027280962,-0.016572816,0.046734177,-0.09968105,-0.27594733,-0.21788201,0.099657424,0.03504635,-0.14183559,-0.016521359,0.11114507,0.055167783,0.13104607
-0.091388561,0.2239802,0.0095810695,0.07935185,-0.10072824,0.20070459,-0.0086366143,-0.044782352,-0.044015169,0.041347187,-0.07072711,0.0070217317,0.083726607,-0.15996467,0.020290948,-0.052461646
-0.14645702,0.098015815,0.04957296,-0.11255032,0.017389236,0.13429596,-0.075853541,0.14504866,0.23263091,0.0050050272,-0.096960478,0.019608585,-0.15972443,0.21670434,0.0017893913,-0.046613947
0.1838436,-0.11094131,-0.2019441,0.040259276,-0.083887897,-0.018490098,-0.20619802,0.18194109,0.13629818,0.0031587242,0.20213097,-0.33402997,-0.32248846,-0.064073168,-0.1001731,-0.040843353
0.035184398,0.068935826,0.1175558,0.10078008,-0.1788642,-0.087269492,-0.097935162,0.078081697,0.15028462,-0.21344347,-0.0082000066,-0.042528741,-0.03956458,0.13060997,-0.14505841,1.0085529
0.010120271,0.085065223,0.26897076,-0.0977097,-0.061849751,-0.030826062,0.018124852,0.20946172,-0.056707729,-0.00041690687,0.042489138,-0.22314706,-0.10903392,-0.14206363,1.1396074,0.62416822
0.1095589,0.2068705,-0.065064915,0.079284869,-0.039711416,0.032262228,-0.23636718,0.010334719,-0.18708424,-0.060517784,-0.080269754,0.080547526,0.14423011,1.0265375,0.91155797,0.20964199
-0.017184056,-0.17507447,0.095129497,0.039140053,-0.023660501,-0.016168844,0.070872456,-0.017848918,-0.18354519,0.066211186,0.027755627,0.0093536172,0.95700389,0.78699291,-0.24841772,-0.014748929
-0.20799506,0.2321932,-0.28866088,0.16130035,-0.10796442,-0.060888957,0.21393691,-0.17590292,0.035845298,-0.12792756,0.027693314,1.0005088,1.1641742,0.14483006,0.077615298,-0.0041379421
0.083998181,-0.2205805,0.12177681,0.17149711,0.033844519,-0.014826005,0.086184278,-0.0042423098,0.061255705,0.062139332,1.0602322,0.88807684,-0.032415554,0.076747097,-0.052536886,-0.1844621
0.1363128,-0.092813201,0.012986387,-0.086681321,0.034207288,0.048972409,-0.12969385,0.068404943,-0.056230761,0.79902661,0.96332443,-0.019362167,0.074390322,-0.083873063,0.085876673,-0.15853609
0.18731785,0.059480947,-0.13670227,-0.021410182,-0.046926215,0.058515087,-0.073401615,-0.25107515,0.99784845,1.0835035,0.031094709,0.042021539,-0.20994972,-0.086060882,-0.23883171,0.040284559
-0.088316455,0.14934848,-0.087420277,0.10376319,-0.020267138,0.10329969,-0.11669075,0.9570682,0.92298627,-0.040706005,-0.065828182,0.041471332,-0.055297423,0.049925417,0.12580203,-0.030875575
-0.1645077,0.13401365,0.12795618,0.045404773,0.041302264,0.0074220775,1.1205186,0.92713308,-0.16750903,-0.11594211,0.31634104,0.069807641,-0.048784688,-0.073729604,-0.0027573709,-0.016318016
0.070627704,-0.005226295,-0.081665859,-0.054454938,-0.32845014,1.3729571,1.0253596,0.080686331,0.11261097,-0.03500348,0.051233329,0.098858029,0.061321061,-0.020027697,-0.15952031,0.0049235011
0.12934595,0.20405093,0.23153365,-0.11820523,1.0535276,0.86490792,0.0079863807,0.028926989,-0.017726339,0.15286122,0.30412173,-0.09419135,0.23372874,-0.15055549,-0.014108445,0.044492431
0.10666785,0.054716889,0.17708622,0.90380466,0.90400267,0.10762002,0.033354264,-0.028825477,0.058804613,-0.011204249,-0.094526522,-0.060308546,0.057857793,-0.042213917,0.10649248,0.057054427
-0.13655181,0.054687459,0.85896301,1.1356373,0.052506644,0.044283487,-0.0022803689,-0.056382306,-0.056314059,0.30885419,0.16296746,0.091831066,0.009687975,0.041274734,-0.012455824,0.038733091
0.030583749,1.0698992,1.0301124,0.23353909,0.11441583,0.14325602,-0.086049154,0.068103336,-0.094780289,0.094012164,0.1240157,0.075759038,0.11394159,-0.0020193427,-0.035181571,0.10016321
1.0547868,0.91030413,0.045512646,0.070330307,0.11001996,-0.029313678,0.17152198,0.17210175,0.11689284,0.0024312034,0.071384303,0.055971663,-0.25601947,-0.038667601,0.064240202,0.11824696
-0.093228392,0.17184569,-0.1000372,-0.11411947,0.091871165,0.12528576,-0.057675071,0.04420118,-0.045491148,-0.035600215,-0.045269646,-0.018603938,-0.16486517,-0.093648225,-0.14766578,-0.011534468
-0.19235364,0.067710914,-0.062876306,-0.049220286,0.21293424,-0.024404608,-0.10181589,0.042551402,0.20995213,-0.049780566,-0.032859534,-0.011733726,0.19736773,0.084685139,0.053317636,0.041808333
-0.09099488,-0.01931826,-0.036273863,0.049710572,-0.04188266,0.037854299,0.092359006,0.081912771,0.036554538,0.026906447,0.06066924,-0.06322062,0.1447292,0.052354343,-0.21050732,-0.07426016
-0.012384241,0.051797897,-0.23241813,0.24761195,0.12061003,-0.00042045402,-0.046873804,-0.18832241,-0.050080165,0.15013877,0.1807491,0.0087527465,0.10721646,-0.010265302,0.20767446,0.12962663
0.076524019,-0.0282938,-0.11366908,0.18633837,0.35894737,-0.055495862,0.17517373,-0.026638124,-0.12361461,0.067070588,0.21197376,0.20725484,0.17044336,-0.050162766,0.07037548,-0.13220839
-0.12570272,-0.093053885,-0.055741929,0.17050844,0.0037629614,-0.045542605,-0.042665243,0.043276999,-0.0083167283,0.97739625,-0.039497245,-0.056787439,-0.074210905,0.01863311,0.0077143405,0.016141558
0.020151511,-0.023268808,0.094896466,-0.21375367,0.12307715,0.19161841,-0.078601152,0.16107087,0.025359085,0.94972748,-0.089819774,0.076833673,0.23907307,-0.043280672,0.023827702,0.085201904
-0.061966762,0.064198703,0.0014407668,0.012161095,-0.1254504,-0.079528138,-0.040038217,-0.041417241,-0.16498816,1.1123903,0.0030802155,-0.15055202,-0.12746605,0.18029961,-0.27984351,0.15551928
-0.17987582,-0.16031447,-0.2123816,-0.094710127,-0.064915642,-0.26362723,0.13485092,0.30416948,-0.012565563,0.9326039,-0.093490787,0.16401477,0.0060366103,0.012230013,-0.016973706,-0.055311725
0.08991877,-0.062452283,-0.12290481,0.12418224,-0.048288483,0.9627611,0.79481763,1.0429941,0.8238256,0.78079545,0.86299866,1.0057321,0.76817238,1.150018,0.01338152,-0.087885842
-0.215408,-0.08591263,0.042579696,0.063965797,0.088167675,0.04094331,-0.17637928,-0.18639314,0.25669733,0.78992504,-0.02343481,0.077483363,0.17742233,-0.0482357,0.035388332,-0.16327418
-0.23912677,0.10352434,0.14456272,-0.054656763,0.06142563,-0.37170762,-0.011615768,0.044172112,0.013326314,0.99099946,-0.17205645,0.1546125,0.014091319,-0.094718963,-0.1941165,-0.17300983
-0.09954305,0.063222341,0.077401631,0.059216406,-0.030142857,-0.068180405,0.1990369,-0.2641052,0.11132098,1.1124043,-0.0023207976,-0.0322126,0.1247058,-0.024368454,-0.25220534,0.03781293
-0.060335163,-0.046959613,-0.033003226,0.085719213,0.10351601,0.18600869,-0.027726876,-0.21079774,0.082231231,1.0898129,0.13467707,0.021506317,0.33125952,-0.044388194,-0.04127802,0.082335182
-0.014906923,-0.057347715,0.12213018,-0.2084453,0.14204125,-0.16680074,-0.060393423,-0.21361348,-0.066939831,0.076659642,-0.038234297,-0.017423883,-0.072933592,-0.25826645,0.10159399,0.094315648
0.069188826,0.043633416,0.25397429,0.081665166,-0.11631078,-0.18683784,0.016735774,0.06975197,0.0079475036,-0.0095288306,0.1770768,-0.095394135,-0.051962398,0.26729426,0.003747806,-0.14637733
0.023761535,-0.097451299,-0.051224422,0.10299173,0.10919933,0.070268571,-0.2026466,-0.071763866,0.13711798,-0.14614689,0.14615674,-0.0075134318,0.10923607,-0.054312687,-0.14433794,-0.12624477
0.17000984,-0.043403525,-0.15151507,0.093128093,-0.19000271,-0.024342917,0.035785288,0.03028377,0.045770574,-0.015716502,-0.30017537,0.024331205,-0.010432364,-0.028990261,0.053604517,0.086898416
0.020388916,0.17475255,0.25806347,0.029105335,-0.047029283,-0.16066484,0.063949615,-0.21857317,1.1969827,1.1120517,0.93159682,1.0764196,0.89013755,-0.13763806,0.086300246,-0.12747832
0.024129245,-0.020826088,0.18222193,0.032253634,0.18416913,0.098505192,-0.097711757,-0.14557423,0.74111396,0.99840778,0.66046906,0.89566171,0.70476776,-0.080623813,0.078728989,-0.11134943
-0.072579585,-0.061145205,0.025954342,-0.18406582,0.006461801,-0.018989086,-0.13077788,-0.12474982,1.1383368,1.079932,1.0443654,0.89268404,0.95138276,-0.16349225,-0.21888463,-0.064068899
-0.079599299,-0.15751338,-0.15436645,0.036189031,-0.063831232,-0.19769736,0.23667689,-0.21710043,1.0171597,0.8709833,1.0727491,1.0000139,1.1133176,-0.016933981,-0.09935005,0.16459252
-0.015520472,-0.033790022,-0.026943346,-0.096015736,0.033487227,0.19260848,0.17062943,0.027020233,1.0686656,1.0809903,0.91493207,1.1700925,1.0212623,-0.22679856,0.06514623,-0.11847309
0.027190818,0.072201572,-0.046294685,0.024036488,0.15297988,-0.17448506,-0.23531567,-0.023755247,-0.038161166,0.23992422,0.10997041,0.053725418,-0.021655532,-0.24182066,-0.16873118,-0.049155742
0.012073189,-0.061448622,0.0028914204,0.073423438,-0.095863901,-0.061751049,-0.12708476,0.13409087,-0.25385463,0.060742401,0.080901131,-0.25507846,-0.06947127,0.11819525,-0.12015304,-0.081223741
-0.017129483,0.14574783,0.062112018,-0.094434947,-0.17751792,-0.19354549,0.027460389,-0.27320632,-0.082504325,0.057987716,-0.15751958,-0.052190702,-0.026897809,0.07678666,-0.17554854,-0.005417584
-0.020495066,-0.0013844018,-0.20287266,0.046977472,-0.11495452,-0.027527489,-0.11562845,0.21898796,-0.0069010323,0.2431531,-0.088570036,-0.046784993,0.1635285,-0.057398975,0.039805058,0.1252123
-0.05754941,-0.094103724,-0.042721897,0.10859008,0.03855741,0.14193921,-0.044408742,-0.069956377,-0.14804913,-0.048590388,-0.083579503,-0.027074061,-0.12554365,-0.098464273,-0.050030801,0.10325044
-0.052675977,-0.081409484,0.1103645,0.14872532,-0.048388314,-0.04340414,-0.22977956,-0.19926836,-0.018263968,0.15372303,0.20850849,0.086276017,-0.070464909,0.049235936,-0.18816791,-0.021906614
-0.15382722,-0.01161147,0.15989694,0.24890402,0.013722151,0.03550151,-0.21045312,-0.09020447,0.1703532,0.12743615,0.088071443,0.04198489,0.18553387,-0.042463969,-0.034612525,0.32509011
-0.1145677,0.042181034,-0.056657072,0.16811478,-0.043279883,-0.052922718,-0.048896123,0.085289903,-0.1321204,-0.18943074,-0.025988279,-0.054271776,0.053074632,-0.053087462,-0.084251985,0.022895453
0.039977342,0.11088833,-0.0036661783,-0.22899266,-0.017049223,-0.010477789,-0.023323419,0.052527778,-0.045343086,0.12249453,-0.046353832,0.15678783,-0.14468139,-0.29415587,-0.12699477,0.33074862
0.021028899,0.14188424,-0.24227029,0.18586121,-0.16259103,0.11018825,0.14660373,0.069837146,-0.1229387,0.066217616,0.050859258,-0.098933369,-0.12740216,0.15398316,0.03979465,0.075152338
-0.074989207,0.045372535,-0.010247758,-0.063953079,-0.10543751,0.0036055706,-0.30118203,-0.015573235,0.1167799,-0.16390085,0.037566148,0.0084288213,0.11652744,0.13359088,0.051671587,-0.060727909
-0.13225234,-0.07350903,0.077098958,0.050027739,0.032679468,-0.092734493,0.085164115,-0.16436158,-0.023474537,0.0080291675,0.28250268,-0.10509758,-0.051844932,0.015000954,0.052006517,0.16416135
-0.11209574,-0.19067243,0.14856479,0.066672139,-0.081819348,-0.16542634,-0.051106825,0.025532885,-0.13286126,-0.31873178,0.14436613,0.07603436,-0.00088538078,0.028288966,0.018437242,-0.19950733
-0.094667219,0.022986693,-0.037394825,0.11799473,0.027935997,-0.10015012,-0.036297966,-0.12226778,-0.097440474,-0.0010793192,0.072147489,0.20080835,-0.0054157847,-0.090736516,0.030959437,-0.34057811
0.11454014,0.048325416,0.13092108,-0.053214218,0.79250288,0.98050827,1.0052768,0.73255122,0.96372294,-0.051224653,0.24142182,0.13257781,0.045808326,-0.18761615,-0.00026646408,-0.19313054
0.088898718,-0.19901633,0.020117214,0.036832362,0.85127127,1.1021489,0.99815845,1.0092186,0.95126194,-0.061304264,0.17671371,0.042098284,0.060697395,-0.024766933,0.019085225,-0.00027413145
-0.04151582,0.081807956,0.042299133,-0.053584252,0.88784313,1.0909673,0.9865275,1.0379707,0.81794655,-0.055603851,-0.017120577,-0.14384791,-0.15568787,0.042217374,-0.029689068,-0.1279401
0.12742113,0.22214665,-0.0077906307,-0.04090862,1.0304312,1.1119165,1.0057421,1.0494373,1.0623393,-0.11551839,-0.170872,0.16466446,-0.010203619,-0.0418812,-0.063575417,-0.053433269
-0.078506179,-0.11527374,-0.048027683,-0.15952036,0.87952369,1.0595949,0.74776155,0.98768985,1.0217999,0.036491845,-0.083177581,0.085416324,0.26114601,0.086965784,0.071533918,-0.16237941
0.0073193214,0.26375368,-0.080856241,0.083279289,-0.078795522,0.28611234,0.29988092,-0.01821648,-0.22566934,0.063860767,0.12039346,-0.20102851,0.068931967,-0.08306621,0.014220279,0.14321657
-0.070417657,0.0935326,0.082018375,0.07498917,0.098327041,-0.03813038,-0.29134509,-0.12312985,-0.015505857,0.13331598,0.081404336,-0.20945832,-0.063142858,-0.073095545,0.061351746,-0.077922724
0.036527522,-0.021467151,0.067615777,0.15780915,-0.091197543,-0.060860194,0.03567091,-0.087288193,-0.12888046,0.038663503,0.10794052,0.055065658,0.025653357,0.085569963,-0.093912818,-0.040091824
-0.018857043,0.049976818,-0.083469994,-0.093691185,-0.22610641,0.052112315,-0.0069243172,-0.15082005,0.15967473,-0.012642209,-0.11207524,0.023573235,0.11870865,0.0025621054,-0.13379228,0.04464528
-0.081654757,0.10345411,-0.13097347,-0.089588553,0.066444889,0.082378872,-0.14249586,0.041659847,0.17561446,0.0038899293,0.2176999,0.010691103,0.065826349,-0.073741309,0.019539922,0.0011639523
0.067240238,0.0080905519,-0.19133691,0.066697247,0.20729578,0.065884955,-0.12913558,0.11810512,0.1414565,-0.056043323,-0.06506969,0.012253832,0.10192765,-0.13797191,-0.24443427,0.13764712
0.24038891,-0.064266063,0.029346574,0.75627673,1.0269852,-0.17829369,0.21342736,-0.12590802,0.041360479,-0.059828822,-0.11242232,-0.03772331,0.0027473893,-0.083648644,-0.12787977,0.084796883
-0.053052887,0.036543712,-0.1127129,-0.14353621,0.95151842,1.110672,-0.071693741,-0.067813955,0.086402781,-0.10631423,-0.038983323,-0.093058676,-0.031956304,0.14413819,-0.029674152,0.099666119
-0.19908102,-0.068198487,0.087822631,-0.032243654,-0.081580944,1.0593317,1.0513692,0.12721121,0.02938924,-0.10421424,-0.083684355,-0.20779875,-0.025194092,-0.082668856,-0.042011749,-0.080513462
-0.087013006,-0.013658345,-0.026476238,-0.017102068,-0.046341188,-0.081819184,0.78179228,1.0652959,0.11239146,0.079164423,0.092565499,-0.078696795,0.12539823,-0.0069560576,-0.044362597,0.11844482
0.19977984,0.15428253,-0.1312851,-0.20221247,-0.071758777,0.14756234,-0.08738628,0.98593479,0.77002728,-0.039972514,-0.091797337,0.12645066,0.048195921,0.045262013,0.1209982,-0.069755465
0.031358175,-0.10470269,0.17209093,-0.043864951,0.0044790371,0.068087712,0.021171154,-0.25968459,0.90702921,0.98912108,0.080709897,-0.15402521,-0.11153438,-0.12488074,-0.077404365,-0.14930022
0.10581313,0.081700802,0.047272556,-0.11867218,-0.0707063,0.042874336,-0.097030431,-0.023662379,-0.079304159,1.0492135,0.99942404,-0.024166424,0.014482616,-0.017995477,-0.0098402118,0.094876081
-0.095864907,0.064910352,-0.18065472,-0.077209204,0.071695186,-0.042206358,0.11693786,-0.033956792,-0.16694959,-0.051218946,0.965042,0.87359166,0.1740676,-0.19763659,-0.084486455,0.11795373
0.053018309,0.1324358,0.17631488,0.057026405,0.051240847,-0.096694782,-0.053243063,-0.07376764,0.027470252,-0.11186657,-0.063256748,0.99701375,1.1929296,-0.012184569,-0.01869637,0.16240595
0.10140725,-0.086771742,0.10326663,-0.06073663,0.33913329,-0.089735635,-0.034296587,0.13305764,0.26767045,0.11654017,-0.010717389,-0.12697922,0.94463748,1.1168261,-0.081408374,-0.12563325
0.064900339,0.098050967,-0.0027048446,0.12289751,0.17798413,-0.090842597,0.093097381,0.018402031,-0.14184126,0.11815239,0.14011812,0.20282219,0.040174183,0.85453063,1.2911305,-0.037962649
0.05292277,0.062404126,0.13247541,0.20193517,-0.076110981,0.14888512,0.071217358,0.15231448,0.091587,0.089803293,-0.031309068,-0.1747946,0.013527222,0.11209501,1.1903932,1.1307096
0.088885136,0.061005455,0.067380905,-0.047476076,-0.077890299,0.0061490554,-0.14174372,-0.17933384,-0.1557392,0.056585807,-0.17999133,-0.052792113,-0.10782553,-0.043115839,-0.13405792,1.1311803
-0.19070671,-0.058663867,-0.10718141,0.011068483,0.15915133,0.015360017,-0.078710586,0.16149718,-0.14699955,0.16103464,-0.14551996,-0.08527714,-0.23135507,-0.010287853,0.16827092,0.19158779
-0.11905231,-0.047287427,0.28213626,0.10378981,0.0049908175,-0.18699248,0.077831157,0.10990644,0.065010242,-0.0024411192,0.047890808,0.062987812,0.10722285,0.075541779,0.048931915,-0.20227556
-0.074728377,0.070264973,-0.030671233,0.11603696,-0.053210039,-0.052704435,-0.13326287,-0.057397489,0.12212209,0.058764908,0.13932781,-0.042349692,-0.10250887,0.079669341,0.006441135,-0.13377301
-0.23351918,0.04040565,-0.18573891,0.17975023,-0.035005454,-0.067620635,-0.014143292,0.078706957,-0.083957419,-0.19581039,-0.025243457,0.043968398,0.023178976,0.22254345,0.081025377,-0.067186899
0.066055454,-0.1197731,0.28581154,-0.07848148,-0.12383697,-0.11387741,0.00092015183,0.041257475,0.10122749,0.23601644,-0.074398361,0.036912713,-0.094829924,-0.016143588,-0.07136292,0.062995099
-0.34230733,0.0932457,0.057267494,0.10477411,0.11966565,-0.12145098,0.025040371,-0.11064448,0.171725,0.019847691,-0.16405298,0.056132689,0.17592664,-0.0095062712,0.1119709,-0.054133769
-0.095397748,-0.071599111,-0.078214727,0.046967998,0.0023632227,-0.16327225,-0.19648895,0.16333447,-0.12234179,-0.042557273,0.22878401,0.088909946,0.24734457,0.14928019,0.04244921,1.1546557
-0.066665329,-0.014010319,-0.017654102,-0.0043655443,0.15347709,0.1066782,0.081548423,0.032271195,-0.006187872,0.02994528,-0.055719484,0.1637321,-0.015144928,0.063259669,1.0587807,0.96988922
0.062222756,0.060789492,-0.005463643,-0.0026823268,-0.14061317,-0.03850868,0.10979766,0.16542126,0.15705207,0.076503463,-0.12210058,0.15803367,0.2830742,0.80955911,0.83319825,0.14604166
-0.2117665,-0.12402223,-0.11340724,-0.030675683,-0.050534811,-0.038508255,0.1264728,0.076452792,0.098846488,-0.020286633,-0.086238444,-0.094081864,1.0679047,0.81588709,-0.095825009,-0.017650876
-0.24884927,0.071962871,0.086009301,0.070159867,-0.13208869,0.058804356,0.093359545,-0.0049781431,0.10286297,0.030216252,-0.040687054,1.009643,0.8079747,0.16076837,0.039341062,0.1231968
0.039430764,0.00073093263,-0.18291596,-0.0062097767,0.015864445,0.25109392,-0.30890107,-0.16452572,0.15980358,0.14245629,1.0839746,1.0498886,-0.12772565,-0.019189045,0.10859469,0.26559338
0.00618472,-0.023893487,-0.0060735997,-0.091564782,0.0311416,-0.017980019,0.1257332,-0.17333499,-0.059515256,1.1234949,1.16634,0.011556515,-0.29798648,-0.087267898,-0.076498628,-0.039340824
-0.073029786,0.067459799,0.039450262,0.0056531704,-0.049750645,0.23522247,0.14684859,-0.18926409,0.88807917,0.9563303,-0.11009923,0.096855566,-0.12083359,0.15186772,-0.064546317,-0.065798208
-0.08373443,-0.12907237,0.076566286,0.066541493,-0.21413656,-0.19841608,-0.025513696,0.96122956,0.79419196,0.15451887,0.096299216,-0.012742883,-0.2215831,0.0042901011,-0.095423654,0.075367622
-0.036632303,0.0012902172,-0.14754218,0.087976843,0.056668606,0.020826647,1.0291255,1.1604151,-0.04835882,-0.027874548,-0.22930476,0.11541869,-0.024338851,0.10281513,-0.096230797,0.041553285
0.090326786,-0.047154713,-0.075401366,-0.20848902,-0.058765281,1.2925981,1.2966439,0.086673431,0.021055318,0.21945438,0.16456757,0.1049737,0.11161629,0.076312281,0.13340069,0.011582705
0.14435337,-0.051349141,0.098536,0.0062670009,0.91408652,0.92225081,0.13500372,0.19331756,0.15063314,-0.13557641,-0.1306379,-0.010950288,0.12513791,0.07448262,-0.014144967,-0.083718307
0.16448338,-0.14539492,-0.15703671,0.96154451,1.0263026,-0.08082857,0.031807978,0.086524628,-0.039769188,0.071116164,-0.24654834,-0.15250979,-0.1244459,0.22800688,-0.12235887,-0.12940016
-0.0012439876,0.11237188,-0.13216828,-0.05685981,0.0075959275,0.13877501,0.04737914,-0.039082386,0.19954076,-0.057909515,0.12862164,0.081421524,1.0454062,1.272752,-0.19306742,-0.035578649
-0.20869127,0.0024834552,-0.015561763,0.078187369,-0.17267951,-0.045334205,-0.1886209,0.12270743,-0.036318947,0.071580924,-0.027711023,0.92764348,1.0091674,0.018878648,0.16545922,-0.030782491
-0.15634613,0.058476094,0.088461921,0.21746248,-0.031691555,-0.2753185,0.21182792,-0.28127044,-0.013419773,-0.025067985,0.9003455,1.0196337,0.072002724,-0.057993699,0.15024495,0.20552401
0.21862364,-0.11837181,0.069468513,-0.016812304,0.020116912,-0.059372462,0.20258179,-0.11479992,-0.065841652,0.74407119,0.92941248,-0.28261653,0.084847361,0.02077713,0.1614235,-0.13091865
0.098298378,-0.14627741,-0.13537262,-0.12480648,-0.041777682,-0.081006773,0.034553748,-0.00090704462,1.0754005,1.0649356,-0.10660142,-0.13620749,0.23228061,-0.00063578825,0.087055907,0.03405023
-0.046976861,-0.036867913,-0.025430653,-0.1899776,-0.20231727,-0.051008634,-0.043700136,1.2383913,0.86667955,0.053151242,0.019879859,0.070320368,-0.08202704,0.014165661,-0.12307599,-0.060434364
-0.048285022,-0.037985094,0.17083724,0.071398526,-0.024702778,-0.063490264,0.96513605,1.1731941,-0.034314599,0.0012803965,-0.002044172,-0.0086108241,0.095154002,0.25368431,0.067704886,-0.044698872
0.014606929,0.093509957,-0.19473594,0.057304449,0.17690308,0.9372834,1.26208,0.095433801,-0.017775603,-0.03830076,0.11468844,0.013866186,-0.1813924,-0.048620168,-0.042722475,-0.092591837
-0.024531513,-0.13018829,0.057366591,-0.073569968,1.1847001,1.0436521,-0.070676275,0.0094508352,0.035320088,-0.11249769,0.0033102944,0.060902279,-0.13325793,-0.047597464,0.21569182,-0.055251345
0.073050275,0.030776154,0.13104132,1.2171794,0.91988945,0.13195701,0.020878144,0.10572088,-0.072806902,-0.092429906,-0.084385119,0.061144918,-0.12840262,-0.0015598055,-0.17686567,0.26334694
0.19870955,-0.15100093,0.77931923,0.87996691,-0.085715763,0.055062663,-0.018001528,-0.0035104381,-0.083256364,-0.21777664,0.093854427,0.0076074284,0.020099871,-0.16349652,0.12069315,-0.28366512
-0.088508233,0.93979734,1.0394762,-0.11749609,-0.16286555,-0.02396244,0.074834757,-0.12211348,-0.14786606,-0.12925729,-0.06350372,-0.0077809431,0.15514918,0.031150764,0.1604694,-0.0069674761
1.0157621,1.0090872,0.075026765,0.054051388,-0.033731014,-0.21965902,0.086701639,-0.026218008,-0.092587247,0.069462232,-0.1562693,-0.16939341,0.018111872,0.075258724,-0.056749482,0.077426516
1.1214821,0.14678518,-0.060107443,0.050170932,-0.088450186,-0.077878304,-0.0039694957,-0.0028825121,0.095969439,-0.20738693,-0.21254985,-0.035016686,-0.12511922,0.12995367,0.046962459,0.063855469
-0.075733788,0.084581569,-0.023979839,0.023257948,0.012137573,-0.099501714,0.1059536,-0.036564112,0.13437475,-0.022150053,-0.10505172,0.13455805,-0.09943632,-0.11324994,-0.15600121,-0.047617856
-0.18995635,-0.15783516,-0.026876733,-0.27391151,-0.035153896,-0.0797958,-0.13666555,0.0060755569,-0.13002753,-0.095036432,-0.1623418,-0.058226738,0.07132186,-0.013693216,0.11701824,0.054759424
0.21880206,-0.12861986,0.0021797582,0.1039244,0.047671407,-0.055919483,-0.091596827,-0.1493645,0.22601876,-0.068906933,0.086195976,-0.11628536,-0.01878636,-0.07821162,1.0335257,0.91849715
0.044632938,-0.03110732,0.00088018872,-0.16768532,0.1366656,0.05859863,-0.082593441,-0.0069427374,-0.018647602,-0.066634931,0.0070094699,-0.015087164,-0.16012511,1.1993415,1.1404648,-0.18237723
-0.027471561,-0.010747923,-0.12093546,-0.09735471,0.077284805,-0.13331348,-0.024748994,0.16197579,0.092474401,0.10894701,-0.06940069,-0.12729029,1.2106977,0.76381856,-0.13559316,-0.3486191
-0.2960099,0.17336376,-0.10885871,0.14204258,0.049719434,-0.094972543,-0.13374969,-0.070513092,-0.089672543,-0.068489261,-0.085142553,0.97138846,1.0898283,-0.15452337,0.042857304,-0.094313152
0.077933639,0.14626814,0.10716222,-0.15705152,-0.23578167,-0.12794867,-0.15000132,-0.068892621,-0.019171469,-0.0065365778,1.0090734,1.0186372,0.092986949,-0.18555027,0.022570048,-0.0085645216
0.058046948,-0.049352627,-0.10159969,-0.16471332,-0.069451928,-0.063521251,-0.23085365,-0.13750766,-0.20449108,0.98628426,1.1287913,-0.13428625,-0.12567687,-0.060809944,0.2480811,-0.0042757187
0.13800523,0.17435277,-0.23699176,0.0016765752,-0.27466804,-0.050008118,0.0730647,0.1426723,1.15447,0.81987852,0.0059660715,0.10883348,-0.22257975,-0.21233842,0.19108234,0.038953852
-0.099815823,0.27227923,0.086143672,-0.15563676,-0.066793166,-0.15712196,-0.10682938,0.97597265,0.87863505,-0.16247053,0.031379614,0.31235701,-0.060246438,-0.069328129,0.011812752,-0.0018400446
0.028728405,-0.046276011,0.070521079,0.088644683,-0.025498986,-0.032741476,0.95201546,1.1814021,-0.072968774,-0.2080911,0.20299396,-0.060584188,0.017497951,0.028128965,-0.055163857,0.043688409
-0.076112241,-0.051249236,0.14411916,-0.12975913,0.25038186,0.98656994,1.1262573,-0.012773983,0.050356086,0.21229932,-0.097889893,-0.0078195352,0.14426559,0.036484927,0.029945716,0.023955982
-0.014511352,-0.016586106,0.019843455,0.1260027,0.88791519,0.79806924,-0.20465368,-0.029948849,0.05511979,-0.037027109,0.29417133,0.097293951,0.035306394,-0.10076215,0.036227275,-0.038221978
0.26135069,-0.014672149,-0.24566045,0.99852699,1.1291289,0.095935747,-0.16053519,-0.16303539,-0.017906239,0.079797648,0.078731179,0.011596981,-0.027289039,-0.001823579,0.050283112,-0.04816309
-0.18633893,0.032832138,1.0184059,0.96146035,-0.24435376,0.001525145,0.19720288,-0.0006390948,-0.10648135,-0.14410755,-0.090984538,-0.065453187,-0.071875714,-0.038454484,-0.16664574,-8.3597035e-05
0.15011688,1.1231747,1.0195863,0.04648355,-0.10694224,0.14840871,0.052204225,-0.19191028,-0.10255463,-0.19192871,-0.12435323,-0.11646538,0.038249634,-0.14402701,0.1037591,0.23191236
0.96726471,1.1438723,0.093458131,-0.0097086923,-0.020671932,-0.0015813343,-0.024167622,0.22080684,0.025491562,-0.11548621,0.13221918,0.069697723,0.027060792,-0.021735232,-0.017084057,-0.062858976
1.101987,-0.12159427,0.15703803,-0.16404043,0.040171798,0.23439993,-0.048933066,-0.027027745,0.16258352,-0.076758735,0.068337195,-0.0027065305,-0.19301939,-0.19371726,-0.083357044,-0.092770018
0.16161187,0.027427774,-0.097755685,-0.044308122,0.18073702,-0.047648154,0.049141198,0.042503897,0.049517758,-0.0797925,-0.082575589,-0.087683298,-0.0099164248,-0.045150235,0.063815214,-0.028799919
-0.20411363,-0.083788902,-0.0095412899,0.053171244,-0.088398829,-0.11714037,0.029137881,-0.021995462,0.19475091,-0.040241327,0.073359922,-0.062371474,-0.13661398,0.028000787,-0.020710165,0.091980539
0.05677842,-0.23824038,0.012643901,-0.058869366,-0.026080962,-0.035465665,-0.14874588,0.12656909,-0.31612667,-0.017724713,-0.11987282,-0.17667769,-0.18909803,-0.093841411,-0.17180948,-0.04967932
-0.035640143,-0.06454055,-0.27843323,0.0038163885,0.013226964,-0.074111164,0.03089273,1.0149552,0.86810124,1.1188968,1.0117047,1.0708168,-0.026618758,0.11451419,0.019000929,-0.05447853
-0.1961216,-0.067787781,-0.13355157,-0.13814689,0.064522155,0.13874805,0.069908768,1.108035,0.88818562,1.102875,0.86887169,0.84722686,-0.067123145,-0.078549877,0.022763824,0.038279094
-0.0055331751,0.06563402,-0.094895042,-0.12754481,0.034335472,0.1463522,0.062381517,0.93482244,1.0796579,0.97603929,0.97533208,0.97719824,-0.035460155,0.1525812,0.098290227,0.094192713
-0.14069116,0.20275977,-0.11636727,0.090409905,-0.40869436,0.014765454,0.091236502,0.99421197,0.89908564,0.83124506,1.0310748,1.1042324,0.10400379,-0.039586697,0.16241124,0.10032884
0.13979504,0.053734362,0.13491301,0.0076528108,0.031697538,-0.10194602,-0.23710521,0.98810726,0.97086626,0.88410664,0.93855959,0.93570989,0.053444151,-0.061249834,-0.0052519776,0.29123291
-0.16799101,-0.039280806,0.2150619,-0.10885657,0.055677298,-0.10060162,-0.045180786,0.0076942393,0.049952403,0.065233491,-0.090162948,-0.047659803,-0.014079191,0.053618837,-0.12199266,-0.040660355
-0.10182304,0.067353547,0.14183258,-0.31953913,-0.077757582,0.030571014,-0.055844638,-0.24802171,0.095639877,0.10663383,0.0060872664,-0.10603776,-0.027668841,-0.069345251,-0.048821591,0.052458137
0.11034415,0.058459032,-0.053916678,-0.083931856,0.065746583,-0.17076077,-0.12497768,0.02921343,-0.10140201,-0.0049858387,-0.045630846,0.034701254,0.089507379,-0.020799508,-0.030299069,0.081406459
0.1194309,0.054838728,-0.057255633,0.14380981,-0.10417616,-0.059338465,-0.033862159,0.097719029,-0.11667762,-0.088190719,0.088349693,0.26496294,-0.042559661,-0.099017143,-0.14146386,0.11889406
-0.040777542,0.17226909,-0.098283917,-0.060944341,0.0022041074,-0.070856996,-0.040467881,0.082684614,-0.06881807,-0.15391298,-0.080325142,0.082603462,0.0052945376,0.093015328,-0.013562411,0.0082287751
-0.0019643125,0.0041461876,-0.033852529,-0.25496557,0.13070886,0.18545333,0.021198381,0.079749212,-0.063374393,-0.0039043035,0.16425145,-0.11857463,0.16004938,0.124993,-0.20830163,0.020449672
0.1328361,-0.024435222,0.063114129,-0.16969416,0.086963207,0.051912546,0.14333314,-0.12239286,0.014603443,0.059430417,-0.035983562,0.01443121,0.15603754,0.0023159971,-0.13386598,0.007579104
-0.05223782,-0.069979638,0.11393815,-0.010817837,-0.10622853,-0.14582476,-0.013615508,0.12051401,0.042054992,0.059494086,-0.15201445,0.08478637,-0.068909302,0.11847445,0.13350315,-0.013305015
0.13197662,0.0042831656,0.058252312,0.071526222,-0.054327298,0.002795819,0.11959185,-0.086667404,0.14530835,0.0097059514,0.23790991,-0.096610755,1.1382354,0.90898913,-0.0050371489,0.077235565
-0.043449216,0.23456781,0.12299788,-0.07662148,-0.037966013,0.013501012,0.015821239,-0.10228557,0.070304208,-0.095674306,0.015167952,1.0054054,0.93151635,0.044100311,-0.14321062,-0.17826952
-0.033016443,0.26707584,-0.058776982,-0.046846762,0.015284403,0.30044222,0.12345517,0.087770388,0.0065510646,0.0043086209,1.1445767,1.0756097,0.038618244,-0.13615346,-0.26594678,0.037153877
-0.060428698,0.10092921,0.05158839,0.10804278,0.01602475,0.18482588,0.27546951,0.035517149,-0.20259561,1.0469919,0.87298423,-0.16806801,-7.940767e-05,-0.099450566,-0.033715889,0.17967843
-0.1578812,-0.13560379,0.04184828,-0.17890793,-0.01359704,-0.055809453,0.12777208,-0.042559259,0.9286226,0.62047005,-0.072659492,-0.040240854,0.052329764,0.091616146,0.15665829,-0.099545822
0.052959789,-0.069551304,-0.13115682,-0.12340559,0.042129673,-0.072064266,0.23305321,0.97067147,0.93953776,-0.036084272,-0.14484841,0.16244629,0.057976395,0.14956664,-0.015517311,-0.076363802
-0.0026273015,0.0721808,-0.0061581661,-0.24107431,-0.23939803,0.041873585,0.97164041,0.92808408,-0.011139015,-0.14301799,-0.14706515,-0.064401813,-0.017480824,-0.064226069,0.0039816848,0.1619982
0.0033925481,0.1141009,-0.062948979,-0.09462028,-0.10040958,1.0658784,0.82962364,-0.1353929,0.0097778067,-0.048705187,0.069932804,-0.030929284,-0.19854197,0.08490286,0.00056533399,-0.074554563
-0.0030903639,0.11182943,-0.076790124,-0.086304463,1.0147978,0.89393276,-0.060331613,0.12245993,0.050044373,-0.1925811,0.044106904,0.061639287,-0.052945789,-0.040923908,0.087681547,-0.042602897
-0.0044555007,-0.083492622,-0.067311756,0.88465405,0.9920994,0.024199778,0.31632084,0.12310298,-0.030742204,-0.08992783,0.20600148,0.057871871,-0.04609815,-0.080919817,0.15689839,0.0235583
0.12484098,0.18650666,1.0857376,1.012513,-0.12642643,-0.0270638,-0.025329575,0.085414968,0.075602353,0.066274144,-0.14275983,-0.062435225,0.035660967,-0.056053177,0.18953964,0.084087096
-0.036985319,0.90469688,0.93945938,-0.3121233,0.25820252,-0.14698325,-0.23933668,-0.17175989,0.074514471,0.19866323,0.11170033,-0.18167053,-0.074693434,0.077729523,-0.033486318,0.04593486
0.92512941,0.98467016,0.1190298,-0.048282173,0.087336935,0.015513436,0.023821563,-0.0082988162,0.16868654,0.14423032,-0.032698568,0.037936758,0.075586826,0.13879162,0.031885222,-0.19629648
1.033759,-0.14441223,-0.073384799,0.054939516,0.23445588,-0.015170247,0.15662278,-0.092065088,0.046040475,0.0056027914,-0.081218831,-0.10890555,-0.059042942,0.015163166,0.038670857,0.047657259
0.071737193,-0.034900133,0.11496832,0.17983,-0.17690761,0.051751241,0.17111513,0.029352944,0.040479634,0.19545151,0.051065028,0.13832758,-0.12054395,0.030128563,0.17912497,0.041221105
-0.0056730891,0.078543313,0.14161487,0.12299411,0.11102081,0.096314028,-0.039403189,-0.15749423,-0.099167541,0.073321804,0.067280523,-0.034687467,0.14899176,-0.20266815,-0.03212969,0.076737687
-0.065867782,-0.035566647,-0.073975295,0.073154651,-0.073485874,-0.057060372,-0.042032935,0.1160936,0.16357423,0.030357862,-0.17979537,-0.013890431,-0.13518463,0.054383658,-0.09060473,0.089537583
-0.056190416,-0.040397454,-0.023478482,0.1175264,-0.020011682,-0.012290239,0.0025208115,0.22858994,-0.023046905,-0.088962406,0.029074855,-0.029715108,0.081759557,-0.19196364,0.12925214,-0.0013858594
-0.1150903,-0.0069561913,0.027633285,-0.16746968,-0.13469285,-0.17010151,0.047315188,0.37861815,-0.065676838,-0.032126646,-0.22726196,0.033212431,0.14080615,0.070676878,-0.08292751,-0.062428582
0.086085066,-0.010846298,0.022788489,0.11531104,-0.24208096,0.031514022,0.085389473,0.04574063,-0.054771341,-0.019796832,0.14458309,-0.10960946,-0.043336187,0.026845105,-0.063881025,-0.0064429669
-0.21638724,0.04174256,0.028929241,0.12039582,0.066900253,0.35073858,-0.089220695,0.045506533,-0.15549505,-0.1765397,-0.0060065011,-0.080528639,-0.18841623,-0.10225477,0.12486461,-0.15164204
0.28075945,-0.086832434,-0.17290579,-0.017682228,0.0020771935,0.11119777,-0.086911909,0.093184873,0.018961871,0.11896911,0.029160636,-0.13311261,0.25604516,0.0014331726,-0.10946639,-0.013419629
0.059275966,0.049294032,-0.023422642,-0.05905813,0.045125786,-0.031515788,1.0346498,0.98412353,0.98739541,0.92897689,1.1774821,0.0083429785,0.13557728,-0.15649907,0.20153688,0.13406545
0.016912684,0.012770244,-0.092794895,-0.11325736,0.010322417,-0.04665548,0.94088978,1.0508116,0.89932847,0.81211054,0.97331673,0.033653021,0.029442841,0.052432775,-0.20392898,0.045895312
0.16661881,-0.037826549,0.012267504,-0.020429434,0.072719768,-0.025263682,1.0760108,0.92550969,0.89085752,0.76190048,0.93552417,-0.013016637,0.042807627,0.076913908,-0.027155977,-0.081733607
0.078463748,0.023932524,0.23572756,-0.27474579,0.067821033,0.074181393,1.0998958,1.0613096,1.2970865,0.92389429,1.1753341,0.005839488,0.029722665,0.010251041,0.12976581,-0.049725711
-0.086514331,-0.090886533,0.068130538,-0.19355492,-0.072756059,0.18617688,1.0543572,0.92355752,0.92702764,0.931014,0.90007347,-0.040019616,-0.022469163,-0.060306374,-0.19702028,-0.02199305
0.19931325,-0.049536217,0.028938398,-0.020947119,0.046254035,-0.11667807,-0.078840867,0.17293903,0.20030868,0.031413183,-0.17025916,-0.1477754,0.032113776,0.046095904,-0.095992126,-0.14795175
-0.053475641,-0.140315,0.12164148,-0.021500919,-0.19904231,0.04184873,-0.0957416,0.076881781,-0.013504598,0.23978339,-0.10625827,-0.01602705,-0.054374374,0.081766948,0.22943194,0.17499286
-0.20408466,0.045176975,0.062241096,-0.044357762,-0.082681172,0.013708374,0.12831031,0.083552703,0.19627714,-0.036338523,0.042999089,0.036430117,0.20593567,0.078087062,-0.12893227,0.10985653
-0.018930104,-0.033106219,0.1660312,0.024980562,0.13464962,-0.099091671,0.23054746,0.18157092,0.028081762,0.10042738,0.2188556,-0.10610694,0.10036895,0.038111255,-0.10439136,0.19315504
-0.05958176,0.1349937,0.11658564,0.014614152,0.059379522,0.098532528,0.039514992,0.028024919,0.10328052,0.38097414,0.15840133,0.024188217,-0.066291571,0.018404758,0.085144527,0.028748006
-0.044172768,0.082934663,-0.14471987,0.21078855,0.2104924,-0.14244567,0.0640736,-0.24970706,-0.10079628,-0.035898201,0.0073275231,0.086686745,0.021663096,0.036471095,0.14393829,-0.15067619
0.042668156,0.31840262,-0.05262104,0.012813479,0.053349525,-0.07262478,0.14722225,-0.019730458,-0.026556224,-0.024736447,0.14127372,0.040650569,0.024375182,-0.12852478,0.037772682,-0.072352909
0.19173041,-0.0063157612,0.046241332,0.096542373,0.17685044,0.14534159,0.11996056,-0.189831,0.082988352,-0.12783636,0.07239534,0.43855003,0.13150646,-0.036129382,0.058349557,0.12222687
0.12193323,-0.0059838472,-0.033629678,-0.10500488,0.10964018,-0.075889185,-0.01491693,-0.26180148,-0.014309681,-0.096498236,0.19007966,0.019218577,-0.098333985,0.00074851175,0.049026024,-0.0072919684
-0.0048974799,-0.17914116,-0.1048266,0.18960397,0.088897131,0.10616245,0.9584111,0.234138,0.0050941245,-0.072696231,-0.11699802,-0.1505027,0.0444852,0.032867398,0.067742951,0.10437179
0.14311911,-0.062183812,0.10796612,-0.28889918,0.1757253,0.22089671,1.113551,-0.059105091,0.18814668,0.033223636,-0.13172296,-0.077092096,-0.14285579,0.13373294,0.17841512,-0.092264131
0.11929819,0.14780152,-0.12888426,-0.14140554,-0.088629328,0.031100789,1.3146255,0.095333956,0.075297065,-0.026659198,-0.073896408,0.076490901,0.012159836,0.019855741,-0.13058697,0.082939297
0.04219478,0.18664089,-0.16261403,-0.011128451,0.069219895,-0.060473759,1.2844921,-0.061194759,-0.062242776,-0.098334208,0.079236381,0.21192801,-0.05247061,0.086557426,0.12897648,0.094058782
0.17606804,-0.0083159525,0.87417126,1.093678,0.94405013,1.2841719,1.0995244,1.0809923,0.9124946,1.0145081,0.94245201,0.055109423,0.15793273,0.056041226,0.31922951,0.094263069
-0.082720146,0.044601105,0.15628777,-0.14934894,-0.16194332,0.15843865,0.9427973,0.01129937,0.033185963,-0.0069525917,0.16233198,-0.28529891,0.08726269,-0.077097878,-0.019633409,0.060291938
0.22685514,0.16861084,-0.04626254,-0.15734622,0.071251281,-0.15998973,0.99115098,0.088135399,-0.1866577,-0.13677672,0.061744951,-0.012623378,-0.02851985,0.03539947,0.16787292,-0.056359727
0.18317395,-0.049639925,0.094281614,-0.093986109,0.11651355,0.08344765,0.97396249,-0.14603148,0.076570466,-0.15559521,-0.11017469,-0.062169325,-0.037486631,-0.036643256,-0.046157233,0.12494794
0.076311998,-0.066484943,0.0055293711,-0.22779739,-0.087100223,0.067419931,0.99075609,0.15877298,0.14698879,-0.12594271,0.23057222,0.091363497,0.048037525,0.10186828,0.26674953,0.029309541
0.12466796,-0.045871541,0.065205961,-0.12938617,0.12672754,-0.032492246,0.1503447,0.3209984,0.13815324,0.016589252,-0.035529561,-0.18406717,0.038804542,-0.16664,-0.0037372583,-0.11063775
0.16874485,0.099143155,0.05041977,-0.066706553,-0.033377673,0.26776063,0.10701227,-0.024896022,0.067829415,0.16281894,-0.010728523,0.15165947,-0.086277612,-0.077457793,0.024786953,0.04957965
0.012263518,-0.1334084,-0.090516344,-0.0042267311,0.13839538,-0.091310143,0.11839702,-0.10101238,0.11480331,-0.0027662653,0.0057281377,-0.12234302,-0.076249965,-0.094663344,-0.045116194,-0.11461782
-0.31309491,0.019242305,0.026782293,0.080845021,0.059911683,-0.014213007,0.058813199,-0.13517323,-0.060985822,-0.13471413,0.17481996,-0.047711171,0.11404829,-0.16584012,-0.027842803,-0.26484928
-0.036072727,-0.081625216,-0.1081654,-0.065502226,-0.13683324,-0.17622501,0.019586962,0.13246706,-0.20036688,-0.016822938,-0.06287124,-0.01536248,0.04024677,-0.061126664,0.10859312,0.025233148
0.21667773,-0.035917331,-0.010244193,0.19213074,0.094408661,-0.16134165,0.10927183,-0.089877896,0.0051554842,-0.057032816,0.21059352,-0.028145354,0.0080786981,0.0060349759,0.0416913,-0.03463082
0.057642121,0.16190597,-0.085839212,0.099988379,-0.206485,-0.10716494,-0.097691953,0.011220791,-0.12394206,0.1458904,-0.044600263,-0.01828975,-0.0029181354,-0.0024667697,0.13509522,-0.1166801
0.054566547,0.13533136,0.045673296,-0.088934943,-0.17533664,0.037934054,-0.05285887,1.0389876,0.9567039,1.1608397,0.98380196,1.1645747,0.01882696,-0.062250342,-0.00043684951,-0.00051385397
0.12739989,0.022308344,0.030921992,-0.034699567,-0.20112291,0.056380637,-0.19809756,1.1194915,1.0694801,1.0340005,1.0173237,0.98862559,-0.22954363,-0.033870388,-0.13331786,0.095846757
0.058515228,-0.22179906,0.24897097,-0.024053637,-0.01278542,0.061736133,-0.12769899,1.0978245,0.88606125,1.0077624,0.77719319,0.7875278,0.086880833,0.0050376547,-0.24772306,0.073749967
0.082118645,0.16380647,0.1029589,0.078506485,-0.069835015,0.16590917,0.03436105,0.89481592,1.049771,0.97137463,0.98019797,1.017136,-0.018274445,0.099085249,0.085415721,-0.010549397
-0.039724801,-0.173173,0.085519738,0.016846379,-0.054950241,-0.11176606,0.26778844,0.94978535,1.0311178,1.1483545,1.0336004,0.87672943,0.10429377,0.18071304,-0.049904652,-0.013146472
-0.052339204,-0.10998141,-0.021462221,-0.0063195657,0.073703781,-0.1810367,0.057383712,-0.014360146,-0.053338923,-0.067934431,-0.056707501,0.062892362,-0.013198986,0.093986996,0.056022648,-0.067745373
0.12957038,-0.14886154,0.16438305,0.21810411,0.21902405,0.093124069,0.008357319,0.096138939,-0.12499087,-0.085034847,0.0078308601,-0.26039407,-0.046765573,-0.20988539,0.052216683,0.031909123
0.047350243,0.059552651,-0.081986465,-0.15599851,0.078740053,0.087303922,-0.12342382,-0.14250888,-0.00096554752,0.077463068,0.044849988,0.015114827,0.063790776,-0.018559113,0.12431078,0.08584328
-0.064873569,0.11883178,0.060967393,0.0043289801,-0.065402605,0.189098,-0.017516248,-0.010633827,-0.22078499,-0.059370141,0.038774751,0.0056399549,0.022189742,-0.067343384,-0.055018298,-0.045797121
0.087000549,0.029933127,0.0953172,0.23918891,0.14471538,0.023878273,-0.22961731,-0.13704669,-0.078182235,-0.12151191,-0.041499987,-0.0045776819,-0.027666975,-0.076034591,-0.22323014,0.030214507
-0.057933871,0.085109428,-0.12120427,-0.069771469,-0.13206653,-0.040257938,-0.047054395,-0.16504215,-0.28599125,-0.033845618,0.025708718,-0.10740239,-0.15332447,-0.051484965,-0.033820704,0.25211218
-0.13068628,-0.20410496,0.013826427,-0.053945009,0.09824948,0.12053777,-0.067868508,0.056875009,0.0053961989,-0.043211848,-0.034812611,0.054685269,0.020788893,-0.017069854,-0.1483434,-0.16131702
0.046227589,-0.11338457,0.3579239,0.15590179,0.086718537,0.017799094,-0.078431889,-0.0031693564,-0.013164749,0.046061791,0.14105211,0.028965108,0.0073171989,0.041997422,-0.11442983,0.042398475
0.016760254,0.2897625,0.066898376,-0.10847667,-0.12172153,-0.025151758,0.23036648,-0.099132508,-0.041513119,0.24440727,0.064785995,0.094230317,0.16909952,-0.036676876,0.23373765,-0.039007019
-0.13797717,0.044825319,-0.20473646,-0.0055648829,-0.19963914,0.12388629,0.074821778,0.19684313,0.007149295,-0.015369481,-0.061996341,0.2224772,-0.069807485,-0.10812781,0.18053484,-0.10047185
0.03516078,-0.024122177,0.16609155,-0.087626971,0.1776564,0.023407398,1.1755104,0.050729476,-0.05553969,0.081216671,0.083370894,0.12787043,-0.16619696,0.079382688,-0.20382524,0.077073015
0.011841396,0.12989971,-0.10991989,-0.056346692,0.072830886,-0.016194234,0.85990489,-0.028590707,-0.099691451,-0.2267389,0.070846483,0.034049522,0.31364012,0.036695287,0.033317838,-0.16284283
0.076735452,0.10555036,-0.035356529,0.048928775,-0.15318312,0.091959201,1.1792037,-0.067247339,-0.070734613,-0.1475963,0.025316929,-0.0053974441,-0.09997122,-0.055051088,-0.19246265,0.0010615146
-0.29381454,0.019332824,-0.01977046,0.0011915544,0.092375644,-0.049373731,1.1275589,-0.27454978,-0.045954689,0.10018858,0.087178223,0.11925345,-0.052568115,-0.014295041,-0.12673394,-0.11581632
0.090786971,-0.035695504,0.9392727,0.89734507,0.80217028,0.98089129,1.0084316,1.0153106,0.79128855,1.0697076,1.1447741,0.036049962,0.086451851,0.098023556,0.11268693,0.02975787
-0.12263979,-0.064324923,-0.16582368,0.15837382,-0.11802516,0.16789377,1.0686362,0.070728377,-0.13068393,0.10965098,0.10267343,-0.0042788624,0.028297395,-0.017608846,-0.018277969,-0.021118654
-0.0085684033,0.017432038,-0.12986751,0.060242899,-0.11690306,-0.065572135,0.99548548,-0.063646473,0.25186288,-0.02929836,0.17568822,0.031613685,0.045849867,-0.17882456,-0.032178018,-0.13338032
0.053324994,0.038073022,-0.025307089,-0.043298267,-0.023094326,0.064436413,0.77302885,0.0093478477,-0.18390493,0.017484941,0.0037329176,-0.056732617,0.18630029,-0.021565843,0.024643505,0.1312394
0.008846187,0.17213234,-0.015945598,-0.0096321376,0.23180014,-0.073469035,0.91974515,0.0070094205,-0.20152895,0.10224612,-0.15935627,-0.12315764,0.20474681,0.038905423,0.018685605,0.00013863569
0.048150379,0.038842496,0.097802192,-0.052791219,0.005583371,0.081227712,-0.18140198,-0.076933697,0.12988837,0.1403399,-0.1150837,0.050759818,-0.1290943,0.0080541326,-0.38262987,0.11941883
-0.073880158,-0.0015184926,0.10360883,-0.14980116,-0.10731699,-0.10447378,0.044531129,-0.094937801,-0.1261913,0.20051984,0.18951769,-0.013254847,0.23298804,-0.23713993,0.12105914,-0.15770204
0.11036658,0.27361047,0.10789298,0.0058258069,0.055195294,-0.24416719,0.11719623,-0.11978468,0.1948787,0.095194377,0.026299017,0.052102655,-0.11983418,0.029778821,0.080023423,0.1086174
-0.2548421,0.078570925,0.019624643,-0.0031673044,0.18980561,-0.16103932,-0.037073687,-0.13499653,-0.054313377,0.12772982,-0.090483896,-0.047268573,0.15205741,-0.14850682,-0.10798864,0.056916371
-0.039505754,0.28345817,0.14912112,0.80227292,0.88796437,-0.085343152,-0.095388204,0.0085652787,-0.02376244,0.027729165,0.19460596,-0.13594927,0.060818039,-0.05461951,0.13791624,0.048814431
0.0020527814,-0.1993449,-0.0076028001,0.14115007,0.92840046,0.9777503,0.02801162,-0.0057724756,-0.14051749,-0.13092726,-0.11045393,-0.15636057,0.023130396,-0.054152515,-0.2208472,0.069509938
0.040446982,-0.10201607,0.073193446,-0.21604805,-0.073327497,1.0669298,0.99615067,0.035795264,0.023379426,0.041912582,-0.0059600556,0.085450701,0.11315847,0.0820124,-0.082921535,0.077124618
-0.0036223901,-0.10664002,-0.020755528,0.12600592,0.1288256,-0.13998841,1.0009743,1.1977109,0.072558768,-0.10513643,-0.019403756,-0.024001401,0.22359766,-0.015208499,-0.16949309,0.03794444
0.031644024,-0.094531707,-0.12097286,-0.035805602,-0.1173005,0.065212019,-0.054496855,1.0261649,1.0521561,0.1511613,-0.056047224,-0.078347631,-0.01445952,-0.093804404,0.13213629,-0.089188553
0.059165165,-0.095872968,-0.12951414,-0.096843377,-0.085218035,-0.11174504,0.095115229,0.075353131,1.0328673,1.0199178,0.07205113,-0.12814733,-0.0020118225,-0.24898371,-0.1069261,0.12575547
-0.19429301,0.041554671,0.037565235,0.13413721,-0.30880937,0.11632743,-0.09227062,-0.01162545,-0.06456022,1.0108235,1.0945057,0.030429404,0.078347385,-0.046521399,-0.041781161,0.11597675
0.07105726,0.089664444,-0.25743127,0.12766635,-0.20634812,0.048246775,-0.056515995,0.15238419,-0.052136507,-0.0030087102,1.0625681,0.82064396,-0.056239989,-0.29343581,-0.040596597,0.13929637
-0.12359426,0.11171916,0.0083900187,-0.030474791,-0.082986809,0.0032268197,-0.12034811,-0.052541438,0.0047633233,0.082469314,0.015365146,1.1010022,1.0472548,-0.20467332,0.078133963,-0.080507413
-0.078720234,0.062431201,0.067124844,0.13561437,0.066980869,0.047073755,-0.055285722,-0.080069572,-0.067189224,-0.061112944,-0.14868519,-0.1909546,1.1178014,0.73993868,0.031626366,0.25592101
0.24721347,-0.1914013,0.28640556,0.11856195,-0.042016651,0.12588409,0.13460478,0.10674077,0.1782755,0.061158828,0.10509937,-0.08315213,-0.063332967,0.92763197,0.95678842,0.1114176
-0.014740128,0.14711067,0.035738353,-0.090898626,-0.06856858,-0.091749042,-0.06303148,0.14751178,-0.05344807,0.015423268,-0.0028918248,-0.089538254,0.22734752,-0.19988465,1.1022122,0.96591091
0.12871374,-0.17467292,-0.0082211178,-0.061469454,-0.062699921,0.40981212,0.067948185,0.16048113,0.034871519,0.089151949,0.14184405,-0.015794799,-0.18632483,0.037749011,-0.047489531,0.85193151
-0.0044541555,0.055580016,-0.022678515,0.062969677,0.086596094,-0.10014983,-0.078478895,0.14997768,-0.044118695,-0.24556789,0.079266891,-0.057125885,-0.085106298,-0.17837933,0.037710179,-0.052159052
0.18121068,-0.10573763,0.13108574,0.11555777,-0.18873589,0.0070681958,0.21040073,-0.1612785,-0.021748045,0.10763977,-0.079816602,0.086346768,-0.13239682,-0.18081123,0.09362483,0.0010857231
0.15682824,0.20755659,-0.066882268,-0.39323148,0.045936801,0.06972184,-0.048876163,-0.052596923,-0.12869999,0.039315898,-0.12850758,-0.054307502,-0.073342547,0.15830404,-0.089926071,-0.0059787924
-0.0025997467,0.051632907,0.044614237,-0.059108756,0.1124348,0.098566905,0.054209709,-0.1392076,-0.16576581,-0.034276675,0.23078008,-0.010862839,0.042783849,1.0466526,1.2341694,0.020421002
-0.18749104,-0.072005413,-0.085436955,-0.16015193,-0.038751673,-0.034027126,-0.12925313,0.18517207,0.10296226,0.14928757,0.21780851,0.035727166,0.92505157,1.0652586,-0.044744968,-0.014904448
0.046554543,0.14949894,0.045015849,0.16676323,-0.064682841,0.19767337,0.062468778,0.014973151,0.049879823,-0.11931732,0.11829527,1.0116314,1.0365471,-0.091716044,0.14630395,0.13882564
-0.1379547,0.072625935,-0.08776211,0.013437517,0.10794886,-0.1480443,0.076461487,-0.26099205,-0.15321738,0.18049435,0.90243089,0.98944855,-0.0051392303,0.19758558,0.059048783,0.037933532
0.29526392,0.16967791,0.058936838,0.11413002,-0.032550149,-0.14854164,-0.014144221,-0.25797018,0.10721792,1.0360795,0.70565003,-0.061147068,-0.032123562,0.17681131,0.20658985,-0.13676542
-0.059137397,-0.073426239,-0.1591666,-0.18437603,-0.18020415,-0.14561115,-0.13806055,0.039986134,1.1851015,1.0194458,0.081110761,0.143628,-0.013032631,0.01903661,-0.0089672776,-0.00060612889
0.11964186,0.1400144,-0.07393302,-0.024117317,0.0672291,-0.34470254,0.087286189,1.2118993,1.0977143,0.14997402,0.16358903,0.0086487895,-0.068357088,-0.12333258,-0.082741588,-0.054010063
0.1635893,0.010357869,-0.073214561,0.042585995,-0.03262461,0.15751837,0.9135887,0.88671649,0.12589628,-0.21871765,0.010241649,0.022713086,0.17540622,-0.11329321,0.091620184,-0.36084071
0.14961907,-0.093640707,0.15703498,-0.018044215,-0.19095303,1.1638167,1.1038138,0.055762965,-0.2240238,0.079002008,-0.029990232,-0.055717632,-0.12927391,-0.2387481,0.10652851,0.0076032886
0.10174554,-0.10566796,-0.1383833,-0.055979151,0.96231204,0.96841937,0.25236458,0.092754237,-0.044508316,-0.11882376,-0.2109364,0.16131696,-0.1610361,0.005779102,0.14188768,-0.095927514
0.090091772,-0.22403952,0.037339039,0.97053832,1.0994157,-0.13374361,0.063539125,0.085764021,-0.073131301,-0.066050462,-0.025042845,-0.062397972,-0.018707154,-0.12520297,-0.010920386,-0.13591421
0.20040739,0.16758113,1.1030223,0.96798819,-0.044356309,0.076334476,-0.12724988,0.022485781,-0.17146556,-0.08694794,0.0797401,-0.060150933,-0.10831893,-0.014213326,-0.054258216,-0.096433088
0.10279084,0.96761662,1.0343217,0.0012301216,-0.04003739,-0.22510864,-0.010600256,-0.21684822,-0.26599085,0.056850873,-0.026281491,0.26431599,-0.050040271,-0.078886248,-0.17779206,0.22879206
1.0251982,0.9336431,-0.12230404,-0.15869193,-0.12839001,0.0080654491,-0.13586183,0.097552016,-0.02735834,0.0030273243,0.17742239,0.12448791,-0.043759413,-0.090859681,-0.090033427,0.40405715
1.0765337,-0.067387462,-0.071208254,-0.0035370027,-0.043637667,0.022271223,0.040911708,0.047617227,-0.077034384,0.22478269,-0.077966608,-0.28045198,-0.032375053,0.12004852,0.11084798,0.13166623
0.015233144,-0.091983616,-0.096966282,0.045357309,0.067161448,0.00044422105,0.00052409712,0.052508239,0.055442188,0.08790949,-0.017323675,-0.10643561,-0.17046611,0.024891365,-0.06111344,-0.14575595
0.038529664,0.029231329,-0.16259934,0.080425963,0.026210299,-0.043594841,0.19745445,0.02639058,0.087533258,0.23840098,-0.10573211,-0.010030151,-0.088076055,-0.0078706956,0.052815765,-0.041241195
0.12305917,-0.040599979,-0.14713721,0.064144313,0.10741905,0.065478951,0.17774335,0.1899018,0.024072232,0.11724374,-0.087923892,0.21847489,-0.040446579,0.13776274,0.088997565,-0.079710402
0.081510007,-0.13294013,-0.098646134,-0.10820843,-0.070312046,-0.075674936,-0.09821666,0.14170401,-0.12086192,0.08476378,-0.22019558,0.022358587,0.023851339,-0.097787671,0.094733417,0.078550063
0.14613248,0.033667553,0.074258156,0.11649128,0.045345366,-0.20604338,-0.068058275,-0.05254788,-0.14765237,-0.023879087,-0.089780882,0.056130309,-0.11377624,-0.094843507,-0.039815519,0.081259243
-0.06804283,0.047865711,-0.06902387,0.099417686,-0.0042020408,-0.19867551,-0.21078689,-0.06231875,0.087597191,-0.10430751,0.053349365,0.15014306,-0.051081996,0.11854386,-0.3113367,-0.042173997
-0.10185003,-0.027571179,-0.027229097,0.0145033,-0.13697146,0.030366376,-0.18378194,0.036924414,-0.10343377,0.15819921,-0.20963117,-0.086993642,0.0090052346,0.074149966,-0.0031356481,0.022161115
0.002034829,-0.057545513,-0.12874299,-0.14073542,0.0095555773,-0.10214318,-0.18290758,-0.1140838,-0.086055808,-0.16769475,0.0087474352,0.088234499,0.11967089,-0.01488667,0.14446339,0.034084532
0.2071607,0.023323283,0.02372543,-0.018371712,1.1758218,0.78415108,1.0057487,0.8970899,1.1166242,0.030431669,0.14959076,-0.22756997,-0.042068116,-0.30561122,0.1881616,0.070811212
-0.013859065,-0.069281258,-0.099969529,-0.17684227,0.76109153,1.0428857,0.92623752,0.83211517,1.030135,0.013083608,-0.074647382,-0.010914466,-0.0018232998,0.12736954,-0.040821224,-0.072810754
0.21526311,-0.18635023,0.077995352,0.081015863,1.0569412,1.0184952,1.1769614,0.86728829,1.0567102,0.037733518,0.041917115,-0.026711622,-0.04784663,-0.11351075,0.035331532,-0.038631145
0.043149021,-0.030397017,0.13942207,-0.028255122,1.0022224,1.1495218,1.0499896,1.1598667,1.148885,0.056352492,-0.190212,-0.08119943,0.1152159,0.17026731,-0.1512485,-0.014743656
-0.12351415,0.09619993,0.043760408,0.10480612,0.92140758,1.2016982,0.94822317,0.85183424,0.84584284,-0.16032177,-0.12110692,-0.19780399,0.12033169,0.17834993,0.057027765,0.19272353
0.094870865,-0.049176145,0.10556254,-0.0723489,-0.22736169,0.14624757,-0.065841556,0.075822815,0.017600615,0.011137704,-0.22019626,-0.043273903,0.058064058,0.16403729,-0.12924385,-0.016839141
0.086870752,0.085830957,0.19771911,-0.25104094,0.025766412,-0.11093544,-0.0019358888,-0.16866826,0.19400635,-0.00096149294,0.11739933,-0.14140037,0.080699839,-0.065172412,0.018792499,0.089146852
-0.07866732,-0.060838345,0.048603445,0.068734743,-0.0020819274,-0.095595486,0.11921509,-0.071751781,0.075443469,-0.14340326,0.00063201232,0.013826633,-0.097448111,0.036700688,-0.091721773,0.03722804
0.24779601,0.1505661,0.19357592,0.19878326,-0.11220668,0.10183855,-0.048787989,-0.008873323,0.17847183,-0.19203863,0.073550887,-0.012563569,-0.019682011,-0.16963205,0.20791674,-0.035254668
0.1516394,-0.042282052,-0.038091462,0.10997565,-0.067887813,-0.18191694,0.070240572,-0.093392313,-0.17311101,0.070184261,-0.042110495,0.11769157,0.085357822,0.01289577,0.12822144,-0.21174923
0.052629452,-0.074992962,0.11353933,0.14396395,0.21252953,0.0087698866,0.031805202,0.0048935506,0.075348511,-0.034232143,0.027636435,0.17301996,0.087086894,-0.079678774,0.037903097,0.015992925
-0.031029711,-0.058132086,0.013443313,-0.008564529,-0.052689236,0.098347135,0.1552743,-0.27801073,-0.19017936,-0.039539967,-0.015679866,-0.0090693869,0.025097586,-0.11143093,-0.075569309,-0.033306994
-0.21406054,0.4039332,0.03283301,-0.036021568,0.084507912,0.081628837,-0.13202751,0.17447531,0.016118426,0.12317159,-0.08653871,0.011284626,0.010228251,-0.017038215,0.17373802,0.10271002
0.12132106,0.13898428,-0.10895775,0.0035045806,-0.082046069,-0.052754872,-0.28730607,0.13102505,0.039771229,0.057109926,-0.07162492,-0.057767674,0.21644101,0.073197745,-0.10219862,0.071436875
-0.15805696,0.056742903,-0.070353098,0.033521011,0.10472856,0.14789766,0.16080144,0.93741542,1.0893997,1.1061143,0.99905956,0.92221397,0.10624177,-0.092201665,0.059450477,0.024679482
0.16895919,-0.10797274,-0.1007605,-0.10939009,0.078101613,0.034051564,-0.00069008715,0.97071767,0.9849267,0.89754826,0.71969986,1.3018131,-0.18398121,0.08174862,0.04433525,-0.1723613
-0.11625058,-0.042367015,0.076731429,-0.22537735,-0.10932447,-0.043672413,-0.17642517,1.0857884,1.0813712,1.0844437,1.176272,0.97573841,-0.057467725,-0.0016094061,0.11399462,0.058050476
0.010035601,0.11001143,-0.088756412,0.24229456,-0.060757417,-0.086818427,-0.04025986,0.89620012,0.94629025,0.96771961,1.1853343,1.0473757,-0.1180426,0.043901231,0.057770103,0.10000592
0.028725771,-9.064549e-06,-0.18864036,-0.073315524,0.013091665,0.089666873,0.1005587,1.081068,0.96090066,0.96559799,1.1843374,0.93181044,-0.14468011,-0.0032293093,0.026164601,0.051681828
-0.030721512,-0.019221338,-0.0018998954,-0.071738586,0.11113082,-0.13654798,0.19086714,0.092586689,-0.056592107,-0.065229118,-0.0020117215,0.093051754,-0.0091054197,0.084088095,0.05244951,0.20330591
0.15830439,-0.05500827,-0.044398479,-0.10234483,-0.045208648,0.089221783,0.14003369,-0.22424062,-0.068842895,0.03366467,0.29524481,-0.28511909,-0.1074345,-0.25869724,-0.070583411,-0.13155727
0.22135419,0.032460589,0.05145428,0.17011856,0.10455743,0.055595797,-0.026280429,0.052077018,0.15332624,-0.058134593,0.18116651,-0.05373409,-0.13656817,-0.012203972,-0.0026482025,-0.074119054
-0.024836609,0.1559379,0.086375736,0.090833396,0.012289318,0.091837823,-0.078866914,-0.20375733,-0.066967852,0.00053592626,0.12654038,-0.13205127,-0.1360698,-0.063866109,0.073566474,-0.10898244
-0.031254008,0.048613671,0.056700144,-0.1606916,0.16452307,-0.047259375,-0.045939941,-0.040940292,-0.087932482,-0.096849278,0.061211646,0.011170154,0.24375643,-0.11751635,-0.24659643,-0.093798928
-0.034543462,-0.18081547,-0.069336355,0.031776812,-0.018118439,-0.010589279,0.097005665,-0.13906778,0.20492809,0.25549832,-0.10896257,0.021386126,0.016612122,-0.087078936,0.12156875,0.087475367
0.026491497,-0.0065855216,0.062623292,-0.056686357,0.11629518,0.0079917964,0.0090159383,0.18215001,0.19521533,-0.145281,-0.003898852,0.2183639,-0.18661363,0.13604601,0.1461807,-0.15630671
-0.02236107,0.018586617,0.07906346,0.11378139,0.11399462,0.013877345,-0.13506676,0.062360093,0.11736482,-0.020743838,0.11441784,0.17606235,0.0036004111,0.017805753,0.071191266,0.077951916
0.11174784,-0.033756021,0.098065138,0.019646497,0.14734626,-0.26107529,0.93030071,1.3422143,1.179674,0.90081108,1.0414793,0.027852912,0.10693912,-0.12044206,0.19214593,-0.11859459
0.13055292,0.067657925,0.16804746,-0.042060651,-0.20069818,0.017537875,1.0801066,1.0716457,0.8374396,0.97456181,0.99264228,-0.050082244,0.28163064,-0.0084193833,-0.085259929,-0.041017041
-0.032199915,-0.18261243,0.1961361,-0.16299953,0.027115749,0.011736873,0.76435959,1.2166029,1.0993363,0.80434752,0.92962557,-0.0087498454,0.28730041,0.028033242,-0.068651475,-0.12576386
0.10104039,0.053464666,0.024752084,-0.0098448927,0.062929519,0.086990349,1.0207245,0.94875455,0.98411202,0.7411986,0.89483505,-0.10743979,-0.13286448,-0.025299739,0.21110788,0.014741819
0.027980033,0.36276814,0.062259369,-0.07489375,0.13673611,-0.071628325,1.1767441,1.0863842,0.79069388,1.1313065,1.0861014,-0.16195883,0.082950965,0.25502822,-0.013263691,-0.11941531
0.010755273,0.099746376,-0.15028466,0.039256316,0.13694139,-0.23968039,-0.18446921,0.023270853,0.012994713,0.097471386,-0.12452062,-0.10566112,-0.16182671,-0.022332717,0.15342151,-0.17504936
-0.12559451,0.016791593,-0.01314567,-0.075150616,0.066110291,0.0013532222,0.25647306,-0.0027373629,0.029119706,0.073114522,-0.026416654,-0.0039049296,-0.011820041,0.076176479,0.043804627,0.063187122
0.085168093,0.021425869,0.06815172,-0.21926336,-0.02320162,0.026509989,0.1079888,-0.053119995,-0.050519876,-0.33414862,-0.033018693,0.024294246,-0.09905903,0.0025157225,-0.17945902,0.010468758
0.0066467621,-0.15066737,-0.086964563,0.032679427,-0.14815566,-0.076927617,-0.38060066,0.034578368,-0.0010788601,-0.11398067,-0.084232062,0.1174885,0.065155894,0.047957417,0.062771507,-0.24692932
0.098172635,-0.20812607,0.15531036,-0.051844619,-0.10573358,0.027442997,-0.036512807,0.065663397,0.070572019,-0.10545889,0.020917462,0.039671894,-0.16466689,0.069672085,0.010762983,-0.11594163
0.11676537,0.1640933,0.21138681,0.039417543,-0.21350124,-0.099394143,0.020419417,-0.077403687,-0.1034647,0.021826955,-0.020574871,-0.10954034,0.067937844,0.023154307,0.052088842,-0.35094878
0.037526142,-0.079999119,-0.019012114,0.10072876,0.069472358,0.090903699,0.13022748,0.025737777,0.20807421,0.090880699,-0.044901177,-0.016851282,-0.00012278519,-0.044904996,0.13072839,0.11287794
0.13257311,0.03480012,0.030694969,0.029266234,0.21230699,0.011597427,0.17539199,0.064758964,0.14392738,0.05530915,-0.13369113,-0.14885557,0.19187139,-0.018068027,-0.0039726617,0.22815004
0.033553608,0.15888533,-0.064499013,-0.099008001,-0.095396385,-0.15077607,0.081012376,0.044508554,0.0045145536,0.19454634,-0.080503687,-0.067189962,-0.071572945,-0.054162364,-0.13368282,-0.048647966
-3.1105083e-05,0.18679322,0.00086403976,-0.13058423,0.0084201731,-0.001326602,-0.018142534,-0.032098655,-0.070080049,-0.044361301,-0.041509632,-0.031129906,0.066317156,0.045652658,0.14563091,0.19760364
0.0019168804,0.055359948,0.031119883,0.089091346,-0.10216717,0.14408338,-0.016772656,-0.10085665,-0.19701903,-0.16406406,0.040339846,-0.017081238,0.14071567,0.10570899,0.068072394,-0.098405808
-0.079204045,0.082864359,0.14906234,-0.14825949,0.20843948,-0.086387768,0.063679226,-0.059982408,1.1928687,0.02186504,0.0091504073,-0.26215145,0.0038035924,-0.14740627,0.0066557094,-0.086161144
-0.024109935,0.069535471,-0.090414241,-0.080119185,-0.070658557,-0.050310314,-0.012202384,0.041343696,0.75547343,0.13537513,0.085571662,0.055351969,0.069383875,0.13619299,0.10842578,-0.099584036
0.092105158,-0.26375046,-0.025980778,-0.047502577,-0.00058089755,0.0431276,-0.016983863,-0.23023783,1.0050892,-0.15973817,0.065086909,0.21704017,-0.12988944,-0.13709514,0.16433313,0.063543215
-0.093386419,-0.046200495,-0.017507309,0.10498994,0.2654534,0.32509878,0.27382019,-0.14349262,1.0690044,-0.14776771,-0.092866108,0.12941045,0.20201342,0.19129314,0.016950868,0.092891768
0.022623006,0.070927791,0.26949921,-0.11036871,0.93303031,0.95750439,0.83614224,0.93412417,0.80185735,1.0961795,0.99916875,0.93451238,0.94712996,-0.0037054121,0.12957399,0.11553938
-0.019243946,-0.1134451,0.12401483,0.13696745,0.086359441,0.050376505,-0.0032860721,0.052032091,1.01326,-0.043347377,-0.1038931,-0.2147947,-0.017686658,-0.1952398,0.0062513845,-0.02462378
0.023579611,-0.12789309,0.025511911,-0.036035288,-0.15103613,-0.16213825,-0.087778464,-0.18999763,1.0513721,0.00063645368,0.020445049,-0.17340341,-0.064983308,-0.052878194,0.20634219,0.029824948
0.037381809,-0.16580929,0.19551793,0.19908372,-0.015721668,0.015500166,-0.14799128,-0.041521806,1.2152519,-0.068807311,-0.14169909,0.16129363,-0.17041799,0.017683249,0.031523738,-0.068383731
0.15456471,-0.29985034,0.14883581,0.25458342,-0.01287443,0.052533694,-0.12382161,0.085460737,1.0724146,0.011419485,-0.16279458,0.0051847408,0.03460351,-0.099492975,-0.04411149,-0.11646855
0.052752055,-0.068702742,-0.1127608,-0.014320637,-0.090967409,-0.031182166,0.007933965,0.093949303,-0.18037406,-0.1075956,-0.085852958,-0.21020775,-0.07057,0.16923262,0.054840673,-0.025339862
0.088986494,-0.013024943,0.16201267,-0.16704288,-0.032126505,0.009654888,0.32059062,-0.096534632,0.29401416,0.14198543,0.22233881,0.067887738,0.11147523,0.14522286,-0.057760458,0.12588185
0.038330231,0.043091595,0.061427433,-0.050383508,0.11236287,-0.11170109,0.041886318,-0.046741348,-0.033492584,-0.089480318,-0.028223291,0.044562701,0.10486098,-0.077441178,-0.10112924,-0.066747949
-0.092512816,0.099502794,0.12753525,-0.14486396,-0.037029177,-0.16416459,0.017848529,0.10098106,-0.16866633,-0.039304614,-0.2642937,0.068885364,0.15063268,0.15766682,0.26127687,-0.051729016
0.1141768,0.11430685,-0.1397216,0.045425043,-0.0401677,0.022885673,-0.20026469,-0.045406636,0.03413723,-0.11661714,-0.079863228,-0.034473415,0.0011886251,0.31227911,0.16747586,-0.036393773
-0.013973083,0.013107845,0.13266069,-0.015171208,0.096144058,-0.0036804408,0.11010396,-0.11134604,0.10867095,-0.089592561,0.11810392,-0.15636593,-0.23790947,0.17428048,-0.082226709,-0.055336554
0.1861759,0.24807262,-0.066124357,0.31493044,0.051855542,-0.049667228,-0.070347495,-0.20359091,0.1018493,0.090039387,-0.070989653,-0.023334557,0.21705541,-0.11218768,-0.1179513,0.12444168
0.013480246,0.2241935,-0.057872519,-0.070783906,-0.32358271,-0.15287653,0.18165053,0.059238259,0.14708894,0.094740883,-0.30708629,-0.060138602,0.14470619,-0.0037712161,0.10263693,0.10411385
0.12141562,-0.061196342,0.16870186,-0.066268891,0.17378961,-0.14111724,-0.084805042,-0.00082761224,0.0057634721,-0.027038319,0.2450237,0.17819592,0.01192579,0.13725893,-0.1801717,0.27111077
0.067575194,-0.020015964,0.0034797532,0.13264363,-0.21466792,0.076272406,-0.22476491,0.17072242,0.0018742743,-0.094442621,-0.100485,-0.052255925,0.27687839,0.056460474,-0.020545105,-0.09731888
0.064498015,-0.031921573,-0.15316579,0.066788204,0.073338777,0.18821163,0.04583329,0.1176679,-0.12427548,0.10601345,1.1945219,0.18581685,-0.13705719,-0.062216971,0.066977844,-0.030039506
0.10252894,-0.059833515,0.052056219,0.33089915,-0.085126862,-0.15822987,-0.021443225,-0.045499094,-0.033456299,0.037344169,0.80521816,0.12323159,-0.13899674,0.15984347,0.032704443,-0.20091382
0.016496016,-0.052373562,-0.10817958,0.041055996,-0.11274616,0.026198024,0.027416825,0.0024862636,-0.06985338,-0.03924178,0.85907108,-0.19486021,0.032945175,-0.0066061812,-0.18213628,0.026645327
-0.10041022,-0.16899399,0.12248682,0.01105786,0.052655555,-0.045254819,-0.10576272,-0.048194677,-0.044630706,0.031245803,0.97735977,-0.058277849,0.12104467,-0.093616307,0.00078085304,-0.04955655
-0.18847789,-0.11410937,0.1233917,0.013898335,-0.21150021,-0.1148788,1.0899731,1.0940813,1.1044564,0.8229568,1.0194372,0.88186872,0.96445638,0.89140749,1.0581198,0.052671164
-0.0048011751,-0.022794187,-0.19216709,0.1735452,0.046865504,0.027929131,-0.081428103,0.062140148,-0.089418732,-0.069753103,0.95763493,-0.0035296869,0.22065505,-0.16825488,0.10168906,-0.12869281
-0.30138993,-0.029246593,0.13490494,-0.180767,0.051433031,0.21262367,-0.21351007,-0.033198494,0.0046577533,0.078443855,1.0398227,-0.092143267,-0.18383351,-0.17825301,0.17471085,0.014789406
-0.030128593,-0.01248338,-0.13006927,-0.0097092474,-0.057713166,-0.0055922903,0.081307776,0.11663792,-0.19112892,-0.068939529,1.1027259,0.052691255,-0.066919342,-0.16495189,-0.18177783,0.0074939732
-0.02530987,-0.35213566,0.1779746,-0.035709139,0.027041148,0.2246343,0.032720849,-0.20040819,0.0091360295,0.18052731,0.97194201,0.12804267,0.034472506,0.006273285,0.081811562,0.12656599
-0.11296292,0.017218187,0.04313245,0.018530274,-0.084914491,-0.058839362,-0.20382015,0.035904471,0.037184365,0.11375158,-0.17629609,-0.2393595,0.080023937,0.042505961,-0.035521157,0.054996625
-0.038538676,-0.11982495,0.057811238,-0.25226852,0.015859939,-0.18179008,-0.0068843956,0.17258805,-0.15577863,-0.0057797143,-0.27444109,-0.034630746,-0.13637593,-0.11963957,0.070349038,0.16005111
-0.024479346,0.25160232,0.10019892,-0.068613932,-0.061343353,-0.046781536,-0.27782136,0.12193368,0.035841979,-0.027953023,0.0031761832,-0.0745354,-0.076218531,0.073101945,-0.095351085,0.020250762
-0.10414345,-0.085314929,-0.15189569,0.035555907,-0.12000155,-0.085849538,-0.05528488,0.19667605,-0.065073602,-0.082856558,-0.13725267,0.018632187,0.12554882,0.2105121,-0.04440999,0.14644358
0.091490939,0.025448915,0.023556383,-0.11151897,0.0075264042,-0.12130632,-0.098062485,0.18781228,0.26200163,0.077129446,-0.063240327,-0.20220754,0.15354741,-0.23886485,-0.26569188,0.27151221
0.068223961,-0.18399055,0.04518484,-0.046514627,0.045195673,-0.16510205,-0.04922241,-0.08010231,-0.089448206,0.7663728,-0.020118633,-0.048485968,0.029707788,0.087028682,-0.11470842,0.094710201
0.20236775,-0.23881084,0.03546777,-0.016380597,-0.067647301,-0.14594793,-0.089227326,0.1420659,-0.10534553,0.86483872,-0.13349268,-0.10285236,-0.051809762,-0.35147282,0.01199213,0.21094288
-0.16541351,0.035493784,-0.090308107,0.07897529,-0.059272502,0.0053741815,0.18400194,-0.082616717,0.13630043,1.1412199,-0.011382115,0.16911663,-0.049197648,0.17637433,0.067309983,0.018674003
-0.066062376,-0.13158584,-0.19307323,-0.19475931,-0.050069135,0.081934184,0.025158569,-0.08073049,-0.14296396,0.93790901,-0.0570364,-0.04541827,-0.068573259,-0.010127123,-0.013321684,-0.095941707
0.18518412,0.14433798,-0.058449473,0.025212755,0.042476498,0.96425092,0.99364239,1.1126136,1.0592055,1.0853699,1.0647396,0.92485076,1.1513014,0.91902065,-0.035344701,-0.15555453
0.082564965,0.17859305,-0.099189833,-0.041379288,-0.01255323,0.038196813,0.21181796,-0.028944969,0.14128833,1.0611614,-0.038445964,0.12258823,0.011199811,-0.10072534,0.070440128,-0.035105079
-0.027370961,0.10069079,-0.054055229,0.036232557,0.22926691,0.12461736,-0.084213316,0.060285628,0.23197886,0.83490443,-0.0028262115,0.039252475,0.11844677,-0.2373118,-0.1279645,0.087716974
-0.05072375,-0.057636011,-0.023577247,-0.21785171,-0.15356044,-0.17027263,-0.23064806,0.073631331,0.13650413,1.1979679,0.12165363,-0.01027623,-0.10331959,0.024760734,-0.062722877,-0.053624984
-0.088364206,0.16885079,-0.13645378,-0.048922308,-0.0041330652,-0.12964651,-0.28503251,-0.1680956,-0.051781967,1.1025691,0.050677609,-0.036400158,0.032083236,-0.028338859,-0.13623664,0.16583204
0.18721239,-0.0036678948,0.016924283,0.11388487,0.03562063,-0.24782205,-0.0093511604,0.0068473793,-0.063127145,-0.017701574,0.046180233,0.15667732,0.070680827,-0.019167772,-0.21086569,-0.13842204
-0.038482774,0.1388578,-0.095239744,0.07792037,0.034580659,-0.031348325,-0.028753212,-0.22079407,0.054130729,0.083407268,0.15830894,-0.10009627,0.048172649,0.045739781,-0.099021591,-0.056088161
-0.027763719,-0.10986143,0.071940154,-0.0033769922,0.079020746,0.10075641,0.039541032,0.27875209,-0.073426753,0.15259987,-0.00657677,0.076951332,-0.093088977,0.05304883,0.0052129352,0.1510203
0.027380884,-0.082420863,-0.20541309,0.03584699,-0.20223717,0.079597957,0.05162257,0.023117865,-0.076839507,-0.093712397,0.096003518,-0.028731875,0.086803213,0.10956279,0.044515759,0.044801459
0.017355429,-0.10068414,-0.14976291,-0.17516832,-0.082601972,0.036851756,-0.073754236,-0.12484001,-0.12665056,-0.052584428,-0.1045031,0.14247367,-0.072372466,-0.0086006196,0.010630039,-0.14930038
0.10981943,-0.25635132,0.14702263,-0.19094998,0.10014768,-0.085507214,-0.040347643,0.1357031,-0.11604466,0.0050542266,0.0064650746,0.10923382,0.024154592,0.075863719,0.015482333,0.26750049
0.1270636,-0.18386525,-0.069253869,-0.020983189,0.22831903,0.0039603938,-0.044673927,1.1121883,0.10502305,0.1706742,-0.033405244,-0.15193017,0.16211654,-0.2224718,-0.079777479,-0.064501017
0.080618247,0.21166807,-0.049980443,-0.010015283,0.0044991635,0.018958777,-0.1177126,1.0231568,-0.16304767,8.4855834e-05,0.10139335,-0.065056816,0.32382753,-0.026020551,-0.0055277087,0.055036228
-0.041855231,0.0090634413,-0.15034065,-0.056933802,-0.0021598104,0.057525888,-0.19390789,0.96556818,-0.042615384,-0.050236709,0.027603779,0.088507757,-0.28835949,-0.061182838,-0.11610062,-0.081396207
0.1503941,0.12912159,-0.12741031,-0.17932788,-0.039032172,0.084681332,-0.20337321,1.1210989,0.3546086,-0.057792652,-0.066798463,-0.1981997,0.15289226,0.050325129,0.11259595,-0.13124979
0.069478169,0.0099434238,0.0056060497,1.0053904,0.73839921,0.97317863,1.2223773,1.0133057,0.96742356,0.51001793,0.9646461,0.98629451,0.082025364,-0.028591288,-0.10655577,0.015092866
-0.0015535256,-0.023375196,0.083910733,-0.042098586,0.12377649,0.0069347662,-0.063518859,0.73250592,-0.17039637,0.056893367,-0.0045172642,-0.11410309,0.0059326217,0.052252471,0.1740972,-0.075141251
-0.08314988,0.015921757,-0.047457587,0.23456909,0.17050043,0.034353472,0.059934724,0.85834169,-0.13924348,0.024954228,-0.088948771,-0.10413374,-0.022996437,0.038591404,0.42783353,0.074730985
-0.10787349,-0.064659268,-0.21924123,-0.0061550653,-0.078552715,-0.21271846,0.14447919,1.1326376,0.11889149,0.13961239,-0.068959117,0.13541269,-0.041920021,-0.014862863,0.098896824,0.00099868071
0.1291756,-0.071697302,0.031657904,-0.14533173,-0.072644241,0.10623103,0.041979123,1.0305965,0.18319254,-0.12876476,-0.066350773,-0.15459642,-0.13213861,-0.041133426,0.065098114,0.022104831
-0.020422123,0.2189139,-0.039981518,-0.17219914,0.20144534,0.036241118,0.029210851,0.13186345,0.090599492,-0.16714762,-0.16607907,-0.1726972,-0.12180883,-0.17891824,0.13182953,0.2000453
-0.2557956,0.093225196,0.19025119,-0.019349853,0.029493768,0.10520024,0.13182455,0.17031261,-0.23066983,-0.054588754,0.038433172,0.29084498,0.053936515,0.20651869,-0.044960119,-0.02856122
-0.057269234,-0.020960648,0.20054887,0.10700249,-0.044846516,0.15535523,-0.065441079,-0.031993762,-0.13191324,0.081218585,-0.046563976,0.052300952,-0.014821574,-0.15426505,-0.074851781,-0.1204052
-0.016123844,-0.070399143,0.17789142,-0.07549493,-0.087486491,-0.10862386,-0.017408121,0.0041341269,0.086722612,0.05089597,0.16490577,-0.031246359,-0.017042294,0.077873163,0.063698165,0.10687222
0.19055882,0.14798127,-0.057076935,0.05131932,0.049088851,0.042138077,-0.056030829,-0.16513237,-0.32270113,0.1681114,-0.031203693,-0.15172128,0.21864213,-0.095771104,-0.025201233,0.1789697
0.19378981,-0.32335225,-0.094202571,-0.094718866,0.13003704,0.036970496,-0.028728835,-0.0646604,-0.13117233,-0.095885739,-0.11581992,0.070605814,0.16620672,0.19910879,-0.073257595,-0.095180601
0.12443877,0.2273597,-0.046666488,-0.081740707,0.09516383,-0.21191788,0.0097402502,-0.13934107,0.16670273,-0.021273084,0.026425172,0.088958606,-0.08177571,0.031546447,-0.13073722,-0.060591921
0.061657272,0.018176917,-0.010519915,0.094409071,0.16065416,0.13569522,-0.092839271,0.10724896,0.0062792581,-0.11243,-0.014661768,-0.14912306,-0.0040462622,0.064205617,-0.076270916,0.052299101
0.10042507,0.082039811,-0.016689971,-0.015830083,0.014764568,-0.21997717,-0.090051271,0.0067760395,0.011760565,0.0029835945,-0.15394424,0.068804443,0.17215532,0.023494719,-0.22691368,0.11086266
-0.0062026996,-0.052233364,0.97011918,1.0698954,1.2024657,1.0753498,1.0976081,-0.091269568,0.083324075,0.094460353,0.09453658,0.14590949,-0.071665697,-0.020628355,-0.074424982,0.091021799
0.10027812,0.22695908,1.0777156,0.88746071,0.93186194,0.91598523,0.77350837,-0.07992506,0.21783218,-0.070725657,-0.037750777,-0.051954802,-0.0079257451,-0.11387755,0.17063279,-0.20507464
0.010798705,0.04045397,1.0062803,1.1358424,0.86748904,1.1221011,0.88026291,0.027522346,-0.035296023,-0.011343508,0.084942527,-0.022156691,-0.0050409692,-0.0024202531,-0.069984429,0.018027091
-0.11277578,-0.15071544,0.85835385,1.2148558,0.84596241,0.93202847,0.86505473,0.0011276705,-0.12952381,0.053801756,0.23177032,-0.209117,0.17355603,-0.015683705,0.070552185,-0.015420505
0.17354739,-0.15010871,0.98107278,0.86777115,0.76168239,0.60884374,0.85259503,-0.034850564,-0.10388652,0.060707361,-0.030283976,0.078676268,-0.055022705,-0.17128856,-0.14667369,0.029706936
-0.13731651,0.17682874,-0.026962359,-0.2149865,0.025962567,0.076172285,-0.027573654,-0.077665322,0.068526492,0.10000104,0.068247922,-0.16745456,-0.1842235,0.1365144,0.0312551,0.054999597
-0.068055563,0.18259023,0.080200963,0.15830775,0.0178567,-0.19079146,-0.0017734413,-0.00072082557,-0.069491453,-0.081005968,-0.040216167,-0.048155867,0.042518154,-0.15173239,0.092739061,-0.12109445
-0.17781943,-0.0332045,0.11531074,0.035922922,-0.062101606,-0.075324804,0.070603415,-0.063270345,0.14303155,0.038152497,0.065792263,-0.10566565,-0.14324129,0.013161589,0.10552996,0.44101191
-0.15578388,0.014574551,0.33665001,-0.023893882,-0.10638346,-0.013895469,-0.1626537,0.011130914,-0.056801867,-0.017741382,0.19792713,-0.012639591,0.10785918,0.28181869,-0.26215133,0.0088449987
-0.11166538,-0.079321466,-0.14895169,-0.07354553,0.050792456,0.10010276,-0.049090762,-0.011243744,0.26916829,-0.019261803,0.063701272,-0.090920314,-0.072350189,-0.20288971,0.096073627,-0.02286122
0.11817232,-0.083411001,0.11756928,-0.054672994,-0.10093229,0.24180093,0.0089128725,0.10135347,-0.028855326,-0.055144005,0.027847199,-0.11311667,0.092431121,0.040787786,0.10712684,0.18677384
0.26331881,-0.0028562718,0.26758295,0.22277591,0.033481628,-0.11549536,0.16525306,-0.0106929,0.17316209,-0.063202098,0.058901645,0.13506222,0.071151502,0.11630732,-0.25684351,-0.031313967
-0.16239724,0.031292312,0.11271288,-0.035364993,0.31024811,0.09285792,-0.10912331,0.12176272,-0.1062815,0.071023233,0.09619683,0.04758257,0.09844023,-0.075520009,-0.022096045,0.30473173
0.012155666,0.10280176,-0.038541183,-0.10794056,0.01508214,0.19225056,0.11326552,0.095342882,-0.040718719,0.013651812,0.035199996,-0.047350146,0.067408785,0.065628164,-0.083564818,0.0045804959
-0.12494209,-0.17746176,0.21944086,1.0988325,0.87791586,0.94639838,1.1574379,1.1029674,-0.12170828,-0.15151757,0.088931307,0.23256311,-0.081440039,0.039105967,-0.033372048,0.046290692
-0.037422717,-0.11229332,0.04044782,1.0626991,1.0573351,0.99041951,1.0261533,1.0700905,0.1773842,-0.21223904,-0.053227976,-0.090236686,-0.15036765,0.010224717,0.086693302,0.018224213
0.25764748,-0.20186296,0.030187441,0.86229223,1.0394139,0.87350613,0.94172734,1.1189861,0.012966818,0.0013985139,0.036267761,-0.035071429,-0.12751262,-0.14292239,0.13950779,0.078386009
0.074071869,-0.11205693,0.070309795,1.1611484,0.80817479,1.0281441,0.75016248,0.88164061,-0.14433843,-0.041235343,-0.033249818,-0.03607922,-0.069982693,0.12999156,-0.075303711,-0.10290821
0.14748815,0.13344541,-0.036851287,0.92018551,0.89223623,1.0307838,1.1050633,1.111248,-0.010471993,0.041123319,0.074640691,0.069753259,0.064690381,0.022953598,-0.07795237,-0.13301769
-0.19303399,-0.023574209,0.0019004844,-0.022756314,-0.0056989491,0.22578856,0.25544745,0.15563744,0.10477593,-0.016325923,-0.03785025,0.068209432,0.025249224,0.12344489,-0.1712877,-0.083125308
0.11294092,0.0034159452,0.11501494,-0.071677558,0.14355363,0.0081810011,0.042248316,0.15686139,0.013468169,-0.11383627,0.12180345,-0.20112215,0.12301152,0.023773044,0.043680802,0.057179265
-0.14846458,-0.081870578,-0.12849507,-0.048837509,0.02956892,-0.027050722,-0.13070326,0.23442034,0.16279016,0.20236224,-0.14861886,0.07918179,-0.0080707688,0.033307176,-0.051704716,0.14645554
-0.090736203,-0.087281145,0.071152546,0.12303098,-0.016948482,-0.1304401,-0.055791315,-0.014643561,0.061171565,0.14834777,0.13932741,0.048124254,0.17521024,0.1734848,-0.091660105,-0.064470619
-0.27162239,-0.091108888,-0.077302471,0.044454571,-0.034342799,-0.029811837,0.10911819,-0.12722,-0.084753327,-0.12876277,-0.02029204,-0.025548257,-0.046814654,-0.1162949,0.13875903,-0.061868511
-0.12249274,0.025345709,0.024267102,-0.0058130282,0.13197936,0.058017667,-0.1163985,0.019085275,-0.21083876,-0.0028660998,0.026571358,-0.10780669,-0.078869164,-0.0052833925,0.10783031,0.0020636858
0.083683737,0.041604184,-0.077050768,0.038791969,0.19784743,-0.18359537,0.063290089,-0.11786573,0.10010538,0.05595573,0.10362861,0.096653618,-0.14451382,0.2247609,-0.046390127,0.045469161
-0.023935778,-0.07370761,-0.25001004,0.15029427,-0.12547499,0.089058742,0.12015229,-0.1198924,-0.10069226,0.10508986,0.023878446,-0.02586565,-0.007772333,0.083361976,-0.040994585,0.042732351
0.18641837,0.23354436,0.04957851,0.059465792,-0.012764245,-0.073983766,0.0426137,-0.11871637,0.031261832,0.13453992,0.0068556657,0.13391201,-0.25958726,-0.16466096,-0.080131531,0.020561466
0.081312977,-0.0060423319,-0.16285281,1.1483181,0.97569978,0.19101416,0.016632119,0.016408166,0.040530175,0.023085279,-0.029439103,-0.029723084,-0.090950899,0.026146561,-0.11787489,0.091956332
-0.13762377,0.024895579,0.040488433,0.094247706,1.1366493,1.2154963,-0.097353555,-0.17716055,0.023681967,-0.024219699,-0.001875588,-0.096419819,0.026762746,0.21842158,-0.043091305,-0.13962525
0.054300573,-0.1226555,-0.19077745,0.029704617,0.10483611,1.0569507,0.83863646,0.14530137,0.044656903,0.012177411,-0.060205862,-0.13730751,0.017879957,0.11605367,-0.013736474,0.0016970163
-0.20639864,0.0076291654,-0.19300516,-0.10488339,-0.1820123,-0.16009004,1.0433145,0.93337995,0.016994208,-0.20632482,-0.087241195,0.067300901,-0.078009471,-0.069131404,0.02552627,0.031051377
-0.0045482633,-0.011002447,-0.088935211,-0.06257879,0.069489099,-0.065533638,-0.10511261,0.87039983,0.89431506,0.080603935,0.022164285,-0.20814694,0.0029541755,0.19524401,0.20881964,0.013526763
0.077050216,0.010918541,0.15816526,0.043691095,0.084767513,0.013105449,-0.072080791,-0.044400856,1.0917152,1.1226535,0.171331,-0.16578795,-0.012984001,-0.018718986,-0.23305935,0.18647705
-0.058727656,0.078594007,0.034619965,-0.05502075,0.11770502,0.26943311,-0.034951124,0.26169538,0.050588705,1.1060519,0.99789435,0.16833234,0.053822,0.078124873,0.025464533,0.16281739
-0.056560427,-0.075604118,-0.082222424,0.050168026,-0.066254996,-0.16231719,0.080480404,-0.10167984,-0.057680815,-0.078354709,0.85909086,0.90135324,0.032822788,0.07651189,-0.11872086,-0.11824432
0.042226367,-0.065869629,0.18814881,0.098625645,0.12917653,0.079324841,-0.092015244,-0.17904507,-0.21487042,-0.0062252418,-0.0064573926,0.73555428,1.0755413,0.080990992,0.12426006,0.033158161
0.0011960199,0.074822843,-0.018290179,0.10762795,-0.080300756,0.071550556,0.010262189,-0.19734596,0.0092718331,-0.24014203,-0.036933862,0.081436023,0.98755693,1.0395623,-0.076445676,-0.035674095
0.011584438,0.11437014,0.22379214,-0.20730734,-0.058297887,0.10884124,0.093989141,0.046750732,-0.02411329,0.16060759,-0.045744002,0.036217544,0.066301957,1.0147603,0.85437024,0.044699516
-0.098207138,-0.025539033,-0.044702888,0.088287421,-0.081498146,0.057158094,-0.051398866,-0.067250453,0.067285188,0.20440947,0.080713615,0.047874466,-0.071290359,-0.12794046,1.1215501,1.0036793
0.041910332,-0.064081237,-0.10509038,-0.22642595,0.14138371,-0.0092189079,0.12978955,-0.19212432,-0.047061633,0.045435145,-0.067367069,0.12007181,0.066915214,-0.018295532,-0.23621027,1.1913841
-0.080926843,0.16189004,-0.24121585,0.056884453,-0.25044733,0.098715223,0.11960503,0.14734583,0.079047665,-0.17012128,-0.14806996,0.0068012965,0.28570038,0.14762905,0.13326056,0.18841539
0.14976253,-0.19088045,0.020313321,-0.082720809,0.1541746,0.06671267,-0.036897276,-0.063806385,0.094956078,0.046792224,-0.055919606,-0.12874308,-0.010407573,0.16332129,0.20138995,-0.30993488
-0.020768093,0.13308926,0.096825801,0.028300662,0.091495708,-0.082934923,-0.022498285,-0.016670242,-0.056639671,-0.074545562,0.034259629,0.17372477,0.072683513,-0.063843086,0.053434871,-0.093912497
-0.1274001,0.0089085586,-0.17155002,0.044394903,-0.023104299,-0.089444719,0.068925373,-0.20171995,-0.00010720668,0.1100742,-0.13672057,-0.064112425,-0.056028087,-0.14861539,-0.097462937,0.063430771
0.15881932,0.044324368,0.12554476,-0.29510653,0.046439972,0.09850321,0.19286215,0.036918659,-0.01480047,-0.12686583,-0.14952312,0.27328309,0.020131955,0.069769487,-0.30355412,0.13858767
-0.11132183,0.027128994,0.11164163,-0.034564495,0.0062518241,0.072380938,0.077548407,0.01049604,-0.1531021,0.025560381,0.14158061,0.065599471,0.01309527,-0.13317209,0.065748431,-0.1755296
0.091852166,-0.23940948,0.16293223,-0.070257761,-0.15313481,-0.096775934,-0.051060513,-0.15107931,0.04123367,-0.027998352,0.096376322,0.15602851,0.26723564,-0.30887118,-0.01218261,-0.036621269
0.06656538,-0.059689838,0.17670594,-0.1453162,-0.053278159,0.23897058,-0.14567746,-0.014190855,-0.050076962,0.00017955081,0.12770228,0.0029477817,0.054391563,-0.25397387,-0.061183836,-0.14918251
-0.0057291044,-0.15538605,0.049316272,0.16603543,1.2889971,1.1138158,0.87808096,1.0012112,1.1987361,-0.029183377,-0.19735116,0.10213217,0.1647093,0.14817615,0.12316891,0.15316333
0.054211304,0.046055522,0.081948847,0.17992382,0.88453877,0.95407718,0.85270745,1.2579125,0.93449986,0.030539326,-0.20234616,0.15115094,-0.071105041,0.35015106,0.076975651,0.11585277
-0.21114577,-0.017005119,0.065779015,0.014135924,1.1446544,0.95567214,0.96424353,1.0319662,0.78563112,-0.05955188,-0.1665086,0.066689968,0.072025254,0.1745397,0.22518013,-0.098437548
-0.090511128,0.010871005,-0.073911384,0.1237463,1.0695316,0.9952662,0.9923178,1.0335411,1.0204117,0.19681084,-0.081026949,0.098920025,0.041363701,0.1101398,-0.085705549,-0.094421312
0.082879953,-0.08058612,0.067565128,0.017594686,0.89585143,0.94967532,1.108367,0.99201381,1.048023,0.038934018,0.041068401,-0.23858349,0.22838999,-0.094650082,0.046307988,0.16500837
0.054526784,-0.15692791,0.039110929,-0.16689852,0.097355835,-0.15659358,-0.18779424,-0.083915405,0.23167081,0.14212663,0.0099552935,0.034641143,0.00166316,0.044841874,0.060763244,-0.14229801
-0.17250969,-0.077981643,-0.12413508,-0.039113712,0.0082249483,-0.16385056,-0.073594667,-0.064856663,-0.21587227,-0.11842751,-0.080983996,-0.22720447,-0.17669469,-0.01325691,-0.046063032,-0.12897144
0.084431581,0.15345857,-0.11128968,0.010545229,0.094483607,-0.031393725,0.21829969,-0.15339591,0.030555341,0.041498799,0.014951055,0.11438072,-0.065113351,0.1009411,-0.11072893,-0.2106209
0.10339345,0.11483005,-0.14441462,-0.0068450342,0.12391945,-0.22679737,0.00081891473,-0.061988335,0.093659751,-0.01655414,-0.066084109,0.14960828,-0.020685636,-0.043411646,0.16927037,-0.011310523
0.20365945,0.049444884,-0.13274962,-0.081190221,-0.084816016,-0.12462774,-0.090964876,0.027222257,0.062965564,0.28770208,0.099580161,0.24343552,-0.026511699,0.15647817,-0.27846655,0.022943698
0.019804789,0.062853955,-0.0319857,0.1823871,0.066337213,0.048634108,0.090713494,0.064465091,-0.065672338,-0.03974105,-0.09859632,0.20575534,-0.016639071,-0.14748468,0.055770725,-0.058451973
0.093670256,-0.11501817,0.11209711,-0.13585876,0.11359537,0.2353889,-0.13120176,0.22680952,-0.12778328,-0.1015133,0.0045432984,0.047465269,-0.018236795,0.077825248,0.052375775,-0.059093885
0.21506944,0.11426605,-0.049301814,-0.15066741,-0.15418269,-0.048210438,-0.097684659,1.1500731,0.095148019,-0.18628371,0.075014934,0.20749739,0.076463252,-0.069619767,-0.033930816,-0.20351052
0.052115306,0.091014415,0.03888246,0.014691905,0.028397141,-0.244914,-0.057555787,0.9907946,0.10726552,-0.12608106,-0.1455857,-0.094196431,0.031233771,0.12001008,0.19924244,0.065789402
-0.181988,-0.13208482,0.099231757,0.076981738,-0.0065427781,-0.085689709,0.075340405,0.96100742,0.16169116,-0.058302499,0.10142506,0.078767516,-0.0045145568,0.0030703507,0.091718651,0.083496474
-0.049948409,-0.16184562,0.092573777,-0.093241841,0.10471956,-0.021871952,-0.044584502,0.82499313,0.16966636,0.066421464,-0.070775755,-0.22819242,0.00072103203,0.27651376,-0.010039819,-0.027549636
0.11972377,0.058387518,0.13207486,0.91852993,0.84824139,1.0067334,1.0937039,0.88718188,0.90931559,1.0139371,1.116164,0.95755422,0.16330615,-0.011592199,-0.11175551,0.10410047
-0.014605056,0.014986734,0.24191807,0.021886144,0.056547102,-0.042474356,-0.060989108,0.81236219,0.035733342,-0.029804789,-0.050158802,0.13437092,-0.071873032,0.191208,-0.074772902,-0.17774323
-0.11438901,-0.11595742,-0.17438637,0.05634262,0.038202476,-0.12774657,0.033388343,0.85192877,-0.023450818,-0.089181125,-0.051594257,-0.11040448,0.16256705,-0.18997955,0.16032381,-0.18246967
-0.021780116,-0.053032435,-0.070283435,-0.17424916,0.16390589,0.23643708,0.020581413,0.86161709,0.39166132,0.049168278,0.070881948,-0.075847983,-0.026886951,-0.10970109,-0.15865541,0.048844084
0.057594165,-0.17388909,-0.063714258,-0.017105624,-0.23887813,0.12070806,0.14340107,0.98425066,0.22417466,0.15856943,0.15431933,-0.053369515,-0.045154672,-0.1421584,-0.087490588,-0.15210032
0.060644824,-0.15016146,-0.037352201,0.070359237,0.094958134,0.097319603,-0.053241499,-0.085783392,-0.1579494,-0.05949093,0.021842521,-0.069184221,-0.06538035,0.037509222,0.11095803,0.19702558
-0.026882213,0.034875404,0.0043551857,-0.15893424,0.0032988768,-0.27995795,0.0272504,-0.039828759,0.027451836,-0.073902465,0.089681871,-0.0065940926,-0.16955079,0.018806674,0.15174468,-0.19333287
0.040431019,-0.022866769,0.13954219,0.18508621,0.010453586,-0.16061695,-0.062955149,-0.048850764,0.0022489179,0.23668368,0.041641902,-0.14441679,-0.11515091,-0.14533594,-0.037646722,0.1574121
0.17403826,-0.17039044,0.085421897,-0.027604727,0.023369433,0.11787543,-0.16437156,0.2065552,-0.043050434,-0.0056022471,-0.1058444,-0.14879557,0.22417195,-0.018105378,0.21975213,0.075352319
0.012483289,-0.16224775,0.13127266,-0.19253023,0.10565439,0.011241562,-0.019342203,0.037973635,-0.051934902,0.046428137,0.17216289,-0.10537574,0.050408963,-0.070680588,0.15185027,0.071609132
-0.079266481,-0.078697376,0.11025347,0.13750795,-0.067317531,-0.025609598,0.0051752888,-0.10002647,0.068613149,0.18233952,-0.076219432,-0.042853132,-0.16628858,0.22894341,0.023040807,-0.14064145
-0.23879498,-0.067451939,0.11984107,0.21649575,-0.099082135,-0.075908758,0.015934162,0.17522079,-0.049523361,-0.21285543,0.0051220618,0.15053162,-0.10479756,-0.090840325,0.12373707,0.19560917
0.95801932,-0.1079668,0.0036300593,0.07388217,0.068169512,-0.10558482,0.12177881,0.23530939,0.016958904,-0.15842409,0.032064453,-0.0065872353,-0.11765185,0.048199296,0.086090706,-0.0877425
0.83424842,1.1369655,0.058460534,0.14154121,-0.032555092,-0.046179201,-0.059961122,-0.11306656,-0.048880983,-0.096495554,-0.058794148,-0.070938841,0.013848254,0.056986876,-0.1344334,-0.066863656
0.12978192,0.98047906,0.78095973,-0.10208911,0.15756798,0.14231896,0.03802361,-0.080201715,-0.012336241,-0.23242851,0.033144984,0.049364492,-0.15497963,0.0050871586,-0.16250643,-0.045431521
0.0049128206,-0.018931584,1.1771967,1.0023415,0.031171996,-0.074810676,-0.034084313,-0.15702602,-0.046911206,0.0030754639,-0.039009918,-0.19454131,-0.015132147,-0.2169732,-0.031753398,0.057414323
0.010389103,0.10343863,-0.01521844,0.92886335,0.94749957,0.042505972,0.17787737,0.0066682878,-0.15073766,-0.12463319,-0.043159921,-0.030866558,0.058911663,-0.015319052,0.069523327,0.050789896
-0.047665328,-0.017223136,0.13377883,0.13911313,1.1509134,0.98400843,0.035640765,0.089974672,0.13095611,-0.19947572,-0.11889579,0.071668804,0.099459544,-0.23177059,-0.18235312,-0.2104587
-0.1534901,-0.15602738,-0.15618977,-0.10063145,-0.039752759,1.1155057,0.92079681,-0.038612306,0.047609311,0.085087091,0.033978354,0.021294335,0.23607795,0.38413617,0.030882141,-0.21138145
-0.13246237,0.062001973,-0.05905376,0.07373976,0.098417655,-0.086351849,1.2000536,0.86092132,0.032703497,0.10095836,-0.090361215,-0.19754609,0.016331535,-0.07654056,0.12871349,-0.058713373
-0.014414252,0.05729204,0.013935066,-0.27680781,0.19123319,-0.0018806761,0.10303368,1.0867949,1.2444323,-0.062012613,-0.017145375,-0.031925123,-0.079608805,-0.14415462,0.073353328,0.014792015
-0.048984945,-0.02765126,0.02032364,-0.101363,-0.094692707,-0.14377633,0.26039636,-0.091888994,1.1122978,0.98980641,0.1829533,-0.10682395,-0.010485142,-0.075281203,0.0092663858,0.03822932
-0.13463852,-0.12759867,0.085811868,-0.14635587,0.1647228,-0.052310303,-0.064843379,0.00074323162,-0.092305876,0.9697699,1.0313098,0.14169158,-0.11594824,0.019171512,-0.14395462,0.0076598367
0.051300827,-0.0020872676,0.21125829,-0.014174717,-0.18095332,0.039737545,-0.053544294,0.22481096,-0.065521568,-0.13210627,1.1678298,0.9111231,0.058371857,0.063423403,-0.010626132,-0.064194702
-0.11148083,0.023168653,0.20723107,0.065834075,0.0023724691,-0.13451827,0.064479202,0.088411555,0.053498928,-0.053013261,-0.069082148,0.91341043,0.97784829,-0.15616977,-0.095443882,0.32096303
-0.029659405,0.05071079,0.1471789,0.069681466,-0.067201659,-0.017806552,-0.074675187,-0.02675388,-0.074453779,0.089173339,0.078978941,0.010937686,1.195051,1.0787318,-0.12236843,-0.12374131
-0.01547162,-0.082764477,0.043797638,-0.26711628,-0.054344539,-0.0086355312,0.12095615,-0.019537335,0.0087588206,0.15725447,-0.0071027218,0.21079586,-0.0371706,0.93748558,0.9104479,0.12396946
-0.24857517,0.16446014,0.071146466,0.043048028,0.14694044,-0.0095060188,-0.037221316,-0.20391025,-0.11399904,0.017306954,0.065259419,-0.043333549,0.96390533,1.0558395,-0.068139657,-0.16500629
-0.17250024,-0.12068014,0.0028330029,0.0073738294,-0.034940656,-0.22362085,0.070503339,0.12772244,0.2618854,0.23205644,-0.13290413,0.92658222,1.1186568,-0.044177044,-0.10211942,-0.079476804
0.23921436,0.027808936,-0.18584536,0.035379518,-0.063977227,0.10908431,0.043387204,-0.13253935,0.064983338,0.11450963,1.1168113,1.2329926,0.027590884,0.1244885,0.002239767,0.041281097
0.030609142,0.015786873,-0.077174969,-0.11547083,0.10249737,-0.18351343,-0.064743266,0.098041363,-0.18782996,1.0957683,0.97764856,-0.072039373,-0.12181026,-0.019868588,0.12300482,0.017493207
0.12746523,-0.19348201,-0.25792691,-0.23533797,-0.0031552108,-0.067890175,0.0020699545,-0.055062383,1.1550666,1.100686,-0.089755572,-0.17914964,0.08864025,-0.0054521076,0.00085417507,-0.16599177
-0.17793797,-0.035414048,0.12648404,0.12044036,0.1194574,-0.27397424,-0.039291535,0.9178738,1.0168908,-0.018010287,0.024817748,-0.13313052,0.021101233,0.19862573,0.015701532,0.061607309
0.22286424,-0.045726769,0.15323618,0.17153953,0.12907642,-0.095683634,1.053098,0.87490803,0.28773856,-0.10935685,-0.055605523,0.022604689,-0.22812819,0.07906387,-0.02095158,0.14085995
-0.014827663,0.0433948,0.025645357,-0.087630346,0.19045623,0.81777734,0.85667175,0.08737319,-0.22272331,0.15131293,0.045224283,0.041294221,-0.20715135,0.068873338,-0.057172392,-0.18923955
-0.038755264,-0.09922716,-0.0017767426,-0.11190139,0.92633384,1.0172802,0.10390715,-0.26174599,-0.036208585,-0.065731004,0.046598878,-0.025702927,-0.13756067,0.0092673237,0.079222091,0.11650902
-0.056211211,-0.19611381,-0.027048446,1.0330714,1.0254283,-0.074141257,0.030275643,-0.10611211,0.093109086,0.13235451,0.036966588,-0.10962609,-0.030092582,-0.012691211,0.1812811,-0.012797659
0.030673798,0.0057346593,1.0897723,0.84972537,0.024035422,-0.0093991403,0.12910065,0.079059407,-0.051590227,0.1454539,-0.059588142,-0.021989569,0.094980411,0.068379566,-0.13793422,0.096755885
0.12000667,1.0662078,1.0194019,-0.17586257,0.010050849,0.030503435,-0.071623772,0.0033621136,-0.1255623,0.073663592,-0.0068217432,0.17445388,0.12098403,0.16764212,-0.105115,-0.010481078
0.86403084,1.0034847,-0.076634645,-0.110446,-0.034395784,0.1301233,0.065031439,0.17207012,-0.023550101,0.051417109,-0.11878779,-0.041900262,-0.083491854,-0.12760609,-0.054003555,-0.14816368
1.2394813,-0.024883883,-0.10654221,0.051778477,0.00091980706,0.11602166,-0.14577888,0.063781969,0.077710271,-0.073867507,-0.19634302,-0.17467886,0.15358359,0.033229548,0.12796181,0.11478649
-0.13855779,-0.092583157,-0.051577423,0.028613487,-0.069087997,-0.15206179,0.089760609,0.00049588177,0.043635413,0.010493927,-0.053812232,-0.14784144,0.070714094,0.038142852,0.18866394,-0.17150867
-0.11121061,-0.13862182,-0.10354669,-0.12256978,0.054294888,-0.075624183,-0.028015876,-0.043052919,-0.0059384946,-0.19548374,0.014569872,-0.37532282,0.070478223,0.07385733,0.044511918,-0.17187542
0.097388156,0.0075024357,-0.030910591,0.098612927,-0.12859198,-0.072504722,-0.083164118,-0.01813041,0.12581785,0.084316105,-0.025701668,0.052096318,-0.10569425,0.072401039,0.16434447,-0.041869961
-0.1278204,-0.33443549,-0.020069716,-0.14531249,-0.041552335,0.10009626,-0.11431254,-0.019827846,-0.046431813,0.015124137,-0.031407766,0.1281971,0.050536029,-0.15331325,0.2055327,0.0091836872
0.054454725,-0.045792159,0.23216182,0.21230645,-0.10541793,0.05380816,-0.083894506,0.11978877,0.088526689,0.13097928,0.055903092,-0.01894239,0.058998123,0.14465766,-0.04331423,-0.065237686
-0.38463753,0.11732985,0.16999984,0.19736475,0.19298317,-0.0098589947,0.11312658,-0.12779409,0.24824663,0.021105295,0.14921825,-0.024533061,-0.092375591,0.034905825,-0.019933946,0.078077748
0.0064914725,-0.14000489,-0.15478522,0.19812925,-0.020107388,0.14461875,-0.082351938,-0.067922115,-0.0137142,-0.027284665,-0.032001812,0.2778427,-0.072093636,0.04900521,-0.13004324,0.058389395
0.2300774,-0.013092129,0.24220252,0.068712734,0.15414187,-0.061028402,0.0098011969,1.1812412,0.0058393572,-0.15968598,0.11631141,-0.29562148,0.052351844,-0.023143644,0.19813024,-0.015414185
0.14177468,-0.0048981435,0.15280044,0.063997522,0.20009471,-0.060423609,-0.15838988,0.91942275,0.10129411,0.018756479,-0.13929906,-0.027763197,-0.034235653,-0.13810012,-0.1843614,-0.061976157
-0.075789765,0.12447923,-0.18157521,0.098852806,-0.11648138,-0.15436561,-0.03332822,0.92335314,-0.015436634,0.069220401,-0.08356902,-0.082224436,-0.096256889,-0.10842409,0.11159009,0.10626357
0.027821194,0.07146728,0.15651187,0.099981874,-0.042872582,0.052032191,0.071026146,0.99549901,-0.055907831,0.097992063,0.056915469,-0.019712249,0.038679205,-0.029382221,-0.17392053,0.062979624
0.086520076,0.0076658186,0.14474341,1.0602832,0.99811065,0.72569388,0.84936613,1.033592,1.230188,0.8907696,0.86400694,1.0304893,-0.093556941,-0.062402651,0.21982431,-0.25083816
0.032435812,-0.10625669,-0.011389553,-0.036448177,-0.093116619,-0.056543086,-0.018543826,1.1248729,-0.14028139,-0.18924874,-0.014138594,0.13212889,0.14470239,-0.24301668,-0.031615023,0.037846938
-0.016302032,-0.12340659,-0.0041855541,0.01856393,-0.071254119,0.021232301,-0.13575029,0.9634999,0.010100367,0.065880254,0.081564076,-0.094989538,0.08105167,0.044125669,0.019881483,-0.03380191
-0.036826111,0.12223235,0.2056762,-0.15556948,0.1947605,-0.1336236,-0.042037461,0.9133085,-0.10619637,0.023853954,0.060516868,-0.04494841,-0.020353936,0.13315783,-0.12211678,0.14693986
0.12872598,0.039942153,-0.11207293,0.098591812,-0.012188926,0.016904771,-0.17233135,0.86032379,-0.14947596,-0.063004173,-0.086148746,-0.13237517,0.1370625,-0.21239856,-0.012549388,-0.16410634
0.072215989,-0.023556424,0.078248948,0.17438999,0.061106794,0.23690245,-0.06294252,0.022578623,0.22022238,0.035376381,-0.11068451,0.026444927,-0.15934272,0.12154853,0.023419328,0.0142439
-0.22817318,0.025692176,-0.10877773,0.033917986,0.13867764,-0.22448111,-0.059993815,0.10746594,-0.0062029483,-0.047373287,-0.055852611,-0.0065299971,-0.11588107,0.059609596,0.18735118,-0.01760928
-0.040324196,0.11425447,0.1297552,0.19962677,0.10638633,-0.23432811,0.053225454,-0.080282338,-0.015255238,-0.16689545,-0.13153619,0.040932219,0.031273592,0.13569242,0.028524797,-0.16976503
0.15838024,-0.10203754,0.10028489,-0.18286996,0.046506826,0.1146856,-0.21489589,0.05709229,0.29855245,0.0044829091,0.20215157,0.079059191,-0.12473375,-0.056423888,0.20365925,-0.071395479
-0.021477271,0.17869316,-0.099764697,0.14719179,-0.0017079025,-0.15643711,0.1081595,-0.054645427,0.082390144,-0.13187696,0.084463365,0.089708678,0.049358096,0.2481437,-0.14675428,0.047723439
-0.020977516,-0.092667498,0.10655709,0.044598617,-0.0056435396,0.038971826,0.19099364,-0.07906092,0.040944729,-0.27271855,0.11793374,-0.075151056,-0.091617242,0.023355635,-0.0025782001,0.026813619
-0.037196312,0.12141151,-0.085553788,-0.24680275,0.19792995,-0.0070212409,0.078467466,-0.11313682,0.011878205,-0.2251533,0.3109504,0.038142536,0.073389843,0.15641361,-0.078767151,0.004736878
-0.012393593,-0.065422341,-0.020129155,-0.15963292,0.033274643,-0.15752238,-0.011337174,-0.063408338,-0.037269264,-0.048527904,0.15424038,-0.071727648,-0.33892196,0.12778518,-0.12183606,-0.009272554
0.05525706,0.048407122,-0.050952576,-0.0763404,-0.092174761,-0.086766884,-0.23289999,0.011732529,0.065553918,-0.0753657,-0.10592923,0.01920056,-0.13758163,-0.068080083,-0.20206565,0.13843989
0.02175566,-0.23493837,-0.074981324,-0.040634584,-0.12825388,0.18535429,-0.10517482,0.95716935,0.91093349,1.0231566,0.9471975,1.0045698,0.13408947,-0.12448876,-0.015608905,-0.081028804
-0.05118271,-0.16489238,0.12889428,-0.1288781,-0.16424948,-0.090066098,-0.027997643,0.72564101,0.83259112,0.91574478,1.0116334,0.93174905,-0.066707931,-0.15859331,-0.23764293,-0.25693083
0.04855356,0.023303524,0.081637479,0.028990798,-0.015404256,-0.16678363,0.011760461,1.169866,0.86197233,0.98195451,0.83481067,0.89081383,-0.16871202,0.047866754,-0.037282661,-0.076704927
-0.074389607,-0.13056496,0.069618933,-0.032807551,-0.01417124,0.014967152,0.14143151,1.0068694,1.0702322,1.0039802,1.1456509,0.8338418,0.066358335,-0.018409932,0.05633305,-0.050957065
0.0048905457,0.11365436,-0.2504431,0.20218189,0.094575621,0.030265698,-0.2345067,0.86465305,0.82849211,1.0669901,1.0699733,0.85287899,-0.00060612074,-0.078417577,0.11739979,0.024260335
0.10089257,-0.097029895,-0.15869588,-0.031503227,0.15848564,-0.16782163,0.18488821,0.015227336,0.16020818,0.0026453664,0.16123146,0.008547633,-0.004825342,-0.24868488,0.025607804,0.19852783
-0.022651905,-0.046206996,-0.1147059,-0.0049275672,-0.054635916,-0.22389141,-0.051401123,0.13335384,-0.05659233,0.13218468,0.23437415,0.014562083,0.0386023,-0.16585629,0.29199764,-0.14658892
-0.078282535,-0.059618033,0.11610536,-0.084089056,-0.0039193383,-0.015995484,0.14636345,-0.15255684,-0.038397547,-0.025463421,-0.15969238,-0.0060746898,-0.18138535,-0.058619875,-0.033053003,-0.089089602
-0.078445621,-0.16502021,0.019718729,-0.11737194,-0.15379004,0.086355872,-0.10417625,0.085051984,0.084974706,0.05533962,0.057149164,-0.076173611,-0.046220135,-0.12198254,-0.21873413,0.062190916
-0.11713793,-0.057892565,0.029225769,-0.029159471,-0.084461242,0.01193596,0.12393564,-0.15177186,-0.10045467,0.040189099,0.033178594,-0.021317568,-0.15195824,0.26112688,0.73713434,0.80274439
0.11559431,0.13418822,-0.010605616,-0.29384255,0.058721647,-0.026599193,0.12322,-0.044786993,0.039694786,-0.021430127,-0.15156728,0.045086209,0.15736736,0.98106259,1.093102,-0.48613736
0.10739124,-0.076074205,-0.035289265,-0.096264608,-0.029204046,-0.050526671,-0.013181436,-0.12213699,-0.10862353,-0.13740809,-0.13393603,0.11402749,1.0190929,0.9101193,-0.11874216,-0.076775089
-0.1647235,-0.034175277,0.05033049,-0.056383044,0.058381423,-0.092011876,-0.049888387,-0.15525097,-0.045302648,0.065547653,0.12347196,0.99600726,0.85527265,-0.18677823,-0.0089955507,-0.040687807
0.14294052,0.21193533,-0.13991582,-0.044915926,0.19290216,-0.12873434,0.052712411,0.17973603,-0.096079372,-0.061826169,1.0964617,1.0996492,-0.055755161,-0.020262454,0.036103159,-0.027135283
0.22215118,-0.013532388,-0.0452752,-0.31354865,0.26929471,-0.041971296,-0.040106766,0.064968273,-0.16402888,0.96683866,1.0383207,-0.10583369,-0.025884813,0.046622541,0.17577896,-0.15368901
0.054756805,-0.10836054,0.017926713,0.15812287,-0.042924792,-0.11278313,0.041546736,-0.025106072,1.1070455,0.97060072,-0.24402124,-0.033539403,0.26713485,0.15252496,0.067985572,-0.018098395
0.048326936,-0.079272702,0.067590818,0.12643601,-0.013109622,0.088777594,0.12939158,0.96345282,1.1544447,0.095283322,-0.17612268,-0.12642856,-0.22221024,-0.0059307134,-0.16969205,-0.21148063
-0.056585185,0.061072543,0.012986264,-0.078826018,-0.17894311,-0.07370612,1.1398095,1.0630598,0.18015921,-0.22668394,0.055353016,0.029687706,-0.060349327,-0.0072718323,0.13071242,0.088133715
-0.10139952,-0.041001953,0.05705443,0.1399373,-0.046904109,0.8617602,0.79809403,0.059403695,0.062089253,-0.039066985,-0.13918416,0.015132745,-0.087207928,0.18494794,-0.042656295,0.14317493
-0.039541401,-0.14540143,0.21606788,-0.039185606,0.87941134,1.0226482,-0.254107,0.037785787,-0.20164503,0.20400037,-0.15432309,-0.1568467,-0.18165268,-0.20038481,0.040444791,-0.056631785
0.033256479,0.018505799,-0.1497073,0.92430043,1.0864679,-0.15981373,-0.059412766,-0.056470841,-0.13294706,0.21382724,-0.13005258,0.19051087,-0.049403157,0.012662718,0.088275343,0.015949838
0.12362138,0.043605067,1.1114386,0.90046257,-0.063453093,0.26189286,0.21451682,0.030902706,0.2290953,0.061764985,-0.10680867,0.043208536,0.17906551,-0.0035412393,-0.049583219,-0.026220875
0.098344326,0.94176078,1.1587811,0.011089902,0.023013581,0.063226208,0.079778984,-0.1746939,0.12280779,-0.020880718,0.12447909,-0.054077324,0.032345623,-0.017027643,-0.15747106,0.0028750231
1.1062614,0.901097,0.021840228,-0.055148907,0.00428834,0.36128539,0.037817586,0.1814287,0.066165194,-0.28165111,0.0044545406,0.12076067,-0.16842771,0.22575255,0.01797615,0.057183459
1.0444965,0.30773383,0.031190902,-0.12856796,0.10867394,0.12751991,0.0068508415,0.079444088,0.025332222,0.19650528,-0.052097652,0.078057311,0.061485663,-0.042176221,0.011514623,-0.27989057
0.010324989,-0.099131629,0.0038866193,-0.14555244,-0.035007775,0.081315458,0.040458724,0.014560407,-0.18167944,-0.24032387,-0.021993099,0.018497391,0.14300063,0.028160794,-0.12614723,-0.043037288
0.086157389,0.042793404,-0.24302889,0.13806593,-0.090460733,0.24542573,-0.0043249605,0.20337863,-0.35552686,0.014913798,0.078171663,0.1303058,-0.12259641,-0.12515959,0.12813097,0.04450576
-0.0081434837,0.13145339,0.0050834641,-0.27220374,0.0056928247,-0.036453184,-0.20174602,-0.1045174,-0.079971083,-0.033416316,-0.055178236,0.16053548,-0.071119256,0.25254649,0.21849276,0.076198801
-0.030510608,0.058801483,-0.10236689,-0.054589234,0.17129065,-0.012306406,0.013335466,-0.14473815,0.21074189,0.11730451,0.049897455,0.07501623,-0.15740325,-0.12206863,-0.071660377,-0.09282726
0.024190135,0.10096597,-0.084682576,0.037431698,0.090550214,0.21961424,0.043933466,-0.15700954,0.055368517,0.11035851,-0.1384403,0.092279896,0.03030288,-0.21405177,0.33282784,-0.050724786
-0.025230739,-0.11436684,-0.040305588,-0.092853516,-0.078337863,-0.090719402,0.009495236,0.0014961149,0.077309735,0.098117165,0.085481524,0.088900574,0.15137608,-0.065035619,0.0056566074,0.10978186
0.060647551,0.08672753,0.102561,0.048049208,0.032302849,0.015493479,0.10988228,0.075797118,-0.017381012,1.0745109,-0.16454235,0.0024126417,-0.22133414,0.23622359,-0.074374482,-0.19922815
-0.056410413,0.0024080351,0.2031942,-0.046977893,-0.20713949,0.056819491,0.21620676,-0.026501287,-0.02125491,1.0884118,-0.29062077,-0.08186429,0.0026747801,-0.11136257,-0.29901564,-0.13620338
0.15044646,0.055832714,0.07259167,-0.04913608,0.18223475,-0.0028167502,0.11696351,0.0023389696,-0.24396224,0.85662639,0.014834801,0.14487305,0.15883058,0.0337875,0.16065614,-0.029832402
0.12378972,-0.17968901,0.1311686,0.013631745,0.28705907,0.15805571,-0.079344563,0.29320014,0.02937438,1.1268315,-0.11699948,-0.046424642,0.15583728,-0.086056858,-0.073870778,-0.2085039
-0.012116261,-0.10017329,0.23816685,-0.29900396,-0.051195256,1.0224497,0.93463737,0.91695261,1.0512015,1.2798928,1.2142857,0.8338117,0.89575016,1.1165339,-0.067452267,0.019204743
-0.069737613,-0.015706304,-0.15334357,-0.25993282,-0.014895773,-0.35535276,0.083249249,0.17825159,-0.026958877,1.0855021,0.053417675,-0.094755203,-0.15045644,-0.19676523,0.038083572,0.045189377
-0.13621332,-0.18070352,-0.18653084,-0.080700725,0.22787283,0.073076658,-0.016866846,0.18671864,0.074717328,1.2782996,-0.0091224732,-0.049075969,0.15698561,-0.07524702,0.070727944,-0.0379995
0.036416706,-0.062870383,0.087200798,-0.072470829,-0.051257767,-0.029139662,-0.19534791,0.014969238,-0.068300471,1.0500023,0.11715367,-0.11322829,0.1277891,-0.017813912,-0.012631084,0.10137662
0.25531539,-0.069701403,-0.14674793,-0.040823493,0.044250362,-0.027736142,0.34275609,0.015728187,0.04401353,1.3017483,-0.1343594,0.0018341457,-0.0016494014,0.13450503,-0.107319,-0.2249794
-0.22056353,0.079417162,0.080575474,0.12773803,0.025935292,0.37102765,0.11968769,0.17098306,-0.15340462,-0.028136211,-0.025533218,0.17424949,-0.16879708,0.19935092,-0.18275546,0.0098371236
0.056689493,-0.10801148,0.049555477,0.068299711,-0.15685929,-0.2175647,0.1661391,0.059342783,-0.028585335,0.037391808,0.10064999,0.15812381,0.0678657,-0.0024980416,-0.23109017,0.06539394
0.091102883,-0.16861473,0.1156399,-0.11073378,-0.079615675,0.0066647637,-0.10984591,-0.0048832041,0.015641978,-0.0057823001,-0.069336355,-0.11384299,-0.16508253,-0.16689624,0.10952896,-0.048531692
-0.056795243,0.020021116,-0.1188274,-0.2160463,0.1794934,0.064802334,-0.14482844,0.026844027,-0.060874879,-0.1003195,-0.2227082,-0.20951864,-0.027616806,-0.2437865,-0.12422226,0.070474528
-0.071003862,0.24743982,0.056919869,-0.05447736,0.097247027,0.086502992,0.06760782,0.064611942,0.014964882,-0.20019199,-0.05527978,-0.047063474,-0.027629847,0.12038729,-0.16254841,-0.053858139
-0.11440574,0.11499149,-0.060755681,-0.055959888,0.085694529,-0.082027495,-0.1232467,0.019743001,0.8503862,-0.087174267,0.041496031,-0.17742214,-0.16463885,0.10443728,0.0082338192,-0.016787918
0.029257277,-0.17591348,-0.055546261,0.41964409,-0.018395903,0.09907975,0.017238196,0.21267127,1.0032114,-0.011333765,0.18707304,-0.15715942,0.093127772,-0.08102873,-0.10711857,0.13429078
-0.025885666,0.089185216,0.041941017,0.23943998,-0.049662247,0.13317502,0.17060202,-0.010025281,0.85118103,0.1615869,0.016454181,-0.019988539,0.12107094,-0.051936228,-0.14450228,-0.039367039
-0.1092757,-0.075179383,0.16805315,0.16201849,-0.032673132,-0.085468732,-0.015786909,0.21456547,1.1996831,0.020958912,0.163645,0.061305348,0.089225672,-0.2523461,0.16254035,-0.0045249173
0.090099961,-0.029803455,0.1542569,-0.10784092,1.1103032,1.0571144,1.0840437,0.92699498,0.99136978,0.89499032,0.87909192,0.9893859,0.90290666,-0.1819873,0.2376183,0.028088104
-0.15620635,-0.10253123,0.089357406,0.042500269,-0.052140623,0.11752709,0.078577429,0.074628875,0.88244784,-0.22847958,0.068925247,0.11073437,-0.23346421,-0.32413819,-0.064308569,0.034381006
-0.14292857,-0.1640909,0.15978076,-0.048242547,-0.049714614,0.13328205,0.07109955,0.12631957,0.92773223,-0.010074305,0.048869107,0.055900756,-0.025637686,-0.20088708,0.22117719,0.015020726
-0.032582842,0.17853446,0.070506126,-0.096385747,-0.16668902,0.22735055,0.14343485,0.037007652,0.89587194,0.066963367,-0.054004472,-0.31749013,0.066359438,-0.061042745,0.19332431,-0.010175857
-0.18517114,-0.085283011,-0.023780037,-0.14815316,0.0029036861,0.15830208,0.093013063,0.036144502,1.1220503,-0.019268047,0.026483882,0.018487986,-0.2014887,0.033610772,0.0050501684,0.084249161
-0.019362766,0.15498465,0.049228437,0.15205759,-0.0064027989,0.12316567,0.02677297,0.21870653,-0.34047249,-0.044948798,-0.13084102,-0.082226038,0.15422405,-0.010642121,-0.068940356,-0.14097124
0.012354884,-0.071734823,0.18822126,0.062607221,0.18357803,-0.20364828,0.10807728,0.1293539,-0.10649573,0.031913713,0.057657186,-0.11395644,-0.061039452,0.11271445,-0.08561594,0.29391605
-0.086388946,-0.19398502,0.067489706,0.11565495,0.0096748853,-0.039595187,0.12421642,-0.059159625,0.0015314354,0.16446298,-0.11204166,-0.05092869,-0.029113188,0.10240892,-0.04155606,0.1963585
0.017757084,-0.09311001,0.11814273,0.03355905,0.15323043,0.077824511,0.027181707,-0.022468338,-0.039289892,-0.03491848,-0.0057250238,-0.14310037,0.097215064,0.14115156,0.17047833,0.020516165
0.081730671,0.29057994,0.0090543926,0.14303474,-0.042658187,-0.0040850029,0.17809741,0.027502161,0.12291572,-0.2374263,0.01266865,-0.068186946,0.076758012,-0.060175508,-0.041360553,0.058640622
-0.050387219,0.038173299,-0.038095422,-0.058182586,-0.10371357,0.11166546,-0.09353359,-0.12904876,0.14841212,0.013573523,0.050333437,0.080789395,-0.029955259,-0.16621883,-0.14157072,0.013365721
-0.045264155,-0.096213035,0.065985292,0.1786069,0.066592991,-0.26638132,-0.096131161,-0.016040063,0.038706612,-0.16349119,0.019009398,-0.10155719,0.32701185,-0.11245761,-0.10378285,0.23405017
0.19279848,0.049707014,-0.1138372,0.0077442918,-0.047609676,0.09090063,-0.013842044,0.073339023,-0.016939884,-0.090003513,-0.33819014,-0.12054278,-0.095400654,0.032398578,-0.011458194,0.041038468
-0.024328321,0.12430348,-0.034672607,-0.49778363,0.1436868,0.92647016,0.18295717,0.043204673,0.10522933,-0.032293443,-0.029574752,0.019427169,0.0092798667,0.13221057,0.11367421,-0.22980034
-0.14078389,0.021165287,0.071364559,-0.057156123,0.0072811972,0.84181052,-0.1061049,-0.063072145,0.13446873,-0.096714251,0.062496152,0.15636231,0.041459061,0.034791064,-0.0097801266,0.043343928
-0.051093034,0.049748544,0.061189029,0.062004287,-0.16453415,0.97980249,-0.028102418,0.021141503,0.028322257,-0.048213158,-0.02398891,0.16381808,0.085089959,0.17197374,0.033207133,0.14138946
-0.10806379,0.033250321,-0.13204579,-0.06116892,-0.073507272,1.0343904,-0.15911324,-0.075561069,0.35156226,0.15911452,-0.051365905,-0.029858008,0.017911466,-0.091704078,-0.037495561,-0.15025291
0.0050564408,1.0032846,1.2940519,0.97167021,1.2254965,0.91185308,0.97007811,1.152876,1.1150787,0.88087285,-0.15198058,-0.024243861,-0.023197085,-0.025717048,-0.1611433,0.032681022
-0.15961397,-0.083243668,-0.13813241,0.12053066,-0.015705757,0.88632911,-0.12014386,-0.082287192,-0.0074763773,0.18809883,-0.17907228,0.20035701,-0.0017381848,-0.028552955,-0.060357105,0.007431264
0.091080703,-0.23470987,-0.23449516,-0.0067351731,-0.072836556,1.0769038,-0.05717741,0.13296151,-0.079021253,-0.14824443,-0.23796037,0.15363799,0.10082034,0.056063917,0.099988118,-0.1213913
-0.12264611,-0.058394417,-0.2053832,0.12297414,-0.0088523729,1.2795566,0.02033264,-0.13730428,0.12377457,0.096178807,-0.090228885,-0.0048727305,-0.058430601,-0.14805506,0.039606202,-0.095165551
0.20915414,-0.029710643,-0.011996525,-0.0026351972,0.051135715,0.95631319,-0.10980617,-0.017661456,0.075540878,-0.18610533,-0.13209935,-0.0024592318,-0.072689623,-0.017588153,0.027704494,0.047937132
0.3303563,-0.14017691,0.027068775,0.0042920792,-0.087924063,-0.010752439,-0.1933894,0.14482826,-0.028435251,0.14434187,-0.0086586205,0.053108651,0.15947823,0.035206113,-0.10316026,0.033183146
0.034625325,-0.091447473,-0.091855034,-0.053677432,0.089234218,0.18316685,-0.013940205,-0.038732532,-0.18803772,-0.027479468,-0.10621166,-0.12437844,0.16787481,0.20765404,-0.31433609,-0.003488431
-0.0046803732,-0.080007367,0.053562332,-0.10841826,-0.11194322,-0.032807227,-0.046213888,-0.011760651,-0.042527441,-0.017736815,0.090446457,0.12412358,0.17447701,0.33997771,0.055481777,0.016881986
-0.18067949,0.14669138,-0.15635502,-0.19101448,-0.051345054,-0.14879873,0.11985575,0.073693722,0.096839517,-0.23514615,0.18409173,0.2614032,-0.17921491,-0.27784082,-0.23540515,0.36323839
-0.14508027,0.1324015,-0.042756956,0.064385548,-0.18968189,-0.24078025,0.13954087,0.024922743,-0.012276194,0.024358548,-0.13320228,-0.087926082,-0.10004016,-0.050055943,0.077426881,-0.14426577
0.099740051,-0.14676006,0.014942746,0.010014239,-0.10775573,-0.12662877,-0.124897,0.10460716,0.056531928,0.18298166,-0.036160164,0.06452895,-0.056763962,0.072679371,-0.04426299,0.043786317
0.081461191,-0.034728598,-0.09306743,-0.30630544,-0.024489747,-0.14743569,-0.095483191,0.075810201,0.05239246,-0.14035048,0.01093704,0.17157333,-0.10304567,0.11531077,-0.037225984,0.022134423
0.31578052,-0.029063888,0.044270124,0.10206986,-0.1943495,0.19701411,-0.066734955,0.25049287,0.080794513,-0.12301101,-0.12571618,-0.030836796,-0.084183589,-0.11846127,0.029309692,0.049566481
0.010648866,0.010299397,0.11378451,-0.25391632,0.9588654,0.92118502,1.0882534,0.96789449,1.040437,0.14145382,0.15982793,-0.020477906,-0.10394401,-0.062907837,0.094460003,0.11882325
-0.028628567,-0.012266857,0.095184952,-0.10577969,1.0529364,0.97756696,0.99772024,1.0556452,1.1244143,0.018934853,-0.2260163,-0.051579893,0.18848722,-0.27736017,0.26768374,-0.25241995
-0.061787516,-0.055879008,-0.10749082,0.09509787,0.8029238,0.9172278,1.132869,1.057367,0.93904805,-0.2176057,0.070457153,-0.17301078,-0.012810584,0.16262603,0.19050089,0.12751149
-0.030031808,0.10158288,0.12443275,-0.090121962,0.94511527,1.2614704,0.84083438,1.2271159,0.87801641,-0.039281063,0.069896519,0.071231224,0.034697328,0.080351889,0.014211416,0.070476584
0.012059488,-0.022754442,0.086823694,-0.26582,1.0196582,0.99512368,0.92698741,1.0273713,0.9528411,-0.0054452806,-0.041427165,0.055784151,-0.13205402,0.083269209,0.1520237,0.058049083
0.044056576,-0.14079066,0.1278238,0.079675384,0.00076765119,-0.087959222,0.22847112,-0.065549903,-0.0020897477,-0.084871203,0.096476942,0.012556721,-0.22823933,0.22246845,-0.031205861,0.13091753
0.16317141,-0.21253896,-0.11088005,0.094250984,-0.23159231,0.11161183,0.024483439,-0.10982326,0.071075998,0.060655024,-0.1948289,-0.23311,-0.11666331,-0.081508286,-0.094083637,-0.20510672
-0.052679885,0.00025161821,0.094143935,0.20546855,0.019466922,-0.14849435,0.048728991,0.26644927,0.14311437,-0.10897391,0.25572684,-0.0207233,0.0078405552,0.15270384,-0.021531271,0.026407281
0.10375059,-0.22443737,0.048621353,0.034100976,0.064793468,0.11324722,-0.039363548,0.0034503904,-0.081456304,-0.17143145,0.28391868,0.12498163,-0.021534422,0.055018239,0.064408459,-0.14849772
-0.1978423,0.0054501067,-0.26769793,0.33743277,-0.014938354,0.041011456,-0.15054533,-0.067772783,-0.13733219,0.0060433606,-0.11330512,0.001204583,0.14276916,-0.0041595423,-0.13204218,0.03392927
1.0087953,0.84387296,0.12267686,-0.00040063891,0.13990207,-0.011684178,-0.10635478,-0.11572881,-0.0033434522,-0.18464394,-0.039594814,-0.10849439,0.15403675,0.038494896,0.15731917,0.11371122
0.039554585,0.99786311,1.0504688,-0.060407579,0.049874764,-0.10358273,-0.12530196,0.085656986,0.02952921,-0.046201989,0.097716331,0.024656219,-0.091419347,-0.27481312,0.18771356,-0.07100337
-0.13406385,0.066070251,0.83950013,0.8813026,-0.092897996,-0.032453638,-0.092998289,0.18467788,0.048100367,0.092645168,-0.083161123,0.069534838,-0.13084085,0.060175922,0.30826753,-0.14282517
-0.19233748,0.0039651273,0.12650746,0.7975561,0.93606621,-0.18061325,-0.20329759,0.040208336,-0.040454634,-0.10420357,-0.082560904,-0.10421392,0.063425511,-0.016342524,0.059541285,-0.20473132
-0.12568156,0.1622626,-0.019528659,0.10387414,1.1428314,0.99946535,-0.12025341,0.036055423,0.097132184,-0.047089327,-0.05119054,-0.065455727,0.25845692,-0.046977241,0.14697967,-0.12300912
-0.010248559,0.10891279,-0.051980659,-0.099414945,0.13608009,0.97811055,1.0666012,-0.034784187,-0.15872177,0.084075063,0.11026771,0.049859293,-0.02643251,0.042045373,0.087810598,-0.17481695
0.1907517,-0.015977876,0.0028255212,-0.1410352,-0.040977467,0.015050507,1.1165092,1.0406283,-0.037221737,-0.24272011,-0.0042553558,0.041418735,-0.25336319,0.26950279,-0.052974269,0.26957864
-0.0021860776,-0.026471334,0.11601266,-0.035805207,0.0044537983,-0.066571988,0.027283931,1.0469993,1.0232216,0.11683222,-0.025825169,-0.053897865,-0.11332594,-0.15832365,0.18249807,0.15074804
-0.11523657,0.15411352,0.24433179,-0.17402595,0.088695519,0.12372148,-0.044386938,0.05875399,0.85743946,0.82895213,0.052664593,0.00039857402,0.076550797,-0.095144875,-0.073742434,-0.0063144453
0.12783612,0.06665621,0.017614858,0.13581,0.03217132,0.099028692,0.0096739838,0.014830139,-0.078978635,0.88017005,0.87940478,-0.16812341,-0.015266526,0.064766489,0.21077071,0.030272229
0.1618261,0.014682092,-0.0087661073,-0.097648926,-0.12012488,0.14545372,0.1608416,0.081547491,-0.011129037,-0.1592865,0.92440957,1.0801075,-0.0074078315,0.1641486,0.12675479,-0.046095975
-0.17334095,0.16316444,0.013532638,-0.09493234,0.03453362,0.056368198,-0.063020192,0.011833727,-0.050589379,-0.046595469,0.15171903,1.0117002,1.059418,-0.17682128,-0.037545905,-0.074110068
-0.075923793,-0.037462573,0.0091610542,-0.054861829,0.040713713,0.012370016,-0.044579417,-0.12180522,0.13064499,0.2220661,-0.031823073,0.041296203,0.93375361,1.0492306,0.14008576,-0.03794444
-0.030348452,-0.092289515,0.11229053,0.00050566718,-0.029558973,0.18603629,-0.087122835,0.069826975,0.17559132,0.0083473362,0.072894186,0.050892346,0.055686679,0.95330918,0.67464459,0.0045666941
-0.019519204,0.10773284,0.19157031,-0.075947799,-0.075803533,0.218641,0.096248195,0.2161268,0.18074276,0.15540153,-0.14937882,-0.14010267,0.16792464,0.17570259,0.9020347,1.0574002
0.082109801,0.02055965,-0.039902553,-0.13014902,0.040828303,0.045710191,-0.01859609,-0.027952902,0.070266433,-0.06068676,0.086444341,-0.14285447,0.060744889,0.014121451,-0.15895718,0.82642543
-0.053580463,0.18213803,-0.23764455,0.024498617,0.048239496,0.11966705,0.11890123,-0.0015572879,0.092673346,0.011555512,-0.16646162,0.06018433,-0.22701468,0.02284231,0.0049013831,0.031594738
0.093027815,-0.087460168,-0.14353336,-0.077395514,0.18297905,-0.13065822,-0.079589911,-0.063960493,0.05209567,-0.31424513,-0.096717753,0.048188634,-0.047452062,-0.017301399,0.090727389,-0.10541508
-0.184852,0.018972043,0.022504477,0.034079209,0.030369554,0.090524226,0.047858234,-0.11679194,-0.055643633,-0.0033725619,-0.092455402,-0.10894589,-0.21080439,-0.040170267,-0.20220833,0.0097354883
-0.0012106142,-0.13624978,-0.06667681,-0.029612388,-0.055348217,0.038520053,0.014122326,0.056731846,-0.056192417,0.16152041,1.0937958,0.069082275,0.015026299,-0.24143988,0.13714391,0.0054043932
-0.22773279,0.11779181,0.098368518,0.071095347,0.0016987631,-0.048480526,-0.03627542,0.068795577,-0.15076268,0.047802251,0.96648496,0.04821784,-0.18733951,-0.19948667,-0.0045814309,-0.15104428
-0.044557482,-0.15868053,-0.10411897,0.066025801,-0.079206608,0.0167208,-0.036951631,0.017593689,0.12103873,0.15680884,1.2168118,0.20280263,0.0045390711,0.024948027,0.040000066,-0.26422566
-0.049747787,0.24151753,-0.056298241,-0.41833797,-0.14306901,0.0042160526,0.071421139,0.011068471,0.13978766,0.028702822,0.83035612,-0.055482216,0.074098766,-0.025629112,0.053521387,-0.10262803
-0.046616506,-0.32171381,0.038724832,0.0084004654,0.17343929,-0.10083568,0.82879615,1.0648998,1.0165951,0.81537712,0.94984734,1.095718,1.0974393,1.0679557,1.019991,-0.037761785
-0.13689901,-0.24782212,-0.0065236208,0.0999365,0.023944357,-0.26608181,-0.045484107,0.0085440129,0.0080281561,-0.13867627,0.97375715,0.03636355,0.057029366,-0.24917898,-0.017151391,0.02051601
0.0034356457,0.069630355,-0.0042774281,-0.35627148,0.11588266,0.070037305,-0.036193252,0.04766902,-0.031979151,0.032089129,1.1155605,-0.12061154,-0.052624416,0.17162722,-0.032128546,0.11998681
0.21563981,0.35656399,0.18388362,-0.012670278,0.013117418,0.019991428,-0.075443126,0.015713779,-0.025258146,0.31898537,0.94142914,0.044903953,-0.10697033,0.081879981,-0.023806397,0.12262895
0.089210339,-0.110896,0.13481164,0.035890147,-0.09673164,0.097917676,0.1348915,0.16239762,0.055543169,-0.17289729,0.93401283,-0.077440634,0.12355671,-0.13966773,0.024802811,-0.0036162976
0.056155588,0.11095492,-0.13228478,0.087140366,0.0069303238,0.12672305,0.14236073,-0.13020203,0.017973235,0.12855718,-0.13636158,0.10752088,-0.088999674,0.14316154,-0.044964105,-0.087348655
0.17745617,-0.26852256,0.049003426,0.087594844,-0.0028105886,0.07515084,0.12019517,-0.1170406,-0.094128497,0.044262312,0.0047272108,0.071169607,0.018881017,0.046968341,0.0080240658,-0.019203344
0.10391422,0.13849233,-0.097812019,-0.18088539,-0.059622385,-0.11442443,-0.15091597,-0.0011578273,0.060453326,0.066938907,-0.029972669,0.011501081,0.1078983,0.085390083,0.045811046,-0.24889855
0.030212404,0.04954838,-0.0012854896,0.057378385,-0.10325238,0.12539968,0.052964821,-0.11958979,0.14517963,-0.041897178,0.059891216,-0.040146329,-0.078696862,0.019966394,-0.10789705,0.28330502
-0.057843991,0.096505105,0.10522282,-0.24583726,-0.025705762,0.23176387,0.12225933,-0.10036464,0.057877459,0.027119875,0.063152291,-0.034640387,-0.15378024,0.041448485,-0.11200508,-0.050209951
1.1724412,0.12405343,0.066433087,0.21622598,0.011142137,-0.087800115,-0.059405379,-0.037986275,0.023814943,0.047298592,0.15524787,0.072083764,-0.0092078559,0.1389944,-0.066604592,0.19950758
0.6915254,1.1087201,0.01237693,-0.28063416,-0.09490189,-0.16402267,0.21772146,-0.072288603,-0.027818,0.15066592,0.060261089,-0.1832419,-0.18432815,-0.064688332,-0.14046194,0.19925646
0.0050726091,0.95475245,0.95704979,-0.043582715,0.040533282,-0.039884657,-0.0057219635,0.14458559,-0.016330075,-0.10441055,-0.17386962,0.21272227,0.024236744,-0.15020753,-0.033989921,-0.18194637
-0.21115862,0.28539056,1.0455911,0.91243714,-0.12890361,0.036815383,0.18672994,-0.051422883,0.16531987,0.052396048,-0.0422481,0.014563799,-0.0028261151,0.13827799,0.080999553,0.16751905
-0.23494014,-0.016649254,-0.12096252,0.87092328,1.0255332,-0.0090768607,0.14029433,-0.068432517,-0.062302876,0.045433052,0.217272,0.13551418,0.056833219,-0.059129603,-0.083818614,-0.12854749
-0.026779732,-0.20210253,-0.094489172,0.091337569,0.80509067,0.85426944,-0.089647271,-0.040552519,-0.016357522,-0.074131608,-0.04780202,0.087091282,-0.098665126,0.043553717,-0.023055807,-0.064969733
0.10920989,-0.15084143,0.035153206,-0.012485842,0.11626879,0.92083049,0.87196022,0.0092923306,0.028523995,-0.14368884,-0.024780689,-0.1907966,0.0075247549,0.23840438,0.067326717,-0.034097474
-0.03663687,0.045730051,0.10734872,-0.15710254,0.031426035,0.10938349,0.80238324,1.1520814,0.20620969,0.042480379,-0.1775358,-0.0032198403,0.15835695,-0.14900605,-0.0017768797,0.00035060811
0.094747826,0.072513595,0.0053975154,0.027581526,-0.070225745,0.05532629,0.092291847,1.1943699,0.83790016,-0.0032791388,0.095642023,-0.0552264,-0.0050088293,-0.21023133,-0.011811423,-0.079747811
0.19263361,-0.29517725,-0.1130084,0.0023612368,-0.13152951,-0.032407783,0.19978899,0.088851131,1.2045828,0.87269676,-0.17188415,0.15390117,0.051630173,0.095705621,-0.067076184,-0.14045088
0.058765031,-0.27595624,0.11150923,-0.1187365,-0.011056738,-0.12165454,0.070864916,0.028933527,-0.011614835,1.0100538,1.1563798,-0.095567569,-0.23677751,-0.17114766,0.15400222,0.095253319
-0.12065215,0.26794124,-0.23112823,-0.096836895,-0.15599635,0.038836222,-0.15569264,0.12747097,0.0827583,0.0036752934,1.0903661,0.91420555,-0.29428074,-0.012210649,-0.11008658,0.15918081
-0.20643675,-0.018878775,0.1006385,-0.050991122,0.11013266,-0.052660901,0.043031219,0.068440042,0.12933089,-0.067037165,-0.094555452,1.147997,1.1704371,-0.18717645,-0.24264207,-0.024997598
-0.10544249,-0.083457656,0.040551856,-0.21479912,0.35558239,-0.29912129,0.1345799,-0.069754578,0.029215097,-0.14645085,-0.092047073,0.0056448868,1.238373,0.94790077,0.19946869,-0.053669918
-0.054817427,-0.085520744,0.06327308,0.16637956,-0.094884396,0.032990821,-0.00033870313,0.012551094,-0.042225085,0.15013224,0.18262617,0.032109786,0.1021136,0.8484174,1.1844658,0.1231468
0.90790957,1.0371025,0.0035591985,-0.045125294,0.062722415,0.28706649,-0.040878259,-0.033363082,-0.087834157,0.0089007188,-0.0026501114,0.10800267,0.094072372,-0.088123716,-0.076739915,-0.072292402
0.10037192,1.1052976,1.0218022,-0.091725059,-0.075026877,-0.11736934,0.10472179,-0.19840382,0.028358512,0.076817587,-0.057623383,0.048662852,-0.12752894,0.091519371,-0.13447647,-0.28505409
-0.022047248,-0.11707108,0.81329978,0.99843585,-0.15627782,0.053492386,-0.0029614591,-0.012991067,0.048981078,0.10862835,0.028574836,0.099447675,0.020817401,-0.088659503,0.0852433,-0.20334592
0.053041197,0.082539842,-0.15738067,1.1774614,0.93475825,0.072157718,0.061272498,-0.13727501,0.10747825,-0.073466763,-0.14575219,-0.1900062,-0.069929071,0.21277264,0.093680792,0.15875609
-0.033033382,-0.12724797,0.036661018,-0.014678036,0.95696068,1.0126977,-0.20433995,-0.30176568,-0.086391553,0.074150637,-0.2630941,-0.18874119,-0.12346507,0.0069793616,0.15659979,0.00094005198
-0.070179619,0.14191478,-0.040182427,0.098458186,0.036679234,0.87965548,1.0261127,-0.23115654,0.14338452,0.059294257,-0.019741459,-0.044289257,0.25713879,0.05620626,0.0277777,-0.054855824
0.091191046,-0.022668039,0.1229988,-0.21340229,-0.012581289,0.041603122,1.004046,0.93867087,-0.12001519,0.070990264,-0.050705139,0.055265505,-0.019279594,0.13638741,-0.12201157,-0.021220991
0.006961179,0.07940878,0.080716074,-0.061274845,0.029762425,-0.11591364,0.067999758,0.96131426,0.89339286,0.12996615,0.010864612,-0.13969405,0.10490789,-0.055746619,-0.012708744,0.18598771
-0.065289713,0.13579379,-0.13848281,-0.17182338,0.065010145,0.074107617,-0.18012172,0.048871182,1.0696439,0.89775389,0.044122696,-0.063805304,-0.14625429,-0.035866328,-0.066364348,0.043563165
-0.025079869,0.022731086,-0.19324701,-0.11134554,0.074913561,0.03725386,-0.0097486824,0.0067192977,0.11821053,0.76632494,1.1312307,0.045562927,0.076723471,0.17453171,-0.046844885,0.16262354
-0.081539027,0.06917908,-0.077561274,-0.072748929,0.13635355,-0.044761192,-0.082722768,0.13789995,0.16854119,-0.095502727,1.0648038,1.163888,0.033697028,-0.09664987,-0.30975941,0.030965874
-0.1768361,-0.20473903,-0.082380421,-0.075042523,0.13648818,0.14184317,-0.056379274,-0.085257262,-0.016699648,-0.025738627,0.04584863,0.98701912,0.9830879,0.10853586,0.0088680601,0.11201879
-0.13853559,0.032454021,0.046626676,-0.12584852,0.11212841,-0.18190359,0.13321874,0.10295461,0.010472315,0.0046921642,0.28006774,0.21918985,1.0486449,1.0427403,0.040598087,-0.0290806
0.050310679,-0.16489893,0.1510193,0.11109722,0.050554696,0.085670277,-0.13451983,0.10567556,-0.15871383,-0.059989478,-0.030947853,0.069649115,0.071052298,0.74942654,0.90371484,-0.10025956
-0.20839469,-0.077226877,0.26342168,0.11872508,0.00028002873,0.055922687,-0.055024032,-0.087084398,0.22199993,0.065154672,-0.063841738,-0.17445846,0.048639666,-0.065001681,0.82770818,1.0163709
0.096101984,-0.13367757,-0.15382698,-0.15475422,0.18180032,-0.019175036,0.105775,-0.19413593,-0.054182127,0.12825172,0.045424085,0.051412247,0.033486933,0.086969577,-0.091811135,1.1737348
0.0068782908,-0.12752286,-0.13641956,0.12162484,-0.081886493,-0.083529167,-0.03739775,-0.012606489,0.080982819,-0.13504332,-0.13493985,-0.049510267,-0.026988564,-0.14288901,0.09491279,0.14177655
-0.12204293,0.30523455,0.019493164,0.042703606,0.074533649,0.28157821,-0.23686253,-0.0083690435,0.13026848,0.078057408,0.35135913,0.049388103,-0.12428816,-0.088963635,-0.097574875,0.064228192
0.065851621,-0.05063289,0.092248678,-0.0037250272,0.034679867,0.10458742,0.0529982,-0.11161634,-0.13367325,0.07453341,0.033290494,0.0709747,-0.067607999,0.1365748,-0.067538485,0.06059004
-0.053786781,-0.049870934,-0.074487016,0.21085954,-0.17962036,0.078806952,-0.06082629,-0.17143069,0.083449997,-0.27105638,0.10117334,-0.085005514,0.01540824,-0.054642133,0.18349782,0.16644199
-0.042037107,-0.14666761,0.030182058,0.10744841,0.17307322,0.05439556,0.022644075,0.068812206,0.16816869,0.12024623,-0.099034153,-0.063818827,0.071774796,-0.10326293,-0.32469475,-0.016210623
-0.12444917,0.21931599,-0.045026135,-0.23139206,-0.10820758,0.10174355,-0.009490543,0.055763036,-0.0061289915,0.13347715,-0.089423306,0.080948979,0.070313171,-0.052152984,0.036513224,0.15400933
0.079339005,-0.057012327,0.0011326662,-0.16733471,-0.20443867,0.15424129,-0.039972428,-0.040670086,-0.039298642,-0.046943005,0.018722836,-0.12696049,0.065678746,-0.18254776,0.016307497,0.029818667
-0.1255711,-0.12607688,-0.018392259,-0.0043117343,-0.0038064418,-0.037686381,-0.057062108,0.091129109,0.16628379,0.084391586,-0.12749878,-0.012858235,0.0066117924,0.013523336,-0.091927335,0.051093657
0.15020974,-0.11164742,-0.3217003,0.89432979,1.0670847,1.0530052,0.80907649,1.271968,-0.22561747,0.07357391,0.090161026,-0.15191203,-0.065477647,0.02867835,0.23400708,-0.11934249
0.17984052,-0.083739787,0.18220191,0.95814735,1.1181179,0.95654875,0.98747623,0.8599146,0.011374375,0.0094310967,0.10214414,-0.21724536,-0.0021909964,0.039860863,-0.08025986,0.072661318
-0.084898047,0.10516128,-0.097780749,0.78284633,0.96785486,0.8139835,0.87343192,1.0447216,-0.08947432,-0.074247234,0.013244074,-0.04912585,0.0095543135,0.069859669,-0.12898642,-0.10727681
-0.029095449,-0.037907839,0.0059853396,1.0690781,0.93059027,1.0319473,1.151947,1.1318839,-0.026179302,-0.033493169,-0.10899495,-0.042258173,0.076054178,-0.056831419,0.045952272,-0.11243191
0.0098355934,-0.089790285,-0.058619674,0.83271056,1.0106539,1.1453675,1.2454841,0.86021578,-0.018594058,-0.0020043787,-0.11756481,-0.0275815,-0.33007494,-0.026866795,0.02865318,-0.072753221
-0.051735863,-0.12333933,0.11299586,-0.057824742,0.060388543,0.076072544,0.16144882,-0.10882478,0.13106279,0.018954741,0.035338346,0.12378611,0.059162408,0.26520711,-0.0072987191,-0.021846512
-0.040985316,0.028670369,0.15712586,0.16421549,0.033124808,0.033320423,0.022803262,0.089714333,0.042560961,0.071902677,-0.21780442,-0.16120255,-0.10680325,0.10473047,0.2989668,0.14404742
-0.060977086,0.28763115,0.010984566,-0.098438516,-0.13785812,-0.01759892,-0.017686158,0.073204562,-0.043222807,0.016681962,0.029347265,0.060772717,-0.0091211284,0.14760354,0.074926727,0.037301213
-0.15248902,-0.048562493,-0.30000791,-0.19647367,0.13030335,0.071047813,0.048692867,0.057519171,0.013651405,-0.017973736,-0.081442453,0.15496242,-0.080051929,0.1053191,0.011646865,-0.04169162
0.014104027,0.11469255,-0.064371452,-0.15197964,-0.057367206,-0.11728124,-0.091154292,-0.20910835,0.03167329,0.0094186766,-0.0045744982,-0.17584321,0.18231536,-0.10599118,0.15590262,0.11785434
0.033571821,0.17388654,0.0070606582,0.11450759,-0.25575033,0.0049582189,0.083353199,0.056328882,0.16109174,0.0089256419,0.17711253,0.0852933,0.28121018,-2.6758806e-05,0.081082582,0.12442174
0.098735467,0.14948998,-0.0028744284,0.13831986,0.0047445218,-0.15504918,0.027673675,0.062438939,-0.12066917,-0.10379325,-0.094019264,-0.078662127,-0.10364617,-0.12206884,0.045712698,-0.14988217
0.020046942,-0.10926294,0.057636604,-0.12539239,0.075984433,-0.042636346,0.12551047,-0.070188299,-0.0066868728,0.13393411,0.21339962,0.13028136,0.051316455,0.14498626,-0.030140484,0.030541863
0.15074657,-0.086888827,0.10626598,0.010479797,0.11890984,0.96743441,0.13203011,0.050916031,0.028681401,0.093374267,0.27374518,0.11246595,0.039278675,-0.087519482,0.16360764,0.018738793
0.066382371,-0.15396677,-0.028461594,0.04376338,0.067872971,0.79235959,-0.017324202,0.060774226,-0.13437629,-0.032468654,-0.21928434,0.07168822,-0.15614058,-0.041434433,-0.15118282,-0.010086024
0.05354815,-0.02630326,-0.055333436,0.094211079,-0.028269198,0.90907049,-0.035034906,0.027806072,-0.11766835,0.060999349,0.13416535,0.040230867,-0.022375748,-0.1593032,0.098418117,0.060547989
0.024922458,0.0094333962,0.096828058,-0.22986531,0.19840607,1.0423579,-0.076943606,0.02994116,0.04390711,-0.15472209,-0.16194654,-0.082718611,0.20798849,0.20931269,-0.16330811,-0.0082699321
-0.19529115,0.69934005,1.1390343,1.0417132,1.0013603,1.1312913,0.9392187,1.0560519,0.9709866,1.0912224,0.11347529,-0.17032945,-0.12497805,0.020966854,-0.072766192,-0.08950793
-0.052411873,-0.23225632,0.088141784,-0.17871238,-0.17962813,0.75202245,0.075780816,-0.031804718,0.14351456,-0.0064110141,-0.075988181,-0.11548875,0.034775667,0.14834829,-0.0042889141,0.13721353
-0.033834811,0.092864327,0.0070020375,0.12008017,-0.15116745,0.93423235,-0.094453938,0.20193341,-0.1613237,-0.13354476,-0.11377314,0.029205885,-0.041750923,-0.1029395,-0.099094175,0.079286039
-0.085324086,0.039976191,-0.13625318,0.11054409,0.11349939,0.99722195,-0.1548629,-0.062370397,-0.011205244,-0.016902659,-0.0056172996,-0.027777461,0.15312213,-0.052776303,0.080874972,-0.075710788
0.086779781,-0.15581803,-0.15185249,0.23746006,-0.1065099,1.0742791,-0.036283489,0.18172386,0.24771357,-0.11405154,0.11776357,0.12449951,0.053643212,-0.21068077,-0.10219816,-0.0025792345
0.058221791,-0.033424325,0.16217317,-0.30023104,-0.039290182,-0.038098693,-0.044614792,-0.0206251,0.14262921,0.0048024021,-0.067003362,-0.072796382,-0.084767394,0.1627958,0.068507083,-0.28678241
-0.065728053,-0.12365949,-0.13141632,0.013132439,0.025975876,0.16138551,0.013006393,-0.05736002,0.036157757,-0.029211378,0.044331525,-0.0186418,0.0057193832,0.14270051,-0.14307636,-0.092933387
-0.037351917,0.0011069521,0.10989468,0.084792666,-0.08091788,-0.014481251,0.074766405,-0.090365671,-0.088472746,-0.13649444,-0.0070192474,0.15248831,0.08386156,-0.22175013,-0.13836288,-0.11353195
-0.045394175,0.036901351,-0.096159063,-0.055627774,-0.10483368,0.044258896,-0.21971826,0.066923127,0.034741808,0.08118517,0.1011709,0.12475391,-0.073606901,0.048186053,0.048876707,0.0015649582
0.74607182,-0.047149964,0.13186194,-0.16510265,0.1371109,0.18520951,0.047335379,-0.15661797,0.019624269,0.10231803,-0.079428323,0.2466967,0.032259054,0.15776534,0.20488243,0.22525038
1.1634183,0.82861078,-0.20583469,0.22503507,0.35451606,0.065184757,0.025191627,0.12495157,-0.096221536,0.03718885,-0.07374648,-0.022077987,0.1351883,0.0013483919,0.056006379,-0.29628697
-0.038734779,1.0829087,0.97929817,-0.14545168,-0.10080604,0.028087905,-0.0088556446,-0.15496086,-0.093503781,0.080175236,0.037526499,0.071975537,-0.13959809,0.067615516,0.088539697,0.12442558
-0.048977189,0.10322473,0.83046997,1.1019889,-0.16629325,-0.068999097,-0.051307939,-0.15586592,-0.16030024,-0.028880518,0.12269618,0.15798192,0.048775118,-0.052990444,0.032022577,0.092259221
-0.063580677,0.082127482,0.046834957,1.1166105,1.0640038,0.030822719,0.1471514,-0.19384553,-0.1350746,-0.024385629,-0.37622294,0.025348749,0.10925151,0.0083535621,0.44664565,0.016115367
0.034340817,-0.01662524,0.012249163,-0.013171526,0.95022351,1.1352397,0.092119344,-0.092386715,0.092242777,-0.043501068,-0.076881714,0.17098731,-0.064105123,0.19804837,0.067670643,0.072455779
0.025738645,-0.054507874,0.037401661,0.038789213,0.033532046,0.89436448,0.88155991,-0.17431255,0.086991899,0.0043734736,0.0030852072,-0.078785554,-0.052080732,0.056575626,0.10149057,-0.048384894
0.07796371,-0.061966963,-0.027722953,0.15196723,-0.1476333,-0.049692031,0.93555754,1.0990676,-0.047733158,0.31770867,0.011497396,-0.014790899,-0.1562117,0.14855574,0.22782233,0.16133389
-0.25746125,-0.12900117,0.050668143,-0.038098246,-0.28118435,0.0159929,-0.052192949,0.96545565,0.95978403,0.049638495,0.019365314,-0.0019476186,-0.11529485,0.013458939,-0.063072786,0.10106361
-0.059061334,0.059031103,-0.17659035,-0.014501518,-0.11061136,0.037760779,0.011303509,0.085581571,1.0253094,0.90241039,-0.028484285,-0.051000781,-0.094020911,0.18308179,0.19474247,0.0021077313
0.27647451,-0.090248145,-0.051958125,-0.069431439,0.068095699,-0.014552429,-0.16382222,0.25592497,-0.14430885,0.92462438,1.1638056,-0.074370548,-0.15408449,-0.064083315,-0.0087279361,0.076107867
0.015037787,0.063523695,0.18958569,-0.15261734,-0.050892327,-0.18605915,0.081783101,0.14348952,0.096457236,-0.19385391,1.0196141,1.0208262,0.1822062,0.057457827,0.034585722,-0.10390048
0.12998417,-0.023225861,0.016978685,0.015629327,0.10465664,-0.3151221,0.030801598,0.059923451,0.21403909,-0.056726448,-0.012095285,1.1206598,1.2710276,0.074032478,0.053994164,0.066421978
0.015509707,-0.10627469,-0.060927756,0.070062727,-0.0027368364,0.17974521,0.00020924615,-0.056745723,0.0027599686,0.036375146,0.093525067,0.13251558,1.0529472,0.9260363,-0.10298165,-0.065160163
0.10161001,-0.035010055,-0.32328311,-0.13227652,0.025577754,-0.27351776,-0.25700048,0.1316579,-0.025360564,0.0056921258,-0.055350598,-0.093851201,0.041573223,0.082236648,-0.051401429,-0.18821515
0.034390572,0.081679061,-0.15090571,0.1705309,0.064055681,1.2055889,-0.054910399,-0.14208238,0.032660626,0.14759478,-0.056994822,-0.090332866,-0.029084349,-0.036873549,-0.085889079,-0.16197056
0.15146019,-0.15384676,-0.18920043,-0.22822194,0.061497454,0.85712969,0.015122768,-0.056315038,-0.07305371,0.035717435,0.043724339,0.10681475,0.33250856,0.058035798,0.099223144,0.0740676
0.099033505,-0.098585844,0.15123759,0.090006083,-0.17609869,1.0669237,-0.076911807,0.0066963038,-0.0071181613,0.0051854504,0.23895998,0.01724064,0.082658462,0.11872262,-0.10747042,-0.1079158
-0.16279432,0.027854877,0.043602154,-0.28585947,-0.04850718,1.0075455,0.017641157,-0.16163519,-0.091732919,0.064769655,0.041754972,-0.0021251021,-0.073408708,0.076092973,0.10492907,-0.083482593
0.0083245505,0.96563631,1.0448308,1.2021881,1.045311,1.0781866,1.1960237,1.1874828,1.0186939,1.0058154,-0.10797278,-0.082812823,-0.060998537,0.16820763,0.059247617,-0.10399115
0.14718659,0.11614199,0.070199519,0.27946416,0.12209808,1.0092677,-0.041744269,-0.10119932,-0.0033782232,-0.17827509,0.27157992,0.020367069,0.21182439,-0.18383008,0.097201325,-0.0086817835
0.0082976241,-0.32738259,0.0059252391,0.01891025,0.021098385,1.0190741,-0.050587744,0.10076723,0.13428345,0.10521407,-0.036245778,-0.051443249,-0.13983004,0.024647783,0.11889541,-0.026876913
-0.043248627,-0.040581536,0.11358073,-0.15429479,-0.13102438,1.0363555,-0.14212474,-0.10372678,0.073573835,0.19545858,0.041239887,-0.097759038,-0.053309936,0.085516579,0.12364233,0.18579891
-0.093854524,0.035991751,0.063138507,-0.08534418,0.037331492,1.0229276,-0.20665443,0.043926753,-0.1015138,-0.1117885,-0.031050885,0.1758156,0.091423534,0.095621675,0.092567883,0.085413553
-0.12350036,0.051331937,0.15175326,0.14503081,-0.18360581,-0.11039799,0.035165317,-0.032636579,0.12782119,-0.12737682,-0.121195,-0.016645193,0.14212187,-0.036298864,-0.12175061,-0.092931703
0.090147503,-0.24508537,-0.068809919,-0.18332183,-0.019561183,0.1211115,0.092035599,-0.085205041,-0.056956876,0.10453745,-0.22060519,-0.13571012,-0.039653685,-0.06728299,0.10800944,-0.029161926
0.016819522,-0.094655149,0.071518354,-0.11983327,-0.13805377,0.040071294,0.0082021346,0.11567095,-0.001489806,-0.0016894842,-0.19948798,-0.10410023,0.25287864,0.19785491,-0.13747084,0.20482771
-0.088633992,-0.10122674,-0.082965516,0.16229574,0.014492114,0.301687,0.007937042,-0.002539421,0.04628329,-0.34039825,0.026899941,0.14019468,-0.12895219,0.050462388,0.19832334,-0.065819107
0.12154485,0.053479262,-0.073865741,0.051945291,-0.24964795,0.10417633,0.013057055,-0.019153349,-0.15429489,0.17675051,0.28001609,-0.00057795399,0.027401917,0.030634025,0.010946273,0.02244506
0.20376724,0.14832839,-0.014822796,-0.24089882,0.056967746,-0.031292189,-0.0055458732,0.058565069,-0.050241876,0.11440546,0.12476905,-0.064873151,0.073408902,-0.21396899,-0.06379959,-0.15446551
-0.089986175,0.062245186,0.039594281,-0.057258125,0.038057927,-0.013473397,-0.11321168,-0.25041348,0.20024592,0.046281826,0.050421748,-0.089728184,0.15885702,0.08285743,0.10299729,0.19249123
0.16732778,-0.088858098,-0.078478113,0.22801811,0.1673668,0.1124272,-0.026183862,-0.11187468,-0.017009644,-0.044059947,-0.19634998,-0.015815951,-0.079923354,-0.0094045792,-0.17476019,0.0051866327
-0.12256212,-0.1617243,0.13728519,-0.01432066,-0.028710304,-0.058899891,0.049251217,-0.065045238,-0.14751561,-0.095017694,0.10872819,0.028491979,-0.07158412,-0.072163761,0.03381528,0.22112785
-0.0046798638,-0.13316371,0.078720056,0.027007353,-0.23980123,0.29514107,-0.031565059,-0.047589239,-0.03593757,-0.20311478,0.050657026,-0.035566851,-0.13947104,0.016113825,-0.13692769,-0.023167251
0.15476844,0.18650763,-0.04335,0.0046644593,0.068895459,-0.021932721,-0.18440779,-0.14684628,0.17968607,-0.037106756,0.097204983,0.10950451,-0.30513728,-0.20780973,0.13473947,-0.052896004
-0.01151849,0.08650548,0.063566037,-0.044666499,0.043237686,-0.058017761,-0.14648031,0.097707197,-0.31733683,0.1923956,-0.083246008,0.13224708,-0.016750982,0.11144722,-0.16873966,-0.040842973
0.028721444,0.051687196,0.021764819,0.12741598,-0.32063937,0.0061683101,0.026662638,-0.052208811,-0.049882825,0.092500195,-0.086936399,-0.21096964,-0.05784918,-0.14247286,0.085926548,-0.14463203
-0.11075492,0.21929927,-0.081267491,0.11540087,-0.01987493,1.0618887,0.79643464,1.2407426,1.0941432,1.0017183,-0.24066286,0.23439765,0.14192741,-0.00060910953,-0.1423174,-0.040025383
0.13023707,-0.20531154,0.07732024,-0.031016909,-0.10052484,1.0207126,0.8579759,1.1435963,1.0417751,0.85550201,-0.25989515,0.043511398,-0.03139127,-0.061720084,0.023970859,-0.089039817
0.083175547,-0.23517312,-0.048632864,0.0024238443,0.0090019256,0.96126014,0.9085657,1.1628786,0.89396304,1.022198,0.06297414,-0.092672937,0.06825345,-0.0078384969,-0.098697022,0.085215896
0.018636882,0.053116918,0.19056197,-0.056411687,0.022020716,1.0664366,1.1847929,0.74131799,1.0002147,1.0472407,0.10164312,0.17439695,0.0069286698,-0.032789223,0.080241993,0.14478607
-0.173812,0.10655677,-0.11844534,-0.10258302,-0.16663019,1.025081,0.93589443,1.0737948,0.89414573,1.0073087,-0.041414395,0.10479379,0.084035031,0.041599441,-0.10655911,0.0085188588
0.0028124577,0.059748251,-0.10895578,-0.08727511,0.11236899,-0.061673846,-0.036911324,-0.029935643,-0.051100112,-0.046690099,0.16976021,0.098610528,0.058061969,0.0014482073,-0.0037271352,-0.0027043801
0.19559863,-0.0042302245,-0.058035534,-0.14159834,-0.1483507,0.21126245,-0.1075469,0.097609237,-0.1796459,-0.12937368,-0.15621059,0.10414682,0.095597744,0.089933641,-0.20928398,0.01477257
0.2487568,0.11100643,0.06106554,0.098059766,0.077398725,0.077250779,0.14256725,0.069252193,-0.050891869,0.049352635,0.090291217,0.17591707,0.06552586,-0.08709833,-0.10277312,0.093107052
-0.089867473,-0.049288042,-0.010969834,0.064006343,-0.032275341,-0.10959887,-0.16648753,0.20769738,0.030417968,0.071064077,0.12680171,-0.078977659,-0.041684758,-0.031735756,-0.007461471,0.095688313
-0.065680034,0.018794933,-0.015988892,0.11867473,-0.088735074,-0.053065889,0.040392864,-0.11602461,0.074489683,0.12340008,0.079324506,-0.1021761,0.14317769,0.0684238,-0.19142945,-0.18880741
-0.073797613,0.28719702,0.09637966,-0.059167854,-0.068050101,-0.055868387,-0.063978061,0.060811758,0.34782836,-0.12520048,0.19753514,-0.021459335,0.00092324533,-0.097488992,0.095669977,-0.21254587
-0.10958454,-0.25113294,-0.18337147,0.11849982,0.16977765,0.050737556,0.1004598,0.1045542,0.006129391,-0.10787422,0.031483393,0.021788454,0.19014749,-0.089470334,-0.10934293,0.19844313
-0.001200419,-0.11792332,-0.024933562,-0.022595836,-0.033777919,0.018620161,0.0094628781,0.13918853,-0.064968042,-0.11293431,-0.11703166,0.0023493427,0.12896012,0.032451291,0.11410193,0.033419415
-0.17310956,-0.14961234,-0.12855434,-0.15483822,0.14847894,-0.032242317,-0.19499829,-0.031033358,-0.023038046,-0.037278067,-0.20483412,0.0097771445,-0.13922814,0.043597221,-0.002942174,-0.093340129
-0.064221598,0.11944644,-0.28201798,-0.091611378,0.081991754,0.3650437,0.02692399,0.079903327,0.034349289,-0.036107499,-0.16963291,0.045360669,0.029901663,-0.13946763,0.13994825,-0.023493275
0.12823492,0.15332672,0.98414594,0.90269887,1.0226815,1.0345695,0.90015584,0.15239973,0.030113177,-0.012892054,0.10277915,0.091545969,-0.054372862,0.11308715,-0.070359409,0.02886639
0.052869435,0.0021096566,0.97741485,1.0765476,0.98619485,0.93011361,0.92181003,0.04842269,-0.030966604,0.10614363,0.0044740965,0.091043524,0.051474474,-0.093833037,0.17328972,0.028103717
-0.18739238,-0.17915833,1.0864141,1.0642679,0.96154213,0.8788684,1.1373887,0.14234495,-0.062526561,0.091121189,0.19377196,-0.21767452,-0.17056707,-0.098035187,0.11589141,-0.11502382
-0.052297067,-0.013713476,0.99208796,1.1049759,1.112783,1.235979,0.9483766,0.10989115,-0.2744275,0.076390795,0.13562757,0.11424401,-0.002895741,0.05276854,-0.11775956,0.054420855
-0.062582254,-0.075877056,1.122739,1.2169464,0.98031718,0.94861388,1.0142373,-0.10178603,0.084560268,-0.11803833,0.18165337,-0.10296885,-0.04753546,0.058285613,0.083677314,0.0034123124
0.099303678,0.21522875,-0.022387128,-0.14139041,0.026117792,-0.015495379,0.12492029,-0.064545318,-0.058210172,0.079935603,-0.30479422,0.13042407,0.08809524,-0.24215636,0.23366129,0.055027116
-0.072202012,-0.10624706,0.0047957427,-0.0076304022,0.073115826,0.14282632,-0.0040078671,0.094764516,0.025653372,-0.12410509,0.018509112,-0.048672188,-0.22021608,-0.015244615,0.18468909,0.0092633097
0.074509807,-0.24464135,-0.062384095,-0.12462563,-0.00042435509,0.054374475,-0.076921143,0.19231865,-0.11164179,-0.024607619,0.29026049,-0.086406477,-0.20608532,-0.16899194,-0.12981039,-0.087938495
-0.045411799,-0.26880392,-0.092330776,0.11463352,0.057114929,0.16394645,-0.1078736,-0.15803693,0.18557304,-0.073201478,0.021906907,0.16198088,-0.12791187,0.022564875,-0.1507199,-0.17388633
-0.026536029,0.14031704,-0.096246056,-0.035442542,-0.20546651,-0.018828021,-0.096660882,0.18220556,-0.16171776,-0.19448052,0.047106788,0.15151857,-0.13432038,0.018671207,0.0048431223,-0.20848289
-0.036204204,0.10999935,-0.13960585,0.055890128,0.035760731,-0.059414636,-0.18270011,-0.17011784,0.10039461,0.076880872,0.09932705,0.028911442,0.056208782,0.13327897,-0.11085275,-0.10247234
-0.0015789147,-0.04105702,-0.0623868,-0.0024530052,0.22532389,0.070201986,0.0679245,-0.0046585677,0.009198295,-0.009600698,-0.16246606,-0.052444033,-0.044666823,-0.17215031,0.25842449,0.11140198
-0.027699508,0.3160879,0.053673346,0.15084592,0.016442623,-0.24091093,-0.012513292,0.11055695,-0.07718122,0.032824501,0.16263515,0.026971305,0.088123918,-0.013594341,0.014106871,1.0532703
0.062634923,0.11810287,0.039108049,-0.06721817,0.19908883,0.0091772797,-0.042677924,-0.026773408,-0.11028903,-0.051631957,-0.33832082,-0.12972029,0.1189805,-0.15854844,0.93148512,1.0526924
0.016850388,0.070497073,0.063875385,0.15072848,-0.017826928,-0.095611513,-0.050717518,-0.18063344,-0.085582383,-0.17763996,0.017031718,-0.010752083,0.017100459,1.2232153,1.0573123,-0.043643955
0.12006024,-0.047537155,0.070741162,-0.048126515,-0.0067435279,0.260921,0.10879594,-0.018875007,0.14430475,0.098433748,0.048129898,-0.04703217,0.88070458,1.1024351,0.11646294,-0.013611933
0.042769194,-0.1831871,-0.029179407,-0.16383211,0.036466289,-0.18303289,-0.15101749,0.036414973,-0.18715966,-0.046626527,-0.19823551,0.89147091,1.1281387,-0.0040086317,-0.061720166,0.14251961
-0.12887906,0.1647979,-0.092574067,0.071783081,-0.10497526,0.066744559,0.044906657,0.081810616,-0.057481952,0.041993972,0.93763351,0.95401025,0.11281961,0.082790688,0.29678211,0.047951009
-0.050832525,-0.20003273,-0.015538249,-0.053610124,0.05904318,-0.28387693,0.15076822,-0.083345719,-0.028956048,1.0736183,1.0592829,0.17818369,0.028222036,0.24155569,-0.088666931,-0.046994761
0.093755729,0.022578143,-0.11274359,-0.016539652,-0.079548299,-0.019965312,-0.09223178,-0.091383874,1.0282655,1.002327,0.076588243,-0.11070339,-0.27531692,-0.11633933,-0.0086218389,0.02457298
-0.16141266,-0.015622843,0.10178714,0.014259532,-0.068940073,0.019160796,-0.13803621,0.70537168,1.0997261,-0.11667196,-0.23214865,-0.11108801,-0.33241624,0.032053884,-0.00058834406,0.033454046
0.091132157,0.081321277,-0.059715807,-0.092811286,-0.11446486,0.080089055,1.0471492,0.92922306,-0.0070361849,0.14180215,0.024568696,0.19945239,0.09093184,0.14719918,-0.20224996,0.087141775
-0.10871622,-0.018017065,0.17658545,-0.054579418,-0.061525129,1.056873,0.87888765,-0.17245457,0.068354622,0.14067139,-0.0073068766,0.13925864,0.16484861,-0.14467852,0.15894562,-0.06838645
-0.12593809,-0.059241291,0.042619713,-0.033089895,0.99437845,0.95480728,-0.20254023,-0.098614916,-0.10429836,0.002316905,-0.070240885,-0.088031925,0.045496713,-0.14992519,-0.17242028,-0.12257589
0.17167249,-0.14388162,0.28730404,0.94076079,0.94710976,0.089830063,-0.21505699,-0.042925499,0.047652461,0.18163031,-0.085309878,0.11843954,-0.32024908,-0.14641255,0.25300431,0.18430007
-0.14570397,0.12834124,0.94372422,0.90099269,-0.047263719,-0.11079843,0.22385624,0.10653507,0.39424369,0.028915266,-0.01332653,0.071699865,-0.14299557,-0.036053594,0.13858691,0.19386631
0.038194191,0.098945491,-0.093528137,-0.085493781,-0.18280962,0.09450455,0.14710666,0.11387177,-0.23202065,0.061836809,0.038789909,-0.078443773,-0.16435403,0.11039182,0.12555832,-0.17275901
-0.063927256,-0.062429681,0.024284746,0.28672931,-0.31789204,-0.13856113,0.13297707,0.12449177,-0.1565087,0.99575156,0.085566722,-0.11607917,0.15899649,0.20189133,0.17156626,-0.10566735
-0.085746415,-0.010868886,-0.19883431,0.13054417,-0.155304,0.048541579,-0.080197476,-0.0061753043,-0.11738545,0.95316428,-0.19875234,-0.14511247,0.10973789,0.24391401,-0.016468622,-0.026087938
-0.082830243,-0.041745793,-0.063159235,-0.23549823,0.063497141,0.045417745,0.067393854,-0.00036221516,0.078186281,0.81242692,-0.1131349,-0.12584424,0.12197208,-0.058010884,-0.16199084,0.10292513
-0.18347153,0.030354382,-0.01127434,-0.043990038,0.098237641,-0.041938685,0.073074438,-0.10868731,0.01357351,0.94201171,0.034808051,-0.0055625807,0.067540593,0.10121169,0.29537466,0.12217882
0.040047914,0.053335093,0.044054367,0.024403591,-0.028053321,1.0295986,1.1090171,0.98341161,0.89106703,0.8836754,1.0440003,1.0210019,0.93309999,0.94949394,0.0088476287,-0.18761523
-0.0074528088,0.14320022,-0.074687056,-0.17561007,0.02771268,0.018653927,0.077002808,0.10115082,-0.020468932,0.86391544,0.037031181,-0.18090943,0.056406155,0.051183525,0.26287863,-0.12135196
-0.17004403,-0.14218183,-0.090000674,-0.15953249,0.083801225,0.057079352,0.1892568,-0.02037099,0.11993198,0.96765512,0.062443696,-0.051434893,-0.058691107,-0.26513979,0.079600215,-0.0058835936
0.07173644,-0.26917341,0.16562778,0.072219484,-0.040068589,0.090496957,0.11688238,-0.043309618,-0.0023080655,0.99550438,0.11137846,-0.058471464,-0.21018474,-0.075404026,0.097552136,-0.13506413
0.049268443,0.077186659,0.043887191,-0.00011006951,0.076928049,0.02673679,0.07697811,-0.053765159,-0.0099987714,1.2771279,0.29909033,0.076541752,-0.090558939,0.082920499,-0.0036284702,0.080674328
-0.073024005,-0.067170933,0.039489683,-0.085502669,0.070512876,-0.027087288,0.1069051,-0.020938119,0.240261,-0.059663396,-0.063658454,0.09359768,0.0068157497,-0.034007285,0.25758427,0.084752366
0.13479398,-0.16190912,-0.10401492,0.077264473,0.12765178,0.010382256,0.12589698,0.076108314,0.10536302,-0.081742838,-0.039958209,0.015451181,-0.05088241,-0.10842518,0.07239724,-0.16109283
-0.10474327,0.065441638,0.032279596,0.13997962,0.0715032,-0.094242595,0.087807693,-0.086424083,0.037932277,0.052287273,-0.22196937,-0.16612251,0.10022891,-0.035127707,0.16596176,0.11933436
0.15077825,0.12339722,0.1773141,-0.01412816,0.094571099,-0.083243892,-0.17798179,-0.24307567,-0.090263247,0.012228426,-0.0095528951,0.022806369,-0.076169662,-0.028555397,0.030004011,0.10860424
-0.13509619,0.018068573,-0.26690567,0.087748297,-0.0051624817,-0.14431816,-0.037017334,-0.1032401,0.030028475,0.023623541,-0.048801322,0.0097175725,-0.047023579,-0.036898699,0.13216119,0.050033212
0.16656278,0.050969351,-0.098781362,0.0020425196,-0.11610702,-0.19675533,-0.054927148,0.021205038,0.21045634,0.078427054,-0.15278254,-0.11919575,0.013388302,0.039378144,-0.12526383,-0.015834918
0.018635597,1.1901584,0.99579394,-0.0035467451,0.001545933,0.05196115,0.17342325,-0.034610633,-0.020148722,-0.11543495,-0.019066837,-0.061557058,0.089433841,0.018025756,0.035683673,0.13250296
0.017104711,0.076785617,0.99874145,0.9088974,0.078882806,-0.10329825,0.14384849,-0.046877328,-0.026010167,0.13580602,-0.085230246,0.062345095,0.033471312,0.12554501,0.14243516,0.28549221
-0.025114076,-0.033124506,0.1272893,0.98609912,1.1021869,-0.078304432,-0.42827055,0.072317891,-0.032886866,0.18296728,-0.05770478,-0.05086495,0.16466485,0.02708851,0.12452254,-0.2067183
0.031372149,-0.096699633,0.01778763,0.12698363,1.0098631,0.97574323,0.017948145,0.01462575,0.050297324,-0.03304673,0.023767859,0.054357994,-0.070009984,0.074224964,0.010194954,-0.018505257
0.15236409,-0.039172031,0.01610809,-0.051331483,-0.17736374,1.1888794,0.98927438,0.088275082,-0.1082765,0.068728708,0.10047558,0.044173863,-0.11358715,-0.19871104,-0.099860266,-0.048354242
0.072200902,0.076109029,-0.13765705,0.094622664,-0.13892378,0.10816225,1.0051134,1.1555541,0.06620831,0.048955996,0.0043582818,0.093466312,-0.12575653,0.053095348,-0.020375701,0.010734214
0.020325789,-0.076065883,-0.13722265,0.041186899,-0.078969933,-0.037661914,-0.1550957,0.94539988,0.94674587,0.029244594,-0.051043246,0.15067106,0.045109473,0.20633817,0.215391,-0.08324153
0.2121658,0.088773392,-0.14475842,0.042580001,0.023345487,0.026174491,-0.076882653,-0.20820577,0.86685234,1.0727361,-0.15776496,-0.17562552,-0.16337243,-0.15501551,-0.17511877,0.075152941
0.033425521,0.21743523,-0.27307701,0.080237195,0.1506369,-0.022696279,0.091877595,-0.035797808,-0.081804693,1.0083879,0.84249371,0.05722094,-0.10212895,0.13867755,0.031524457,0.055018578
-0.038854443,0.19006084,-0.16139573,-0.040822875,0.20103076,0.040089671,-0.092170149,-0.0377037,0.050783623,-0.09307079,0.96352613,1.024061,0.087712258,-0.013460319,0.023887927,0.043739423
-0.080889866,0.1414225,0.099798955,-0.064256012,0.1439068,0.16848755,-0.087197714,-0.12301287,-0.13180184,-0.1582195,0.06514097,0.98873478,0.95963931,0.10169859,-0.11594008,-0.14985608
0.019679016,-0.060249154,-0.013765243,0.015878242,-0.017979305,0.14704655,-0.16740346,-0.011351787,0.0044531953,0.083360992,0.014405649,-0.058560409,0.84201318,1.0078012,0.10574083,0.0048367539
0.17891371,0.087477304,0.038548376,-0.03038797,0.076009713,-0.014660282,0.26152745,-0.016798686,0.20473903,-0.053774495,-0.045532934,0.086655423,0.16686399,0.99534917,0.97517377,0.083065242
-0.15545255,-0.12378544,0.050214175,0.10917279,0.27922523,-0.17929436,-0.11138245,-0.059609655,-0.064623497,-0.11252579,0.097692318,-0.018548507,-0.030536838,-0.030907808,1.2556154,1.0711294
-0.004433481,0.099401094,-0.22244692,-0.18056646,-0.065246977,-0.018927744,0.14037311,-0.093782894,-0.085924216,-0.047065407,0.053906433,-0.0049289549,0.39351267,-0.17641184,0.25915608,1.1237607
0.054932531,-0.13896839,-0.040615544,-0.10066371,-0.10747761,0.12987895,-0.15187648,0.093725443,-0.028980609,0.13071449,0.0082334122,0.00425441,0.15004478,-0.11968683,0.10893661,-0.29234439
0.066363722,0.13906935,-0.025467444,-0.049819008,0.0088454485,-0.13631734,-0.083704285,0.012321761,0.060560592,0.022609435,-0.062437329,-0.093728065,0.13460022,-0.21283196,-0.22576098,0.12104401
0.085024066,-0.010543146,-0.12225712,-0.072253846,0.097271301,0.048514791,0.11082862,-0.040572498,-0.038121413,-0.0042114393,-0.23979385,0.0045011402,0.15402764,0.13183914,0.070507139,0.17896375
-0.10407002,0.20848277,-0.16584185,-0.16895941,0.13309602,0.086690389,-0.040316947,0.90735793,-0.11821948,0.22913532,-0.0017016658,0.050865218,0.027085682,0.056690887,0.35534731,0.082010306
0.14270419,-0.11940374,0.21975817,-0.10479368,0.18014662,-0.18394201,0.042405557,1.0815066,-0.0047896039,-0.021686349,-0.20354104,0.12509649,0.13232535,0.10851212,0.016944058,-0.10362705
-0.15052743,0.046217956,-0.039970327,-0.1096638,0.14708431,0.13078229,0.15010978,1.0212384,-0.04923002,-0.061487082,0.10125281,0.15179481,-0.20404729,0.23139545,0.031412512,0.22991534
-0.030426266,0.06343805,-0.16109718,-0.056833472,0.1270545,0.10028237,0.14976263,0.97210765,0.046539348,0.10894005,-0.045381378,-0.011931417,-0.030446647,0.14311534,0.075582482,0.14158279
-0.10112242,-0.15436797,0.33715007,1.0391253,1.1296917,1.0326656,1.1253042,1.212661,1.0167437,1.1087681,1.1289197,0.97690725,-0.042755716,0.055782832,0.014158257,0.17559642
-0.022056697,0.1497774,-0.08423724,0.056579988,0.048656635,-0.036952145,0.067936055,1.0024326,-0.13658905,0.12247707,0.17281511,-0.14512911,-0.13219661,-0.050542731,-0.091956742,0.13108352
0.1672067,-0.032645531,-0.085889488,-0.062702425,-0.015653273,0.11081315,-0.19196413,0.91489905,0.095023423,-0.024543269,0.028022725,-0.14281867,-0.031729225,-0.20381635,0.0049895714,0.13875914
0.051342145,-0.13153067,0.29548734,-0.045810837,0.10238213,0.11891021,-0.039910126,1.115127,-0.26778805,0.13867922,-0.26132968,-0.082142226,-0.11471379,0.018483182,-0.12766187,0.0090324432
-0.1586307,0.15336679,-0.042562526,0.12679836,0.05195161,0.16159239,-0.18478835,1.0515536,0.13178466,-0.080243811,0.035678938,-0.04382173,-0.17759341,0.19868745,0.0059930882,0.053114034
0.055272453,-0.1317665,0.034118887,0.1115385,0.13331503,-0.038397264,-0.089439087,-0.1656853,-0.063481525,-0.12090303,-0.28500679,0.050185625,-0.031531014,0.16042958,-0.28499511,0.091302164
0.048231076,-0.026417159,-0.020841051,-0.022800788,0.047412485,-0.064804651,-0.16288514,-0.0022114427,-0.1742719,0.033425622,0.048733316,0.016757587,0.07671836,-0.17434645,0.074009478,-0.14358564
-0.071055315,-0.17555624,0.017896149,-0.13722265,-0.2060369,-0.091897421,0.19188073,-0.084956013,0.25867802,0.18014675,0.14089368,0.26349002,0.15313953,-0.054241274,-0.066582762,-0.016106868
0.08189436,0.18542396,-0.11581775,0.039100327,0.022987368,-0.22180639,0.079402469,0.17346944,-0.28264838,-0.17498472,-0.094670132,0.08745493,0.099255018,-0.080273002,0.041545611,0.23507829
0.10970718,-0.0074000023,-0.015996831,-0.01164426,-0.0030339549,0.22748396,0.12298269,-0.0072583482,-0.068271853,0.16279528,-0.077393174,0.12720752,-0.082312658,-0.18105669,-0.026649378,-0.20413232
0.11739811,-0.015375366,0.84133416,1.0506659,-0.10306183,0.083683215,0.12002135,-0.14109068,-0.12426433,-0.087888792,0.20862983,0.14935617,0.067072295,0.031141538,0.15092723,0.15634537
0.22547734,0.14525108,0.17670649,1.2103661,0.95356327,0.058059759,-0.07457263,0.015925685,-0.028258,-0.13563004,0.24432079,-0.15389477,0.05055334,0.063741714,0.027300954,-0.025267625
-0.10875961,0.25970095,0.024622222,0.14756569,1.0676689,1.1902995,-0.16287939,0.019285902,0.035322197,-0.11308506,0.01195958,0.049789872,-0.1124684,-0.11650252,0.088666998,-0.10583066
0.017187128,0.20255111,0.087074146,0.14835568,0.18046053,0.97147048,1.0959944,-0.083899006,-0.0089860838,-0.1533033,0.16341001,-0.038531464,-0.11073963,0.1091374,-0.11940875,0.030225556
-0.090960443,-0.15938707,0.10584576,-0.27159402,0.17754121,0.042666942,1.0472294,1.057698,0.10140898,0.12862962,0.14207137,-0.10659222,0.036459584,-0.10018262,-0.039685391,-0.020357613
-0.033336878,0.18542099,-0.11007791,-0.05330687,0.29904526,0.11741655,0.010006353,0.95698571,1.0029651,0.05824852,0.1865712,-0.068821438,0.14737055,0.0096908314,-0.0038505865,0.13687171
0.020084469,-0.0018376097,-0.034331299,0.12586389,-0.021248598,-0.013351505,-0.097806036,0.098901302,0.91318923,0.88889629,0.032751955,0.082836621,0.11619594,0.14030874,-0.1749986,0.079726912
0.038729295,0.18919715,-0.068569399,-0.23140144,-0.24307337,0.054016616,0.32348943,-0.019707305,0.083515354,1.1125108,1.0281569,0.22512609,-0.0099227484,0.18325125,-0.052129041,0.030308606
0.0078514721,-0.008196516,-0.054049041,0.21660399,0.056080241,-0.29081443,-0.072885282,0.071015209,0.22925951,-0.017939936,1.0601745,0.94682205,0.26000658,0.10085769,-0.036467142,0.0086229583
0.16318114,0.024038013,-0.052817523,0.15650164,-0.028704472,0.035545874,-0.0038524766,0.019550653,-0.13287312,0.048712917,0.070225678,1.1170288,1.1517174,0.067441307,0.036154203,-0.13190049
0.22206885,-0.16121207,-0.199855,-0.090863369,0.19883189,-0.23414253,0.025349429,-0.020916982,0.10807394,-0.066319056,-0.0055486187,-0.035521146,1.0880817,1.1918207,-0.032165706,-0.034819223
0.049971357,-0.12955065,-0.034984998,0.044792369,-0.074784741,0.081739292,-0.0031734705,0.21172923,-0.065832652,0.10607131,0.015972231,0.19422787,-0.16477235,0.91132653,1.0273839,0.11544384
0.061638173,0.0028133674,0.082240731,0.081841446,0.026496211,0.24083321,0.092051864,0.044566739,0.069737583,-0.036997635,0.012271994,-0.038545657,-0.11489248,0.14354227,0.89129716,0.85415083
0.23829645,-0.045729298,-0.012764434,0.19267866,-0.1369815,0.08366634,0.05762374,0.09786623,-0.28496295,0.12864146,-0.060410075,-0.17169653,-0.0010111838,-0.14080887,-0.072838999,0.97074735
0.015046888,0.033719711,-0.075636275,-0.11410093,0.11410496,-0.016002148,-0.12602825,-0.0058349618,0.059648529,0.14164504,-0.13403276,0.075142249,-0.073712856,-0.094869085,0.059590477,0.043489207
-0.087763079,-0.048111364,0.30793524,0.16479306,-0.2475113,-0.066590175,-0.00066659495,-0.1807366,-0.042643927,-0.15623493,0.070715964,0.04668707,-0.086199641,-0.072772391,-0.10909615,-0.091114081
-0.14418162,-0.34820384,0.070278592,0.10303874,-0.088896073,-0.02720288,0.20427342,0.12231675,-0.032162737,0.0095498674,0.12320935,0.18130912,-0.12356558,0.016003357,0.04570087,0.037479129
0.023417085,-0.034431491,-0.040008448,-0.12827489,0.054928809,0.022279974,0.044872422,-0.079190165,0.03170637,0.01712154,0.083766557,-0.040478658,-0.072084285,-0.20393968,-0.023179922,0.10652085
-0.096662931,0.057983633,0.085947335,0.040477261,0.11619251,-0.050828949,0.013504439,-0.043931421,-0.19997993,-0.081291832,-0.059560843,-0.21622641,0.067812622,-0.10809873,-0.22402333,-0.15495388
0.19696067,0.059594784,0.033358011,0.052289404,0.054437611,0.099387266,-0.024482327,0.023046937,-0.23319912,0.017295182,0.062126987,0.038826898,0.083555713,0.11440077,-0.12490778,0.064054467
0.12092013,-0.048088081,-0.076602645,-0.048628919,0.23944949,0.028503284,-0.10473201,0.057388984,0.12747534,-0.1054307,0.25601417,0.19756091,0.021959435,-0.029104374,0.034643076,0.1012003
0.22937331,-0.080607429,-0.10724111,-0.036158625,-0.068098545,0.10034267,0.15592802,-0.19122513,0.13856551,-0.0090518566,0.012207968,-0.066351116,0.037990618,0.14331019,0.09513732,-0.28108791
0.11428434,0.079282314,-0.07959836,0.09525916,-0.043958563,-0.13488135,0.29962453,0.12032168,-0.040690064,1.1244135,-0.042507548,-0.01591067,0.13819188,-0.059269987,-0.010735433,-0.11259089
0.11034179,0.12619737,-0.097816341,0.027492125,0.035759427,-0.029040132,0.064309575,-0.042245716,0.056835696,0.84085464,0.0068194252,0.02656243,-0.048527837,-0.15574986,0.039983738,-0.012557351
-0.0094185304,-0.070955828,0.035475533,-0.065896153,-0.083622247,0.10673478,0.014509596,-0.080045111,0.069154017,0.72931248,0.010714164,0.15254256,-0.051998273,-0.0078552496,0.038435552,0.0029029164
-0.082068279,0.23859315,-0.10177288,0.23041576,0.0022746532,0.40135685,0.048855063,0.14408362,0.11253126,1.066921,0.028509786,-0.2464643,0.078598931,-0.081376851,-0.00313115,-0.052213702
-0.010747767,-0.084485486,0.014645465,-0.078099333,0.037686963,1.1558081,1.1105012,1.1849331,0.93882066,0.96045893,0.90610898,1.074562,1.2300746,1.042515,-0.011851374,-0.20559463
-0.27910864,-0.055449679,-0.2706618,0.21709774,-0.104168,-0.14857401,-0.037369031,0.048526853,-0.20829993,1.0023478,0.080945581,-0.16495049,0.021724282,-0.1579624,0.12127113,-0.099155344
-0.040449835,-0.083831877,-0.21216512,0.24437796,0.053995352,0.14692432,0.082995847,-0.16384265,0.20249037,0.93822861,0.046298176,0.013264335,0.036986176,-0.18708754,-0.25270745,-0.080387309
0.15373248,-0.17122999,-0.045462899,-0.13396466,-0.12286775,-0.053997703,-0.036008637,-0.03901438,0.085858241,0.95559657,0.15671203,0.08341527,0.069078043,-0.0078388425,-0.0038890725,-0.01553446
-0.13636088,0.054195255,-0.093601547,-0.073893458,-0.09294565,0.0049813623,-0.22808787,-0.0073546963,-0.054959998,1.1469932,-0.042030334,-0.015912551,-0.00025156219,-0.067734472,0.12962382,0.02252147
-0.081724845,-0.091159128,0.0085297171,0.029566916,0.10319456,0.053762008,-0.096550658,-0.010676042,0.024337498,0.1541224,0.046342082,-0.11990683,-0.12453625,-0.18606375,0.11252547,0.0059539033
-0.15892327,-0.15448418,0.22416985,0.00031946873,0.1081698,0.06223084,0.077217653,-0.017902497,-0.10862885,-0.14210799,0.10878707,-0.20762883,-0.14145686,0.081573859,-0.057439938,0.063568234
-0.0090823704,0.082507417,0.021067634,-0.16758321,0.14758517,-0.078931488,0.064480484,0.013715007,0.033297107,-0.26767248,-0.047923274,0.22228262,0.12353646,-0.090549372,0.17476647,0.13509157
0.059137195,-0.022547903,0.048021451,-0.022752879,0.16505747,0.011451511,0.069095634,-0.076975912,0.22751559,0.1519037,-0.064899765,0.27273035,-0.046710841,-0.18465759,-0.13847207,0.037451733
0.037281606,-0.047633026,0.01997572,0.8958596,0.98482984,0.97883177,0.9861753,0.86361963,-0.10283399,-0.040048525,-0.15747808,-0.059711806,0.14212863,0.16342638,-0.048381109,0.012258974
0.15622036,0.099539869,0.0091669001,0.96227103,1.2699511,1.0841862,0.84344465,0.79583591,0.075739734,-0.038495742,0.1741855,-0.19764638,-0.1627299,0.017294653,-0.13307048,0.14778545
0.073607042,0.16155186,-0.3288087,0.79282457,1.0976009,0.84016705,1.1262521,0.87085581,0.27273864,-0.034668934,-0.010085887,0.11544067,0.058280788,-0.018305091,0.39077336,-0.054927621
-0.16019647,0.13740516,0.030158181,0.93187267,0.93900758,1.0342658,1.1396667,1.1048363,-0.20943338,-0.010514539,-0.038805488,0.086219102,-0.13514425,-0.017219104,0.05738312,-0.0012497641
0.039427094,0.21646559,0.12491016,0.82028711,1.167351,1.1254088,0.87314481,0.99076772,-0.047275525,0.10546301,-0.090972453,-0.018937308,0.11401541,-0.071514025,-0.051641036,0.13335335
-0.069513962,0.36210671,-0.038818136,-0.22348821,0.12129341,0.015330508,0.057331041,0.09628547,0.2392233,0.14431478,-0.082453586,0.13955222,0.03548431,-0.13529579,-0.064073205,0.23349936
-0.077263057,0.11425593,-0.016885964,0.071930647,-0.12713073,-0.029211724,-0.21289998,0.22260036,0.041151747,-0.14938414,-0.027378084,0.079505898,-0.030858528,-0.15107095,-0.17265007,0.062255215
0.084701173,-0.30586359,-0.08870551,-0.078630745,-0.010369414,0.078714989,0.1321559,-0.063013628,-0.12168621,-0.098189808,0.16495016,-0.021304334,0.10244243,0.048316438,0.2599932,-0.19035925
-0.050778028,-0.062196713,0.16078036,-0.032553487,0.07889419,-0.28658077,-0.037383098,0.1161577,0.11838906,-0.054323189,-0.11806064,-0.061060105,-0.023219015,0.20060651,-0.066099994,0.057181519
0.14452286,-0.035618093,-0.13529453,-0.063547723,0.018608743,0.026400883,-0.045656811,0.11175121,-0.15910394,-0.057019003,-0.020078829,-0.0054059415,-0.11864869,0.010384855,-0.022496406,-0.056594081
0.0072030765,0.068912596,0.079757132,-0.037727624,0.051994994,0.30180761,0.10095943,0.18369214,-0.054023426,0.12714544,0.09788496,-0.10583406,-0.0017493606,-0.025302619,-0.041401923,-0.099379338
0.072598211,0.0057229833,0.10536003,-0.19302423,0.08749593,-0.072300255,0.12343448,0.019975489,-0.0009706585,-0.1284432,-0.022885323,-0.24182224,-0.03215003,-0.014724905,-0.054995053,0.0048429393
-0.01022366,0.087459728,0.023418214,0.17289706,-0.066469327,0.049518056,0.094743595,0.0095130559,0.033885855,0.17728637,0.054614142,0.0024467285,0.084641293,-0.13349771,-0.0031529001,-0.083798431
1.0546383,1.0068587,0.06505052,0.11769864,0.1410622,-0.092517145,-0.04220942,-0.040604476,0.097457215,-0.17226186,0.097236201,0.14220464,-0.090807557,0.21453254,-0.10831664,-0.16264838
-0.17033347,0.98660296,0.98062265,-0.058284663,0.074760638,0.0042825583,-0.076300822,-0.10416719,0.12038674,0.11804315,-0.054590929,-0.126215,0.033477686,0.0047987988,-0.16805241,-0.029634614
0.010020643,0.16879405,1.146638,0.93315333,-0.19495732,0.04279324,0.057760641,0.020129753,0.27005839,0.13535702,-0.0077370857,-0.005470824,0.077326052,-0.073534496,-0.095582828,-0.073837854
-0.017826917,0.31785685,0.056921091,0.9985863,1.0210638,0.1126168,-0.02636509,-0.032169119,0.18493034,-0.063019104,-0.03909184,-0.068205915,-0.09866479,0.010791176,-0.061880738,0.090389617
0.018936409,-0.087632388,0.1187605,0.014904885,0.92439091,1.1019493,-0.008943554,0.15157403,-0.02686855,-0.024758371,0.030280523,-0.028516116,-0.12641279,-0.01446674,0.04262381,0.33886951
-0.033459295,0.11518776,-0.33679694,-0.021294052,-0.018367656,0.95594221,0.95636666,-0.24327222,0.17070086,-0.019485861,0.20929874,-0.011773949,-0.093665712,-0.14721796,-0.14755253,-0.06602291
-0.098704346,0.059218481,0.059280299,-0.056079786,0.10727455,-0.050007313,1.0564678,1.0109848,-0.12114066,0.15340616,-0.030044712,-0.080423191,-0.021433555,-0.039304227,0.10567764,0.11982273
0.037774432,0.081017822,0.073572218,0.091353007,0.11203183,0.22385849,-0.026317591,1.2390168,1.0162892,-0.089099318,0.039328471,0.10313174,0.046835735,0.071143322,0.071656965,0.007278421
-0.062630035,-0.011484269,-0.1014351,0.15775086,-0.021100981,0.19136462,0.018503249,-0.033101212,0.96502751,0.89524996,0.094124138,0.021479445,-0.0175397,-0.024642935,-0.015140397,0.10295589
-0.00049498538,-0.07288079,0.021365356,0.055013951,0.15283573,-0.014220657,-0.077902615,0.090060271,-0.15561955,1.05739,1.119378,0.035546187,0.0053461059,0.034878422,0.1359923,-0.11752326
0.094185695,0.021931427,-0.014350754,-0.023864456,-0.013796712,-0.0074806865,0.14697212,0.17031449,0.088440046,-0.055553846,0.74957359,0.99973249,0.019633725,-0.14035636,0.12610374,-0.024907278
0.10512222,0.014598107,0.05133649,0.0014749876,-0.033819471,0.13025227,0.23409235,-0.031679511,0.092645153,0.096893996,0.028283324,0.84569097,1.0472503,0.046729051,-0.061053455,-0.077598639
0.1826466,0.22287416,-0.014088334,-0.026418041,0.027441461,0.059374258,-0.027184378,0.019233428,-0.054481264,0.058592696,0.092647783,0.027147382,1.1745709,1.0744243,0.30370438,0.034483176
-0.09185221,0.010109833,0.042547729,-0.023304278,0.10112028,0.03266941,0.036034014,-0.10629015,0.12073565,-0.015896413,0.0045305318,0.19570315,-0.1345097,0.86996365,0.98377246,-0.038159713
0.027361086,-0.078567438,-0.096080013,-0.11277314,0.037019435,0.021364868,-0.082163572,-0.26986063,-0.10395062,0.01689663,0.06158822,0.12772934,0.10530339,0.031155307,1.0048026,0.95669872
-0.21666807,0.24040595,-0.042318925,-0.12166745,0.051615495,-0.08417052,-0.010674777,-0.077070564,-0.0031832536,-0.18786435,0.0070510646,-0.10285156,-0.14258444,-0.042191517,0.035847746,1.1488888
0.16138181,-0.05595348,-0.21663162,-0.073185749,0.2588231,0.13660057,0.14466688,0.039050028,-0.091384463,-0.028418345,-0.083593801,0.18149669,0.087918267,0.037726667,-0.089162633,-0.0034378413
-0.053303059,-0.21738702,-0.20846996,0.026240489,0.069554418,-0.071641326,-0.037827458,-0.060255624,0.15229483,-0.023079645,-0.046472538,0.0011479175,0.072524719,0.0023918611,-0.18338346,-0.0087830005
0.013894405,-0.050490811,0.18759169,-0.1050385,-0.19461095,-0.023439378,-0.058825605,-0.027780598,0.2135469,0.090824232,-0.0037574337,0.11744455,-0.046129413,0.067273095,-0.099868618,-0.02054042
0.10093743,-0.17232881,-0.12115498,-0.076463871,-0.013098296,-0.14348756,0.24526943,0.054501202,0.019132011,0.057698935,-0.059911489,0.055034835,0.16437374,-0.14191052,0.24403526,0.1520557
0.08326602,0.21927315,0.14188673,-0.19879885,-0.10569625,-0.044819389,0.02321752,-0.064568818,-0.09629979,-0.18529448,-0.028816344,0.17386748,0.12528299,-0.0016561057,0.1487731,-0.066260353
-0.14834197,0.18224461,-0.073331699,-0.038290709,-0.15464033,0.10006823,0.14138068,1.1854805,0.85271513,1.1396617,0.96968877,1.1071057,-0.14697063,-0.221651,0.009768866,0.11447744
0.10622999,0.16118205,0.13795897,-0.16556625,0.19066924,0.1298141,-0.16243418,0.83085591,0.93180668,0.97440624,0.93683904,0.86687583,0.069342986,-0.02460883,-0.077514172,-0.13623248
-0.072258972,-0.14131163,-0.21689634,0.018281572,0.02037398,-0.10000033,-0.057590824,0.98247141,1.12123,1.0911368,1.0170655,0.96654266,0.035028517,-0.14219606,-0.033481266,-0.02900371
0.19077055,0.027849989,0.19861315,0.16636565,0.015981672,-0.0029983129,-0.10232712,0.9728964,1.0342029,0.92365438,0.94495052,1.0285772,-0.072332412,-0.082214296,0.11317462,-0.007844978
-0.11745165,-0.087882087,0.16045271,-0.073130868,-0.039089136,0.2838175,-0.063138336,0.92886913,1.0981494,0.94368541,1.1249744,0.78563792,0.24854377,0.18051295,0.038223092,-0.081309728
0.0041248002,0.033400461,0.11184339,-0.088900797,-0.18950129,0.035990801,0.21728961,-0.055358682,0.08967559,0.071041979,-0.15087785,-0.12391704,-0.14168036,0.11343615,-0.11382558,-0.20981102
0.123206,0.025548061,0.031713031,-0.10028635,0.052288555,-0.099361718,0.0875763,0.044314012,0.10307808,0.1666521,0.034733709,0.032105245,0.050740764,-0.05577733,-0.026648745,0.018734612
0.069929525,0.015623235,-0.22381452,0.072599582,0.10220122,0.05041334,-0.082674541,0.055383585,-0.1986765,0.084502183,0.19162649,-0.041893542,-0.18861784,-0.025463957,0.047278006,-0.042340379
-0.11708774,0.12929466,-0.0034456835,0.059129342,0.097408436,0.033057261,0.14697205,0.088299602,-0.11058104,-0.021926709,-0.11790626,0.040243156,-0.17661843,0.0018038206,0.10332543,-0.040445648
-0.026382213,-0.17060168,0.17073303,0.12138428,0.055405833,-0.22797862,-0.014819568,-0.13559048,-0.016584629,-0.038160861,-0.1863303,0.17456628,0.1068724,0.10700399,0.13992798,-0.092843898
0.002392333,-0.086900182,0.053394001,0.13189192,-0.096250534,0.016804986,0.15573196,0.028166926,-0.052499421,-0.12092752,-0.083553143,0.014420937,-0.15146165,-0.20598279,0.078737237,0.22825591
-0.20160098,-0.032754246,-0.022969151,-0.067726694,0.12845767,0.054437798,-0.17913613,-0.010250771,0.11883389,-0.011112856,-0.055843368,-0.24661924,0.14669719,0.1205645,-0.0078984257,-0.12533645
-0.015595322,-0.10878801,0.1035548,-0.20667824,-0.34851214,0.28739986,-0.021402378,0.26411209,0.13872422,-0.056697257,0.091914482,-0.16854216,0.01701298,0.12252645,-0.052359529,-0.073331662
0.19333939,-0.018586455,-0.18982814,0.053938635,0.11907797,-0.11351545,0.071168303,-0.10893714,0.036379412,0.16093872,0.0052670059,0.035842564,0.025627853,0.18923272,-0.096901298,-0.068739899
-0.0616665,0.009159402,-0.065844409,0.22591129,0.071017161,-0.099527836,0.27307662,0.017858336,-0.055791188,0.11020485,-0.2607252,-0.20268449,-0.19001979,-0.063892148,-0.086768277,-0.030470824
-0.22729738,-0.11740939,0.077091135,-0.031036647,0.020537069,-0.0045938552,-0.075775348,-0.025382768,0.018410154,-0.014216618,-0.10698777,-0.019853052,-0.095241807,0.17270167,-0.040735763,0.0092472574
-0.15772311,0.02399008,-0.10089451,-0.058333907,0.1176049,-0.05464603,-0.15782914,0.080370992,-0.010123006,1.0213155,-0.056612991,0.11088046,0.02137736,0.085353196,0.025292682,-0.1710889
-0.1055147,0.054261889,0.0013084701,-0.089968026,0.046337519,-0.092268884,0.1144043,0.00063884509,-0.16092744,1.1056587,-0.11206192,0.075303301,0.086314544,0.038697354,0.052201562,-0.20804167
-0.11327923,-0.036543276,0.18755822,0.060124427,0.027688598,0.11400624,0.016266709,-0.089416102,-0.25457737,0.99499238,-0.18079782,-0.067831568,0.0378603,-0.22770424,-0.085974671,-0.0059969989
0.18832828,-0.1338051,-0.24971549,-0.064338177,0.053245064,-0.075743526,-0.05952334,0.015569152,-0.13622555,0.94985712,0.21454927,-0.058002524,-0.21703668,-0.071814671,-0.059077937,0.20954832
-0.13365176,-0.099877246,-0.054782983,0.028525876,-0.061455701,1.0724543,1.1434888,1.0957127,1.175108,0.8889612,0.78617209,0.82553071,1.0124936,1.1754802,0.02352462,0.10660433
-0.0051935306,0.038046807,-0.076983534,0.00059706124,0.083611384,-0.23401214,-0.0076887622,-0.039437614,-0.047787998,1.0021329,-0.041637067,-0.20266855,-0.18864276,-0.13206312,0.08807265,-0.030884469
-0.19357838,-0.0021999509,-0.021644007,-0.1882302,-0.12151303,-0.16311727,0.037769813,-0.030196248,0.065801173,1.0447937,0.10729542,0.23009336,-0.26372224,-0.077120274,0.058647797,-0.094110109
0.17638901,0.030438859,-0.14692432,-0.15012655,-0.083720982,-0.046848904,-0.014539728,0.14056215,0.12701775,0.98454601,0.074730627,-0.11230695,-0.034210857,0.067128584,-0.031864628,-0.040054023
0.094877161,-0.04176705,-0.19286712,0.21568827,-0.020794807,-0.094656244,-0.17210449,-0.094219275,0.1930998,0.70220047,0.15111642,-0.020448256,0.12956288,0.081502177,-0.060644001,-0.11380099
0.055432122,0.12371207,-0.042778768,0.030826157,-0.21783786,0.23314129,-0.13362099,-0.027051857,-0.034251153,-0.0033757871,-0.031867981,0.24322516,-0.2272373,-0.060236406,0.077145033,-0.19492315
0.019222384,0.23604555,-0.13694441,0.13305327,0.019990932,-0.13549359,-0.018587001,-0.14330231,-0.094310328,-0.23605002,0.05103251,-0.022251008,0.18750542,0.07340499,0.040808301,0.076749064
-0.16109355,0.022742281,0.020970238,-0.21433991,-0.13766986,0.13434847,-0.2172332,0.07718803,-0.09182357,0.16748324,-0.076924443,-0.094481297,-0.066567525,-0.26456627,-0.021341514,0.10314503
0.037974499,-0.022256959,-0.00466769,-0.075659238,0.21207935,-0.14075358,0.012754871,-0.073636509,0.0043315277,0.057437722,0.068602927,-0.22700568,-0.115777,-0.092292115,-0.19178075,-0.080269769
-0.16382582,-0.031631701,-0.082750328,0.089862995,-0.020326743,0.20325443,-0.030958889,0.091142327,0.025286587,-0.2071141,0.15459996,0.13164446,-0.10871641,0.083009951,0.084380075,-0.087531351
-0.012316673,-0.20873374,0.051713001,0.19025776,-0.087032743,0.040941857,0.15412922,-0.025903232,-0.026021944,-0.11904892,0.17109713,-0.020270638,0.024459125,0.0066742282,-0.095268965,-0.23317476
-0.11340357,0.16525279,-0.066021033,-0.25097778,0.17016836,0.096625552,0.1827758,-0.15387891,0.081825674,0.12906106,0.2229885,0.19956003,0.15509544,0.034392022,-0.013398291,0.12471409
-0.080623098,-0.012665006,0.20330563,0.080648184,0.21223135,-0.12376777,0.12095268,0.21586236,1.0347478,0.040139332,-0.16533794,-0.13715212,-0.042809628,0.073199555,0.055813346,0.20882331
-0.014413262,0.044875447,-0.28585696,-0.04444069,0.023541933,0.038920239,-0.13861775,-0.23289917,0.9108327,0.17003237,0.026518481,0.065709658,0.11199272,-0.097153984,0.13319197,-0.15873869
-0.22077248,0.028546944,-0.0089527136,-0.20275107,0.064399183,-0.090624362,0.19209649,0.19370918,1.0779494,0.014023715,0.11306329,-0.038793586,-0.11173432,0.0640577,-0.055634473,0.084861182
-0.064986937,-0.23036478,-0.07965038,-0.02708362,-0.10518258,0.15233088,0.074116647,0.088253155,0.90871018,-0.044958401,0.067756146,0.1048298,-0.084983543,-0.084983498,0.037292127,0.23900014
0.0065519582,-0.045625508,-0.10856362,0.20681623,0.88635856,0.95179152,1.0030391,0.931876,1.016235,1.0333024,1.0436922,0.84190029,0.906928,0.034836404,0.10539861,-0.066953644
0.14500219,-0.012989692,0.056372955,-0.20604268,-0.13763021,-0.17501904,0.18643567,-0.22360891,1.4233804,0.00080391328,-0.17138828,0.074561559,-0.19350529,-0.070815213,0.097232811,-0.17524484
-0.09751191,0.1260267,-0.010379478,0.019827168,0.031083329,-0.1370234,-0.13391247,0.059814714,0.93468934,-0.069003411,-0.23998219,-0.07794635,0.069052123,-0.11922756,-0.025163358,0.1872085
-0.13647795,0.10402431,0.0073676873,0.15102763,-0.12060501,-0.13482326,-0.23803625,-0.11654217,1.0439453,0.020274231,-0.13443714,0.035828289,-0.037764799,0.11261422,-0.12126074,-0.039288931
0.029124547,-0.34653375,-0.035896845,-0.13265501,-0.013479043,-0.20743211,-0.098565593,0.088112406,0.95040172,-0.023646308,0.11038913,-0.0742134,-0.042594675,-0.21872596,0.085118592,-0.12274847
-0.081518136,-0.051414885,0.078391612,-0.094708748,-0.11917179,-0.25096315,0.045964416,-0.023226308,-0.09196768,0.0080233254,-0.098360933,-0.035243347,-0.1634997,0.08907707,-0.065826684,-0.16389093
0.13347612,-0.21212007,-0.096757509,0.022429336,0.012738385,-0.24188516,-0.1076386,-0.089170262,0.036335357,-0.025586329,-0.041503359,0.047555175,-0.037300151,-0.21285874,-0.20338167,-0.042721681
-0.19768056,0.033981357,0.097618379,0.050278112,0.18355672,0.21975185,-0.14562762,-0.25159571,-0.11109804,0.24723881,0.094241992,-0.014260467,0.13406827,-0.21875717,0.051311906,-0.14978714
-0.11342657,0.15319146,0.066585593,0.10962327,-0.051298551,0.077322334,0.16846727,-0.20922466,0.045315646,0.072851799,-0.012436794,-0.14897262,0.093049638,0.068523511,0.0073452061,-0.33684099
0.086509272,-0.054444831,-0.25226432,-0.11378399,0.022813877,0.029811457,-0.065398484,0.046928275,-0.12035897,0.07655666,-0.0060609365,-0.11661389,-0.081584655,-0.11937167,-0.016517922,0.14337206
0.26967669,0.18407331,-0.11650326,-0.14729954,0.018166998,-0.17373548,-0.026131393,0.07797543,-0.1728221,-0.15454337,-0.22296126,0.078329623,0.14051336,0.10623135,-0.085432105,-0.099766396
-0.12604198,-0.048703454,-0.10159238,-0.058216684,-0.11547568,0.036541577,-0.13642301,-0.17127083,-0.032421544,-0.21647818,-0.064129166,0.13123153,0.092255607,-0.057818074,-0.096472397,0.0060985652
-0.10168912,0.047918126,0.023574688,-0.12302307,0.067582734,0.028520038,0.098017387,-0.14677387,-0.24050803,-0.058507591,0.9856928,0.071729988,-0.040853884,0.16162407,-0.16432749,-0.093959004
-0.16098179,-0.0053382451,-0.18128338,-0.1407204,0.16761912,0.0019971367,0.034627106,-0.14210396,-0.025732607,-0.11060598,0.98105592,-0.061780952,-0.18088724,-0.11000083,-0.0012585723,0.13944072
-0.1481858,0.15196702,-0.0077950251,-0.16565038,0.17991254,0.058447864,-0.026230877,0.12572044,-0.11805515,0.044987373,1.0798191,-0.0066264067,0.05500092,0.26945198,-0.16341177,0.013828898
-0.043751311,0.19749381,-0.0041834502,0.042231385,-0.00033569962,0.07477966,-0.082786418,-0.015602602,-0.030415041,0.097217798,0.9156009,-0.085196823,0.10478864,-0.025720457,0.11967485,-0.016523767
0.16506648,-0.091282189,0.11988016,0.23506773,0.14848638,0.091898635,0.94166476,0.847745,1.0456074,0.89786595,1.0132803,1.301369,0.92917001,1.0840069,0.96956509,0.24803551
-0.061465729,0.024291087,0.19813353,-0.092650503,-0.17583974,-0.18359041,0.10697008,0.11201548,-0.13349523,0.28055882,0.93593055,-0.3765592,0.019030355,0.060526319,-0.090411954,0.02928031
-0.0023596331,-0.030427992,0.023573237,0.0047484613,0.042150281,-0.068188153,0.14520362,0.10461545,0.13712074,-0.19292484,1.2078635,0.13653454,-0.064244859,0.013427166,0.062322631,0.064050905
-0.0080037778,0.040800549,0.16224582,0.0060845129,-0.037026953,0.15981564,-0.10968415,0.0090832217,-0.025826784,-0.073316731,1.1260117,0.061349381,0.12502466,0.074508391,0.0019775636,-0.13571845
0.031662069,0.039184552,-0.05164716,0.077214211,-0.01224935,0.048980121,-0.130496,0.078304894,0.0039713085,-0.14252858,0.96844244,0.098837279,-0.1589182,-0.24656969,-0.13557267,-0.0061680079
0.052370287,-0.06031242,-0.25442693,0.021154275,-0.012315183,-0.016457677,-0.096522719,0.14207971,0.024325475,-0.065899149,-0.13293491,0.011931713,0.21081729,0.13846765,0.13672496,-0.082143776
0.12542653,0.13360506,-0.16833937,0.048689499,0.054271098,-0.17887218,0.13726348,0.14488959,-0.28513512,0.084799536,-0.084079631,-0.10245892,-0.01746526,-0.053680182,0.1526234,0.15423942
0.058267493,0.0010628216,-0.14833552,-0.0010209054,0.081613362,0.049696531,0.19158514,0.25262848,-0.19984169,-0.18106519,0.061451465,0.011905245,0.06149254,-0.10842471,-0.12899376,-0.13990708
0.053784549,0.027552195,0.14796862,-0.11069372,0.0684328,-0.0089614335,0.16207989,0.029437587,-0.18789735,0.11968695,0.18133026,-0.016163362,0.10643012,0.0042314269,-0.027167341,-0.014103449
-0.28856254,0.28727072,0.049620662,-0.097580813,-0.085987508,-0.045763645,-0.026764294,0.013590178,0.10071847,0.065980546,0.057362419,0.16973633,0.099340327,0.056803726,-0.022585373,0.040095601
0.083360635,-0.11365423,0.060870599,-0.03706789,-0.078441106,1.0383039,0.85518873,1.1483921,1.1607611,1.010739,0.037501801,0.077367462,-0.12336154,0.058524799,-0.062287152,-0.054411691
-0.024263451,0.0015893453,-0.076989017,-0.035988174,-0.1363436,0.87995654,1.0348152,0.92525339,1.1300936,0.95248502,0.022835817,0.10691867,0.0023846265,0.037658181,-0.037512954,0.053023659
0.14693634,0.20018035,-0.10981779,0.23314108,-0.059175286,1.0517732,0.98073477,1.0944283,0.98443365,0.98868728,-0.018747067,0.099744789,-0.14715964,0.19590633,0.040942591,-0.06461633
0.085435957,0.026642069,-0.13823035,-0.069189362,0.068405271,1.0550598,1.0369728,0.92901903,0.95462286,0.90490401,0.15624808,-0.09322156,0.12007792,0.11294018,0.26130959,0.024330746
0.1152314,0.12504961,0.11441485,0.17989601,0.026856141,1.2033926,1.066282,0.9246282,0.95526344,1.1508839,0.071751237,0.2078993,0.017566597,0.013261314,-0.064105511,-0.19432667
0.057191718,-0.064384691,0.0027087152,-0.082593396,-0.031742092,0.015704559,0.10368834,0.11617313,-0.096287146,-0.027785128,-0.098305367,0.052671257,0.11835437,-0.028188696,0.0037438779,0.059751399
-0.0030404704,-0.051598329,-0.0092065902,-0.069520831,0.05734323,-0.12835868,0.10040157,-0.042501107,0.26843932,0.072159797,-0.1502995,0.097589165,-0.020907994,0.089825749,-0.037304521,-0.014138813
0.13796851,0.13153423,0.129006,0.048488997,0.18790822,-0.06448783,0.029774664,-0.011918229,-0.086252727,0.13187304,0.1591081,-0.023961877,-0.095091291,0.16186681,0.11574974,-0.050151438
0.30251572,0.098281413,0.0028949995,-0.26961032,-0.097269088,-0.3110376,-0.20266825,-0.01728555,0.022680843,-0.035569444,0.074301273,0.09554667,-0.10528144,0.038388383,0.17807108,-0.17162257
0.0054515125,-0.18587074,0.16825525,0.084087886,-0.064821318,0.096633971,0.031767458,0.10637295,0.12768468,-0.12425695,-0.015442127,0.072749294,0.19517122,-0.043816157,0.11671877,0.0001640573
0.029399278,-0.088887952,-0.14421847,-0.095191695,0.047908064,0.2026853,0.23729289,-0.030162502,0.085502975,-0.065988377,0.16612516,0.10424269,-0.0085756555,-0.13854466,-0.054526236,-0.090278223
0.059749343,0.14392774,-0.066167235,-0.14659578,0.045928974,-0.19376479,0.14805701,0.05639169,0.0086830733,-0.065479212,-0.22538021,-0.10710168,0.066352181,0.036442488,0.10924149,-0.0038299821
-0.10026076,0.23858845,-0.15826456,0.11349288,0.23140256,0.092953987,0.10794334,0.18714231,0.073284641,-0.19496182,-0.024656618,-0.13470042,-0.17797054,0.0012255744,0.019793358,0.028361421
-0.022172922,-0.085563377,0.10716673,0.050675217,0.10674965,0.096120209,0.14934514,-0.039083272,0.033951834,-0.046944112,-0.20173915,0.071713738,-0.054334335,0.97793263,1.0394751,-0.032109674
-0.11569746,0.0082882,-0.12597664,-0.33332583,-0.077888019,0.059849504,-0.044270948,-0.24663922,-0.014494894,0.089026757,0.055337436,0.079301007,0.86396098,1.225687,-0.10880081,-0.14119314
0.11095417,0.065117508,-0.14633456,0.019828185,-0.095501781,-0.013869192,-0.09100756,-0.0015359684,0.1477298,0.25092292,0.055022709,0.83608156,0.87691307,0.029426128,0.0046728547,-0.30613136
-0.014656393,0.042266566,0.035208169,-0.17545831,0.030078791,-0.16708392,0.23498432,-0.093690842,0.046667971,-0.081908971,0.9934991,0.92504191,-0.076325357,0.079014145,-0.14643234,0.23467208
0.12028379,-0.093336225,0.13170074,0.066293739,0.023405397,-0.011747826,-0.057341758,0.11481449,-0.22970596,0.86519176,0.92622828,0.15308043,-0.16132544,-0.078673139,0.046099875,-0.1511316
0.02599068,0.13905047,-0.061851662,-0.12823324,0.061261985,0.14505611,0.11355447,-0.059513621,0.95655441,0.99713236,-0.020564184,-0.057408206,-0.19849549,-0.048486639,-0.012371488,0.01969132
0.067762762,0.012155734,-0.014487969,0.069106452,-0.05506999,0.11147872,0.14825769,1.0997365,1.2536806,-0.13630055,0.023020778,0.083481498,-0.059534103,-0.09956833,0.19004643,0.012543403
0.13067874,-0.15973604,-0.1118773,0.087172396,0.015199308,0.0068812319,0.79749501,0.80118459,0.057831146,0.11973774,0.11094844,0.011597107,0.27583921,0.03566945,-0.021787662,0.17327642
0.11716302,0.066865779,-0.056682292,-0.021267429,-0.12734361,1.1920886,0.9804846,0.1932272,-0.046325214,-0.13873777,-0.10501462,0.071983822,0.069935404,0.036795583,0.052211069,0.16020764
-0.014919846,-0.00011835505,-0.0064063892,-0.061469629,1.0115889,1.0247502,-0.15365714,0.098481461,0.06363751,0.099433213,-0.041692052,-0.081565537,-0.061528903,-0.1042458,-0.031451251,0.22462659
-0.081655592,-0.046213079,-0.11503147,1.1385477,1.2419516,-0.07601849,0.10657907,-0.075615764,0.0065244855,-0.0053121592,0.083530881,0.11075988,0.073956676,-0.16036627,0.03376938,-0.030098492
0.068948276,-0.10937877,1.0488974,1.0386999,-0.11623573,0.1575228,0.27497461,0.13742334,-0.18390509,-0.019956721,0.032834746,-0.12697262,-0.076543264,-0.11324987,-0.12770444,-0.12508427
-0.10294008,1.0993854,1.036351,-0.08484713,0.053908646,0.078190885,-0.12933144,-0.005617898,0.10220185,0.12085874,0.061531909,0.092523314,-0.1125728,0.054942947,-0.093935408,0.25255391
0.95431411,0.87197781,0.064591803,0.12300721,-0.064617977,-0.12319709,0.12045135,0.1185315,0.056027949,0.15690611,-0.095197402,-0.19305392,-0.14530347,-0.0746333,0.07870926,-0.042090815
0.93147945,-0.084126435,-0.036660835,-0.077589199,-0.25801972,-0.021675415,0.027906841,-0.11515611,-0.048631296,-0.082710005,0.088736981,0.15700053,-0.17388074,-0.13732381,-0.074213043,0.082766563
0.094645604,-0.026878731,0.055116918,0.15459856,0.056677386,-0.036755968,0.08823584,0.0035927903,-0.086021595,-0.11717809,0.097293697,0.17801531,-0.10665383,-0.0029763544,-0.00091590418,-0.20943649
0.029792942,-0.054507643,-0.0011193381,0.10104801,-0.055774733,-0.022191301,0.080808714,0.054586522,-0.050459936,0.21210136,-0.0047791642,-0.12765978,0.071209647,-0.058625452,1.1328732,0.88343334
0.029200394,0.013153256,0.089975059,-0.020870887,-0.12040999,-0.28754649,0.019496962,-0.0053759497,0.052257854,0.016355326,-0.066479787,-0.024922116,0.082115643,0.92839706,0.93688911,0.22981562
0.049678348,-0.11499459,0.03251427,0.12104785,0.079284251,-0.13406548,0.088395067,0.33250421,-0.2384225,0.081622295,-0.079037443,0.054562297,1.0037172,1.0652925,-0.024094613,0.099336527
-0.0063605732,-0.10998867,-0.13635696,-0.092284881,0.048901971,0.214782,-0.054296251,-0.0068289405,0.086902127,0.13896583,-0.12798536,1.0271252,1.0128567,-0.10008058,-0.017074289,0.18120514
-0.057563055,-0.055590868,-0.061492518,-0.0059652082,-0.17342937,0.37299329,0.011078287,-0.09999752,0.017518941,0.029016685,1.0162946,0.97860122,-0.21688141,-0.092140436,-0.081608437,-0.10421879
-0.047040991,-0.021450449,-0.04952047,-0.081811458,0.077568166,-0.094434015,0.011204979,-0.070007242,0.10540278,0.82159823,1.0253589,-0.082685359,0.028035551,-0.025734451,-0.13021937,0.13472581
0.042887066,-0.12722839,-0.30180836,-0.036210056,-0.24438316,0.031926475,-0.11595141,-0.030576898,0.9713971,0.85119075,0.11939522,-0.083366476,0.039180916,0.024256876,-0.20460759,0.071250662
-0.082551353,0.03410795,0.00369964,0.037285771,0.039179485,-0.190093,-0.075211003,1.0624499,1.0337206,0.078682072,-0.10856318,-0.01981529,-0.061217826,-0.10392063,0.14544843,-0.19285633
0.15237491,0.18934315,0.031304721,-0.093303658,-0.03450907,0.043169301,1.2001526,1.0375901,-0.022956008,-0.17421371,-0.19522204,-0.068177767,-0.20712389,0.080587886,0.19805506,0.024366774
0.077842556,-0.18561004,-0.16115187,-0.02148783,-0.018619156,1.2992243,0.90616751,-0.13092619,-0.1295664,-0.027558526,0.06479498,0.17075151,0.015668198,-0.13246949,0.13323614,-0.066686451
0.023147522,0.23224565,0.032869633,0.072167575,0.97868937,1.1093658,0.11721627,-0.075406067,-0.033139415,-0.13855743,0.066793703,0.13782601,0.11150491,0.051001851,-0.097351454,0.1230773
0.019548643,0.028845388,-0.17302725,0.91276205,1.0462154,-0.34924388,-0.024485156,-0.0060933148,0.032417938,0.079874605,0.022942204,0.22267143,-0.02911216,0.049228959,-0.086337253,0.0058159307
0.089208417,-0.053397622,1.0383413,1.2646608,0.013470028,-0.036531962,0.13752888,-0.16639549,0.1176915,0.029739449,0.091172889,0.14718132,-0.085611247,-0.19700779,0.01302084,-0.13623536
0.029037857,1.165665,1.0000541,-0.10674904,-0.21016227,-0.11752737,0.13765022,0.0028552781,-0.22996977,-0.014317844,0.183946,0.052511383,0.023197427,0.01245454,-0.20392023,-0.16488363
0.92920971,0.9608559,-0.14548506,0.0047469405,-0.082802668,0.0035128954,-0.18098043,0.025354644,0.028026728,-0.19096689,0.063071616,0.091991797,0.11712332,-0.10897089,-0.0051205759,0.13682948
0.89924532,-0.31464779,0.15877409,-0.049296968,0.14777887,-0.082782544,0.052326225,-0.054301206,-0.046665382,-0.11886751,0.16761997,-0.15628868,0.061621629,-0.10098188,-0.00046795738,-0.066813678
0.087238975,-0.034957387,-0.4168441,-0.072604299,-0.045733973,0.074574322,-0.10356119,0.064346157,-0.14388484,0.15149514,0.092242301,0.16619731,-0.13087323,1.2561514,1.1216725,0.15018836
-0.026865052,0.072335064,-0.10410077,-0.052934475,-0.0094759138,-0.032034084,-0.089421399,0.060651753,0.085890412,0.043832101,-0.19226991,0.26429614,0.98525429,1.179581,-0.090836085,-0.19912474
-0.14429612,-0.11412398,-0.1183845,-0.10123135,0.12546648,-0.079464532,-0.34484401,0.016289501,-0.10643459,0.16849446,-0.052865684,1.0598128,0.87439662,0.08190234,0.036242183,0.070857503
0.028294746,0.10531253,-0.028459964,-0.12949818,0.38286734,-0.073510349,0.080029659,-0.067395039,-0.022290751,0.15307921,0.85672534,1.2127688,0.040594183,0.097952351,-0.071732178,0.040738437
-0.088965721,0.10159752,0.21329047,-0.034076538,0.18806475,-0.089069247,-0.035919435,0.093082055,0.082007274,1.0255381,1.0128176,0.10303991,-0.054172441,-0.0084806718,0.0073959585,0.24811634
-0.036421724,0.0085455859,-0.014353185,0.03297624,-0.25071776,-0.020887196,0.085137784,-0.0027395841,0.93361247,0.9067542,0.0065734237,-0.36184579,0.30107418,0.033027787,-0.23958501,-0.042675328
-0.032252699,-0.25757197,-0.0055521312,-0.046549685,-0.063365497,0.047633443,0.095726177,0.90623361,1.1215245,-0.061714161,0.19068213,0.15125409,-0.31546444,-0.080802366,-0.11854065,-0.1082774
0.028773371,0.16666654,-0.13028553,-0.21462871,-0.16539073,-0.14729364,1.0672119,0.85667092,-0.064159915,-0.097121142,-0.097613722,0.1589559,0.19908297,0.0040525412,0.064541876,-0.095426321
-0.031267282,0.11152691,-0.066827431,-0.091755271,-0.10500842,0.87233925,0.96518618,0.012405395,-0.14989455,0.17822042,-0.2127153,0.15194228,-0.12562385,-0.10987446,0.050479636,0.15616682
0.0053350483,-0.14588927,-0.049432844,0.033102967,1.1126753,0.97550052,0.035637781,0.092609309,0.16778815,-0.016678954,0.070205487,0.03764319,0.15850006,0.11167204,-0.24751166,-0.12164535
-0.022874635,0.11880562,-0.073714875,0.95581156,0.84045851,-0.12036006,0.040595986,0.033359807,0.099178322,0.23876229,0.099200279,0.09802302,-0.094197847,-0.064266868,0.15088424,0.13192138
-0.047150511,-0.14776559,1.0890764,0.88298446,-0.14565025,0.14661457,0.055658527,-0.1211387,0.15461679,-0.031071056,0.16289757,0.093383044,-0.018325273,0.054734435,0.023393869,0.12768286
0.23584536,0.90428424,0.99241966,0.19800699,-0.044326913,0.15666272,0.12852043,-0.0059731659,-0.2656447,0.13750209,-0.18899512,-0.015188935,-0.0061486326,-0.11551634,-0.036661379,-0.19307145
0.91468018,1.0143958,0.031474665,-0.26156333,0.056091204,-0.065071493,-0.022899652,-0.0083602797,0.092981353,0.078831933,0.26582691,0.050507475,-0.31748816,-0.10031591,0.055872742,-0.075248748
0.83482873,0.14841619,0.098860517,0.068056114,-0.17989166,-0.31607869,0.006277808,0.2003202,-0.03440569,0.1200573,0.050966449,-0.016313203,0.10234125,0.44105738,0.08255887,-0.030204196
-0.14074464,-0.00034168034,-0.00045900032,0.063958116,0.19784218,0.061381772,-0.01706763,-0.022547336,-0.0048445477,-0.19246639,-0.18508664,0.085400395,0.030224945,0.026406553,-0.012972071,0.21785441
-0.23160104,0.14997831,0.051841922,-0.075132154,-0.098211296,-0.02486657,-0.0073858635,0.011621754,0.029335916,0.025989279,-0.031393286,0.08354193,0.016872931,-0.22263926,-0.07459107,0.20344156
0.086517923,0.25567606,-0.054776065,-0.12899184,0.056983933,-0.054246735,0.97445869,-0.13915312,-0.013385731,0.10887855,-0.00040733709,0.02673671,-0.0022719514,0.14758977,0.12747689,-0.060905423
-0.13900445,-0.0060774684,-0.0026763668,0.052299637,-0.13919759,0.17384994,1.2043155,-0.13920689,-0.010382502,-0.074007548,-0.05161085,0.22394679,0.026849292,0.0118602,0.1304749,-0.23688512
0.20113951,0.26239875,0.04680204,-0.24800946,-0.030097434,0.20389161,0.95426774,-0.19698939,0.0032380335,-0.23655355,-0.013585525,-0.044267777,-0.060501162,0.14310157,0.039694998,0.1652662
0.022965157,-0.070081308,-0.039641738,-0.048306141,-0.22567265,0.064484142,1.0485103,0.081396163,-0.050481096,0.071340077,-0.11017904,-0.026270706,-0.031022366,-0.061608363,0.015001351,0.17976418
0.18896264,-0.06207357,1.1497476,0.71847761,1.0254078,0.92696869,0.96788704,1.086467,1.1367209,1.0618662,0.9229266,-0.08638683,0.090905331,-0.021979017,-0.057789594,-0.030510375
-0.18104881,0.10491153,-0.084753796,-0.0018232584,0.19639917,0.25116211,0.73955393,0.03761442,-0.16359565,-0.11384773,-0.011327039,0.074672863,0.058794241,-0.077788778,-0.0097652981,0.29200888
0.065257959,-0.21972825,0.05570177,-0.16837719,-0.041244157,0.18029521,1.0251788,-0.14404865,0.21141508,-0.06869673,-0.018950934,0.16283458,0.14887562,0.13569406,-0.069230989,-0.12208816
-0.045359347,0.092540726,0.12763573,0.14970599,0.081358902,-0.15354812,0.97239,0.12886316,-0.20324196,-0.15454358,-0.01598487,-0.016282292,-0.012878237,0.13647209,0.06583184,0.064055517
0.021438891,0.1451524,0.18429412,0.23514403,0.03710492,0.055298571,0.85467541,-0.077450529,-0.11089205,0.2430771,0.15473957,-0.20525935,0.15100075,-0.064499408,-0.081136964,0.061052363
-0.20365204,-0.19964276,0.1759693,0.051919829,-0.023736678,0.087071523,0.051815052,-0.13094839,0.052977279,-0.015697379,0.0096986461,-0.10116714,-0.11191736,0.24018604,0.0021310144,0.03736762
0.23168643,0.047195733,0.081953943,-0.18444076,0.082741834,0.21703427,0.047842432,-0.12691064,-0.23796616,0.042792797,-0.23483564,-0.049374525,-0.082264192,-0.10883756,0.13412344,-0.15893993
0.028381946,0.060910657,-0.091166258,-0.089743115,0.1058898,-0.053045839,-0.036492258,0.14141099,0.10199742,0.24524696,0.056359425,-0.034346979,0.12599346,0.025456946,0.12405288,0.015997021
-0.033390984,0.028260611,0.070489675,0.14518689,0.29102162,-0.0063756034,-0.12401941,-0.11707631,-0.074035078,0.053919528,-0.12955217,-0.059137676,0.033422619,-0.062806539,-0.28430945,0.08188504
0.06522245,0.22693673,0.44542533,0.033375606,-0.30829886,-0.098345488,0.016981533,0.080528341,-0.29281455,0.12268618,0.028365733,0.049746711,0.046590172,-0.15415196,0.079602621,0.029109091
-0.14264365,0.07263241,0.0056440015,0.096379109,8.6052838e-05,-0.15333995,-0.064727359,-0.063605741,-0.014549165,0.11305017,-0.096721113,0.055073272,-0.143959,0.18526976,-0.033704065,-0.032519404
0.86009204,-0.12068982,-0.28902602,0.089033283,-0.11333759,-0.072306745,-0.22949821,-0.14952441,0.085700408,-0.096130207,-0.010598789,-0.085345,0.19908379,-0.050459791,0.038847331,-0.025494741
0.85170001,0.93863934,0.12080459,-0.10523367,0.25475231,-0.018305283,0.0015065928,0.024973307,-1.2411779e-05,-0.11899406,-0.0343844,-0.066107318,0.09134084,-0.22270469,-0.041372556,0.10655449
-0.048247229,0.99233502,0.89778239,0.098320454,0.057156526,-0.047826871,0.14755183,-0.029117197,-0.12365779,-0.078194804,-0.18483576,0.053596325,0.19680861,-0.082947962,0.22024782,-0.099086367
-0.28114462,-0.026512515,1.0069356,1.0970932,0.18510777,0.29567569,0.26545277,0.12344687,-0.11060844,0.005540682,-0.020934368,-0.15979105,-0.094773345,0.013759651,0.00075205433,0.28889152
-0.057779703,0.14822556,-0.3521688,1.3346213,0.9602927,-0.089829274,-0.011095543,-0.016025772,0.03261574,0.017627979,0.13610294,0.22076233,0.080522932,0.094053164,-0.10624591,0.047723699
-0.015042927,0.028216576,-0.19321615,0.18762927,0.84134048,1.048039,0.05826313,-0.15866458,0.069499567,0.020638721,0.0054390836,-0.081424445,-0.1069276,-0.084544972,-0.12993312,-0.023939487
-0.17711155,-0.048153583,0.11357164,-0.0067522079,-0.019123288,1.058681,1.0051787,0.0896786,-0.021880161,-0.069327526,-0.10233774,-0.096799821,0.20920646,-0.011936759,-0.18793237,-0.13997503
-0.030494848,-0.10949882,0.016209932,0.092846945,-0.091865718,0.10587607,1.3217632,0.78867543,0.0026905967,0.047181744,0.017563647,0.058356807,0.1609554,-0.07959266,0.10460866,0.05082893
0.0099201407,0.059675701,-0.08996696,-0.13057671,-0.10995847,0.11431486,-0.1494201,0.90148246,1.1844229,-0.042919911,-0.047999017,-0.19912827,-0.13191342,-0.041062333,-0.079980962,0.18759096
-0.14300157,-0.052933872,0.076945581,0.015058616,0.13466249,-0.058933143,-0.10502909,0.11418403,0.91108519,1.0733596,0.18334843,-0.042625878,-0.14954337,-0.15918146,0.10988456,-0.23781154
0.10492221,-0.032685023,0.090977311,-0.12626098,-0.072070591,-0.010525598,-0.25831223,-0.067400314,0.18657555,0.88959712,1.0160297,0.24084727,-0.075469695,0.081058227,0.12516147,-0.09724725
0.068601847,0.14371032,-0.13924198,0.039576627,-0.065005474,0.012166568,-0.062448423,0.31665909,-0.1176396,0.18662131,1.0627561,1.088079,0.19153869,0.13918075,0.017113985,-0.091558628
-0.12425851,-0.045696147,-0.23656157,-0.069688164,-0.03006245,0.11334897,-0.067870878,0.034993004,0.1429515,0.072457127,0.073995948,1.004827,0.99794078,0.14914353,-0.091194712,0.0029042156
-0.068559363,0.059816394,-0.0083596716,-0.034205813,0.01002805,-0.11033802,0.02668678,-0.024803905,-0.088357382,0.044269186,0.24326022,-0.081583731,0.96875685,0.97371912,-0.012185353,0.14188647
0.19951977,-0.015928326,-0.00040317918,-0.11672281,-0.1487959,0.10525112,0.056399886,-0.0014410337,-0.046085995,0.23648548,0.06156351,-0.12422715,0.11565752,0.88503027,0.96936166,-0.037196912
0.17404707,-0.21017405,0.091371335,0.0051315208,-0.030272216,-0.18578415,-0.01488064,0.12101684,-0.13990101,0.16164303,-0.075408235,0.050951205,0.057929084,0.17111683,1.1314051,0.91890556
-0.17620355,-0.18886927,0.17030732,0.14486128,-0.040985495,-0.14737234,-0.13280682,-0.07471247,0.083779536,-0.02693286,-0.23909535,-0.13989185,0.043811154,-0.23284611,-0.18930846,0.14776735
0.0073240716,0.018316783,0.076387286,-0.13944855,0.050861161,0.050911922,0.075962842,-0.026464975,0.02432391,-0.032610089,-0.07859017,-0.085359655,0.18260917,-0.040679127,0.098038226,-0.13698119
-0.021993322,0.11179031,-0.004997707,-0.086896673,-0.27816564,-0.14989021,0.11677902,0.016692724,0.014840176,-0.015021307,-0.098010235,0.08638683,0.30528361,0.039670143,-0.011280073,-0.34763116
-0.084320724,0.021792324,-0.07630749,0.0537517,-0.18530916,-0.21525256,-0.17362922,0.156746,-0.016339252,0.11253732,0.068269007,-0.048646081,0.21330282,-0.12025826,0.077377014,-0.08060091
0.12101486,-0.10856081,0.050931662,0.11423654,0.089449912,-0.083517268,-0.00010553734,0.093536653,0.050889436,-0.14711009,-0.11029052,-0.053383403,-0.052257188,-0.15533864,0.24718153,0.23648177
-0.19770765,0.072788991,-0.053856783,-0.045755498,0.27600539,-0.025782844,0.95776731,0.28746149,0.031854335,0.17403924,-0.099494293,-0.12706864,-0.036325168,0.087399736,0.16311634,-0.044750549
0.039761297,-0.089913338,-0.041464102,-0.19425328,-0.2427762,0.14947902,0.91962749,0.036993377,-0.15818268,0.1352237,-0.090416521,0.10049356,0.1600295,-0.059654243,0.012248168,0.034827154
0.066024356,0.16940987,-0.035160668,0.0013099324,-0.0075535844,0.12590295,0.92755687,-0.15297487,-0.16692911,-0.20307507,-0.1058389,-0.15600552,-0.024833603,0.082012907,-0.20483898,0.018781884
0.042796053,0.40437025,0.020144546,-0.006509705,-0.11038125,-0.18013369,1.258244,-0.22777687,0.13911021,0.018036671,-0.12729843,0.16045062,0.1682121,0.072396383,0.28655085,-0.13419175
-0.024020273,0.071495518,1.1834947,0.98773855,1.13296,0.99421781,1.1838679,1.1669888,0.95942843,1.3068937,1.1326445,-0.010551965,-0.1203731,0.087989829,0.033364218,0.18635017
0.13405098,-0.13988842,0.1060478,0.021591835,0.11168118,0.033022366,1.1744834,-0.025783401,-0.12168783,0.040039998,0.32379982,-0.067880802,-0.029419467,-0.03180144,-0.2049972,0.22238961
0.26553288,-0.11184532,0.11490899,0.083218724,-0.0014619794,0.050878182,0.92184788,0.1398011,-0.056121916,0.16897121,-0.1568023,0.10615242,-0.087961324,0.040737778,-0.083088569,-0.18053502
-0.057390578,-0.011258298,0.094062977,-0.093715809,-0.11828286,-0.17898731,0.96838993,0.16526972,-0.082554027,-0.028374249,-0.12240706,-0.14693809,-0.032535605,0.025574224,0.092017025,-0.10692077
-0.049001303,-0.017130982,0.089130841,-0.11480868,0.34753567,0.1278767,0.9242242,0.03230169,0.07836248,-0.17346945,0.062666483,0.12333637,0.054168243,-0.016080137,-0.16306779,0.028318448
-0.060260788,0.14378326,0.08876726,-0.084805265,0.087255403,0.10799976,-0.083363332,-0.054957077,0.14145255,-0.11420079,0.01975177,0.020389888,0.07617148,-0.037889414,-0.26843023,-0.13978887
-0.039388057,-0.066252999,-0.22828934,0.077546306,-0.097652137,0.0063868449,-0.11460526,0.14197096,0.03410133,0.064814359,-0.11650699,-0.021206448,0.068662673,-0.036389984,-0.018164739,-0.09481138
-0.034031339,0.025807491,-0.08666674,-0.058923569,-0.088153414,0.074136965,-0.11230637,0.021854287,-0.18103641,-0.035683684,0.29512545,0.016432697,-0.069669329,-0.034833133,1.0864855,1.0682926
-0.029420536,-0.066506281,0.20413561,-0.0040913546,-0.17200534,-0.027742073,0.0039659929,-0.0091492618,0.047688205,-0.00089215091,-0.18990842,-0.1339794,-0.073438399,0.92664695,0.99432331,-0.032559067
0.016580017,-0.081261694,-0.10577215,-0.17186363,0.22227986,0.14253429,0.15558369,-0.12083252,0.044145279,0.13741265,-0.15373211,0.050595168,1.103182,0.90592146,-0.14455859,0.034343053
0.027979475,0.10417482,0.058205791,-0.086530022,0.26533175,-0.043885097,0.071221128,-0.10862298,0.0029599979,-0.093575865,-0.038971983,1.1082698,0.73355466,0.043653976,0.046633959,0.12269609
-0.067924425,-0.026269864,-0.15585008,-0.031410277,-0.17309886,-0.20606355,-0.016848158,-0.083416507,-0.070808649,-0.05940187,0.85000956,0.80546826,-0.014512995,-0.10756937,0.057654105,-0.17331687
-0.16968991,0.0049667731,-0.025508061,-0.31708542,-0.10585323,-0.067036271,0.19056205,0.18122455,0.00084077107,0.92198873,0.96093643,-0.039818902,-0.13794729,-0.0088111823,0.14055222,-0.056715142
0.084316984,-0.065952457,-0.11886225,0.30554286,0.19316719,0.075120345,-0.037414502,0.13245456,1.1577636,1.136288,0.025048103,0.19710644,0.13421187,0.1786319,-0.028104892,0.061227672
0.069090284,0.0012635982,-0.05899151,-0.07445398,-0.12878965,0.17791663,-0.075464368,0.96793175,0.90298003,-0.011390882,0.15786991,0.082114071,-0.0013026305,0.098777972,-0.11974093,-0.050732039
-0.0084580444,-0.22319946,0.046939489,0.1249406,0.10517264,0.082879104,0.74968886,0.70727295,-0.03166315,-0.042563159,-0.087444186,-0.021156713,0.21807224,-0.032025497,-0.031955212,0.0012058975
-0.0043805437,0.17670016,-0.045600418,-0.18704285,-0.033052284,0.92860925,1.1393594,0.015299574,-0.10724727,0.137647,0.02804194,0.11617678,0.0034486542,-0.031856202,-0.1057244,-0.17996556
-0.068929777,-0.063554972,0.093932815,-0.049174514,1.0542142,1.0895078,-0.13619529,-0.021545632,0.037095081,-0.19065265,0.14769341,-0.0080508376,-0.025557123,-0.14870916,-0.088410459,-0.15305397
-0.1379081,0.076397717,-0.25029913,0.93493372,1.0784011,0.11061165,-0.10113695,0.01306028,-0.0079253158,-0.050887123,0.26073343,0.064482912,0.034847658,-0.11388423,8.3163162e-05,-0.066707648
-0.014200781,-0.070117734,0.92357403,1.124231,0.069525555,-0.082371332,-0.0012055926,-0.20536032,-0.084411718,-0.10891676,-0.060714226,0.062139288,-0.014212349,-0.21782829,0.14995383,-0.037934899
0.079917654,0.94405019,0.90538937,0.1265237,0.063214198,0.030043712,-0.12971322,-0.11480694,-0.30560675,0.039460033,-0.06256628,0.021976985,-0.18136315,-0.13856564,0.074844301,0.0047701406
0.8352651,1.1126369,0.13244189,0.095128775,-0.0054901759,0.15852287,-0.014262251,-0.022425799,0.068090521,-0.028121615,0.0094985394,0.012944851,-0.029968208,0.0011989867,-0.1040215,0.063265204
1.163867,0.10792373,0.067067683,-0.082803994,-0.12849958,0.080064461,0.11803801,-0.21091665,0.0081796953,0.14310353,0.13667531,-0.0032264395,-0.071811393,0.075706072,0.030766448,-0.1113377
0.026669592,-0.11254469,-0.074597396,0.039778069,-0.19747381,-0.056856778,0.15081072,-0.087799527,-0.22281638,0.049824763,-0.03997419,-0.1221159,-0.45460594,-0.25670779,1.2279618,1.0326309
0.0272569,0.020433752,-0.046614762,0.21375962,0.051229328,0.14971048,0.062677532,-0.077191472,-0.0088476976,-0.036709409,-0.060589701,-0.25802767,0.091830283,0.92844141,1.1693727,0.037787285
0.006603173,0.081120841,-0.038853593,-0.25026587,-0.12078591,-0.17241856,0.29960433,0.10103294,-0.2463789,-0.063317947,-0.16395536,-0.086488701,0.77748191,1.0355819,0.051960025,0.043885469
0.10984818,0.097269744,-0.27113494,-0.0084240371,0.11982228,0.086782686,-0.10384935,0.015230526,-0.21847451,-0.0087114489,-0.038888775,0.85259563,1.0166324,0.021879792,-0.035225503,0.19743876
-0.075635076,-0.072858967,-0.059169643,-0.21315885,-0.010663425,-0.006935698,0.007994324,0.0010004954,0.15496045,0.11576182,1.0428156,0.87318552,0.016811503,0.086619288,0.046231296,0.043336775
-0.022060828,-0.02214906,0.043236706,-0.25003225,-0.11462252,0.034198541,0.0090706097,0.091661781,0.023227455,1.0951234,1.0153021,-0.049841549,-0.0053354683,-0.014808786,-0.038104571,0.015392496
0.046027984,-0.041578036,0.1284439,-0.067578614,-0.14912191,-0.12793893,0.058437001,0.14237484,1.0694232,0.79051912,-0.016834244,0.044820212,0.10320365,0.064966701,0.038758963,-0.17713735
0.061062966,0.00070758018,-0.015494676,-0.070221968,-0.011400068,-0.24421102,0.18859302,0.82899696,1.1279098,0.0039778794,-0.093254469,-0.11482895,-0.0067698727,-0.086687386,0.021718316,-0.10515704
0.06747999,0.012278416,0.114421,-0.085504226,-0.04244557,0.17251812,0.90448165,1.1318337,0.12584187,-0.26495132,-0.062548764,0.041436896,0.085452713,0.14756425,0.008677071,-0.11570903
0.012635978,-0.0022520735,-0.0067773303,-0.11729444,0.1823443,1.1000048,1.136534,0.11811234,0.13942045,-0.074397109,-0.075310856,-0.16502519,0.06225165,-0.09028966,-0.010218548,-0.23774889
-0.17080824,0.040985517,-0.061092548,-0.12332916,0.89187151,0.91719711,-0.087175712,0.06793277,0.0063121547,0.012308154,0.028019892,0.13904095,0.087856263,-0.078610756,0.08163736,0.084535137
0.089087449,-0.03028905,0.31778643,1.0444422,1.0079811,-0.052621368,-0.01442473,0.062649071,0.0024321578,-0.12102189,0.059616938,-0.25074026,-0.050229188,-0.0047983206,0.14372212,0.23436728
0.040697999,-0.041352913,0.98486608,1.1450832,-0.11413904,0.11414603,-0.18502265,-0.11647595,0.0021792019,-0.19969067,0.035979792,0.21536835,-0.086377963,0.026402486,-0.022164535,0.049172845
-0.098733231,1.1452845,0.84814072,-0.062908433,0.035203066,-0.023862693,0.0049444777,0.1678014,0.030467747,-0.061433259,-0.041489266,0.0082324566,0.022862183,-0.39547777,0.061265383,0.076999672
0.9678635,1.06598,0.031584695,0.011713594,0.054475188,-0.035132252,-0.03961831,0.073098689,0.060448345,0.06679827,-0.084118009,0.22882284,0.071560204,0.27498296,-0.1443579,0.096504405
0.99337101,-0.064684726,-0.041180249,0.017752461,-0.082700059,0.24702741,0.14368264,-0.17415279,0.11705652,0.072749786,0.013042206,0.091416515,0.081371225,-0.025534498,-0.10792512,0.1534338
0.041427519,-0.012991155,0.1923663,0.054605149,-0.22824,0.010803862,0.079672277,0.3681843,0.051096395,0.10288616,-0.018211622,-0.043015741,0.032599807,-0.15445457,0.04361717,0.13662826
-0.15609537,0.10587775,-0.13026625,-0.20799525,0.084738776,0.010200151,0.060105864,-0.0086101759,-0.1280634,-0.03493353,0.0033840218,0.066809244,0.022288045,-0.02314881,-0.16317362,0.066489503
-0.0016413118,0.039405547,0.037708297,-0.075326972,0.088143602,0.0072462987,-0.035842955,-0.025577404,0.031088421,-0.11654598,0.11224096,0.11703096,0.089175984,-0.041163266,0.076310627,0.018767677
0.095336378,-0.12847435,-0.045436848,-0.10696184,-0.017124206,0.078961886,-0.09099818,-0.12287948,0.14179388,0.030120851,0.090930112,0.0083950292,0.044343892,-0.062814906,-0.148321,-0.036056381
-0.14389099,-0.050494466,0.021967622,-0.21564662,-0.22824128,9.7681906e-05,0.090519816,-0.064273626,0.053732693,-0.14945284,0.030530477,0.056981526,-0.15163748,-0.26408261,0.25987345,0.059442993
-0.073481999,0.061145775,-0.095924184,0.074285448,-0.062200226,-0.16605325,0.087650828,-0.10786692,-0.24439837,0.0083930828,0.2114113,-0.035108082,0.22426954,-0.055626508,0.054587066,-0.16284196
0.024506407,0.17414442,-0.25191906,0.049311612,-0.065003581,0.95139217,0.95218074,1.0452347,1.0510998,0.83628803,-0.15689526,0.15435359,0.054537471,-0.14744784,-0.041632514,-0.17037815
0.034246713,-0.02530263,0.14907187,0.14971566,0.016922992,0.97503096,1.3519857,0.88919431,0.92797393,1.3199567,-0.054901317,0.089609332,-0.23977453,0.047862992,0.10664757,-0.086033657
0.14710549,0.18930922,-0.0058883,0.10857978,-0.096439712,0.84621638,1.1193146,1.1510732,1.0258728,1.1770949,-0.18047024,0.11812649,-0.096266784,0.014137793,0.0027637887,0.14087929
-0.1179302,-0.11267948,0.070374928,-0.019209797,-0.065282911,1.0580505,0.95810455,1.0066582,0.93971217,0.87635028,-0.023431571,-0.13292861,0.066876143,-0.021475054,0.087608613,0.052744135
-0.060861368,-0.16609628,0.10500941,-0.0046180189,0.063500822,1.1008263,1.1283696,0.87896401,1.0946828,0.90324485,-0.13658106,0.017212806,-0.016509399,0.059392519,-0.091093108,-0.044701722
0.13794395,0.089607567,0.012278033,-0.044543814,0.083293743,-0.13071233,-0.019172911,0.15516007,-0.16236402,0.049556702,-0.19861311,0.023507548,0.047781102,0.16785601,0.038492993,-0.17897609
-0.24873433,-0.021411983,0.003993887,0.12549978,-0.1190851,-0.12419672,-0.10525341,0.045646541,0.11807863,-0.0062144976,0.072475068,-0.049686156,-0.094928972,0.13552234,0.14374396,0.038648061
0.19020781,0.20054024,0.23493347,0.065437265,0.17933334,-0.059766319,0.12921339,0.33719358,0.391175,0.023849025,-0.018640885,0.24612346,-0.022617871,0.048449464,-0.069161221,0.11784099
-0.0011557753,-0.0082414886,0.0092341825,0.071843557,0.031053448,0.0002859614,0.24030556,0.010647266,0.15912597,0.082159989,0.028875096,0.17037958,-0.15251191,-0.040889867,0.063097574,0.017187035
0.22818296,-0.0093784258,0.13060053,-0.1017248,-0.023903627,0.046068594,0.11439057,0.014944498,0.037564542,0.046291348,-0.030128771,0.052324805,0.16610695,-0.10911517,0.16653329,0.053545531
0.00078208785,0.19338788,-0.034369983,0.016311351,-0.089254849,0.1040483,-0.1239861,0.14922754,-0.0095183523,-0.2018683,0.26131079,0.12039044,0.050037038,0.026940044,0.11645831,0.051243071
-0.034710646,-0.0001909401,0.27803391,0.015474101,-0.30147672,-0.12351828,0.059021764,0.1584644,0.12043469,0.15528408,-0.10831271,0.057899937,0.0042865891,-0.051157992,-0.080099896,0.20920417
0.018070808,-0.13821545,-0.016955798,0.12986977,0.025085896,0.08353927,0.086678565,-0.070939176,-0.091600679,0.086942233,-0.18560667,-0.16122884,-0.06808529,0.20696406,0.19918448,0.11861224
-0.025370769,0.10113098,0.013560265,0.23727995,-0.067515403,-0.12950997,-0.2351301,0.25378618,-0.12511802,0.039068151,0.77371329,0.15926117,0.24806961,0.045840312,-0.16345471,0.091628589
-0.19447483,0.049911901,-0.00086110568,0.066940635,0.1282015,-0.041311704,-0.13694173,0.089840375,0.020119891,0.16261514,1.0652223,0.18687032,0.26355577,-0.051869921,-0.17851824,0.137714
-0.075086065,-0.038446724,0.15529747,-0.1470795,-0.075299561,-0.022414904,0.012910752,-0.028858023,-0.010829437,-0.078443311,0.86836809,0.14101945,0.024613334,0.12090103,-0.23057181,0.034197222
-0.066723123,0.065079175,0.011574782,0.004138404,0.15112431,-0.0036014253,0.080734335,0.0022999833,-0.019168582,-0.20837776,1.0194663,0.1550786,0.041825738,0.079628386,0.072497956,-0.05423915
0.041841052,0.090518549,0.10105417,-0.018981865,0.077280201,0.071637571,1.0284292,1.0582604,1.0132465,1.0073938,0.86764443,0.90770429,1.0269337,1.0125901,0.88202226,-0.17652909
0.054128285,-0.040718656,-0.12526667,-0.071649686,0.11435042,-0.06097509,-0.11219519,-0.057710126,0.071289875,-0.14506713,0.81784731,0.11935145,-0.0021305564,-0.27026618,0.081869841,-0.13622184
-0.09357813,-0.0038111648,0.13892257,-0.093220375,0.028902233,0.24938799,-0.024318239,0.13355416,0.081229292,0.11708446,1.2219374,-0.084183574,0.056776982,-0.03222093,-0.10315929,-0.03371485
-0.073299453,0.031045567,0.049970631,0.029752064,-0.014693164,0.021561485,-0.066067532,0.21414591,-0.085237786,-0.072868362,0.9974035,-0.035259061,-0.19844961,-0.15947656,-0.056358885,-0.0070312023
-0.058203813,0.034301776,0.037057336,-0.069634445,0.044871062,0.087321863,0.0071374462,0.23617902,0.0049717175,0.10707947,0.9498868,-0.069677219,-0.048861507,0.1433832,0.091891542,-0.030441694
0.033443164,0.028124174,-0.11499374,0.1335007,0.10667785,-0.039423451,0.22641759,-0.22401623,0.1352894,-0.10041579,-0.014814941,-0.075983323,-0.19319829,-0.1089729,0.23630109,-0.048303794
-0.01285888,0.00049548526,-0.0088851172,-0.21292864,-0.14236562,0.16441393,-0.10536835,0.068040304,0.010334096,0.017507033,0.093364701,0.047110002,0.037821267,-0.24887843,0.0099206232,0.024265379
0.094604619,-0.13616417,0.165581,-0.17226,-0.19042017,0.077158004,-0.043361302,-0.038397193,-0.016644519,0.0025674463,-0.195223,-0.15314279,0.17986391,0.2602126,-0.020976637,0.090947419
-0.024082577,-0.045573894,-0.022536527,0.013251306,0.040613875,-0.1466963,-0.12867129,0.021304889,-0.12593417,-0.034950282,-0.16355374,-0.054547343,0.24043828,-0.11682696,-0.087986305,0.049323741
-0.13474058,0.087057374,-0.058072474,-0.16754803,-0.21977454,-0.056879692,-0.10729951,-0.13842565,-0.22408123,-0.038761988,0.13530631,-0.20591857,-0.19886832,0.0051551373,0.18006852,-0.14867242
-0.058848351,-0.1247174,0.07810533,-0.16403465,-0.043216642,-0.035847489,-0.014582974,0.24368943,-0.11838977,0.0035230257,-0.12868954,0.0442615,-0.22244047,0.17762487,-0.13966557,-0.12365883
0.023692833,0.17018709,0.012602592,-0.0036530667,0.02585521,-0.27254564,-0.14168118,-0.11378833,-0.051557682,0.21205918,0.093850419,0.023315612,0.049505442,0.11384284,-0.066157736,0.092743196
0.06720835,0.11611168,0.25927833,0.09867271,-0.10641245,-0.041444816,-0.056027979,-0.14330046,0.0065372968,0.010061793,-0.020324966,0.051769763,-0.030974774,0.13792719,-0.051572338,-0.0064003645
-0.19562437,-0.0096253995,0.18311813,0.1496027,-0.13782601,0.14378594,0.069951333,0.2290426,0.047660004,0.058469802,-0.07533396,0.033369943,0.013070537,0.21158576,-0.067394622,0.1199861
-0.073419064,0.072040632,-0.11728477,-0.13767755,-0.10023455,0.86446524,0.23207793,0.098435126,-0.0030685514,0.13071302,-0.20556045,0.15178159,-0.27866581,-0.1076768,-0.043490406,-0.1220371
-0.1217124,-0.051637143,-0.018194618,0.042858131,-0.059324149,1.1022975,-0.016709063,-0.049476348,0.085733563,0.098078333,0.09377382,-0.20162436,-0.082100473,-0.18913309,0.004055935,0.2366758
-0.13476974,-0.14140102,0.079777315,0.0071965037,-0.15236203,1.0952401,0.0063895024,0.10395665,0.27096036,0.15492797,0.015760679,-0.04067212,-0.058714863,-0.094460309,-0.074225493,0.19698504
0.031995125,0.025201194,-0.15873286,-0.053367235,0.007126681,0.84755206,0.035507899,0.32007354,-0.045323297,0.035569578,0.047724221,-0.16545209,0.15686919,-0.10945073,-0.25153625,-0.15100855
0.084446751,0.97166693,0.99341375,0.96580046,0.89628607,1.1480706,0.90309829,0.99711388,0.94146228,0.98694843,0.020324035,0.030046837,-0.076838225,-0.11338167,0.044805437,-0.18297969
0.048326503,0.071627028,-0.065714426,-0.054743715,0.070800208,1.0322882,0.22532739,0.042950153,-0.068213753,-0.020114649,-0.049285397,0.0036672938,0.045410529,-0.070985414,-0.20965245,0.2592392
-0.035575617,-0.1309054,0.069528028,0.091601886,0.15601002,1.0283911,-0.13297163,0.023791194,-0.21809055,-0.088349886,-0.067579232,-0.10793295,-0.10443496,-0.11542206,0.15736835,0.053623714
0.033873815,-0.0268579,0.022825669,-0.060466032,-0.081504673,1.1678156,-0.098616585,0.072017394,0.19383459,0.15469843,-0.1396884,-0.10445054,-0.31432351,0.18702543,-0.11266814,-0.020074207
0.17158611,0.19893761,-0.0088857105,0.058355153,0.12962902,1.0644677,0.041954763,0.04662551,0.10732358,-0.010026217,0.095151015,-0.059519913,0.013393827,-0.056779992,-0.056501899,0.072011337
-0.0082480218,-0.16489315,0.03436321,-0.24813201,-0.10526122,-0.24606138,0.11780488,0.022730062,-0.078585893,0.079101987,-0.21574868,0.073314175,0.029036401,0.24547912,-0.17349139,0.053161137
0.10769803,0.050739538,-0.12217177,-0.056269526,-0.03674794,0.031385481,-0.1177554,0.0695365,-0.056164455,-0.0084625306,-0.15245,-0.044141922,-0.21841054,-0.061500609,0.015856823,-0.18711574
-0.04348661,0.24881089,-0.015001857,0.087669924,-0.093182541,-0.063596234,0.017807843,-0.20382679,-0.1224081,0.10030236,0.095761828,-0.042744812,0.14862964,-0.047237527,-0.034688734,-0.025092967
0.0037736697,0.11600573,-0.14697279,-0.043843694,0.087179385,-0.0040901178,0.048432432,0.070581399,-0.16820362,0.11657142,0.27290821,0.040227763,-0.073718153,-0.0052114432,0.22436282,-0.021881174
-0.15294729,-0.17933768,-0.13860574,0.046970293,0.12545742,-0.093657188,0.016307384,-0.1854382,0.12829168,-0.022067847,0.05620214,-0.09361656,0.040478896,-0.15789016,-0.04910804,0.052458461
-0.16420701,0.14209782,0.059561901,-0.05952584,0.023245355,-0.033371821,0.03319801,0.01894325,0.0015417746,-0.025876664,-0.017620053,0.080354758,0.15605447,0.10723013,-0.0081173461,0.045178067
0.264855,0.035129726,-0.13254778,-0.18537495,-0.078042135,-0.019786045,0.030706344,1.0158595,0.94617474,1.0963305,0.81167567,0.74277139,-0.025697697,0.059631277,-0.076868013,0.097454078
0.08448717,-0.016808819,0.076889642,0.15318607,-0.030536547,0.018342169,-0.14613576,0.94219375,1.182474,1.1172968,0.91456974,1.0145903,-0.023798171,-0.039506949,0.011754692,0.22135441
-0.0012758139,-0.074343197,-0.040824547,-0.066147685,-0.12050316,0.37111348,-0.053252328,0.87833118,0.87612873,1.0054135,0.89642996,0.96565747,0.044094842,-0.10540498,0.057260837,-0.079056263
-0.067393437,0.016406443,-0.01809532,0.16904753,0.023254069,0.045536254,-0.031149313,1.1692523,1.0281057,1.0461832,0.93106192,0.88838947,0.18296276,-0.018106699,0.056102213,0.076428376
-0.036395103,-0.0319384,-0.11823391,-0.11527215,0.0022088471,0.0033691812,0.26346433,1.1357148,0.93190181,1.0392165,1.1167315,1.107788,0.083171986,0.013404447,0.1390007,-0.023388
0.091853738,-0.37081057,0.027862739,-0.020781903,-0.20846009,-0.24480277,0.052247509,0.13875857,-0.25448501,-0.1324646,0.10079572,0.06844268,0.0020965412,-0.10045608,0.21109545,-0.1070697
-0.024543306,0.020160442,0.06316413,0.055934962,-0.023279946,0.0064818184,-0.19320416,0.059037089,-0.028410248,0.067344539,-0.25204283,0.0020006741,-0.081345648,-0.049724527,0.022997584,-0.062794298
0.030475533,-0.019993925,0.075311363,-0.18478306,0.15277272,0.13275164,0.016039489,-0.054875128,-0.10614135,-0.15659359,0.23730181,0.25864226,-0.2502639,-0.34790769,0.14162959,-0.027292779
-0.084143884,-0.12000372,0.0052937199,0.11214798,-0.033368479,-0.041403405,-0.16073632,0.038112625,0.00088494964,0.16316438,-0.01029971,-0.0083832741,-0.06382893,0.17643759,-0.024153847,-0.080145821
-0.18764861,-0.21156675,0.024731327,0.15137993,-0.15744841,0.010291104,0.044551682,0.059827127,-0.040886663,0.04970032,0.061621092,0.053908639,0.013062192,-0.14890625,0.024056898,0.0005424202
0.091832362,-0.25630957,0.10918345,0.14006661,0.019183794,-0.09795469,0.30863515,-0.12613785,-0.12424488,0.066711977,-0.031951249,0.1412423,0.14723291,0.23112512,0.11161817,-0.16847283
-0.040731113,0.12405026,-0.21763791,-0.0020777024,-0.0091863461,-0.089482903,0.040089514,-0.17369404,-0.13708922,-0.022451203,0.046196334,-0.13016541,-0.10283989,0.088018842,-0.0016950201,0.095325388
-0.011448951,-0.05689916,-0.10757021,-0.059696693,-0.083182901,-0.13188142,-0.22086941,-0.036621112,-0.1824241,0.055562939,-0.1517944,0.0014828945,0.040491018,0.069533348,-0.027830372,-0.093037099
0.011028689,0.053023625,0.052696127,0.054088466,0.099246413,-0.0049215537,-0.13754638,0.031360831,0.1402237,-0.023144294,0.2062306,-0.033960029,0.044925313,0.079464458,-0.027843159,-0.050957963
0.012876504,-0.14192741,0.14458027,-0.16629526,0.010579876,0.14627773,-0.09989766,-0.15263964,-0.0026374105,0.076888703,-0.042211276,-0.082031399,0.050703887,0.15062211,0.054310177,-0.070184387
-0.0054153781,0.010253862,0.049209062,0.060751915,-0.11798616,0.10141347,-0.010851096,-0.19224718,0.019765416,0.030629231,0.017221907,0.0427754,0.0015980825,-0.12719625,-0.075526766,0.75747997
-0.17063348,0.15631506,0.01821211,-0.17642441,-0.0083369743,0.13387056,0.26817292,-0.13131319,-0.051329881,0.092232741,-0.089936465,0.032510791,0.087408766,0.062791869,1.0304655,0.86382002
0.17213981,-0.11538984,0.064483389,-0.10809196,0.052013751,-0.0018160157,0.059370536,0.041996274,-0.015388343,0.11529045,-0.11141062,-0.049721081,0.14323315,1.0081075,1.0690364,-0.09131889
0.059032992,0.12874314,0.070087157,-0.16551757,-0.035516199,0.090056114,0.14766441,0.041648876,-0.15640351,0.06170097,-0.076188482,0.017492495,1.0500581,1.0133996,0.16242751,-0.030480374
-0.20315795,0.13641489,0.25698686,0.17671588,0.1059758,0.0092580225,0.0101219,0.10950356,-0.13919327,-0.12581228,-0.059310768,1.1317902,1.1623174,-0.18630747,-0.070429333,-0.29845151
0.1009925,-0.096418403,-0.13099618,-0.15101506,-0.17742352,0.12008777,0.14001116,-0.070252098,0.15030222,0.048876036,1.0443169,1.0741415,-0.022675015,-0.14515291,-0.017872088,0.025351141
-0.043063045,0.043749992,0.24274313,0.043812901,0.018027384,0.052310515,-0.063244365,-0.015526563,-0.083754584,0.9895246,0.97730452,0.085333519,-0.055326294,0.020493405,-0.1499165,-0.036037795
0.040341049,-0.029787755,0.026142122,0.053233739,-0.0088990051,0.19543596,-0.02951199,0.02380215,1.1218078,0.85695565,0.016939167,-0.19693916,-0.22509636,-0.003523554,-0.076469794,-0.019626714
0.12650448,0.12023728,0.065475322,0.082352154,-0.025501123,-0.12625055,-0.035735384,0.95644075,1.0431069,0.073960543,-0.10909192,0.025652567,0.0050183306,0.005540302,0.067279652,-0.031075951
0.20439447,-0.12081572,-0.031966794,-0.061376095,-0.013211911,-0.062834874,0.95698279,1.0249285,-0.06570819,0.0070887422,0.10357289,0.14351875,0.056159329,-0.13462617,-0.09356229,0.15532197
0.034510821,0.051174335,-0.050535068,-0.23454612,-0.0049170172,1.0818875,0.98000544,0.075333491,-0.0042804149,0.018480958,-0.074536465,0.052078377,0.0042918716,0.17106754,-0.036922794,0.040409368
0.17667253,-0.11751617,0.067184225,-0.16653116,1.1165541,0.85532326,0.044160563,0.16991717,0.23902512,-0.06445425,0.080697462,-0.095734715,0.26530084,-0.18956304,-0.087326109,0.15893467
-0.0090524983,0.28216782,0.06051226,0.97541559,0.94521344,-0.00079464883,-0.14576267,0.035745382,0.0071704509,0.062708206,-0.11504252,0.024439672,-0.23678307,-0.071591496,-0.038268242,-0.0044541047
0.22234437,0.1274737,-0.0041057519,0.1618157,-0.12715675,-0.032954752,0.13754369,0.0091835409,-0.26922116,0.15864183,-0.026992429,0.053742886,0.21539441,0.040348832,0.16199772,0.033276774
-0.16952464,0.12736696,0.048737131,0.13557804,-0.021168822,-0.05443636,0.11092369,-0.29635906,0.26475304,-0.14646715,0.081657961,0.071047209,0.076102272,0.28865674,-0.054625958,0.13303316
0.046663128,0.061284583,0.17651923,-0.023569282,-0.062333651,-0.080483325,-0.01855096,-0.1691746,-0.17551339,0.032214124,0.074181199,0.008762368,-0.023760775,-0.13520506,0.032065947,0.0031828138
0.19990133,0.085203707,-0.1015619,-0.11830833,-0.0035857847,0.14230902,-0.13585672,0.094468497,-0.1680308,-0.20755127,-0.046962474,-0.12353479,-0.17853117,0.063541114,-0.24194133,-0.055504881
0.048702884,0.13400137,-0.032438345,-0.13617712,0.059024688,0.87088495,0.26103511,-0.054112557,0.13101722,0.25188228,0.099498779,0.16078915,-0.099995099,0.11909392,0.027957883,0.1492413
-0.15270667,-0.060299389,0.054926634,0.10365284,-0.13014135,0.8816483,-0.068500809,0.071726553,-0.060819961,-0.014255961,0.25349399,0.12828499,-0.046474028,-0.23416723,0.32181352,-0.12797147
-0.063343473,-0.050704919,-0.033041164,0.066492319,0.37172726,0.9058314,0.0077775265,-0.091116406,0.20752105,0.063047223,0.12305582,0.020308135,0.1644606,-0.072777689,0.053134553,0.20843664
-0.0045914948,-0.073802859,-0.11376207,-0.062205736,0.22829136,1.0480351,-0.1612933,-0.08559785,0.010841631,0.098909818,-0.013909508,-0.14793254,-0.10665638,-0.032094639,-0.16140005,0.14277217
0.23300382,1.0894153,1.0064023,0.84615397,1.1102316,0.93268484,0.84462541,1.1779574,1.0819561,1.1032492,-0.045673497,-0.047150239,0.20611668,-0.10489052,-0.21437682,0.2493691
0.16630679,0.12006802,-0.055679671,-0.027770065,-0.037699398,0.99793708,-0.0076334286,0.07207001,-0.053043105,-0.00087952946,-0.022297941,0.075358547,-0.062216084,-0.12024159,0.066691384,0.046303637
0.019682853,0.11896388,-0.16970393,0.051687658,-0.0063212025,0.81187254,0.028392525,0.06065087,-0.021297865,0.055276897,0.012174985,-0.11548573,0.078420341,0.3196291,-0.27424198,-0.18644749
0.0019126815,-0.12365998,0.15005961,-0.076225102,0.19755085,1.0306934,0.059727546,-0.04828785,-0.032200005,0.097394317,-0.20995392,0.062673658,-0.052380979,-0.25066531,0.14220139,0.081569836
-0.1635486,-0.0017405539,0.11578367,-0.10421875,-0.082960673,0.92619312,-0.03702959,-0.049465191,-0.068001539,-0.0059202476,-0.071680143,0.089670852,0.045517828,0.33582783,-0.12448656,-0.19769761
-0.0075070229,0.21327804,0.079641171,-0.10097757,0.22815017,0.011869546,0.029631019,-0.0080885496,0.008628848,-0.0011753561,-0.064610638,-0.13167775,-0.31656188,0.21841004,0.054933436,0.069892004
0.065810904,-0.050933536,0.093062021,-0.072600938,-0.10161647,0.048799425,-0.019856719,0.025776634,0.050911933,0.057209015,0.1808117,-0.0039524543,0.076196298,0.11138012,0.26171336,-0.117336
0.046939842,-0.13776824,0.10172204,-0.072995521,0.15815276,-0.10416506,-0.063762538,0.24203886,0.046543818,0.062171191,0.22417569,0.11644575,0.1275308,0.15462771,0.023521522,0.12448987
1.0017245,0.0444078,-0.074409656,-0.14766771,0.12055811,0.076193802,0.098767839,0.032199539,0.0066780178,-0.10216185,0.041423026,-0.093184158,0.20324551,0.019646,-0.13392301,0.10706069
0.91034389,1.1771277,0.027300149,0.042754907,-0.083313443,-0.26218259,-0.16511539,0.20119236,0.11134396,-0.097857669,0.031199753,-0.0074032545,0.013853434,0.026612224,0.01408649,0.072259784
0.074086726,0.91221374,0.91412932,-0.12553573,0.15847296,-0.17569041,-0.1773279,-0.068659887,-0.087328508,0.11963653,-0.028772222,-0.037564803,-0.089126177,-0.063598454,-0.020743735,0.35261762
-0.068882555,0.087831303,0.82557809,0.84117353,-0.0036603757,0.14167003,-0.040305596,0.073888153,0.21286744,0.15581262,0.093571849,0.12242664,0.026866417,-0.0053192852,0.047359169,0.023556609
0.1201318,-0.11341046,0.17581643,0.97297841,1.0760275,0.16647069,0.062146094,0.084651828,0.13940831,-0.30264246,-0.059993125,0.087851129,0.10370316,0.13951421,0.10134646,-0.25790024
-0.017842395,0.029900145,0.15633291,0.022792604,0.85026288,0.96533704,0.12642649,-0.080463752,-0.041137949,-0.085054696,0.14994237,0.0071149589,-0.17387581,-0.029459022,0.017071659,0.025829671
0.068848625,-0.008227651,0.032841962,0.011114051,0.18396202,1.0631727,1.09797,-0.038180359,-0.037845112,0.022222431,0.095977969,0.051842555,0.16249296,0.31340665,-0.061887749,0.24414854
0.095839553,-0.11660168,0.016785394,-0.099617071,0.12856239,0.11765308,1.1035359,0.96947831,0.13861163,-0.38839543,-0.17138781,-0.062674366,-0.023412811,-0.0046737334,0.052979343,0.069268115
-0.069952756,-0.21257086,-0.12348328,-0.12481882,0.16816843,0.064173035,-0.068449639,1.1459352,1.0234839,-0.074768879,0.070083402,-0.011893113,-0.0071965451,-0.12591136,-0.096760757,-0.12744562
0.27420717,0.087879173,-0.031614795,-0.018458027,0.077803917,0.062582359,0.334488,0.14343156,0.86498022,1.0934516,0.07874798,0.085595712,0.24096473,0.21775098,-0.044779807,0.058783945
-0.0047464725,-0.048571192,-0.11812072,-0.054184098,0.048678495,-0.064994179,0.020211758,0.023011226,0.077574641,1.0502292,0.91425967,-0.034726284,0.016786302,-0.020298144,0.096244439,-0.18626194
-0.022181999,-0.065259837,-0.067666575,-0.14344831,-0.11997376,-0.14059652,-0.056417033,-0.054176111,-0.12994671,0.030226225,0.90550584,0.81306821,-0.17505322,-0.10954282,-0.028265145,0.092326649
0.16499694,0.13186723,-0.018437151,0.026180685,0.19564433,-0.087082833,0.020433329,-0.14757501,0.035014734,-0.061501101,-0.14397077,1.2488897,0.91612619,-0.13311677,-0.044270173,0.024363307
0.051694307,0.072801411,-0.068541653,0.013158752,-0.18094903,0.01001875,0.0079689836,0.040880591,-0.21348621,0.060845342,0.012602428,0.1897456,0.94573462,0.97136152,-0.068723716,-0.31984878
0.17838891,0.013117862,0.11653485,-0.12474766,0.093952976,-0.13411902,0.0028159325,-0.147991,-0.09877535,0.11936004,0.19113697,-0.0056409743,-0.075535685,0.75398618,0.99566025,-0.13260922
0.072516687,-0.15538268,0.062123653,-0.087791264,0.022748908,-0.080221273,-0.095624678,0.018574845,-0.063076191,0.019849598,-0.026120236,-0.024048511,0.17639621,-0.067451,1.1410743,1.0522119
0.039043151,-0.0097739445,0.049441062,-0.26557839,0.0011884561,0.039135277,0.1609218,0.057775263,0.034292571,0.12556946,0.20057577,-0.13521704,-0.08975324,0.017799102,-0.10837076,-0.016992025
0.12833929,-0.12861787,-0.14944738,-0.23668559,-0.29081658,0.011434962,0.24471006,-0.00082156179,-0.041825633,-0.2043625,0.027847067,-0.043524314,0.011696355,-0.17156936,-0.2128326,0.80061096
0.13242425,-0.1214971,0.044627547,-0.12381738,0.25624415,0.17826298,-0.096217766,0.050336324,0.11072351,-0.079238683,0.11952526,0.11476249,0.0041701067,-0.040447932,0.87168318,1.0202394
0.1172296,-0.089308403,-0.074217796,-0.14336829,0.047402523,-0.040936243,0.13241942,-0.032625414,0.049890637,0.037447896,0.060535774,-0.16434224,0.085260376,0.84694314,1.0430288,0.23544845
0.042791009,-0.14141496,0.017622139,-0.14647593,0.23673806,-0.03449871,-0.022618342,0.13607678,-0.081643932,-0.10954436,-0.0020807656,-0.13343944,0.93664998,0.90523797,0.014973551,0.015838005
0.1461297,0.23081785,-0.044060353,0.15226077,0.076983608,-0.077866182,0.019324234,-0.15283883,0.26077512,0.10975948,0.13430944,1.0236152,1.0817704,0.029480614,0.14127655,-0.0030990054
0.16151635,-0.015343699,-0.018573092,0.15844202,0.05446114,0.0016613074,-0.017376678,0.01780339,-0.24948467,-0.078307711,1.0407013,0.76844114,-0.029593891,-0.14030753,0.22324398,0.075740255
-0.10365012,0.0053528119,0.026180599,-0.051463675,0.081330948,0.0073176795,0.20122896,0.0056552361,0.01767098,0.85592973,1.060012,-0.052583214,-0.010191873,0.0703502,0.037224855,0.011277993
0.048620909,0.18304858,-0.085635319,-0.31690562,-0.0077182557,-0.25625968,-0.29964635,-0.089066453,1.0415195,0.95901495,-0.0068139769,0.19493231,-0.12258738,0.060320228,-0.21555641,-0.14450103
0.0035782477,0.054932483,-0.00012477646,0.16427584,-0.054026701,0.067831382,-0.10725834,0.75816339,1.0916938,0.11157387,-0.19198391,0.16620547,-0.063139737,-0.028259406,0.0052836891,-0.080798604
-0.041338138,0.19251455,-0.1535309,-0.15425298,-0.083341666,0.11515418,0.84643757,0.89281857,-0.081372485,0.052526589,0.099949017,0.075966574,0.13872641,-0.042554036,0.14371325,0.27072355
-0.28374961,-0.028134486,-0.059332173,-0.027537927,0.15078241,0.98599786,1.1938514,-0.067239784,0.01993042,0.065315977,0.023128789,0.30533457,-0.026040025,-0.074640207,0.035484947,-0.24454221
0.060625579,-0.023409493,0.036114838,0.025743082,0.95315254,0.90099865,0.29757759,0.023428701,-0.12553889,0.09499301,0.14823256,0.044183508,0.075710893,0.18165942,0.0044728266,0.18700396
0.094395861,0.067489259,0.09151265,0.89913237,1.0276821,-0.10669798,-0.044475127,0.0069726254,-0.065233998,-0.0070664473,-0.062843762,-0.14067492,-0.198294,0.056469578,-0.039674237,-0.22225706
-0.067202441,0.13518085,1.1059413,0.94890499,-0.024351841,0.31319278,-0.024893107,0.17246789,-0.10056434,0.011699053,0.034329504,0.051782768,0.20580357,-0.0081250137,-0.12202366,-0.068258479
-0.083451249,0.93041372,1.0918324,-0.025126517,-0.019864371,0.06516663,0.10245439,-0.011340022,0.13032933,-0.15224417,0.090194292,0.20363742,0.038794387,-0.14645654,-0.055636629,-0.053803422
-0.25348404,-0.26137033,0.078749374,0.009631291,0.01347726,0.1267774,-0.1054309,0.039109226,0.0072381063,0.12648764,0.082624324,-0.073858149,0.091734238,-0.063367769,-0.18582417,0.12649874
-0.13361631,-0.10918356,-0.054250874,-0.073171131,-0.15892978,-0.10493474,-0.21525146,-0.10231934,0.018690579,0.15243348,0.024334254,-0.15181282,0.10324813,-0.11125058,0.079671226,-0.0088465884
-0.11320752,0.090745382,0.0083001042,-0.076417521,-0.010361521,0.10513477,-0.015674246,0.00026346449,0.050820228,-0.048807852,-0.077220529,-0.13472521,-0.13152149,0.09727893,-0.024668459,0.093615957
-0.082443707,-0.065879628,-0.069518916,0.11563401,-0.019985922,0.037102506,-0.16288777,0.055807803,0.10511469,-0.0053597284,0.022792351,-0.093239509,-0.0059243958,-0.026028514,-0.11184962,0.20645601
-0.058154885,0.19000576,-0.25320286,0.11904088,-0.31372821,-0.059154049,-0.069989875,-0.050258826,-0.11779971,0.070975848,-0.20485117,0.19104436,0.055272017,0.19930649,0.2238753,0.093798473
0.057844087,-0.072960496,0.18666404,-0.082209423,0.88573831,1.0098423,0.93672061,0.83229601,1.0046661,-0.10095878,-0.067577116,0.022525454,-0.21378091,-0.098693028,0.050755318,-0.04273621
-0.15877475,-0.09460637,-0.078568675,0.065499216,0.86362851,1.1303433,0.80497158,1.1994776,0.97165769,0.038252164,0.08414302,-0.28599817,0.17799352,-0.0095768273,-0.13794155,0.064449281
-0.1572205,0.083493121,0.037263032,0.25602734,0.97712797,0.94302881,0.94798332,0.90385449,1.0612801,-0.050180342,-0.049612653,-0.084258676,0.15959515,-0.13918181,-0.0011806744,0.050885253
0.069439672,0.010053676,-0.11759146,0.15145865,0.93055212,1.1334708,0.94691062,0.91429788,1.0054976,-0.28519726,0.11683222,-0.083988756,0.071240202,-0.014574267,-0.041753221,-0.11014234
-0.16884898,0.061366901,0.074422874,0.17742485,0.97164363,0.97357714,1.1265965,1.0105978,1.0196984,-0.029368026,0.074251786,0.0066457889,-0.037631486,0.02340523,0.0025718866,0.023920687
-0.017969625,0.091421358,-0.10266699,-0.11642665,0.068397127,0.053664431,0.045551255,0.25142291,-0.084982425,-0.10303356,0.033674866,0.056925908,-0.12721157,-0.03772286,-0.055564139,-0.087073669
-0.037702907,-0.087413564,-0.015362618,0.064537726,-0.18866633,-0.088265769,0.021325402,-0.026448252,-0.2598705,-0.065984249,0.18558411,0.0085277474,-0.16787283,0.052358571,0.015831739,0.10137796
0.056536257,-0.07951697,-0.0053522419,-0.01699443,-0.024986539,-0.0045882659,0.069115423,-0.032687955,-0.17026326,0.066832975,0.031527419,-0.058421157,-0.12449673,-0.033558954,0.058641765,0.12328204
-0.012335892,-0.034845207,0.055889919,0.14494078,-0.032180216,-0.043136545,-0.085724846,-0.0056821699,0.10767144,-0.17905086,0.16164491,0.016112246,-0.025347553,0.20833521,0.074340254,-0.15489183
-0.17039517,0.028080424,0.013138797,-0.027461402,-0.098509192,0.068684071,0.041848969,-0.068480052,-0.18141665,0.06443812,0.08849261,0.0014461748,0.02795735,-0.11178876,-0.027574029,0.071648993
-0.0071413727,-0.20418087,0.1041404,-0.0084957788,-0.073745333,-0.041372482,0.15530716,-0.35898325,-0.029485369,0.07947284,0.10482237,0.016690576,0.045994893,0.17705588,-0.025263935,-0.033540718
-0.025086269,-0.092364393,0.092165135,0.052157823,0.14192842,-0.16842505,-0.017870897,-0.077223323,-0.078208148,-0.1600747,-0.10460445,0.1680785,-0.0063040922,-0.30846867,-0.074685216,0.070427999
0.09025307,-0.048879623,-0.19607265,0.030172134,0.0031075303,0.1656764,-0.031854518,0.036416341,0.18184836,-0.1070861,0.20209904,0.034003843,0.17536357,0.047310855,0.04825623,-0.134425
-0.10469103,0.004924071,-0.061640881,-0.089937769,-0.062723622,-0.098588891,0.1289299,0.086199671,0.21022642,1.2350534,-0.070741482,0.06064086,0.11109859,-0.14117236,-0.14217195,-0.036556657
-0.21120739,0.035305593,-0.067487843,0.014309729,0.014896103,0.076725766,0.26223674,-0.080233403,0.14842327,1.0804166,0.14500183,-0.036439933,0.058211766,0.027010376,-0.11806847,-0.14265923
0.0079495925,0.08284577,0.063988566,0.014710065,0.15058911,0.19242346,-0.10246926,0.14338845,0.013019186,0.94404149,0.057924565,0.1038456,0.11752259,0.016190775,-0.092647649,-0.052631952
-0.019361896,-0.0054147597,0.13027315,-0.10776206,0.02662478,0.048448529,-0.21748067,0.057271931,-0.013229805,0.85726738,-0.0450841,0.14080891,0.0841612,0.043442085,-0.06365858,0.10484535
-0.001699349,0.14889854,-0.0052633202,-0.13399366,-0.2333695,0.96846694,1.155339,1.1737647,1.19891,1.1915283,1.016359,1.1089613,0.94793487,0.99964064,-0.1867196,-0.28468677
-0.041603111,0.094168521,0.0077073076,0.059658382,0.19113505,-0.052861955,0.063594803,-0.013372562,-0.083799161,0.9109208,-0.21147615,-0.048876509,-0.23033516,-0.08047501,-0.12111049,0.2167619
0.021031654,0.10899797,0.070217937,-0.0042542471,-0.19918305,0.059349298,-0.10299798,0.011363841,0.017996915,0.68515992,-0.022221336,0.036816526,0.021679295,0.090768553,0.031800967,0.061064284
0.079546377,-0.19538717,0.028673682,0.2884765,0.040321443,0.018399004,-0.13532591,0.071675546,0.15561599,0.91795564,-0.10536664,0.0031144426,0.12005202,0.10759221,0.032924201,0.028141662
0.1426964,0.27580503,-0.046206672,-0.049801212,-0.0085527068,-0.17877954,0.043904111,-0.011710023,-0.054087456,1.0482671,-0.23914394,0.24616426,0.24058487,0.012495145,0.059362218,0.047414508
0.12378256,0.37091267,0.033959951,-0.25925666,-0.00015574215,-0.025843775,-0.0060019423,0.1570683,0.013167515,0.042192016,-0.220075,-0.11790688,0.050924733,-0.069466919,0.15336315,-0.13447492
0.081008077,0.14590195,0.042708464,0.18827409,0.10053334,0.067123815,-0.097784676,-0.019405182,0.0050729779,-0.078034841,0.060442917,-0.00028379887,-0.072683506,0.09806487,0.069223106,-0.095014185
0.05423028,0.10682493,0.015455165,0.11462831,0.030099466,-0.2719647,0.080430664,-0.24939218,-0.090063535,0.11542746,-0.095309846,0.19923316,-0.14010903,0.075576268,0.055106413,-0.085038289
0.012468897,0.0082382085,-0.017115315,-0.072104447,-0.021477157,0.049301013,0.040968858,0.020428514,0.036595371,0.016088175,0.12392676,0.082645684,-0.13222057,0.050256699,-0.23763496,-0.1536096
-0.066077784,0.099963889,-0.10794406,0.12624858,0.10817142,0.016975852,0.034764487,0.0063790353,-0.12644367,0.032996636,0.036161881,0.097562529,-0.18933664,-0.13063797,-0.088741571,-0.031799491
-0.054139093,-0.036538444,-0.048483361,0.065522119,-0.073998787,-0.11585598,0.2372604,-0.11121064,0.022431092,-0.19863722,0.0965112,-0.0021434657,0.075569272,0.12106477,0.09793625,-0.0015776724
0.1840964,-0.026736323,0.071726196,-0.022637902,0.082651429,0.049719457,0.24779388,0.038122684,0.081992649,-0.14167739,0.041389491,0.096334927,0.040261235,-0.11064262,-0.004146473,0.19691889
-0.13210011,-0.056134075,-0.13251422,0.073803388,-0.1820309,-0.12584534,-0.026319768,-0.1612975,-0.012585625,-0.062058322,0.014171693,-0.086126104,0.046155386,-0.029861746,-0.061925169,-0.032979753
0.23553741,0.023385974,0.12358394,0.069891706,0.084269114,0.1209876,-0.12500474,-0.152934,0.0096995877,-0.065267265,-0.1443183,-0.011667464,-0.039826054,-0.082774766,-0.013418671,0.13356875
-0.16260879,0.10374438,0.14612603,0.047990955,-0.080432788,0.28653526,-0.0097906264,-0.2111026,-0.044061657,-0.23959741,0.055467293,-0.070874721,0.068776637,-0.1975451,0.11576574,-0.10107049
0.088582814,-0.09759672,0.13245627,-0.10828912,0.1224266,0.059628233,-0.1281544,-0.1379239,0.0041415016,0.055697523,0.083153971,-0.11387227,-0.04503857,0.088316791,-0.1162219,0.089506
-0.00061107124,0.15276869,-0.0086376593,-0.13935168,0.063034959,-0.062192976,-0.01188333,1.0516201,1.0402288,0.98676348,1.0208309,1.227303,0.070765957,-0.077961139,0.0013633406,-0.012127464
0.21898331,0.13047501,-0.013405875,-0.014555156,-0.067987792,-0.0037968601,-0.19161791,0.92155349,1.009356,1.0129273,0.90112323,1.0194554,-0.17752782,-0.11956806,-0.11365473,-0.14795639
0.10349327,-0.02800291,0.087268285,0.16071601,0.13329601,0.013339099,-0.048688725,1.0627217,1.1298043,1.0061597,1.0272504,1.0548089,0.21958794,0.027556323,0.14085878,-0.17704685
-0.19305903,0.09068159,0.10671663,-0.14460392,-0.078514069,-0.0049527846,-0.099331714,1.1584188,1.0673943,0.78712738,0.90739459,0.99083734,0.023792733,-0.046906434,-0.093259275,-0.12516104
0.044885602,-0.0071243895,-0.14373612,-0.14662914,-0.08002983,-0.054905184,-0.22024305,1.1684467,1.014902,1.11795,0.7641747,0.88288283,-0.0056668599,0.053441625,-0.18905351,-0.20505512
0.033432417,-0.0084799891,-0.11724719,-0.2720663,-0.036194362,0.032239906,0.06406936,-0.074917018,-0.16536078,0.15600024,-0.016693382,-0.27098724,0.032162942,-0.18465829,-0.079795748,0.075186431
-0.029993322,0.019667545,-0.073921524,0.035867687,0.078728184,0.059675794,0.29943866,0.0834544,-0.040518764,-0.046034727,0.20007077,-0.050476037,0.14450642,0.12337514,-0.076960504,-0.22583805
0.11428688,0.029740656,-0.026669869,0.13059406,0.073105104,0.16865246,0.03287318,0.08812388,-0.047455143,-0.027169103,-0.10111527,-0.17221627,0.026532304,-0.076667666,0.17973493,0.098020859
0.2039528,-0.14192937,-0.042618614,-0.0082320962,-0.18126449,-0.16102234,0.012306557,0.011730411,0.026622249,0.0086921258,0.12835769,0.025443004,0.15201521,0.040712837,-0.13445671,0.11951198
-0.10727964,0.1232729,0.1078564,0.076363176,-0.018353688,-0.03999351,-0.16953707,-0.099099293,-0.079751134,-0.11174674,-0.012392339,-0.045480605,0.037171949,-0.036174763,-0.11699054,-0.037566666
-0.1287654,0.01257885,0.00042190641,-0.026702793,-0.20183203,-0.031738453,0.011799807,0.13786338,0.25061017,-0.058151789,0.19933812,0.030995192,-0.15772255,0.050045244,0.042749319,0.067028478
-0.015699655,-0.21903647,-0.042194214,0.1102975,-0.08826638,0.048049029,0.20704876,0.017033219,-0.10225403,-0.040313352,0.26013881,0.0043635503,-0.025708137,0.049187694,-0.30123174,-0.28317454
1.1100811,0.045551144,0.079237975,0.066248707,0.022786388,-0.096534878,0.058644135,-0.025215771,0.002265533,0.039926726,-0.1659586,0.20319867,-0.10867245,0.10268418,0.056714758,0.02691742
0.96356505,1.0199896,-0.049798947,0.028489808,0.16518764,0.34274182,0.061041787,0.053785328,0.022650059,0.20111543,-0.17789012,0.14393072,-0.14534573,-0.20495018,0.013118897,-0.024165593
0.16223778,0.97796768,1.2546828,0.20311038,0.019392233,0.026468238,-0.12734205,0.093307704,0.047791597,0.06972529,-0.073446013,-0.017074643,-0.077964626,-0.032988906,0.17370272,0.046581075
0.060233805,0.071551524,1.1749948,1.1561844,0.099561207,-0.079133749,-0.10919851,0.24216853,-0.033969905,0.16999161,-0.14447699,-0.018054988,-0.20879947,-0.019722892,0.0025128201,0.13173252
-0.07658466,0.24921538,-0.069517337,1.0113482,1.1956222,-0.0027277817,0.02820006,-0.0021819512,0.05874452,0.043532401,0.025953332,-0.087139599,-0.019480929,0.035140399,-0.18599637,0.12883067
0.26329681,0.049338087,0.10286801,0.12721597,0.89348412,1.0884343,-0.050225772,0.16114089,0.026340289,0.031358071,-0.13847023,-0.050220214,-0.095254451,0.096640468,-0.11232606,0.058905333
-0.039089728,-0.14333075,0.017545719,-0.082386017,-0.013260511,0.7420857,1.1048301,0.09639325,-0.029326988,-0.12241304,0.062179886,-0.020163305,-0.097193286,-0.048755374,0.026036967,0.078439258
0.15818901,0.020789385,-0.14610498,-0.21447812,-0.0045125172,0.044801876,0.96022511,1.1372647,-0.11105798,-0.011113875,-0.12057995,0.32282338,0.029807499,0.029031536,-0.1555941,0.02759764
-0.076262161,0.069759801,-0.18564963,-0.18295069,-0.052479327,0.081436761,0.076855123,0.90956956,1.1613731,-0.14783053,-0.13984232,0.043449093,-0.088400766,0.064016841,-0.19268642,0.040899321
0.048160095,0.26957116,-0.24101892,-0.065836914,0.21147175,-0.030609936,0.080110058,0.013215768,0.96327543,0.91598445,-0.025982918,-0.078092501,0.19467896,0.098672412,0.17352042,0.066064335
-0.050169028,-0.12147114,0.0084925042,0.016469706,-0.038812194,-0.049765714,-0.080707476,-0.11776105,0.14026965,0.99360919,1.0378659,-0.14003605,0.051680479,0.12725393,-0.068421245,0.042369682
0.050527867,-0.17897646,-0.11341641,0.17877735,-0.16211377,0.16146639,0.039487593,-0.037481025,0.1929549,-0.16953371,0.74365944,1.0161979,0.096585736,-0.16682579,-0.12334426,0.020353278
0.051506139,-0.053503755,0.09046635,-0.0084552998,-0.14349955,-0.0088102128,0.081004091,-0.19271018,-0.1268969,0.055559874,0.072225019,0.88302857,0.86060727,-0.11603009,0.021912834,0.18405545
0.10322075,-0.051454097,-0.27907416,0.052354287,0.011087551,-0.052319542,0.16783407,-0.012333516,0.12447991,0.052337013,-0.11302927,-0.044499375,0.98056811,1.1217256,0.048871815,0.10077663
0.032045938,-0.044464588,-0.10897532,-0.08715333,-0.13305993,0.11709475,-0.023534756,-0.24129251,0.00098689797,0.20901695,0.0078222817,0.23850967,-0.16022047,0.17348252,0.13024862,-0.20288795
0.097898841,0.058607578,-0.034238767,-0.063384488,0.15030231,0.11485188,0.054390781,-0.12303312,-0.1588528,0.052218225,0.0040411125,-0.079364754,0.099301197,-0.11169299,0.089374766,0.014994559
-0.12851167,-0.064636402,0.0008237827,-0.24091516,0.091988564,-0.054684598,0.18954051,0.0061985468,0.29207084,-0.022591608,0.11139648,0.067767106,-0.23919018,-0.20951934,0.16438134,0.111697
0.30395931,0.017676951,0.11908261,-0.11297854,-0.13406973,-0.051994063,-0.22809289,-0.10381939,-0.15132135,0.78622878,-0.026964309,-0.018366344,-0.096146494,-0.11041144,0.038392682,0.09809532
0.18017271,-0.034719229,0.13355877,-0.20575462,0.089343034,0.1252332,-0.050524827,-0.14249818,0.0196198,0.97851682,0.024011876,0.36789685,0.052975293,-0.081769571,0.016402056,0.16780549
0.16700557,-0.11386762,0.21255341,-0.20739058,0.0060504954,0.16731972,-0.29281834,-0.0071492959,0.071864933,1.1021738,-0.054761168,0.12554972,-0.15676896,0.088271312,-0.037451591,0.17923425
0.050879743,0.075598873,0.055442184,-0.16969396,0.080864854,0.013735943,-0.047661152,-0.16472569,-0.11362855,0.89797843,-0.15410285,0.060450837,0.28872931,-0.15749295,0.001761943,-0.11769465
0.10965525,0.092450231,0.10188797,-0.13331388,0.063240141,0.96853203,1.0540787,1.1948317,0.93218881,0.9247942,1.0189101,1.2359953,0.77665478,0.95867205,-0.12786619,0.14496017
0.10467041,-0.053863563,-0.13617954,-0.052273598,-0.14072825,0.0071278084,0.0035821628,-0.1273749,0.025752757,1.0040374,-0.051926009,-0.12078869,0.043585394,0.098342478,0.07402616,-0.19953693
-0.039409876,0.059488393,0.00031845228,-0.021667225,0.027717236,-0.050752666,-0.14893873,-0.10089489,0.32032266,1.0067844,0.14316124,0.063490041,-0.10925019,0.12843232,-0.002121655,0.23764613
0.18712065,0.0090575935,-0.12831104,0.20788065,0.12323084,0.079895906,-0.049852736,-0.020978184,0.022890763,1.1270257,-0.0091690514,-0.058608528,-0.00286921,0.018373819,0.028553333,0.06976971
-0.16268201,-0.068595089,-0.12542827,-0.12006094,-0.043122102,0.050003916,0.1345357,-0.073993862,-0.25735211,0.98847163,0.072979316,0.18511288,0.061558899,0.098025635,0.10043034,0.098192953
-0.11277084,0.02745547,0.11844663,-0.092588864,-0.33612162,0.074990228,-0.0034279381,-0.26873359,-0.14653678,-0.19689256,-0.05052828,-0.10790092,0.049197383,0.059493367,-0.15115821,0.010195045
-0.027784171,-0.10844031,-0.10280015,-0.072090097,0.17539267,0.023745188,0.041065343,-0.07804957,-0.054448266,0.0038665757,0.16880122,-0.068195917,0.21946326,0.076068953,-0.17981701,0.13538359
-0.14699705,-0.066541784,-0.025203019,-0.085433319,0.24610008,-0.074447058,0.052242752,-0.064164892,0.12130198,-0.073166817,0.1138147,0.023372646,-0.039483704,0.03575293,0.17352043,0.0049245595
-0.094639525,0.1160452,0.045452729,0.039687738,-0.035054527,0.09080936,-0.22261667,0.11325438,-0.27505478,-0.055211544,-0.013745528,-0.022765802,0.074516356,0.24072714,0.057178229,-0.086999387
-0.003172436,0.081046581,0.048520278,-0.03777514,0.026928226,0.019160319,0.1685189,-0.020967849,0.077765726,-0.15856938,-0.10826723,-0.061713569,0.22814839,0.062552296,0.043873519,-0.22136243
-0.15876274,0.037888069,0.31011569,0.093329675,-0.13513218,-0.10131179,-0.025382262,-0.034004673,0.14031833,-0.024203572,-0.14426172,0.065297268,0.13045086,0.062491998,0.067234419,-0.016147552
1.058097,-0.14086522,-0.21492313,0.22317399,-0.015733471,0.062422391,-0.078988545,0.24440004,-0.057833627,0.059054811,-0.11641631,-0.050429288,0.19222446,-0.12587595,0.24132417,0.13230672
0.87100041,1.0984052,0.11514467,0.020496776,0.12523825,-0.17895985,-0.029497404,-0.11256296,0.071043774,0.047593206,-0.059721142,-0.070835002,-0.024627069,-0.060677085,-0.20988403,-0.12922044
0.047664709,0.97523117,1.0833633,-0.040439334,0.1395051,-0.044855762,-0.02080759,0.16438213,-0.12277417,0.080900311,0.16350769,-0.03478799,0.037923895,0.049252488,0.04732547,0.21855998
0.040107924,0.1103845,0.93249243,0.85002154,0.012755373,-0.028206881,0.16915928,0.073786736,0.013633251,0.099015132,0.093258187,0.14360452,0.078963071,0.082838602,0.24403827,0.0450335
0.017360942,-0.045087587,-0.37546176,0.90384758,0.9843474,-0.092130527,-0.027164534,-0.0018883859,-0.29376394,-0.0084843235,0.043135993,0.028259847,-0.024630904,-0.18030614,-0.052846923,0.18640897
0.11528739,0.080044702,0.030881174,-0.074216358,1.2068919,0.8051722,0.084626086,-0.093558379,-0.22400457,-0.047141336,-0.15497229,0.22940807,-0.25372729,-0.12218539,-0.056064036,-0.064300828
-0.051832072,0.16139171,-0.041526981,0.12975734,0.16443156,1.0058472,0.96237075,0.050962754,-0.021910284,0.052338466,-0.13922846,-0.0079088956,0.041495856,-0.091782287,-0.035513353,-0.046010897
-0.27509072,0.066218764,0.19740422,0.1063252,0.14530902,0.21357781,1.0809519,0.84274757,0.16791432,0.14549911,0.034915008,-0.056394991,0.076610386,0.093205854,0.046327826,-0.0094960965
-0.1347713,0.028470965,-0.12226127,0.082764409,0.12865935,-0.055108156,0.01106465,0.95988977,0.91009605,-0.004437346,-0.15895401,-0.09794046,0.10655231,0.058634635,-0.024939122,0.083701931
0.11248258,-0.17138447,0.071333222,0.077317052,0.24490966,0.030902671,-0.083790071,0.03042084,0.90035945,1.0089934,0.23041473,-0.019780733,-0.18089837,0.068646669,0.1050792,0.035415713
-0.0070872577,0.15885539,0.061592113,-0.23864728,-0.075591385,-0.22463626,-0.014544524,0.15232179,-0.072090641,1.0870013,0.78130049,0.086422384,-0.060853396,0.057416935,-0.0076053096,0.054895166
-0.0095706545,-0.010119577,0.053922866,0.19147795,-0.095536798,-0.080964603,-0.055283088,0.019334652,0.072072849,-0.042008325,0.99041522,0.94863075,-0.011635737,-0.058365125,-0.15527265,0.014015574
0.25319159,0.26005071,0.017490381,-0.14667481,0.10138328,-0.16874491,0.18613188,-0.091672838,-0.083064258,-0.27510285,-0.12073006,1.057449,1.0888239,-0.11238412,-0.055272285,-0.014255345
-0.23301432,0.11107453,0.037082046,0.17047933,-0.17563429,-0.007143335,-0.016185509,0.14656888,-0.035799626,-0.14830799,0.074851766,0.013609029,1.1341742,0.99660999,-0.13142,-0.025504097
0.20636334,-0.041811503,1.2500052,0.99871176,-0.0702255,-0.12436435,0.14319654,0.084962599,0.024602877,0.10035612,-0.082691558,0.092443682,-0.038969398,-0.15176849,0.028276125,-0.045551728
-0.16443332,-0.12973186,-0.22097582,0.77344012,0.61376351,0.062801927,0.032859884,0.10370196,-0.27478138,0.07624279,0.17740871,-0.12215723,0.22689278,0.1854801,0.0031584979,0.24186501
-0.27934006,-0.015137668,0.045272697,0.11422517,0.87013811,0.96462977,-0.21258913,0.051954497,-0.018547246,-0.11572181,-0.14399913,0.057605278,0.036968034,0.0055449428,-0.057267357,-0.017226484
-0.14964005,0.010842383,-0.068632729,-0.10601392,0.045414131,1.1241351,1.0222591,0.23145887,0.082649924,-0.18989427,-0.048580449,0.13158612,-0.046699416,-0.098534741,0.030033667,-0.04870357
-0.16381225,-0.0044708303,0.094541281,0.083473682,-0.14745656,-0.23756547,1.0089157,1.0690712,-0.073906995,-0.20404764,-0.051533654,0.11633594,-0.037333764,0.026777256,-0.019421419,0.10889167
-0.0050872178,0.036431108,0.11101828,-0.015253741,-0.10201742,-0.16087155,0.060111009,1.0484436,0.92061615,0.16022286,0.12879454,0.012478717,-0.20486498,0.022788903,0.073068209,0.08148627
0.20143043,0.045256183,0.0042538363,0.008817805,0.13706075,0.10971867,-0.028532242,-0.084983513,1.037684,1.1269245,0.10787896,0.032982647,-0.0088826139,0.054863483,-0.11515614,0.062745966
0.017893881,0.074337535,0.24721293,-0.062555134,0.098925479,-0.00048449912,0.076974124,-0.13031334,0.080274336,0.94245845,0.90525562,0.32092798,-0.075557314,-0.090536162,0.10821641,0.064706542
0.18362392,0.042449143,0.083743401,0.10643015,-0.16391781,-0.14836304,-0.14786181,-0.24273868,-0.016824724,-0.076016665,1.0328652,1.1990768,0.24725321,-0.077553526,0.12824309,0.07159771
-0.065661356,-0.075373046,0.14026734,0.19690989,0.21275888,0.11461325,0.071823321,-0.11545887,-0.12656838,-0.077598348,0.0069280113,1.0253211,1.1030041,0.046905261,-0.12383356,0.022803042
0.03548149,0.076602787,0.040191848,0.11985071,-0.0073647313,-0.21998227,-0.2272471,-0.05832579,-0.015060677,-0.024014916,0.0089634806,-0.20861197,0.85849857,0.75274515,-0.16975133,0.21352594
-0.024799062,-0.18782936,-0.22619992,-0.049231268,0.15722492,0.015058204,0.026384482,-0.14271456,-0.053648397,-0.14391783,-0.022935828,0.11224859,0.084120162,1.0902891,1.0718286,-0.07745754
-0.081377149,-0.063104227,0.035511207,-0.047271747,0.31141758,0.04468938,0.0089180637,0.12627921,-0.049362421,0.081848487,0.041926131,0.076347865,0.11449539,0.02963244,0.87474686,0.95647776
0.12745801,0.17159122,-0.026298698,0.047541477,-0.023106687,0.17965509,0.037578851,0.19485718,-0.029460207,0.21411501,0.11023118,0.036268555,0.024065053,0.010367311,-0.025093695,1.1332903
0.099826284,-0.069898829,-0.27475184,-0.21956883,0.00629187,0.054742925,0.072694167,-0.054017581,0.13593186,0.071796693,-0.22519121,0.073700629,-0.058356874,0.02433713,-0.16745931,0.060926132
-0.031630255,0.0078204554,-0.099497817,-0.0022169261,0.015863512,-0.0079122754,0.041143995,-0.065664306,-0.059983462,0.021012694,0.048773259,-0.26653439,0.068218186,-0.034652941,0.23940098,0.11006439
0.038087353,0.024421887,0.2244108,-0.078799538,-0.018474244,-0.24033099,0.061578382,-0.26502252,0.20907441,-0.082427233,-0.016717551,0.15784284,-0.029277069,0.072306432,-0.043538839,-0.19604982
0.04970222,0.027136773,0.31460211,-0.10057218,-0.13592115,-0.052547432,0.023103399,-0.038255118,0.045280419,-0.055779073,0.008394572,0.063471437,0.22581477,0.07268659,-0.090862066,0.23677315
-0.030420894,0.073316284,0.034636088,0.14906564,0.16368593,0.15657365,-0.1299482,0.048471656,0.066770963,0.23561738,-0.048444036,0.024630774,0.21783501,0.11533169,0.092164844,0.14772391
0.022699507,0.16511206,-0.14453293,-0.10770536,-0.26422456,0.013124711,0.068428069,-0.17071746,-0.077245474,0.12134352,0.37738571,-0.018620325,0.13031082,0.007499008,-0.06952516,-0.21118936
0.1257139,-0.027115842,-0.087612823,0.22283784,0.019259198,-0.0019487892,0.3740153,-0.22248621,0.019892046,-0.11326022,0.082146607,0.0030842612,-0.029376872,-0.047915518,0.11631092,-0.10149426
0.097563505,0.08301834,-0.14042862,-0.25656542,-0.013837082,0.11991622,0.16418554,-0.079525091,-0.077833109,-0.034387935,-0.22122365,0.0053018597,-0.038932595,-0.033501048,-0.1824194,-0.015903598
-0.087234676,0.075461321,0.065507792,-0.091036953,1.0375276,1.0776899,0.97888476,1.101863,0.97214091,-0.29177079,0.12771936,-0.15639395,0.07749138,-0.031477705,0.13676505,0.13102308
-0.068465248,-0.004519138,-0.090919904,0.10279103,0.86174315,0.98548567,0.97143197,0.96183515,1.1570855,-0.11612479,-0.027938472,-0.030405808,-0.030705521,-0.035147693,0.12939414,-0.12975121
0.066915222,0.084340058,0.15998501,0.084554732,0.78927916,1.0398955,1.0995513,0.91343397,1.0940415,-0.024157636,0.085095041,0.17287658,-0.070696339,0.0054419362,0.14899309,0.027266493
0.0026097768,0.004881891,-0.035127979,-0.072768964,0.87772846,0.99655855,0.95943207,0.95405316,1.0927682,-0.022659414,-0.074577652,0.039240185,-0.15844589,0.017286859,0.14366032,0.036470246
-0.23939051,0.14204936,0.00091562822,0.079735421,0.92926359,0.95653188,0.93192452,1.1550325,1.0711218,0.048071597,-0.18595834,0.20908371,-0.10536708,-0.018189043,0.0083322851,0.16506308
-0.2340783,-0.017205877,0.046103328,-0.084767222,-0.087305024,0.075549111,-0.034868162,-0.10946365,0.23086533,0.067918584,0.22930785,0.25130588,0.14910986,-0.025834352,-0.077869691,-0.018913105
-0.19606003,0.0018881856,0.043495744,-0.01701423,0.14751244,0.024525311,-0.046106298,0.14787932,0.22444279,-0.029010234,-0.030226368,-0.11597485,-0.1763536,0.045384623,-0.044659786,0.068661086
0.054337561,-0.057988025,-0.20965992,-0.12158588,-0.029635485,-0.047727466,0.070592508,-0.0008518963,0.14937299,0.084576085,-0.072494842,-0.29964909,0.13369317,-0.15904456,-0.16108589,-0.0078911977
0.085650735,0.016650358,0.071412899,-0.071705401,0.16221039,0.017361129,-0.10864992,0.018346939,0.1189708,-0.077401467,0.30370396,0.029277986,0.11816642,-0.1688928,-0.030427691,-0.2202201
0.082912117,-0.16972667,0.12562978,-0.15588124,0.13618301,0.046205822,0.12476915,0.072038755,0.042533565,0.13181539,-0.022722587,-0.14317517,0.25979233,-0.017336117,0.14084712,0.077922314
-0.040641613,0.088926122,-0.062190592,-0.098459743,-0.080627061,-0.045223352,0.13748762,-0.078878418,-0.086371064,-0.0096974988,0.085173756,0.10102185,0.047905505,0.016196717,-0.095807984,0.044534791
-0.023247734,-0.18185006,-0.37905514,-0.20550084,0.059328713,-0.13855127,-0.044225972,-0.037159361,0.095443435,-0.063884549,-0.089933753,-0.14909743,0.13915803,-0.10353198,-0.065035507,-0.085840233
-0.090492286,0.018291844,0.04592922,-0.070297942,0.14493707,0.009283212,0.081584215,-0.02628036,0.10507257,0.0060752449,-0.10458346,0.18731549,0.050840329,0.10441306,0.015403622,0.16485277
0.21314077,-0.028229948,0.17333883,-0.15664712,-0.17422093,0.018701917,0.30908927,-0.15714262,-0.10012933,-0.15535524,0.082763165,-0.0005339504,-0.063551188,-0.072735317,-0.050085403,0.99447519
-0.044261992,0.15028352,-0.085027285,-0.032985415,0.056057744,0.11683749,-0.0082540149,0.014230719,0.051266745,0.01597181,-0.045788404,-0.024397602,-0.12776449,-0.12123166,1.088087,1.2959975
0.17732687,0.10951199,0.10338046,-0.075114883,0.22268121,-0.099519573,0.027479136,0.050877176,0.010097827,0.15814337,0.089103669,0.084448665,0.010540673,0.87930483,0.72021484,0.016574817
-0.1580946,-0.059460241,0.21342602,0.27755818,-0.15663624,-0.24287577,0.12346724,-0.055000458,0.20756166,-0.044808324,-0.012620036,0.013558924,0.97082371,0.97808313,-0.12625813,0.11115087
-0.18883486,-0.23136653,-0.25121,-0.3276929,0.080658548,-0.20646039,-0.084870033,0.15168461,-0.028200304,0.12339021,0.095934734,0.84312004,1.131447,0.017354857,-0.010268364,-0.01951999
0.096686743,-0.043768622,-0.1293477,-0.020570301,0.030848837,-0.038229365,-0.060970843,-0.056623772,-0.068220437,-0.096976198,1.108129,1.0928453,-0.20091295,-0.063367434,0.33157268,-0.038457412
-0.044972405,0.16035418,-0.0077539203,-0.032328188,0.095052056,-0.10517948,0.032425843,-0.060067024,0.19658528,0.97416782,0.89066136,0.13078271,0.156562,0.11062715,-0.055396963,-0.11813755
0.019129248,-0.042449594,0.052284457,-0.09733811,-0.18456599,0.1595446,0.064853951,0.0034469271,0.90699357,1.1201749,0.042351369,-0.1496757,0.16659026,-0.014256328,-0.1692168,0.0048836805
-0.07235615,0.052801568,0.043354534,-0.12856928,-0.028988477,-0.21051557,-0.085519344,0.81297618,1.0901511,-0.20676242,-0.088220477,0.11550611,-0.15386407,0.021499489,0.32647273,-0.060491417
-0.10140309,-0.11737845,0.00028352952,0.020036273,-0.13112895,-0.011139468,1.0497561,0.95925122,-0.034776218,0.0040568989,-0.010068993,-0.02417681,-0.059272885,-0.041473482,-0.012286375,-0.14992703
-0.083943598,-0.2051167,-0.24741273,0.018111654,0.034212701,0.88979167,0.79170686,-0.18345419,-0.0038401566,-0.024429306,-0.05263266,-0.055610538,-0.10075021,0.078201264,-0.082690917,-0.14751746
-0.00040121793,-0.0018671146,0.0059849075,-0.036451034,0.94325298,0.9495647,0.016164847,0.13774744,0.035652786,0.036958668,0.12005606,0.017469056,0.079691164,-0.029115906,0.017269889,0.04519964
-0.0018194123,0.015644662,0.068267703,0.77574718,0.93737155,0.17435987,0.083413325,-0.28553015,0.02423303,0.18319,0.075608358,-0.073656492,-0.045007199,0.065958872,-0.1327671,0.0893263
-0.033341315,0.31022552,-0.087904826,-0.007112748,0.089939877,0.023740258,-0.081416868,0.03546983,0.17250405,-0.0054944581,-0.053477056,0.096135244,0.25434971,-0.042954687,-0.060469784,0.095395423
0.29384243,-0.11165433,0.076061919,-0.095010445,-0.095691167,0.21540268,-0.10891352,-0.17107563,0.1686368,0.07887727,-0.019439002,0.042501006,0.048515156,0.28533727,-0.053302016,-0.13643493
0.0092277937,-0.11763343,-0.055568669,-0.092217416,-0.086118884,0.023957489,-0.032553587,0.11352389,-0.20455326,0.030742271,-0.084050149,0.036179617,-0.10718367,-0.12654425,0.053257782,-0.03081172
0.017327774,0.098935902,-0.026804551,-0.059614304,0.018873189,0.11662669,-0.0246999,0.059141878,-0.12868544,0.057774652,0.098160721,0.24419226,0.17954612,-0.11161364,-0.070700094,0.15698287
0.05825533,0.15122248,-0.24112749,-0.013975546,-0.0325487,0.01933315,-0.07966435,-0.079981923,-0.051640879,-0.091324978,-0.06878718,-0.089881949,-0.11064359,-0.051959518,0.133709,-0.074354
-0.057554394,0.026790129,-0.097088933,-0.17234035,-0.0050294986,1.0864968,0.81937373,1.011919,0.99415082,0.9293983,0.12922813,-0.028162353,-0.026449831,0.2202359,-0.024606962,-0.18106766
0.29394025,0.19073656,0.11951482,0.034758646,0.13415392,0.97597969,1.1178691,1.1451968,1.0382695,0.96804011,-0.034250375,-0.074496672,-0.039334103,-0.071563773,0.016402688,0.01618072
-0.043398559,0.041801032,0.25771129,0.034477539,-0.0085820267,1.0791135,0.79858911,1.1417305,1.023965,0.95701903,0.099160753,-0.01044928,-0.10575685,-0.021015443,-0.099263638,0.011955666
-0.024518292,-0.0013010248,-0.14608808,-0.1156631,0.1921619,1.2785641,1.1294708,1.1315386,1.1916628,1.1410563,0.12961929,-0.15907142,0.0099000093,-0.027015854,0.080581561,0.061933134
0.0090129767,0.32519934,0.13802893,-0.057560205,0.01469374,1.139537,0.97848481,1.1706991,1.0653076,1.0660182,0.019505253,0.10731607,-0.11438014,-0.068655811,-0.089975186,0.19103499
-0.037310429,-0.033323195,-0.0089749359,-0.050662186,-0.22803701,0.003924394,-0.1087715,-0.00036555386,-0.091113158,0.12177775,0.0034867476,0.13209602,-0.026269611,-0.15350121,0.060638398,-0.090755105
-0.070500329,0.24791767,0.077394098,0.12838936,-0.044264454,-0.13668984,-0.033541765,0.22874202,0.00027482025,0.04995067,0.17475237,-0.23886195,0.14147671,0.069801889,0.0091753714,0.033935886
-0.022448409,0.14812775,-0.26880905,-0.079200357,-0.055691365,-0.07395076,0.096529298,-0.1139219,-0.16744839,0.20000465,-0.12085357,-0.057147488,0.011732833,-0.22279441,0.2327237,-0.010557398
0.0099803135,0.12550087,0.02560202,-0.010763384,0.054880027,-0.13245906,0.04041329,-0.15920605,-0.071372569,0.16276631,-0.30042493,0.025605051,0.0010173692,0.099961899,0.10811651,0.27950618
-0.18248092,-0.039535031,0.11594299,-0.060993932,-0.37153623,-0.10817848,0.053885002,0.022444148,0.068974018,-0.051762268,-0.058789235,0.076841481,-0.027312573,-0.014006666,-0.051517859,-0.097617909
-0.013873586,-0.049687684,0.17155342,0.043257121,-0.01566246,0.08423733,0.066883132,0.1485237,-0.077070504,-0.07939595,-0.081177302,-0.12905939,-0.076392151,-0.089543074,0.079078883,-0.14782022
0.010991342,-0.23415267,-0.018910088,-0.020735024,0.045470234,-0.16234028,-0.086039647,0.048748899,-0.044178959,-0.12184375,-0.024566038,0.1988737,0.028152095,0.070389383,0.070662156,0.049351633
0.011553412,-0.013535299,-0.029486941,0.057126902,0.14827883,0.037579343,0.12327562,-0.16116099,-0.038473845,-0.11603542,0.078020953,-0.21637648,0.12291864,0.046733659,0.14901869,-0.030479895
0.024363548,0.16135487,0.075003013,-0.0062275375,-0.099247523,0.09766788,-0.026761547,0.089632541,-0.13396214,0.24040247,0.15193111,-0.096372075,0.017079502,0.11768296,0.0093694311,0.068076462
-0.088507131,0.092071258,-0.062503904,-0.19113852,0.10930984,0.11954696,-0.098775879,-0.15249752,-0.21410468,0.070463344,0.093912758,-0.08202073,0.15388605,-0.039484229,0.032171194,-0.13202557
-0.077809542,0.21559072,0.11712056,-0.069385521,-0.030748619,0.019719603,-0.0004942732,0.17143509,0.023503043,-0.038115971,-0.099981859,0.042559601,0.026828,-0.20079297,0.0084485123,-0.064917117
-0.044616342,0.30878308,0.025825037,0.10435766,-0.081153631,-0.10147991,-0.221001,-0.10320451,0.020629551,-0.10678765,0.13800229,-0.046488728,-0.016212281,-0.17037947,0.064860597,-0.069541864
0.098253995,0.069970898,0.10302637,-0.090952747,-0.097805247,0.071411416,-0.0096925478,0.068916239,0.15536124,1.1966765,0.029463813,0.13186216,-0.0098245665,0.089416772,-0.17997862,0.17935345
0.016312489,0.21415222,-0.020902473,-0.0031173462,-0.27085164,-0.023481803,-0.024611441,-0.042924795,-0.051529989,0.96238267,0.074309632,-0.036955137,0.15705013,-0.040635027,-0.11446492,0.01689969
-0.3581053,-0.015076285,0.083407104,-0.17355494,-0.0083120642,0.052335672,-0.11154987,-0.048873242,-0.0040946137,1.0202565,0.05848594,0.010120298,0.18016927,-0.043143921,-0.1569837,0.06099863
-0.087477773,-0.083969519,0.035058137,0.037125252,-0.063947596,0.1051556,0.14592803,0.27859905,0.07514064,0.99042505,0.11586436,-0.40006593,-0.01370569,0.19514774,-0.16413003,-0.099705718
-0.005889399,0.13011855,-0.023714013,-0.19705874,-0.036398824,1.0605181,1.1063974,1.1007707,0.97240299,0.96311325,0.94475394,0.66774315,1.1079564,0.96009707,0.29197004,0.12375754
0.041883398,0.11382139,-0.035803568,0.0049801343,-0.17917211,-0.070744731,0.06140874,0.011737477,-0.25021583,1.0217195,-0.15477011,0.011858202,0.22982521,0.026790624,-0.17899118,0.17679743
0.09435489,-0.058084372,-0.0019116688,0.13669708,0.11084182,0.050837725,0.14135686,0.27941325,0.038349923,0.83615088,-0.12559651,-0.068125784,-0.013917482,0.040660571,-0.066936478,0.03190076
0.091233604,-0.088481791,-0.11282621,-0.05254779,0.13363145,-0.0014695305,0.071384676,-0.0042282324,-0.027970409,1.0003597,0.12375253,0.12359304,-0.061365105,0.088889055,0.20575345,0.0055921152
-0.079835251,-0.12664121,-0.030465661,-0.049646366,-0.015745161,0.1006446,-0.0071123759,-0.15044691,0.087893203,0.88230366,0.060140971,0.13019446,-0.033654813,0.19032261,0.010206288,0.07927721
0.05635123,0.000168232,-0.097854331,0.06205263,-0.11468135,-0.13029356,-0.033185925,-0.24766058,-0.011331474,0.085507363,-0.32196349,0.050661504,0.041554682,0.2040969,-0.06236675,-0.097278222
-0.22843701,0.13915953,0.25004762,-0.089177437,0.14494336,-0.058184568,0.34348631,0.10470948,-0.0050846585,-0.0092997877,0.041872676,-0.19225901,0.13980138,0.75674868,1.0780917,-0.14001741
0.13345981,0.13698937,-0.020014675,0.024005361,0.084137239,-0.14369774,-0.26728982,0.12370862,-0.216607,0.076290794,0.18036747,0.10389459,0.95307612,1.0026603,-0.21516559,0.091598302
0.12686445,0.14928401,0.15334833,-0.056706265,0.0052578519,-0.11974474,-0.0031868599,-0.089456357,0.21620201,0.0095967222,-0.18934424,0.85414529,0.97368789,0.046216313,-0.014936709,0.030423023
0.15949526,0.059216853,0.0061502634,0.1654759,-0.20241721,0.0085126897,0.18085276,0.14317453,0.030203085,-0.076799482,0.84748679,0.8875789,-0.015678337,-0.14474876,0.12962207,0.19179773
0.10664847,0.11733012,-0.215169,-0.15418576,0.038646415,0.11943878,-0.091651164,0.064418606,-0.065994479,0.96697146,1.0282569,0.0012660567,-0.18920217,-0.038692664,-0.133606,-0.11437107
0.002634051,-0.034854528,0.28036219,-0.14955069,-0.056446508,-0.10117484,0.064107031,0.045178942,0.95096231,1.0141262,0.1879479,-0.11736301,-0.063100077,0.052273735,0.072261356,0.062141344
0.019005382,0.021503666,0.02544491,-0.059528276,-0.076150022,0.010951755,0.15056691,1.0885297,0.86265945,-0.21322656,-0.064770117,0.056208413,0.15656695,0.084501624,0.090339817,0.012278144
-0.086212657,0.070093647,-0.01430188,-0.32786164,-0.042220265,-0.025527485,1.0334748,1.0772007,0.10386398,-0.11459845,-0.22503693,0.201208,-0.091547161,-0.094250344,-0.0094526466,0.014581819
0.060074344,-0.121819,0.19273719,-0.19082479,-0.045681339,0.94608784,0.89571488,-0.19378923,-0.062945589,0.067817979,0.23794025,0.086296193,-0.033830199,0.028425412,0.038354289,-0.051663611
0.29858616,0.084020935,-0.050911147,0.10780555,1.0137503,0.93212587,-0.0088337203,-0.049878024,-0.17504863,-0.02631484,0.0039063855,0.075974278,0.13367265,-0.21069409,0.32502651,-0.060448319
-0.014321664,0.16422895,0.13286997,0.73653889,0.98446548,-0.31054309,-0.058745764,0.15287329,-0.040534418,-0.20335548,-0.003661677,-0.12057858,0.1364838,0.087009899,0.066158891,-0.13031423
-0.30779588,0.053786661,1.0070678,0.84481514,-0.050388899,0.012574611,0.059567966,-0.00038777554,-0.2153077,-0.058432039,0.24153255,0.16405751,-0.023819203,-0.11192814,-0.016995829,-0.044960361
-0.066210613,1.0605915,1.1265808,0.078377485,-0.1311342,0.15451953,-0.18283963,0.12374236,-0.010994572,0.19885895,-0.43577704,-0.017675743,-0.089087777,-0.099891499,0.1418384,-0.03061649
1.0261612,1.0664444,0.0041048066,-0.080538109,-0.17755568,-0.15298057,-0.049422581,-0.038763598,0.14404778,0.099450506,-0.0050840685,0.20319954,0.032674842,0.15239367,-0.019947544,0.2051719
0.96854001,-0.29098624,0.1576115,0.21659702,0.19754966,-0.10164776,-0.18016411,0.024542913,-0.14697355,0.075317569,-0.050835881,-0.018165842,0.07504946,-0.040136877,-0.0018346306,-0.053463556
-0.017457401,-0.1595955,0.31751511,0.026343022,-0.24917492,-0.044837512,0.10292242,-0.090976045,0.04796071,-0.17984219,0.21153843,-0.15627839,0.065445051,0.035664134,-0.022695731,0.059962604
-0.0278887,0.10679729,0.02419441,-0.1205141,-0.074703716,-0.031253051,0.12706318,-0.039372679,-0.039637443,-0.034085628,-0.095249131,0.17041381,-0.078710862,-0.11147278,0.13568006,-0.053953387
-0.14621107,-0.12732661,-0.082582049,0.14359154,-0.020318743,-0.13202535,-0.17204379,-0.0045418153,-0.055575829,0.053000879,0.086816318,-0.11403816,-0.21951346,0.14122809,0.051077727,0.051014617
0.050027516,-0.044564426,0.11200979,-0.039285678,-0.054591142,-0.10767763,0.020039035,-0.013341783,-0.25396937,0.016795455,-0.17197511,0.0004948327,-0.057669468,0.085333675,0.089281537,-0.17558219
0.019600522,-0.11146973,0.042103332,-0.060121447,0.023995491,0.31528902,0.082701266,-0.12586433,-0.13956249,-6.1439212e-05,0.056523208,0.29324317,0.010136528,-0.15966927,0.030895622,-0.097211406
-0.12315793,0.17797767,0.081075773,0.04714904,-0.11941302,0.11219513,-0.086141013,-0.03607861,0.1064954,0.0041507646,0.11836235,-0.20998628,0.044064835,0.032344878,-0.079473406,-0.28034037
-0.22195537,-0.2167065,0.094881505,0.038954392,0.16086411,0.0010098261,0.32634947,0.13223505,0.066316068,-0.16000114,-0.063429616,0.19284266,0.050027564,-0.13894875,-0.044426575,0.11553755
0.084294938,-0.069050021,0.024716312,0.1574852,-0.18672453,-0.013985736,0.11312395,0.076016568,-0.067257695,0.073471904,-0.023545684,0.050376523,0.18344255,0.073104285,-0.04755437,0.12318899
0.074691825,-0.066542134,0.085227706,0.11194761,-0.017392293,0.16971394,1.174751,0.85288072,0.89202309,1.0725353,0.96287596,0.013291799,-0.14294863,0.057414733,-0.013351106,-0.15123104
0.0033520651,0.13135071,-0.029598374,0.022571912,-0.11408027,-0.11973985,0.9243167,0.74758685,1.0080007,1.0130544,1.0701537,0.0099363197,0.062826559,-0.046505783,-0.17124185,-0.0050196662
0.10380651,-0.10004185,0.11275861,-0.038187258,0.020308534,0.06325943,0.98162287,0.94569135,1.1489546,0.94017643,0.79738045,0.065068841,-0.020885292,-0.10066821,0.16271026,0.08418522
-0.12273971,0.13163863,-0.0049003828,0.16718538,-0.016019907,0.077169888,0.9201439,1.1293215,1.1953428,0.7829569,0.80356097,0.10250954,-0.12369712,0.065227069,-0.093925282,-0.041323703
-0.018800424,0.087305754,0.11166696,0.048765518,0.18080184,0.1921225,0.98545206,0.96981609,1.0103414,1.0055604,0.98309004,-0.10436358,0.045120791,0.00061906292,-0.30410728,0.00026077192
0.031984851,0.0063424264,0.35868946,0.12351838,-0.031840105,-0.03160679,0.0072385441,-0.012570933,-0.10540678,0.13574767,0.1219708,0.21742381,0.074754253,0.27855775,0.016135806,-0.0062318752
-0.1360482,0.047848023,-0.033362467,0.19325311,-0.19324864,0.019346735,-0.055404499,-0.080422714,0.040059999,-0.15745386,-0.2441632,-0.21485394,-0.19744809,0.12943062,0.14792559,0.080443002
0.10219212,-0.057989597,0.029079709,0.019626079,0.17923664,-0.15394753,-0.13448697,-0.096668713,0.30237845,0.1021345,0.21571884,0.10181904,0.031992827,-0.018888144,-0.041615304,0.018956697
-0.0099146059,0.083875693,0.0055044591,-0.10071368,-0.10179844,-0.069423206,-0.096872441,0.17152612,-0.030393006,0.25407112,0.059950747,0.12117646,-0.35037446,0.10032325,-0.12315297,0.062713675
-0.19035579,-0.025699908,0.0091345059,0.23130128,0.11980867,-0.18358424,0.13984798,0.075949013,0.26281545,0.1513056,0.16493429,-0.056175768,-0.10569022,0.059477743,0.074398696,0.12929574
-0.23729485,-0.056941431,-0.16999213,0.11909544,0.067619741,0.11595542,0.0060818736,-0.24404295,0.017540509,0.050259676,-0.058602296,0.048121125,-0.015848707,0.070379049,-0.098928295,-0.1702348
0.10884603,0.33368528,-0.16126463,-0.11066964,0.040998146,-0.046235323,0.12884785,-0.008971883,0.092677422,-0.10457104,-0.070332579,0.025793513,-0.058918007,-0.2339419,0.10550653,0.23161498
-0.086919233,-0.18050297,0.2100444,0.0043938537,0.13258055,0.017398473,0.16011095,-0.085448667,0.24647415,-0.10824289,0.10445986,0.10954519,-0.14232504,0.086281575,-0.052421104,0.062409047
0.083630286,-0.23425357,0.1063102,-0.14448181,0.10209931,0.15383387,-0.09420839,-0.20899715,0.060968406,0.12386786,-0.077508517,-0.03622254,0.033307172,0.15372659,-0.105905,-0.047917586
-0.048716411,-0.14650802,-0.070181429,0.017883588,0.037116621,0.1925776,0.094684601,-0.077827834,-0.023176884,-0.041010991,-0.37927037,0.093510807,0.081250891,-0.035649452,0.20386189,-0.061913058
-0.10590757,-0.11439502,0.057382915,0.15469424,0.13953498,-0.17447156,0.068541639,-0.25006238,-1.4653562e-05,-0.23814066,0.031540539,0.06450706,0.19833235,-0.045865435,0.097568981,-0.018939942
0.0056820717,-0.17564633,-0.21356137,1.2312609,0.88439405,0.96732938,1.0026224,0.94900173,0.04982632,0.11383743,0.076325588,0.15385619,0.4135235,0.032880932,0.11369409,0.083820947
-0.030225463,0.11866362,-0.057205413,0.85476488,1.0739945,1.1833352,0.85962635,1.1032159,0.088348903,-0.076998562,-0.095364816,-0.33246434,-0.045117334,0.10114487,0.14691073,0.28410476
0.057213418,-0.048650287,0.14192501,1.1379582,0.72210085,1.0389844,0.94166261,1.253127,0.053817153,0.11496226,-0.062916808,-0.0091497209,-0.23364793,-0.031679425,0.24814203,0.066318154
-0.073002882,-0.10824575,0.10791178,1.0378127,0.98043317,0.9378565,1.1116515,0.78873855,-0.072898038,-0.055183273,-0.067835756,0.12251395,0.11683806,-0.079244636,0.081587866,-0.046675283
-0.096318252,-0.077487595,-0.068443462,1.0417349,0.98136365,0.8680582,0.77780306,1.0343238,0.11350761,-0.096787579,0.065882452,0.14711536,-0.061583932,0.13100612,-0.050462063,-0.031179205
-0.12855519,-0.084916815,-0.051401526,0.25320709,-0.096183263,0.017613737,-0.012982916,-0.04686356,-0.068615988,-0.044922251,-0.11661378,-0.16344053,-0.079344437,0.14653711,-0.0043842047,-0.083326094
0.15207116,0.002275283,-0.0048512602,-0.079722434,0.10700769,-0.058386773,-0.13834396,-0.2776756,-0.14821351,0.0039670644,-0.066496827,-0.11745875,0.0039482717,-0.032424655,-0.1471847,-0.040135182
-0.013844281,-0.13015017,0.02584492,0.26360139,-0.043798417,0.12824808,0.0092742862,-0.07547985,0.047128454,0.066494115,0.13855419,0.15013431,0.15938456,-0.052043777,-0.078264363,0.11687554
-0.209751,0.077758312,0.071541056,0.041065618,-0.21385139,-0.11996529,-0.233382,0.10454248,-0.10478467,-0.048404939,0.054294579,0.11008403,-0.11252498,-0.061800007,-0.017484846,0.083650671
0.78704458,0.032738172,-0.14846459,0.00062004442,-0.071191005,-0.078807384,-0.017124359,-0.11442353,-0.01063861,0.13432559,0.071850322,0.026745928,-0.068740159,-0.0062364149,0.0075601274,-0.059685368
1.0330338,0.9978931,0.099510267,-0.1059552,-0.11895779,-0.067744672,0.086627513,-0.10551117,0.12740743,0.23543537,0.021174921,0.006083366,0.10683881,0.078706704,0.051880613,-0.20548135
-0.35896999,1.023358,1.0249006,-0.0025622472,-0.072746739,0.16231376,0.033436734,0.062763385,0.092920423,-0.29280016,0.014138629,-0.099747643,-0.036325045,-0.086412527,-0.053138282,0.026020523
0.049556389,-0.019884987,1.0802938,1.0995669,0.073264122,0.10005931,-0.13680325,-0.11845919,-0.12912469,-0.15938666,0.042537399,-0.032867983,0.027257346,0.0340272,-0.034790646,-0.065580301
0.12593292,-0.15690102,0.12725526,1.0626135,1.2461156,0.11973885,0.033666786,-0.048532456,0.062150739,-0.11821683,0.10510191,-0.038343485,-0.04233807,-0.066555627,-0.30562362,0.062741496
-0.20146029,0.0029859112,-0.021347677,-0.13866977,0.93855584,0.93005133,0.21177478,0.17686723,-0.013001327,0.13841078,0.097088546,0.25952592,-0.32368648,-0.13581702,-0.0053733494,0.15325253
-0.060706951,-0.32692727,-0.034135364,0.096679188,-0.15533338,1.1473097,1.2131842,-0.044062112,-0.093209736,-0.029198991,-0.17195311,-0.053813811,-0.13800542,-0.24266416,0.015086416,0.10414533
0.025559612,0.047050521,-0.097821005,-0.029308319,0.085860424,-0.048769787,1.0113527,0.9415645,0.0092580942,-0.18267328,-0.070631728,-0.00023868533,0.085373379,0.018342953,-0.023514042,0.13938028
0.11767347,0.13962844,0.089204296,0.30694765,0.047689412,-0.097949505,0.045796659,0.89847243,1.1413746,-0.085047364,-0.03213758,0.081813462,-0.15267296,-0.10690288,-0.062215619,-0.05527667
0.076154351,0.14332682,0.094397254,0.20818317,0.083232373,-0.043820266,-0.20430069,0.10159776,0.87515473,0.98229116,0.12905492,-0.01769831,-0.11248182,0.051070776,-0.15436026,0.20825866
-0.03045976,-0.045152057,0.20429583,0.0074121295,-0.066147536,-0.03723776,-0.055466946,0.061923426,-0.072445348,0.92468256,0.78124142,0.32619104,0.059802908,-0.062937096,-0.13951524,-0.017569035
0.031497676,0.21353225,0.056336038,-0.11985588,-0.20981251,0.049169008,0.034002949,0.16830553,0.0028374158,-0.082636178,1.1015249,1.2643555,-0.092868313,0.03815338,0.16998585,-0.11355194
0.10968997,-0.090476535,-0.14954822,-0.015835134,-0.045420695,0.10417563,0.060281713,-0.0035784834,-0.03478989,0.026924005,-0.12585753,0.91093981,0.95706445,0.032494877,-0.023946494,-0.0087362882
-0.19127579,0.17430106,-0.053813156,0.053461749,0.097170606,0.086475447,-0.12121279,0.028002074,0.19044431,0.070369951,0.044170313,0.23687181,0.91160679,0.94613814,-0.1264769,-0.039084423
-0.12063274,0.13991992,0.080413453,-0.28779992,0.19911271,-0.0045328815,0.15580817,-0.13019672,0.16448447,-0.071038418,0.18524082,-0.0015061459,-0.12347099,1.0365796,0.97671241,0.15030505
-0.1016775,-0.018069122,-0.18472205,0.10829077,-0.14802566,-0.048817787,0.20454556,0.042532519,0.013769918,0.024795273,-0.25089872,-0.10788704,0.10543019,-0.21751413,1.1185656,1.2659817
-0.082931042,-0.061399695,0.93923867,0.91206968,-0.14861569,-0.038775846,-0.072941571,0.084009595,0.140349,-0.11361402,0.099564523,-0.041740805,-0.039760433,-0.010201226,0.11883953,0.042109076
-0.20957914,0.17022108,-0.04162683,1.096258,0.94244337,0.074123628,0.14566518,0.078242645,-0.079972856,-0.057377897,0.18402129,-0.0065722903,0.042278018,0.10209265,-0.10651214,-0.15683793
-0.064905494,0.017415518,-0.1440881,-0.10286861,1.0771202,0.94524467,-0.11479913,-0.041277178,0.057171509,-0.006237607,-0.11670142,0.0026823739,0.058793552,0.0034340627,0.14584407,0.029365668
-0.10138964,0.08440233,-0.0046570483,-0.1198857,-0.068978466,0.82368094,1.0558652,0.11966608,-0.050733633,-0.0802963,-0.10969196,-0.13697259,0.19203261,0.047660429,0.061647296,0.10806794
0.074593276,-0.046553753,-0.065503411,0.17252839,0.050924283,-0.026041992,0.88312882,0.78065193,0.001155643,-0.072431579,-0.21676601,-0.3468962,-0.1562732,-0.10803917,-0.15193963,0.00047169474
-0.025919965,-0.065163828,-0.062029362,0.016633563,-0.15404771,0.21105073,-0.21289548,0.83694452,0.95813674,-0.13011082,0.16715057,0.14594413,0.074463919,0.076199643,-0.10865244,0.10688656
0.15844408,-0.14856508,-0.17625311,0.20718747,0.24593349,-0.13943709,0.275222,0.00905958,1.1528933,0.97132552,0.069979675,-0.16743053,0.09861286,0.0083310986,-0.0087846695,-0.006857601
0.020902112,0.0133429,-0.084068529,-0.138476,-0.14086278,0.19303922,0.066968769,0.21137726,0.022755174,1.0219009,1.0760669,-0.014447255,0.040809952,-0.001782162,-0.0839919,0.037597597
-0.032679372,-0.032397252,-0.16790426,0.015594578,0.13537276,0.040938433,-0.12468944,-0.21404983,-0.072547205,-0.0021043306,0.87415886,1.0346072,0.067708202,0.061044052,0.10303792,-0.0088521941
0.066846013,-0.24345365,-0.010724336,-0.0085439971,-0.052088108,0.036022872,0.085239403,-0.25311255,-0.1639877,-0.088580586,-0.038848821,0.84383065,1.0591153,0.028531969,0.16505627,0.083030701
0.054540385,-0.24344946,0.058680791,0.10872098,-0.16925782,0.11044488,-0.0077060736,0.14128587,-0.071336269,-0.060028996,-0.21194753,0.19513744,1.1458365,0.94682467,0.28093776,-0.17461759
-0.011844723,-0.053634357,-0.24771696,0.09389367,0.21572572,-0.15670273,-0.072300531,-0.093274988,0.08007025,-0.064894512,-0.0047280374,0.065350056,-0.11043359,1.146199,0.96171296,-0.23298872
0.01366403,-0.0078713074,-0.19314289,-0.026730465,0.084632479,-0.093101054,0.062486283,-0.094118081,-0.15299527,-0.13464931,0.0095164208,0.090903066,-0.032937907,0.10614713,1.0530856,1.0563453
0.16333617,-0.048542332,-0.16085823,-0.13026997,0.064444602,0.18459451,0.25615311,0.07915464,-0.088842094,-0.11316225,0.055953521,0.058778722,0.17847183,0.068806984,-0.061041646,1.1667097
-0.068416551,-0.021673758,0.018778123,-0.049359262,0.19570279,-0.061594095,0.044734687,0.042511709,-0.049167134,0.17634264,0.069749184,0.12253414,-0.13737853,-0.028568842,-0.05534175,-0.10127778
-0.006813495,0.098863959,-0.13763045,0.20117594,0.10909496,-0.14251629,0.066618882,-0.12498771,0.099633478,-0.14096688,-0.0014726563,-0.076911233,-0.13179475,0.081640102,0.098202005,0.061821222
0.12835962,-0.15132979,0.058402821,-0.025438903,-0.029775403,-0.034446213,0.098983601,-0.10253502,0.055439286,0.17232172,-0.038923133,0.11415904,0.14127918,-0.12106784,-0.040182728,-0.017178165
-0.095763996,-0.10038308,-0.11781812,0.00079130812,0.078995056,0.13120727,0.094517514,0.16771108,-0.1079852,0.11536437,-0.18381545,-0.25628328,0.073764689,-0.23193815,-0.11327555,1.1621718
-0.10139757,0.018275212,-0.016636251,0.052190602,-0.18075286,-0.010082162,-0.011068156,-0.095793158,0.0076360153,0.11362509,-0.02518001,-0.21236505,0.01912706,0.12808584,1.0213594,1.1680629
-0.011076186,0.067318171,-0.048536245,-0.15740469,-0.011190162,0.045507416,-0.058046967,0.077918902,0.17529143,0.095459692,-0.012683797,-0.057965051,0.040033441,0.99641001,0.87573314,-0.18519476
0.010493426,0.0082015861,-0.065181382,-0.023100581,0.098291084,-0.019368036,-0.2083475,-0.069231309,0.096127659,-0.098374516,-0.031561378,-0.11232548,0.9998039,0.88058341,0.098678932,0.12863171
0.11433147,0.084901825,0.099472843,0.18235201,0.011266855,-0.10783482,0.14117108,-0.095997907,-0.030324299,0.14504611,0.049838629,1.1247451,1.0438076,0.18486995,-0.14261894,0.25930086
-0.055176221,0.016500019,0.095540538,0.034597415,0.064046644,-0.028608423,0.067318551,0.10281607,0.092504732,-0.071017288,1.2033775,0.98715192,0.055470046,-0.13753255,0.10712528,0.21361773
-0.10037614,-0.010711427,-0.0783915,0.14390917,0.24037293,-0.13123429,0.017553844,-0.13990368,-0.18757376,0.9928112,0.92138869,-0.15414862,-0.035939436,-0.22150339,0.048046097,-0.065021574
0.0048404816,0.042799465,0.18551049,0.092868671,0.27841052,0.033502564,-0.014163669,0.0031133287,1.1217669,1.0827698,0.16303414,0.045634139,-0.12904078,0.0037514656,0.037436705,0.11540888
0.19611341,-0.05448129,-0.0085830456,-0.17849967,0.0027551858,0.13661975,0.26417205,0.82387328,1.2438431,-0.14671965,0.00060616893,-0.062335525,0.035260379,-0.16609694,0.07184168,0.035401896
0.0090597402,0.16938017,0.097539067,-0.057648502,-0.04914014,0.20304525,0.8183524,1.0596756,-0.036552995,-0.049346976,-0.22743288,0.10276169,-0.062617339,-0.11440083,-0.11922605,-0.086544551
-0.045314234,0.115593,0.23004821,0.0041499431,-0.031331278,1.0802639,0.95719659,-0.06924282,-0.10181541,-0.049008261,0.032046542,0.092528284,0.13635792,-0.029662184,0.083313212,-0.30407768
-0.077789426,-0.085858241,-0.014801866,-0.24454649,0.79410374,1.1288061,0.087376721,-0.02921802,0.05783109,0.035662241,-0.068119116,0.036933612,0.12894161,0.011313261,0.19922443,-0.039345063
0.19314955,-0.064443544,0.18788449,1.0289196,1.1446886,-0.082383409,-0.14068779,-0.11612303,-0.14765504,-0.10215808,-0.1989917,0.23823676,0.11788244,0.29745182,-0.044079024,0.20518157
0.0092259329,0.18202618,0.93336517,1.0538857,-0.11948522,-0.078423448,0.00059491425,-0.002883954,-0.0067617851,0.029050838,0.14956699,-0.10799757,-0.086572751,0.08826568,-0.12597105,-0.095712543
-0.0050510983,0.91798884,0.89982343,0.078963056,-0.19614545,-0.12736118,0.089571841,-0.038462121,-0.25100923,0.12277997,0.259664,0.048306804,0.31875229,-0.10517193,0.13867146,-0.13067672
0.11542352,-0.052834313,-0.0071086264,-0.038605742,-0.022005567,0.043344386,0.021388441,0.10647004,0.014858383,0.12012394,0.00061303243,-0.081349671,-0.17047445,0.11777208,0.042699289,-0.21624105
0.017624626,-0.00026681231,0.02986096,0.10539928,-0.15059666,-0.24516019,0.24658884,0.0081232507,0.01298553,0.25802743,0.04173081,-0.11443049,0.10712389,-0.083148271,0.038867056,0.018778475
-0.063168831,-0.00068231073,-0.1507422,0.049971811,0.12390721,-0.15655959,-0.020315697,-0.098791227,-0.05862103,-0.065301366,0.014136001,-0.15597908,0.1417318,0.11415225,0.077679634,0.010634899
0.11800721,-0.021815915,-0.10792133,-0.15591237,-0.062697828,0.10856178,0.072558194,0.14715905,-0.26097462,-0.11224966,0.10031672,-0.11310786,-0.094288155,-0.11104871,0.19100125,0.080354437
-0.11331219,-0.065092094,0.12122232,-0.048011992,0.10106499,-0.0022408459,-0.040230494,-0.02458431,0.061343916,0.039460346,-0.061121695,-0.20075773,-0.070634671,-0.0032828336,-0.11896817,0.067978613
-0.13228934,0.054784264,-0.14651936,0.2306305,-0.041800547,0.028511334,0.060217764,-0.14659351,-0.097702742,-0.16399044,-0.091451146,0.034956589,0.054115847,-0.051306941,-0.065971777,-0.21032259
0.26054412,-0.057330627,-0.080717683,0.19455031,0.016382162,0.061802812,-0.16651915,0.11656366,0.01939318,0.10783213,-0.020036088,-0.20393029,-0.13016765,0.2527529,0.021542985,-0.020911021
0.093382895,0.20060347,-0.01627985,0.039480258,-0.10822387,-0.004984688,-0.22914195,-0.11610842,-0.0018621816,0.11432356,-0.24819615,0.081277728,-0.080397867,-0.32985538,0.13649456,0.055669256
0.076998033,0.0061367596,0.027055776,-0.046885654,-0.023546213,0.026007647,-0.00044620724,-0.18025185,1.2462429,0.90065563,0.97328341,1.1793296,0.97046512,-0.0472591,0.06075887,-0.12117238
-0.022052245,0.20860255,-0.043288868,0.13059038,0.023176828,0.0057794112,-0.034246884,0.25069708,0.99223632,1.0079879,1.1161209,1.0585309,0.87009597,0.097846426,0.0081794374,-0.11345447
0.074555613,-0.081709184,0.06745518,-0.17061615,0.0055173053,0.0092584519,0.19977804,-0.021847038,1.0649372,1.0043288,0.85298938,1.0766863,0.97762799,-0.039093826,-0.09094552,-0.053326644
0.017965179,0.11636341,0.10398903,-0.023047576,-0.029092364,-0.10978623,-0.10209467,-0.014584368,0.88540184,1.1649797,0.82073951,0.94281727,0.95405239,-0.017530488,0.020536026,0.0163779
-0.07338611,0.049169324,0.15761469,0.11457441,0.028836392,-0.18138263,-0.024387542,-0.18781754,0.93684119,0.88718635,0.96626514,0.8053968,0.94947731,0.08880882,0.012629819,-0.040274426
0.051059552,0.04367375,0.089057073,-0.12240741,-0.032380063,-0.18932322,-0.28261855,-0.32697552,-0.007898164,0.11525266,-0.063846685,-0.048175342,0.054183964,0.043523584,0.041863736,-0.12623045
0.14123555,0.00935442,0.16791146,0.13607459,0.021869346,0.1401777,0.051913261,0.070376143,0.010013233,0.066642143,0.13981529,-0.13431177,0.2866708,0.022676103,0.10611255,-0.16517124
0.058284558,-0.0078511499,0.19965053,0.022423385,0.067542605,0.031684611,0.009064192,-0.004048971,-0.14006452,0.20622952,-0.16581905,-0.020346582,0.096932679,-0.091301605,-0.051803425,0.070601918
0.10029122,-0.17118241,0.035363041,0.041203387,-0.21078831,-0.14243034,-0.18652478,-0.024951948,0.1073551,0.1591823,-0.013478398,0.049130339,0.13403991,-0.029767875,-0.14841172,-0.078681245
0.11112673,-0.036732785,0.02686194,0.021906091,-0.16929775,-0.017958872,-0.2074683,0.097301513,-0.074771576,0.040728342,-0.16173066,0.22758693,0.1271497,0.16503172,0.082000211,-0.086910143
0.09677802,-0.16396955,-0.081266649,-0.016962903,-0.032253582,-0.18337812,-0.016523305,-0.14390418,0.091751784,0.064224228,0.19962151,0.1991111,-0.11815453,-0.027700331,-0.10564351,-0.19456926
-0.056635279,0.048203498,-0.10471499,0.072447851,-0.058121335,0.00030580207,0.048257604,0.37056017,1.0547624,0.061551139,-0.067796968,-0.2131827,0.039036535,-0.11364438,-0.11363792,-0.11104487
-0.11948715,-0.059711628,0.22016352,0.096536793,-0.12959731,0.011059059,-0.048118692,-0.10361139,1.0064111,-0.020426869,0.10899159,0.24800338,0.22177881,0.24974759,0.016683245,-0.063183703
-0.070271462,0.065417424,0.028601432,0.01877594,0.14035831,-0.19644432,0.067033678,0.11853975,0.86902738,-0.0041310927,-0.03580565,0.035345141,0.06168953,0.19400361,-0.16640142,0.19190526
-0.055603389,-0.16818133,-0.087904111,0.024846211,-0.10224877,-0.047463778,-0.014937588,-0.028234448,1.0385665,0.059980698,0.0035269328,0.017321104,-0.096870027,0.057389196,-0.13493907,-0.10165723
0.046634138,0.24313435,-0.16246378,-0.24709475,0.97516221,1.261331,0.82022798,0.99877465,0.90144479,0.90995449,0.84484476,1.2737801,1.2142636,-0.028734628,-0.20410049,0.11999047
0.024870992,0.089388117,0.1991071,0.1316262,0.0094284099,0.046777967,0.065821774,0.083624914,1.1556178,-0.17405817,0.059544202,-0.10553326,0.026813496,0.088321753,0.21636526,-0.029738646
-0.11217046,0.0033826283,0.17078073,-0.014981678,0.15978518,-0.012602813,0.095173903,-0.079965472,1.0474899,0.059675265,0.057201535,-0.14610276,-0.13402146,-0.014165545,-0.058576949,-0.010384111
-0.16341902,0.16060534,-0.15175627,0.051127955,-0.071228057,0.20749277,0.1148601,-0.022877384,1.0010396,-0.024251744,-0.04352732,-0.066559233,0.10794318,-0.12056455,-0.10711835,0.0094428025
0.05608803,0.083835848,-0.15589923,0.12238676,0.25224426,-0.056198251,-0.015326338,-0.13433455,1.0306407,-0.07118959,0.0085403193,0.11352149,-0.27424628,-0.19842242,0.066689283,0.14529085
0.021801695,-0.004696948,0.10274413,0.12646465,-0.010027113,-0.16411494,-0.0056212079,-0.020408845,-0.03161053,0.14818442,-0.07282272,0.1482939,-0.20162275,-0.11785349,-0.22613297,-0.011866975
0.09972208,-0.0079947347,-0.1123615,0.046161927,-0.009947258,0.083684742,0.13472514,-0.17959021,-0.10128229,0.14066319,0.10723026,0.17388852,-0.0079133445,0.14911537,-0.16535282,0.033266243
-0.080573425,-0.15423797,0.06937895,-0.085951097,0.087415852,0.06047909,-0.016300296,0.090163834,0.045459766,-0.024161411,-0.26218635,-0.17036763,0.01952561,0.023423854,-0.082159869,0.19940048
-0.19421403,0.080146611,0.043263782,-0.099523269,0.01420893,-0.052636243,0.0047753882,0.16274609,-0.059318632,0.005721176,0.0012256213,-0.057423431,0.031983055,0.14143795,-0.066092126,-0.016420828
-0.056965057,0.082416594,-0.21216202,-0.16956794,-0.013445797,0.030666171,0.08086092,-0.048053354,0.10003677,-0.012466829,-0.017698096,0.011976547,0.025951441,0.040091649,0.086681336,0.0061123581
0.049242977,-0.046612468,0.052307248,0.048410397,0.087996021,-0.044963364,-0.076594755,0.0062946128,0.010491614,-0.046028789,-0.019373061,0.11383518,-0.11786833,0.039404899,-0.17174439,0.063355602
-0.0071040587,-0.017595822,-0.048073951,0.031930033,-0.066224881,-0.003051735,-0.12102719,0.017524602,-0.0012356446,0.11905228,0.013218305,-0.089664184,0.053667419,0.093206182,-0.086387604,0.031043936
-0.14419998,-0.27221271,0.029366974,0.18481682,0.0095041879,0.041854568,-0.22005796,0.088901564,0.044559546,0.26410985,-0.081726305,0.051594548,-0.18649901,0.064012267,-0.061712977,-0.035056587
0.033657052,-0.058476973,1.0079795,1.050635,1.2123739,0.7689082,0.91557139,-0.1406659,-0.024378436,-0.052541818,-0.2501533,0.15793324,-0.10529902,0.15913251,0.1920875,0.20605768
0.13977204,-0.057640489,0.9444676,1.0895145,1.1437755,0.96488041,1.0352641,0.012454621,-0.14163788,-0.15014885,-0.070621014,0.05439901,-0.2028826,-0.12116443,0.24327369,-0.046477139
0.23823202,0.0090930946,1.1326535,1.0394294,1.1091061,1.0738533,1.0494642,-0.03495698,-0.14357466,0.092630364,-0.040540759,-0.053330891,-0.076730922,0.22539924,-0.011169459,0.26823542
0.0018873388,0.087651603,1.0278618,1.0672455,1.0705545,0.86287302,0.95748311,-0.072552145,0.15085834,0.001546468,-0.042228002,0.090106979,-0.063810892,-0.080435678,-0.069021061,0.0579172
0.049510989,-0.040816829,0.72323048,1.0422616,0.97740871,0.92393512,1.1893102,-0.12226949,0.05822758,-0.052599773,0.0054186233,0.11035015,-0.10499298,-0.064309403,0.069148898,-0.031680923
-0.033447634,0.0078297956,-0.078175791,0.053440325,0.085248977,-0.1154197,-0.14221184,0.084776029,0.284823,0.033030078,-0.19126612,0.018694436,-0.17434497,-0.065234952,-0.0074353684,-0.0030973568
-0.11756793,0.19587585,-0.12216543,0.21654604,0.1577387,-0.16406216,0.12101109,0.031833537,-0.047541477,-0.11508982,-0.024498371,0.083407477,-0.035900977,0.062296018,0.16572481,0.12386835
-0.13003489,-0.19030908,-0.055026703,0.18091887,0.031690117,0.0098565053,-0.14190651,-0.16059116,0.13039801,0.06790597,-0.048708871,0.017600143,-0.15823223,0.008717807,0.060103357,0.1250754
-0.081171602,-0.30460444,0.037179042,-0.037910938,-0.06203033,-0.05558816,-0.12546435,0.28354055,-0.068529218,0.0077880807,-0.13680311,0.0014733286,0.072788537,-0.29373229,-0.19495586,-0.24662806
0.089088552,-0.032751516,-0.1088826,-0.061700944,0.18738912,-0.034719884,-0.1447157,-0.046457153,0.32388124,0.068658963,0.28844881,-0.017301289,-0.15412629,-0.090459928,-0.14478762,0.13264965
-0.12494704,0.014908138,-0.072060958,0.074985281,-0.041418277,0.2469123,0.00061473454,0.23865665,-0.1239053,0.16508947,-0.088982761,0.038001046,0.014998601,0.019504147,0.089978546,-0.025796963
0.33932039,0.041365452,-0.088498987,0.094694696,-0.11015359,0.061188415,-0.18726756,0.011989762,0.043750051,0.012678165,0.010568309,0.036602996,0.20552029,-0.063110374,0.1103524,0.13229391
0.095070072,0.054497998,0.013466273,-0.00087472657,0.077182278,0.040926259,-0.072981209,-0.0022890901,-0.051697597,-0.10846049,0.14091492,-0.10271235,-0.045785826,-0.13789365,-0.087792367,0.0027768735
-0.22518487,0.039980333,0.035124268,0.0033203503,-0.13935497,-0.20078593,-0.047868937,-0.16483845,-0.084191322,-0.046805874,0.010507195,0.11484792,0.1217728,-0.028612901,0.1311661,-0.061649229
-0.14436407,0.0057352134,-0.10370442,0.20180702,0.12069066,-0.15821955,0.11405156,-0.012132756,-0.1552036,0.043023922,0.15349197,-0.017439241,-0.025305929,-0.092691593,0.047064062,-0.032036029
0.064737685,0.12474523,0.008054777,-0.0036872106,0.12317211,0.070130706,0.12464961,-0.047351155,-0.088479385,-0.012247383,-0.010633619,0.12298554,-0.030002961,0.19639529,0.091206454,0.04499384
0.069017537,0.12134819,0.1236137,-0.0055477819,0.10359479,0.073878929,0.091713011,0.74068761,0.993577,0.87470347,1.0245267,1.1402528,-0.1641697,-0.11319707,-0.01564144,-0.085273787
-0.11202132,-0.009855058,0.036829241,-0.067999445,0.14475594,0.13694736,-0.018121721,0.84766895,1.0663871,1.0517596,0.78718054,0.93767738,-0.15777594,-0.10602657,0.12838411,-0.25404149
-0.27808803,-0.10837383,-0.011726627,-0.043057185,0.041299861,-0.082450934,0.0067078555,0.76473463,1.0378247,0.73887748,0.90355861,0.90236449,-0.08718162,-0.14459324,-0.014090958,0.099665254
0.00047417387,-0.033755928,-0.11312623,0.047163714,-0.054474905,0.0053865719,-0.0092654359,0.98274612,0.91368741,1.0067539,1.145061,0.91603154,-0.049928833,0.020041153,-0.070161268,0.16223447
0.048670858,0.23848207,0.022200387,-0.085935667,0.27438599,-0.06797801,-0.064320259,0.93793386,1.1843631,1.1544927,1.1255656,0.87465602,-0.045152925,0.16914566,-0.0040373513,-0.086622573
-0.078662872,0.051712796,-0.13032728,0.13296013,-0.099485941,-0.00010335596,-0.051449642,-0.18322787,0.058308616,-0.12477636,0.18329026,-0.1728569,-0.061966855,0.038748425,-0.22410396,-0.23871987
-0.030043924,0.023993319,-0.092193477,-0.01161459,0.051723812,-0.1311886,0.084877208,0.056576397,0.16163102,0.0097951675,-0.042422153,-0.0020110689,0.08719942,0.062507935,-0.14467636,0.035646301
-0.071416251,0.049830109,-0.14455187,-0.033786595,-0.24736972,-0.26830897,-0.039517526,-0.10036195,0.0021193831,0.2420729,0.040921997,0.052934665,0.1048421,0.066458285,-0.058367647,0.096040383
0.21907641,0.22667481,-0.06535124,-0.035151087,-0.10222311,-0.17279492,-0.21891268,0.19093543,0.0023364231,-0.1281658,-0.059611227,0.16363955,0.04519657,-0.11508368,-0.24255013,0.040845234
0.047796797,0.15460198,-0.18459648,0.10578561,-0.24505273,-0.058895189,-0.0057813223,0.10944854,-0.070882306,-0.16050085,0.13484244,-0.11983258,0.018297503,0.12961565,0.10536294,-0.097562388
-0.13923845,-0.15759358,0.0090299761,-0.072236247,-0.029866561,0.16144454,0.20581681,0.056757491,-0.13577212,0.05856875,0.17326528,0.12280001,0.046825729,0.064664192,0.046730693,-0.16642724
0.10742402,0.085606515,-0.054041781,-0.014712928,0.14064592,0.060305148,0.12298631,0.1096756,0.039592206,0.042413101,-0.27080938,-0.072664067,-0.21588601,-0.23874435,0.10131266,0.085037641
0.1422675,-0.052762695,0.029507069,0.024070127,0.082565144,0.035579082,-0.037124105,-0.15351813,-0.12429976,-0.0038912713,-0.1301326,0.15199244,-0.10106525,0.10277206,0.029240489,0.083915807
0.073852576,0.15693817,0.093496203,-0.0046831449,0.095554516,0.0059058103,0.19356219,-0.1783417,-0.19394207,0.039443824,-0.077867933,0.17548643,-0.11171813,-0.22898705,-0.039048433,0.13318747
-0.22855319,-0.089263588,-0.019184399,0.028462309,0.12797445,0.011238587,0.12905754,0.059479754,0.08365953,0.00089277903,-0.0080176229,-0.058241729,0.050420571,-0.005791652,0.083593875,-0.038214531
-0.041949749,0.13675793,-0.0015263211,0.031854078,0.20485234,-0.083698131,0.067102797,0.011815242,0.01841981,0.1054919,-0.22801888,-0.13945575,-0.037830088,0.081659935,0.2827422,-0.16497298
0.0014841795,0.025211584,0.049497359,0.037687447,0.067721151,0.093739688,0.088206939,0.066464402,1.0117086,0.72370756,0.91013867,0.99141598,1.3134545,0.031765506,0.20422794,0.024020657
-0.13412994,-0.027747154,0.1050928,0.015805831,-0.032604638,0.21859613,-0.020390823,0.009894954,0.79997671,0.86200047,1.0013052,0.97827184,0.79473227,0.014674223,-0.029939201,0.29995668
0.35254815,0.097381286,-0.15299889,0.23307583,0.10628591,-0.08358711,0.052774291,0.084098369,1.1268785,0.94267237,1.1075965,1.1301119,1.2039369,-0.2527166,-0.10465655,0.31628564
-0.026912807,0.22842386,0.15111984,-0.15542817,-0.1147089,0.060584672,-0.079524845,-0.09993314,1.094425,1.0629617,0.90346849,0.98158538,1.0660932,0.12076414,0.045241367,0.16500987
-0.097777084,0.038230449,0.045847438,-0.098853268,0.2036736,-0.089341417,-0.00033767783,0.16739239,0.78643453,1.0154109,1.0177726,0.81277573,0.9753828,0.027064832,-0.19479038,0.03356706
-0.040519964,0.024158038,-0.0088590477,0.047242731,-0.12372234,0.19289702,0.044224013,0.063188806,-0.048307821,0.096853457,-0.074290857,0.038163975,-0.20960107,0.28220779,-0.16470884,0.24829169
-0.088838257,0.039368939,0.088929735,0.107711,-0.027753655,0.10255884,-0.062955335,0.18705939,0.0017451646,-0.040358152,-0.086010933,0.21946894,-0.12693326,-0.067776226,-0.028915258,0.061312217
0.1726402,0.11866526,0.026974417,-0.0019679957,-0.10373268,0.20226802,0.018169532,0.041027199,0.046699565,-0.050599359,0.17014179,-0.063461468,-0.021206278,0.049432758,-0.085422255,-0.053035531
-0.28084803,-0.067589283,-0.11902124,0.10478207,0.11322092,0.041578673,0.088091947,-0.21837565,-0.11755843,0.20662044,0.16467956,0.13128102,-0.079346582,0.1298463,-0.18106598,0.050152663
0.075186409,0.21030684,0.045324415,-0.041531701,-0.063811079,0.056265227,-0.1044815,0.29615897,-0.15232225,0.047369096,-0.010594886,-0.1027531,0.026840732,0.057078939,0.021743519,-0.077232584
0.075255439,0.1081623,-0.11551861,-0.19143872,0.1457704,0.086324982,0.047453362,-0.059049029,-0.00013209831,0.13708861,0.069303729,0.17007022,-0.056769673,0.097723037,0.087684512,-0.19882768
0.081856839,-0.066512503,0.031736076,0.18904726,0.060551353,-0.14024709,0.25666162,0.1312177,-0.066806711,-0.03127845,0.05711107,0.0764369,-0.033514418,-0.038761921,-0.08745078,-0.10190031
-0.090104334,-0.057329081,0.044337261,-0.11670185,0.072263442,-0.060010564,-0.03944375,0.067299247,-0.099868283,0.10939737,0.024087621,-0.0058590095,-0.14102684,0.074922316,-0.11602876,-0.0091683511
0.10623291,0.11512179,-0.13173117,0.046096381,-0.22082441,0.062891088,-0.051571894,-0.1187546,0.077491976,-0.07228867,0.39420456,0.20427538,-0.027759049,-0.12249102,-0.11122778,0.038759205
0.0053849686,0.15395229,0.32056066,0.052815109,0.030884651,-0.081304803,-0.033722322,0.023336604,-0.048190862,0.058740843,0.20900938,0.020706566,-0.014853046,0.16447103,0.028279258,-0.05329502
0.06664601,-0.050405152,-0.12584901,0.025454627,-0.087519184,0.11306055,-0.023328729,0.006812769,0.044202525,-0.015641242,-0.019433795,0.035157751,-0.10300817,-0.050918411,0.0087015731,-0.023832096
0.048769191,-0.12448522,-0.030063381,-0.10378758,0.017940802,0.0064359768,-0.025251424,0.052318957,-0.09781149,-0.25566196,0.11358681,-0.068891875,-0.030305915,0.035246126,-0.062339094,-0.023333866
-0.021387821,0.13775566,0.061287764,0.24785554,0.23623559,0.028228242,-0.0036156238,0.1893927,1.0399488,0.93070322,0.99542689,1.0087198,1.1109633,0.089177258,0.32891524,0.18890379
-0.025336113,0.099709593,-0.20363714,-0.00069479662,0.12705101,0.081008241,0.13203418,-0.046752736,1.0579412,1.1366515,0.93971038,0.97651947,1.0606384,-0.11294573,-0.12688249,-0.096047573
-0.17071284,0.041844878,-0.11814269,-0.001632643,0.10102551,0.0073310109,-0.18229507,-0.070455357,0.83177412,0.91659075,0.82217586,1.24419,1.0534929,-0.036998343,-0.085642405,0.11500667
-0.053333081,-0.12713668,-0.031553738,0.15394881,0.091116324,0.18258885,0.002509309,-0.11481515,0.83134967,1.1007198,1.0286517,0.95628989,1.1440026,0.22774838,-0.076492943,-0.12399508
0.11112448,-0.17436646,-0.31932783,-0.058737021,0.14323948,0.033016678,0.0098645585,-0.019006817,0.87762535,0.91228986,0.83989394,1.0052686,0.8740083,0.13528474,-0.084726796,-0.042245675
0.022935838,-0.042816941,-0.057842709,-0.16322553,0.055385735,0.049125135,-0.040668618,-0.17422071,-0.053052153,0.17670275,0.032133229,0.1877903,-0.039667156,0.14514729,0.10467173,0.020168748
0.15357442,-0.13331425,-0.028115096,-0.21775548,-0.13529144,-0.048892096,0.050386176,0.041895699,0.12685277,-0.10937595,0.12991226,0.10919596,-0.017350774,0.12725593,-0.061864458,0.014273021
0.20383909,-0.25546992,-0.21311772,0.038716722,-0.13027333,0.25151128,0.17129697,0.15171683,-0.10049942,-0.10487352,0.017353166,0.090101369,-0.15507938,0.17435361,0.12870574,-0.089132302
0.086509608,-0.1139272,0.077708893,-0.00829353,0.085017547,0.04566028,0.026542578,0.086710185,0.011640041,0.086239994,0.098883756,-0.054489784,-0.10940738,0.15886824,0.14273837,0.094459549
-0.073751435,-0.091059431,-0.29152846,0.019792048,-0.097358853,0.28641775,0.14887741,0.029055949,0.12676434,-0.21416882,0.070095882,-0.021152774,0.16954611,0.098203696,-0.013360608,0.11289418
0.15322219,0.066016257,-0.16655195,-0.091226816,-0.093561642,-0.018457029,-0.00078539993,0.043071918,-0.15165271,0.024744932,0.14440624,-0.16585058,0.18306291,-0.038004488,-0.033742767,-0.02139087
-0.040472195,-0.030715548,0.043882992,0.022570128,0.053512614,0.085946493,-0.077460565,0.10934582,0.15952541,-0.062050756,-0.042180791,0.05630843,-0.14883901,-0.072804056,-0.044794586,0.006049321
-0.18283062,-0.078385629,-0.064885803,0.1372048,-0.035585057,-0.20319772,0.19752021,0.25432417,0.056120206,-0.11528111,-0.17235497,0.14904256,0.12311111,0.23280218,0.19079773,0.14356826
0.12740418,0.050217215,-0.0063495901,-0.046851177,-0.11910065,-0.045669399,-0.11472221,-0.089376234,-0.17531182,0.15748164,-0.093101814,0.11797005,-0.013147904,-0.11757875,0.18561189,-0.24296482
-0.02623892,-0.0011690584,0.98132265,0.95966154,1.0485225,0.78299791,1.1132014,0.00020414207,-0.10948132,0.014933386,-0.1487339,0.11370019,0.023081057,0.041797023,-0.062113836,-0.13819751
-0.19337185,0.048182338,0.89017332,0.87924916,0.91350758,1.1195403,0.94496274,0.0018545428,0.087761082,0.037723847,0.081077173,-0.017087521,-0.010258853,0.0087995315,0.042157024,-0.070876136
-0.19511338,-0.037838105,0.71343696,0.95609111,1.1645089,0.92306864,0.80455631,0.27843407,0.19795667,0.083235785,0.19740021,-0.021828955,-0.24895358,0.063514568,0.0062665148,0.18459798
-0.067170225,0.1439504,1.1350006,0.97438365,0.99675143,1.2485619,1.1242497,-0.087679192,-0.28277162,-0.075708255,0.056150548,-0.07132566,0.079523273,-0.091171272,-0.084850922,-0.10194912
0.23702393,0.03936791,1.1236037,1.2221719,1.1986434,0.91636962,1.1611848,-0.014208133,0.019845577,0.027382871,0.043132607,0.06792938,0.037672065,-0.11890689,0.087245084,-0.019097595
0.11298541,-0.12070722,-0.12118517,-0.091315128,-0.097025111,-0.12603661,0.06517268,0.0047087502,-0.064517379,0.070013151,-0.13571332,-0.090060741,-0.0048925849,0.10232965,-0.13757519,-0.061065186
0.080188602,-0.15941194,0.18194959,-0.036708288,-0.27596566,0.15346155,-0.16377658,0.19562925,-0.23524225,-0.0027304948,-0.016758593,-0.13090289,0.0069027301,-0.21996786,0.01109351,-0.038229629
-0.23375863,-0.1147446,-0.058901723,0.096941985,-0.082985535,-0.059696142,-0.044566568,-0.087339357,-0.083064951,0.063976213,-0.13769627,0.010132388,-0.074781992,-0.052166898,0.34120968,0.19169876
0.068822771,0.013942702,-0.22198524,0.11339607,0.15127911,-0.010444367,-0.064899735,0.0056474567,0.22624102,0.075924553,0.071653619,-0.14632182,0.12054152,-0.052554239,0.0490123,-0.024046866
-0.10052168,0.087189376,0.022354398,0.02534982,0.021349512,-0.018474562,0.035919271,0.10200965,0.014457157,0.0041852999,-0.26027414,-0.20399493,0.084138602,-0.11677253,-0.0093975868,0.066606261
0.022786453,-0.094014578,0.25789002,0.063563064,-0.27716094,0.065804526,0.050012343,-0.012902166,-0.080678217,-0.16772929,-0.063071959,0.12957913,-0.099205434,0.19049013,0.13319862,0.1580362
0.062125724,-0.022774234,0.13684277,-0.11298411,0.050293207,-0.089776933,-0.053959962,0.080401011,0.11777177,0.20149933,0.23929043,-0.014527621,0.15684512,0.10342247,-0.22446617,0.059713516
0.13827373,0.07690952,0.11613388,-0.013569533,0.14037462,0.18800205,0.1731167,-0.061037067,-0.19738436,0.11158921,0.066390574,0.064370722,-0.0025622896,-0.010539494,-0.024600796,-0.020111823
0.069428198,0.024985107,-0.041897733,-0.085391566,-0.27017057,0.06160938,0.087090626,0.030194683,0.030763263,0.051671468,0.049133744,0.0057746503,-0.16635227,0.04255968,-0.1934935,0.11345472
-0.086316623,0.070042133,0.12579966,0.012034466,0.084353201,0.07254871,0.18508059,1.1877072,-0.01212926,0.31200844,0.099848874,0.10283241,-0.05807716,0.054885946,-0.12247249,0.083553508
0.1200868,0.19876643,-0.013646225,0.027027823,-0.19016178,0.063829646,-0.0104521,1.1125841,-0.090150051,-0.22360265,0.051975872,0.1340356,0.10293717,-0.056726921,0.12563318,-0.25937599
0.036055204,-0.083338656,-0.12449271,0.040270999,0.15365963,0.1290105,0.014705243,1.0008609,0.0020412346,0.095351361,-0.1876445,-0.0098630935,-0.013226811,0.18318026,-0.19144173,-0.051608503
0.016206045,0.068559676,0.0934297,0.021892026,0.24950702,0.11138196,-0.12928374,0.97052759,-0.11895089,-0.057777651,0.12025272,0.051330365,0.14885817,-0.21104273,-0.06044234,0.0006258685
0.062282506,-0.087098099,0.088661455,1.1146538,1.0361861,0.90348142,0.85344583,1.05738,0.92103511,0.9236595,1.0184245,1.0634967,-0.058438968,-0.067843035,-0.17099002,-0.025065737
-0.011944732,0.008078441,-0.062421046,-0.0063365987,-0.087915063,-0.16406594,0.21986359,1.1007918,0.15278058,-0.00017779207,-0.11954521,0.0050280788,0.073925056,0.11009541,0.28483421,-0.11964045
-0.028643325,-0.293008,0.10039855,0.047827944,-0.1760788,-0.084698923,0.22255856,0.83352989,-0.17762847,0.019445205,0.21853633,-0.20052728,-0.024743512,-0.18882203,-0.12432344,-0.19095415
-0.2494981,-0.033055533,0.087475568,0.037975617,-0.0057622935,-0.016214531,-0.072741993,0.69756573,0.16837482,0.049706735,-0.063172646,0.10961258,-0.095569909,0.16025642,0.077015296,-0.17439757
-0.01829448,0.0010688655,0.3046335,0.013603567,-0.047235616,0.011974679,0.116636,0.97414529,-0.083908729,-0.080662414,0.042075634,-0.22800037,0.17223038,-0.027784307,0.045448944,-0.063341774
0.099078551,0.092879631,-0.12347817,0.10185002,0.071364298,0.045037702,-0.053541519,0.0042404886,0.024671903,-0.14727341,0.066023156,-0.20237766,0.24231668,-0.09735883,0.12811486,0.089789152
0.25982067,0.16021913,0.013274055,0.051512912,0.068051629,0.035445966,-0.11488746,0.010026409,-0.077675603,-0.01444429,-0.1419678,-0.1027613,0.044254966,-0.01761863,-0.17442101,-0.12727411
-0.0027914606,-0.19227125,0.011625358,0.085116528,-0.061573006,0.069105901,0.014578143,-0.29389697,0.11184737,0.044993039,0.058907382,0.015610912,-0.026464516,0.084691115,-0.11897312,-0.013522472
0.092495203,-0.091753736,0.1068029,-0.057135537,-0.12896502,0.088425249,-0.071481146,0.070478469,-0.1428113,0.068759575,-0.023278175,0.031141762,-0.014846871,-0.0065765809,-0.00027661712,-0.20390452
0.082367703,0.0038662008,-0.049995475,-0.057320196,-0.031522658,-0.0063822805,-0.081961401,0.17924713,0.043681215,0.24311364,-0.093306772,-0.13317613,0.19781072,-0.020563826,-0.15374558,0.021085644
-0.056876026,0.23853879,-0.17766075,-0.073637061,0.21439952,0.037650637,-0.052142769,0.098612107,0.062530741,0.051242702,0.0034926941,-0.044216894,0.01332018,0.12033294,-0.032200538,-0.037344884
0.10246816,0.1014306,0.15803492,0.0033061148,-0.08288867,-0.25816625,0.010658278,-0.023264622,-0.20557861,-0.11813314,0.026025623,0.02044799,0.20012619,0.063913867,0.031129375,1.0011446
0.18844482,0.15009566,0.16815695,0.082531877,0.29543,0.11386391,0.031784367,0.1765622,0.016072288,-0.034027405,-0.050268251,0.081625849,-0.10730118,-0.15359057,0.91793919,1.1595489
-0.054976135,-0.051968392,-0.090762272,-0.16777001,0.07074295,0.18240955,-0.10689644,-0.11823732,0.17602493,-0.14079848,-0.060935803,0.14380878,-0.050851334,0.95155579,1.0144931,-0.0032114417
-0.0081348168,-0.12995796,0.10247041,-0.1082278,-0.18674037,0.067756347,-0.0088945497,-0.025118327,0.063782178,0.15892673,-0.11666577,1.0835118e-05,0.78233761,0.82683468,-0.046807092,-0.12985493
-0.094781652,0.26813489,-0.049492151,0.10544755,0.1393235,-0.1107409,-0.014485082,-0.041563824,0.26789051,0.18336439,-0.25137186,0.97816002,1.0115026,-0.050902296,0.33616236,-0.023691528
-0.022356674,-0.003951767,0.15103522,-0.17278558,0.019174397,-0.164785,-0.21141283,0.059728615,0.054436576,0.022717034,1.3776083,0.79330915,-0.0064829243,-0.21180157,0.12117492,0.06943702
0.027028495,-0.22878464,-0.081939399,-0.064408794,-0.054846991,-0.018430742,0.09977112,-0.095643289,0.072589867,1.0072683,1.0345651,0.20544818,0.13066338,-0.021484019,-0.15690231,0.30214685
-0.24790072,0.16981581,0.058343116,0.15562269,0.059132513,0.066410072,0.17889957,0.06814532,0.80611759,1.1797409,0.15960321,-0.033257,-0.039183542,0.031836983,-0.051088396,-0.069102503
0.1988728,-0.15675494,-0.12338085,0.053257212,-0.012073497,0.13339043,0.069489866,0.93781847,0.9828167,-0.01916782,-0.13325045,0.066592976,-0.24252109,-0.050979923,0.042722862,0.070767254
0.084796108,0.0062862081,-0.072733864,-0.24093683,-0.16296992,-0.019635737,0.76085746,0.88041538,-0.18517253,-0.034236427,-0.072902031,-0.0068321014,0.10362475,-0.2005631,0.066633917,-0.055598665
-0.12356698,-0.090191834,0.052071389,0.14055675,-0.0028139299,1.0653436,1.1106174,0.024836067,-0.0094222017,-0.16124041,0.18217732,-0.087402187,-0.16007002,-0.081601366,-0.020967983,0.039352324
-0.20120469,-0.29771322,0.06637571,-0.026228214,0.83060205,1.1307726,0.040510096,0.10914052,-0.25846729,0.015227798,-0.0092292223,-0.13220267,0.045296501,-0.13656157,0.081775069,0.23021823
0.1130814,0.042005092,-0.1766489,1.035679,0.87654203,-0.025360532,-0.12400199,-0.01867654,-0.018739598,0.0022096715,-0.0010437798,-0.027197234,0.13341428,-0.035295296,-0.11871234,0.084191009
-0.11271396,-0.19188626,1.2203425,0.93326259,0.062096816,0.021621093,-0.23980831,0.020515133,0.080241345,0.1524495,0.13389009,-0.015143866,0.022252601,0.18289517,0.06073682,0.013860486
-0.00088115834,1.0093862,0.88027328,0.22272229,0.17790933,0.15632571,0.056237869,0.23838745,0.21130805,0.029603416,-0.073326774,0.073607594,-0.039352693,0.12734659,0.11230304,-0.012382477
0.92113328,0.91120291,-0.11925821,0.27739602,0.10136698,-0.15144305,-0.15690677,0.032070786,-0.32150221,-0.074778743,-0.13234298,0.094884664,0.027065501,-0.21745163,-0.018928861,-0.01751253
0.98754746,-0.13402569,0.051605292,0.090977795,0.072632946,-0.15735552,0.048813231,0.11524173,-0.027976098,-0.12868428,0.045224819,0.01843727,-0.034703851,0.069151327,-0.17717038,0.10603476
1.1201133,0.8926211,-0.053101033,0.057526488,0.118597,-0.1860583,0.16098975,-0.14690916,0.02977027,-0.10601969,0.033564564,-0.033151038,-0.042896938,0.0042568031,-0.15693338,0.10549679
0.1440569,0.82901514,1.0123994,-0.015016546,-0.12583093,-0.047923677,0.0059292275,0.068851911,0.079009235,-0.091519468,-0.080132633,0.023175212,0.056144956,0.17479871,-0.12773629,-0.10956253
0.21048483,0.087764241,0.90981728,1.2004642,0.11114039,0.015116728,-0.063505404,0.039855447,0.077017784,-0.21755148,0.14503005,0.01164681,0.033849552,-0.10899018,-0.12741154,0.080807909
0.12205736,0.14012069,0.026481576,1.0162232,0.9993456,-0.17411272,-0.044902932,-0.011849441,0.055882461,-0.072179198,-0.16075443,0.086820051,0.031923931,0.13671514,0.25589091,-0.019284854
0.34968701,0.045354836,0.17930946,0.069724634,0.98915631,1.0593327,0.022675453,-0.10142077,0.030807689,0.1192639,-0.095162451,-0.14920369,0.11817428,-0.0016977935,-0.027621564,0.094195098
0.040733684,-0.052169081,0.062148549,-0.23307751,-0.025271017,1.1040652,0.91672289,0.13730094,0.11991355,-0.11143152,0.16973844,-0.13120392,0.077950872,-0.051003158,-0.0065455842,-0.10401671
0.078016214,-0.070607483,0.0040270914,-0.025444753,-0.15872471,-0.10515219,0.91684747,1.0433973,0.08279819,0.045623444,0.16891329,0.061063766,-0.1035329,0.097928531,-0.01870773,-0.0088921422
-0.069679409,-0.066014893,0.051667809,-0.061602868,0.010957222,0.0048245601,-0.1326414,1.116943,0.86877692,0.12536068,0.047655221,0.1321349,-0.07555797,-0.029789615,-0.0047814967,0.013029079
-0.0034386748,0.16639555,-0.048912507,0.0029850334,0.01095666,0.031776518,0.078829736,0.085430071,1.0814009,1.056941,-0.17757623,0.10204618,0.18104689,0.050504953,0.16137743,-0.13151255
-0.10392486,0.1197098,-0.13544725,-0.14965491,-0.088885933,-0.0051553589,0.070976533,-0.05761629,-0.11170928,1.0905041,0.91559404,0.022943966,-0.18265441,0.0025360447,0.088098891,0.15361926
-0.10697903,-0.11693178,0.05598399,0.026531998,0.17364317,0.028565614,-0.0070894533,0.16608007,0.049717609,0.21074769,1.0654858,0.93869573,0.15952885,0.12518932,-0.28348818,0.1552383
0.099125408,0.03342659,-0.15709367,-0.028872922,-0.015310365,-0.012638113,0.15083601,0.25748941,0.056785587,0.0061418335,0.016521217,1.228742,0.97752684,0.049233299,-0.0036365115,0.16714053
0.071698591,0.13644549,-0.080022275,0.21083856,-0.16011742,-0.26812059,0.1354606,0.038411241,0.12215312,-0.062505059,-0.10061244,0.043278363,1.0602725,0.87216467,0.026859783,-0.087637022
0.054279093,-0.17131127,0.091045521,-0.077804208,-0.26800957,0.050705578,-0.3702381,-0.093618542,-0.047098536,0.15052387,-0.043250222,-0.062764682,0.14345804,1.0332912,1.029399,0.10573892
-0.32826778,0.013079221,0.097151674,0.075806044,0.11598852,-0.028198587,-0.0047670729,0.023583205,0.0065408726,-0.12499116,-0.16476355,-0.19598311,0.12719639,0.15658425,0.89561409,0.88300747
-0.10614799,0.10764735,-0.03561886,0.172383,0.20104577,-0.093293071,0.005182269,-0.088584386,-0.06996426,0.20051867,-0.11106947,0.050211187,0.0036428631,0.12176231,0.062077288,-0.080753505
0.024213525,0.067186125,-0.18375154,-0.11317593,0.0095281294,-0.28944194,0.084811836,-0.097703815,0.17477767,0.028785944,0.13675769,-0.2163365,-0.01880765,-0.092037201,-0.20612749,-0.073522046
0.077456526,0.04700736,-0.01289644,-0.035525072,0.12134054,0.14419308,0.12000143,-0.016297141,0.076500945,-0.11202295,0.0023236871,-0.14526214,-0.25409365,0.0078206593,-0.046285667,0.020240832
0.021036742,-0.11679491,0.0014692862,-0.16006286,0.079939999,-0.020081263,0.027746506,0.12464404,0.14512716,-0.048158605,-0.020916043,-0.24740313,0.1496678,-0.20658587,-0.04213389,0.18270306
0.058651052,-0.095474944,-0.019249931,-0.067343652,0.089018606,0.021083251,0.061489545,0.13471435,-0.067420274,-0.11694909,0.093497671,0.022344843,0.2863211,0.04893785,-0.18543994,0.067634381
0.165582,-0.1169028,-0.077626027,0.056807071,-0.040347211,0.021616705,0.017422266,0.16932312,-0.11506645,-0.27259952,-0.15724148,-0.0051347376,-0.2211909,-0.24895312,-0.037548911,-0.03417116
-0.047781445,0.2444787,0.039163079,-0.26969159,-0.051089976,0.080202483,0.10102936,1.1667823,-0.071797572,0.076874778,-0.024481241,0.12279204,-0.14859967,0.089533597,-0.083961114,-0.081230663
0.32184267,-0.11272763,-0.20926367,0.12375825,0.08163061,-0.071633413,-0.095464997,0.9143573,0.062843375,0.13520412,-0.14911717,-0.088622384,0.031823907,-0.0091350013,-0.04611576,0.3067562
-0.093228653,-0.241549,-0.10108688,-0.04916824,-0.16339386,0.061191741,0.015416449,1.0190322,0.049000423,-0.12580395,-0.094559751,-0.013382814,0.096755981,-0.15406452,0.2582511,0.26450175
0.088186003,-0.073129997,-0.099943623,-0.11167207,-0.097178578,-0.065383643,-0.12150847,1.1251335,0.023376532,0.059288353,0.084905975,0.066584207,0.10173166,-0.076337926,0.084410518,-0.23361105
-0.030240651,-0.018686797,-0.046912558,0.9262042,1.1509987,0.89084095,0.91035014,1.0515782,0.84809387,1.1588683,0.93241084,0.95383906,0.097864836,-0.037231304,-0.1861079,-0.047114115
0.097875468,-0.17168601,-0.055402763,-0.027916115,0.047073532,0.044109017,-0.065595493,0.93185085,-0.19536494,0.17185436,-0.098510593,0.11648787,0.13511162,-0.14217755,0.18490352,-0.035573911
-0.028188339,0.13662091,-0.20702328,0.052735183,-0.013913149,0.11117562,0.21521866,0.92878073,-0.069428533,-0.056528009,0.21163838,-0.18025939,0.095576778,-0.30205318,-0.10830079,-0.062750131
0.19869904,-0.093588591,0.092704669,0.059035022,-0.15505245,-0.077141576,-0.081086442,0.59908354,0.16118084,0.022559077,-0.19885132,0.014590701,-0.025035907,-0.068014555,0.039861906,0.090317868
-0.029270282,0.0058937138,0.0048291562,0.14780337,0.026458124,0.071942113,0.14303248,1.031415,-0.013455242,-0.13999096,-0.11570559,0.034481343,-0.04445501,0.17047811,0.029426608,0.04087659
-0.11257047,0.05371036,0.028688256,0.077048115,0.1080052,0.014995328,0.038307473,0.013110504,-0.24023077,-0.057706822,0.082317196,0.00051435328,0.095105872,0.02980235,-0.050509952,0.22062896
-0.25946432,-0.2162777,-0.073800847,0.06594529,-0.11883905,0.094356716,-0.058448941,-0.056142632,0.15798448,-0.043515012,0.20017844,-0.10719272,-0.11753502,0.0033922393,-0.12986967,0.3055619
-0.043087862,-0.12293112,0.070361495,-0.10061011,-0.088166535,-0.037973613,-0.066475816,0.060821127,-0.096885994,-0.042871311,-0.035707451,-0.14015006,0.026207969,-0.090197392,0.028681943,0.17136566
-0.097380057,0.022059144,0.047256779,-0.0013533081,0.035329353,-0.06652271,0.055331241,-0.046481211,0.027596025,0.20111698,-0.029593,-0.038311601,-0.24606341,0.13731875,0.076263368,0.16819674
0.04931438,-0.095984109,0.065347902,-0.10419489,-0.053912647,0.062490135,0.020532334,0.16110097,-0.030121902,0.041164469,-0.085053734,0.21631598,0.38424453,-0.084211476,-0.18353043,-0.029572427
-0.19896631,0.04608801,-0.096130691,-0.055583719,-0.0019680832,-0.13099882,0.12688717,0.12378378,0.081916817,-0.072177179,0.054098912,0.015154356,0.13614663,0.062536426,-0.046534311,-0.084215231
0.028605472,-0.011755166,0.052901171,-0.35854137,0.075083151,0.021702942,0.69922173,-0.041973535,-0.0065642581,0.091918863,-0.053014077,0.0410593,0.071050949,0.13474898,0.27853382,0.070537299
0.046844739,-0.085433781,0.049435876,0.053349156,-0.19762896,0.015441392,1.0987977,0.045220822,-0.025846355,0.013555912,-0.0032130897,0.20933594,0.092290066,-0.060663376,0.076319687,0.01924083
0.092830159,-0.023428069,-0.09616401,-0.10728638,-0.12167676,-0.0023996502,0.96548051,-0.19000705,-0.075900316,-0.057618868,-0.0046784515,0.015607877,0.083259627,-0.079214312,0.043098532,0.022469519
0.072964393,0.087594837,-0.029066112,0.12325363,0.14833577,-0.098163813,0.70475525,0.00067475031,-0.25696895,0.020889455,0.052790895,-0.10529424,-0.25677988,0.035942383,-0.075973332,-0.082258277
0.027764434,-0.20710202,0.93988097,0.98988706,0.98638326,0.80593419,0.97507167,0.7943784,1.133741,1.0554217,1.0318642,0.010993442,0.041791189,0.12819752,-0.11370616,0.047235053
0.0068628937,0.027603352,0.20076185,-0.1333296,-0.089726977,0.088511348,0.95828825,-0.056865182,0.20827875,-0.05490436,0.17233349,0.00075351971,-0.064981394,0.079099193,0.025479358,-0.16739638
0.019418303,-0.02920831,0.2056952,0.014935039,-0.11072062,0.0069516054,0.95988417,-0.049634185,0.076565482,0.023143098,0.14800607,0.13632335,0.021084804,-0.032976635,-0.0035718381,0.027031355
0.11620952,0.035721362,-0.11280656,-0.091668308,0.022509085,-0.17383054,0.99118245,0.05783781,-0.031053415,-0.035521321,-0.19434948,0.12338576,-0.03220471,0.014377326,0.071812414,0.0848938
-0.12392186,0.10438549,0.010524817,-0.01552057,-0.12489139,0.1059204,1.1528227,0.024446813,-0.141343,-0.17981525,-0.12052672,-0.053520635,-0.082960486,0.066075496,-0.040242281,-0.10893441
-0.03785732,0.017595658,-0.26714569,0.094825074,0.0032334563,0.10158046,0.15720659,0.049114708,-0.086243585,0.010250935,-0.059322193,-0.047070935,-0.11294512,0.22987531,0.08309482,-0.039737113
-0.16349027,-0.085063986,0.22805242,-0.1285639,0.14019747,-0.049856875,-0.12275191,0.35005274,-0.23337863,0.05259157,-0.17443435,-0.018017041,-0.038569294,-0.18147157,0.046301924,0.1512966
0.10076921,0.038687024,0.80857414,1.1694831,-0.064223386,-0.14327413,0.12917545,0.089105256,0.20364365,-0.10475928,-0.038064346,0.11119647,-0.0097242584,-0.16357535,0.0488085,0.022504913
0.053261701,-0.17235795,0.026020603,1.0036306,0.94336224,-0.008441817,0.039144304,0.18410186,0.074280702,0.030009527,-0.038119148,-0.16608165,0.050139859,-0.11402128,-0.29500279,0.22255284
0.087150775,0.023633646,-0.057701848,-0.091769844,0.94466126,1.279479,-0.014701563,0.11409535,0.14432436,-0.082891919,0.0010438017,0.21184984,-0.10702176,0.18062609,-0.011264602,0.09683241
-0.063761607,0.15177211,-0.032879364,0.067177162,0.35791075,0.90180111,1.1384926,0.091750838,-0.16286866,-0.10774659,-0.041555546,0.10862439,-0.046586785,0.066411279,0.093748972,-0.068554908
-0.040123567,0.13401341,0.059721131,-0.059519466,0.15512405,-0.045660775,0.85496038,0.76099837,0.05511323,-0.16387954,0.13181925,0.1928345,0.018925516,0.050243776,0.10925728,-0.083734244
0.12013616,0.21923102,-0.076414205,0.18593955,0.014921635,0.033347692,-0.11027717,0.86748022,0.8638221,0.053556688,0.11675397,-0.093982287,-0.15050775,-0.10226128,-0.16926497,0.0022727698
0.10276429,0.15284461,0.054403327,-0.017348463,0.18784918,-0.14507988,-0.054038752,-0.17356309,0.97269666,0.9097079,-0.02635864,0.16003351,-0.19208005,-0.0015190876,-0.066616632,0.043587703
-0.038861509,-0.04683391,-0.023369083,-0.29274356,-0.09815672,-0.13129349,-0.22692016,0.14350732,-0.055294164,0.91079819,0.94426811,0.15984698,-0.16420838,-0.14035749,-0.17504576,-0.0069774361
-0.039662011,-0.21091986,0.075755015,0.024063682,-0.13346359,-0.034771089,-0.068403147,0.15976831,0.030437119,-0.063355289,0.93790954,0.77359211,0.048363388,0.045848344,-0.056318592,0.16772775
0.02885377,-0.14285767,0.047507443,0.067747347,-0.13043998,0.12607342,-0.18941745,0.0024935615,-0.034982495,-0.032990441,0.021165375,0.83963174,1.057801,-0.033477072,-0.0049826233,-0.12320548
-0.019397108,0.10094704,-0.26636949,-0.0091292234,0.023179233,0.010890585,-0.066124924,-0.01756005,0.10572259,0.064028107,-0.00657576,0.062510923,1.1391931,0.98307604,0.065549195,-0.010136687
0.073835373,0.1284322,-0.13888311,0.2301002,0.079780735,-0.046229146,0.026664745,-0.082500838,0.055667177,-0.077217393,-0.090430021,0.022789147,-0.022844268,1.2881255,1.0397727,0.074361704
-0.21075803,-0.11231573,0.12486693,0.10203888,0.098973379,-0.07859955,0.1143223,0.0067229155,0.0072198641,0.20695232,0.11230602,0.31031471,-0.057258949,0.016644644,0.93520945,1.0558513
0.054779217,-0.089823753,-0.23284332,-0.12009723,-0.098183274,-0.0046242345,0.041011382,0.25023335,-0.12949303,0.12646824,-0.12618107,0.22699136,-0.019047143,0.027081726,-0.14013118,0.94076055
-0.029691175,0.15244935,-0.3027752,0.16118783,-0.11328468,0.05187789,-0.12220016,0.044709764,-0.084850773,-0.099855602,-0.017585462,0.074777178,0.14355156,-0.14520766,0.015076032,-0.12279285
0.10810325,0.17956813,-0.16148138,0.15088141,-0.17483127,0.087706067,-0.0020231011,-0.095270395,0.1015932,-0.13092044,0.080767527,0.15435229,-0.033611115,-0.072557501,0.27378643,0.2895723
-0.074412696,-0.083014086,-0.08586102,-0.11652718,-0.045508195,-0.038367566,-0.14106995,0.17036055,0.31593671,0.22780243,0.026198892,0.141442,0.084880225,-0.056846581,0.0075588701,-0.019627102
0.22373559,0.098673142,0.1240335,-0.0034778442,-0.16614187,0.11228926,-0.012006001,-0.011318102,-0.04985705,0.18826187,0.021211747,-0.16283438,0.18173732,0.1926731,-0.016438894,-0.020494565
-0.061513279,-0.16297932,0.15342909,0.099898964,-0.046900209,-0.24583007,-0.28837797,-0.11623219,0.01845235,-0.17663684,0.18642929,-0.034720045,0.29082754,0.025987349,0.083980091,-0.061593965
0.10465336,0.083204128,0.23028599,-0.14472164,-0.2521022,-0.004774265,-0.1963293,0.13148953,0.069092184,0.038863726,0.05925484,0.027587242,0.003226917,-0.10697053,0.20765437,0.21917422
0.038078167,-0.043638345,-0.12104376,0.059863541,-0.022437399,0.12848306,-0.32862598,-0.1817233,0.035792325,0.069755964,0.06793993,-0.023849057,0.0033738653,0.15819947,-0.12999344,0.39060703
0.19751956,-0.088486701,0.0055370932,0.12548177,0.1552473,-0.031158853,0.058181155,-0.0022553508,0.035973001,0.063729458,-0.021970449,-0.11154389,0.04138146,-0.071709134,-0.070510589,-0.053087935
0.067797594,-0.066004768,-0.26763299,0.081645742,-0.12151816,0.16586794,0.023274463,-0.13613753,-0.10763832,1.0424047,0.066561759,-0.040403191,0.10679106,-0.10618466,-0.0040233335,-0.094275832
-0.11030635,-0.063783258,0.064602442,-0.033799347,-0.11253703,0.052166145,0.23890321,-0.035788391,0.065388627,1.0005594,0.13748586,-0.053895254,0.086521849,0.056508981,-0.086141244,-0.0063575106
0.07968729,-0.0048205559,0.28168577,0.087769195,-0.047620658,-0.067562439,0.011845697,0.30107442,-0.080204591,1.0200254,0.046585027,-0.0043211775,0.16564646,-0.099186189,0.11304514,-0.090321422
-0.086525723,0.077650525,0.018566949,0.014235773,-0.16871108,-0.17677845,-0.17091972,-0.10480379,-0.096182957,0.89594597,-0.13496347,0.12495033,-0.22753932,-0.053129364,-0.086099617,-0.10058637
0.047985274,0.11389866,0.047206022,0.044561449,-0.1271635,1.1597478,0.89394259,0.93296367,1.0269716,1.0667298,0.92865974,1.0936444,0.95190841,0.86176354,-0.14647013,0.19592333
-0.0087619787,-0.18313296,0.0075497278,0.090995498,0.20771365,0.069834262,-0.16965032,-0.0089624468,-0.10009387,1.2816321,-0.063202575,0.0076174126,-0.047386225,0.088239215,-0.03535077,-0.22521539
0.025061756,-0.21673287,-0.054873627,-0.066919409,-0.10416553,-0.24772742,0.011190727,0.18097879,0.097359493,1.0831178,-0.046324041,0.046309032,-0.16142571,0.18530928,0.11755208,0.23259184
0.10535722,-0.02022743,0.23347777,0.038732532,0.11512917,0.13182025,0.35343841,0.026377538,0.12166985,1.0586066,-0.012736253,0.22926164,-0.13374291,0.051776085,-0.068066217,-0.024676284
0.07952632,-0.019436866,0.073094182,-0.051865336,-0.13838956,-0.18485147,-0.072047085,-0.098596379,-0.13731015,0.97521734,0.08308927,-0.07613565,-0.050926976,0.053415209,0.015773769,0.10115121
0.0071929866,0.021088507,0.010526999,0.13247249,0.12687325,-0.17230456,0.050320834,0.045821462,0.092709526,0.013914192,-0.11494967,0.047821641,0.007601399,0.037049592,0.0048257187,-0.16980784
0.076982699,0.17240898,-0.065322757,-0.18471755,0.038488228,0.12761885,0.00099406473,0.073468477,-0.061793938,0.03346961,-0.029435521,0.024687134,0.087392651,-0.0043784115,-0.013290798,-0.18236844
-0.22390212,-0.067404225,-0.0031011389,-0.046574585,0.0018781971,-0.038038641,-0.053767163,-0.075068682,-0.013934774,0.083492815,-0.035490014,-0.19680484,-0.10391549,-0.10755344,0.011245177,0.11620864
-0.32947573,-0.092092119,-0.085518613,0.26079047,-0.087374486,0.0607793,0.17953041,-0.059682164,-0.021622723,-0.0087607233,0.022678951,-0.099095911,0.013013862,-0.066884018,-0.08840505,0.17447338
-0.18097043,0.11256671,-0.025819192,-0.010604455,-0.080068432,0.013944176,0.068663418,-0.12983662,0.06442406,-0.25417098,-0.10564164,-0.1625811,-0.038529597,0.069521286,-0.09360256,0.027533757
-0.02559728,0.14681068,-0.22392066,-0.2148674,-0.040260579,-0.24185547,0.00768471,0.012866503,-0.11893909,-0.10618761,0.021192499,0.03962069,-0.038037717,0.061630379,-0.08860492,0.020302786
0.12350176,0.11186405,-0.12538892,-0.10564466,-0.10532512,0.016081681,0.044726651,-0.1541972,-0.15263346,0.013003512,-0.28995678,0.1019478,-0.014589713,-0.10970678,0.10792942,-0.012609615
-0.088739812,0.25602871,-0.0109025,0.0019273513,0.032047585,-0.020563737,0.058751371,-0.064411759,0.096985474,0.015970362,0.0097166924,0.11426631,-0.14361711,-0.0058837645,0.073145851,0.11021075
-0.032636803,-0.078012362,0.099449597,-0.21818869,0.12411045,-0.21551892,0.87235129,1.1072738,0.98824537,0.88761139,1.1410073,0.033157162,-0.072751991,0.065470256,0.040005822,-0.030090366
0.085780852,0.054390084,-0.16863331,0.023284556,0.032357275,0.054443542,0.89021868,1.1132913,0.81796563,0.93890417,0.95976835,0.0036621988,-0.026003854,0.019573279,0.058769565,0.23073719
-0.047585607,0.076292977,-0.029748963,-0.0075400998,-0.094684027,-0.057392433,1.1540726,0.9901852,1.033857,0.85400069,1.0612029,0.058988716,0.043570463,0.12827334,0.0027835025,-0.07014282
0.056602027,0.051444732,0.20784533,-0.046860311,0.016423257,0.16227496,0.98930418,1.2719576,1.2643745,1.0147692,1.0876617,0.11694963,-0.068620838,-0.094809517,0.1485393,0.11780134
-0.041955516,-0.070522264,-0.1375619,-0.16900517,0.10782275,0.047137685,0.98619831,0.83482993,0.90110749,1.0208619,0.85245675,0.0085837776,-0.068541087,-0.29961547,0.060559534,-0.089784667
-0.25279933,-0.035460424,-0.17976074,0.097233355,-0.054493163,-0.021345193,0.11825866,-0.2121949,0.010215499,0.10903489,0.058380637,-0.12374489,0.041601054,0.19995314,-0.11298545,-0.069885269
0.072898671,-0.0040998221,-0.027474854,0.2024364,-0.083742931,0.10344368,-0.15232913,-0.34595495,-0.0091402289,0.086444363,-0.056166615,0.19679071,0.002979778,0.070729844,0.033634443,-0.12593438
0.14657289,0.16802187,0.1631306,0.14585967,0.15628257,0.10855391,0.15224299,0.038691137,-0.084629551,0.060240429,0.11541448,-0.088041835,-0.0033226497,0.13682765,-0.042506106,0.31079417
0.07634864,0.15875228,0.11112567,0.13930586,0.029077444,-0.079988725,-0.15385386,-0.17793283,-0.095931515,-0.22325887,-0.034988638,-0.11757188,-0.078451641,-0.097995497,0.091654517,-0.077959642
0.15406668,-0.065228008,-0.046035018,0.20609654,0.012735606,-0.037082084,0.049208634,0.23837449,-0.11067891,-0.046590034,0.018584305,-0.10004719,0.062708445,0.092351422,0.15098402,-0.29172367
0.075009517,0.035194263,-0.057685062,-0.029124882,0.15140098,-0.011856129,-0.17721732,-0.013542503,0.050585434,0.19993398,0.25124866,-0.13905706,0.1359096,0.08597555,-0.020445829,-0.11849763
0.1533068,0.021957934,0.02064408,-0.14807121,-0.10341085,-0.1568626,-0.12319537,-0.11436301,-0.056314565,-0.034733575,-0.1326552,-0.029127868,0.032078508,-0.012044415,0.0029282044,-0.12477848
-0.077723116,-0.1961709,-0.07491941,-0.029169718,-0.093964837,0.22424695,0.04704497,0.12118187,-0.10579699,0.012167477,-0.10285135,0.021628626,-0.11734117,0.016832659,0.00945812,0.71939749
-0.14515053,0.085413985,-0.16907664,-0.15251495,0.065593109,-0.032939523,-0.2760708,0.0033914912,-0.19043009,-0.081895307,0.21539839,-0.11858395,-0.070288643,0.10990023,0.93314445,1.0550103
0.15240121,0.098058075,-0.12999395,-0.072158769,-0.057601701,-0.023647055,-0.14855488,0.24105527,0.015696507,0.026335925,-0.21447782,0.11725957,0.1064262,0.78784055,1.000134,-0.15072139
-0.096018814,-0.065077335,-0.026905693,0.08906056,-0.045572866,0.19494988,-0.36341631,-0.027643628,-0.051468555,-0.16157009,0.11922457,-0.13967083,1.0444874,1.0391842,0.12651443,-0.1487716
-0.014432055,0.14513905,-0.1936997,-0.0004754572,0.033113454,-0.038556583,-0.09039291,-0.12857777,-0.068039007,-0.0085719079,0.14123429,1.0238292,0.88787669,0.12396952,-0.12953125,0.045922123
0.0073171291,0.067553312,0.035401948,-0.08647348,-0.0043590632,-0.037297271,0.013725192,0.18552206,0.13817555,0.032219641,1.0645374,0.97352767,-0.006302678,0.090299189,0.096183494,-0.02118608
0.30457303,-0.082105435,0.08476311,0.031841855,0.19956483,-0.0471696,-0.031885892,0.0039525619,0.0080043618,1.1623143,0.83433825,0.056622371,0.032137271,0.17107102,0.054560263,0.19905387
-0.072275199,-0.080146857,-0.25276986,0.12177302,-0.035634406,0.013477586,0.025138117,0.091655932,1.0941885,1.0456697,-0.07072033,-0.094064452,0.12254964,-0.049986213,-0.057190906,0.13996129
-0.1401318,0.21527214,0.09971188,0.035855867,-0.084067166,0.03586255,0.23738687,0.93865788,0.86572212,0.016529586,0.036306951,0.061361894,0.036600251,0.27681774,0.07859759,-0.058255922
-0.1003252,-0.15073487,-0.14847185,0.013343709,-0.063296378,-0.055137783,1.0725548,1.1484343,-0.015447976,-0.15682693,0.024939513,-0.015682165,-0.087894209,-0.0028973573,-0.1934704,-0.054052431
-0.039094575,0.065520242,-0.031140884,-0.045750588,0.17718023,0.94370097,1.0518031,-0.01453409,-0.23782544,0.063136272,0.088607058,-0.1341913,0.19443555,0.10306079,-0.30314913,-0.062291004
-0.0963879,-0.19210938,-0.49158597,0.029342104,1.1341889,1.0861135,-0.017029678,0.10692743,0.20319748,0.099888384,0.032946311,-0.078881077,-0.043439269,0.07341858,-0.0935826,0.12415653
-0.035893567,-0.22689183,-0.36440417,0.84805733,0.90704787,-0.17179422,0.2418137,0.11859319,-0.037688818,0.099163413,0.0031085126,0.093373999,-0.043838333,0.11244012,-0.16196004,0.041497584
-0.11233892,0.10990436,0.010151517,-0.028131582,0.0070360056,-0.093459144,0.16094406,-0.17491883,0.014324076,0.15652533,0.15605606,0.05915175,0.13342318,-0.1733627,-0.024526956,-0.056666948
0.069568403,-0.0033758096,0.062296715,-0.083797745,-0.018157573,0.18670812,-0.040492527,-0.045904331,0.10935468,-0.18136343,0.083149776,-0.15136421,-0.070055433,0.056184694,0.018373566,0.12745997
-0.15254486,0.073389769,0.0056835576,0.020857619,0.083446011,0.0026881946,-0.10288944,0.082671404,0.14375801,0.21495722,-0.045439854,0.043404821,-0.20883287,-0.1069437,-0.1973232,0.027599288
-0.0026197361,0.14956895,-0.067383945,0.014340153,-0.022557419,0.09799134,-0.11057451,0.084112257,0.17135176,0.0018673277,-0.14561537,-0.13834997,-0.13281448,0.066917077,0.15764816,0.24461006
-0.040291339,0.0773305,-0.029956516,-0.15097961,-0.12600486,0.022585932,-0.18839575,-0.094803281,-0.16321312,-0.17398126,-0.097911149,-0.15602429,0.062004182,0.11822359,0.21045457,0.2335085
0.26611528,0.09163738,-0.20341502,-0.054268964,0.097518787,-0.023816742,-0.10080691,-0.033798639,0.053980973,0.027707515,0.028034011,-0.12059294,-0.25314486,-0.016170193,-0.13508549,-0.14925388
-0.064502537,-0.080240101,-0.054599643,-0.11676294,0.036251422,0.061220858,0.1576927,0.067056313,-0.11362048,-0.06982559,-0.020013513,-0.053941395,-0.09356302,-0.38707137,-8.0226244e-05,-0.074399076
-0.029270079,-0.010129443,-0.041732635,-0.039394129,0.10891116,1.0656843,0.96388012,1.0417441,0.94771206,1.0770776,-0.15423915,0.13663259,0.065693513,0.061791908,0.044354159,0.081256919
0.20671169,-0.0048605143,0.26662904,-0.12762813,0.097081132,0.7022562,1.1178613,1.0944521,1.1345118,1.1079428,-0.049485289,0.10957544,0.084283762,0.17503601,-0.01316035,0.17249946
0.13699298,-0.087398648,-0.097566538,0.10284119,0.10743572,1.1574336,1.0197352,1.0941002,1.3104494,1.0003546,0.071346954,-0.055220321,0.16872367,0.060267515,-0.029779986,-0.0028068458
-0.032780614,-0.032974731,-0.047410849,0.070529744,-0.096139632,1.1359079,1.0239115,1.0194279,1.0211222,1.0492034,-0.15021083,0.033834834,-0.046298996,0.29153782,0.10487768,0.034699924
0.016243178,0.29149857,-0.24522556,0.040017948,0.020082301,0.83305168,1.1378697,1.021754,1.4002526,0.97192305,0.19225523,-0.086679988,0.1245093,0.21259253,0.07138589,-0.080173001
0.14018536,0.035534181,0.1412975,0.33000252,-0.12823544,0.11938203,0.094003439,0.051949207,0.096634649,-0.21513556,-0.10515133,-0.010981452,0.22838394,-0.05387016,-0.024105571,0.022776803
-0.15247987,-0.024289357,-0.077966899,-0.24317616,-0.28582743,-0.019961843,0.027627962,-0.023140622,-0.11438067,0.092509687,-0.19582321,0.0027456991,-0.039599515,-0.069458283,0.095540732,0.22266161
-0.11553633,-0.14048614,-0.014648347,0.18194665,-0.046545055,0.18088037,-0.040610567,0.032992568,-0.0025959352,0.153972,0.044877116,0.019781992,-0.09584593,-0.14351974,-0.0078283567,0.16751504
-0.10742979,0.11475898,-0.010239256,-0.067529887,-0.020920102,0.21973632,0.18667516,-0.05992391,-0.05440155,0.042363677,0.14997739,-0.054488674,-0.12436955,0.066861212,-0.14083599,0.13478206
-0.13230579,0.096861221,0.096242845,-0.073059402,0.031251773,-0.22272842,-0.12499047,0.01560071,0.030142603,0.11226178,-0.1527842,-0.09828902,0.09644112,-0.049028002,-0.11956591,-0.068961702
-0.086887844,-0.047469735,0.11503182,0.097092673,0.13764596,0.0050302455,0.026781116,0.0034391368,0.00013403021,0.032575674,-0.10434413,-0.01277433,0.21152705,0.11500436,0.082729176,0.012195182
-0.041654158,-0.091245092,-0.14306603,-0.14233756,0.0084314737,0.11604859,-0.12587018,0.14358939,-0.13704154,0.058202419,0.037877008,0.050610632,-0.10619229,0.058674149,-0.071400456,-0.026214302
0.0078923544,-0.024174474,-0.059147287,-0.020588508,0.053611562,0.073134862,0.095339946,-0.058498826,0.065569416,-0.091304854,-0.023670511,-0.04324628,0.11070514,-0.18830253,-0.060321495,0.1626431
-0.074577145,-0.055438615,0.15116177,-0.033891574,-0.13914596,0.10317352,-0.0101155,0.0024300974,0.00033155072,-0.098456554,0.10524269,-0.046567239,-0.024183754,0.019411471,0.10469719,-0.030580102
-0.048240017,-0.045164689,0.00025644826,-0.18703829,0.089920491,0.10117472,-0.11789676,0.063260734,0.094838381,-0.086793654,-0.024467357,-0.094315208,0.0306863,0.074856877,-0.14410928,-0.0031693932
0.020048181,-0.18513277,0.11107399,0.0039563687,0.012713519,0.038220137,0.98183924,0.90371603,0.98992151,0.99733186,1.0220609,-0.32061481,-0.0050319405,-0.015253304,0.10498483,-0.11424745
0.0053332257,0.091453254,0.38523561,-0.044297073,-0.11819049,0.15107732,1.1877565,0.93797553,1.0714552,0.90482837,0.91361463,0.051378973,-0.015558004,0.014549396,-0.0059207003,0.13088962
-0.0052808346,-0.028504228,-0.1325693,-0.074908055,-0.071000673,0.082569413,1.0687433,1.1045774,0.79286504,0.8962729,0.85293406,0.019192776,0.10613144,0.08435642,-0.13067952,-0.10302062
0.048095461,-0.082369916,0.04499859,-0.068661645,-0.0010860239,-0.086028889,1.0280628,0.85792726,0.77538413,0.95835793,0.98692882,-0.073154166,0.050200935,0.11651985,0.02840355,-0.052305285
-0.023883697,0.18794629,-0.038168125,0.074603595,0.075522758,0.083837636,0.96913987,1.179939,1.1327707,1.2221967,1.1370077,0.14531182,-0.010901493,-0.04820184,0.10988054,0.15062225
-0.24631539,0.053879354,0.087892026,-0.1641719,-0.063742161,-0.10779427,0.0072675771,-0.056161556,0.18610774,-0.040378537,0.15971673,0.051648624,0.060650013,-0.17251258,0.17375498,-0.015017676
-0.016707897,-0.094357081,-0.13489233,-0.15167335,0.013055034,-0.075580887,0.088366963,-0.097268701,0.11018664,-0.034244444,-0.16217315,0.014523262,-0.10210237,-0.056467205,-0.040764607,-0.2471094
0.037306845,-0.10903718,-0.049690768,0.11171289,0.058897786,-0.0041358345,0.080477513,-0.034208141,-0.0043983394,0.10546888,-0.18068719,0.069929242,-0.036291514,0.14944761,-0.079196207,-0.079616003
0.26129419,-0.06314376,0.086025484,-0.06502869,0.058663454,-0.030176651,-0.0035833905,-0.062154803,-0.014150508,-0.087295495,0.031140538,-0.16650921,0.13825601,-0.25794953,-0.043069411,0.022148704
0.030770637,-0.094157979,-0.063247599,-0.087624997,0.13650034,-0.079787262,0.038230177,0.10930438,-0.092664398,-0.058826614,-0.086946413,0.040326219,0.13668975,-0.004095946,0.10200363,0.028625509
-0.023215402,0.020814212,-0.01517742,-0.021308601,0.051860847,0.010940296,0.033821452,-0.0078177406,0.26720202,0.055876542,-0.007104293,0.12172469,-0.016725952,0.24522135,-0.0060129329,0.12502891
-0.033711214,-0.10915475,0.12581278,-0.12094952,0.17329736,0.15482479,0.13699579,0.079400703,-0.057680592,0.11532588,-0.028792216,0.14516053,-0.12022454,0.08675386,-0.13666441,0.032016441
-0.059459127,0.027928343,0.078196764,0.15026551,-0.020838559,-0.042571805,-0.061969746,0.0012861576,-0.0086963447,0.014334741,-0.012685046,-0.027411623,-0.19199997,0.047175825,0.11475419,0.1671198
-0.071026571,0.20112397,-0.14030679,-0.14884819,0.11618137,-0.061720394,-0.088130258,-0.008234771,0.15131672,-0.090834573,0.06455911,0.048665367,0.097694136,0.051256232,-0.036994398,-0.14950788
0.30661699,0.012664899,-0.068177804,0.15337534,-0.0056651132,0.12661213,0.23951291,-0.061292093,0.017152421,-0.020942792,0.99916208,-0.045980971,-0.24047218,0.097694397,0.092190668,0.14288642
0.15616377,0.17377882,-0.047268018,0.10328231,0.021816539,-0.11318921,0.07856214,0.039565917,0.070291512,-0.18363914,0.99582809,0.10164721,-0.010211158,-0.070556208,-0.030585006,0.23636913
0.10768702,-0.088072166,0.051558428,0.011671448,0.12209448,-0.13914381,0.18017009,-0.06025416,-0.019682622,-0.26760903,1.1070181,-0.14947224,0.18532403,0.0062910737,-0.055898026,-0.039664801
-0.14599188,0.099048719,-0.029546035,-0.086786218,-0.088138118,-0.15986626,-0.046368651,0.032725628,0.18272354,-0.013543559,1.040333,-0.0023186149,-0.091628529,0.027700089,-0.046460412,0.16049302
-0.061834313,-0.2179829,-0.26874238,0.048217095,-0.090076976,0.17998917,1.1353483,1.1099178,0.97824556,0.86978507,1.0537024,0.79896826,0.89849156,1.3002787,0.88549417,-0.06465292
-0.16397329,0.042120595,0.26720449,0.19973807,0.00087383256,0.11839223,-0.066625558,0.026504938,0.073476814,-0.079880305,1.1978954,-0.015444373,-0.091958575,-0.11795385,-0.14536798,0.12909833
-0.087927498,-0.013299596,0.15628466,-0.018576331,0.22289717,0.061740924,-0.081168413,-0.031252827,0.0032170548,0.073658377,1.1705379,-0.17019342,0.18988471,0.032476649,0.12442967,0.0078319954
-0.03339538,-0.2392849,-0.039813273,0.085094579,-0.1219455,0.21735182,0.22799076,-0.14070226,-0.10903793,-0.14885277,0.98712564,-0.029789418,-0.18338107,-0.088879958,0.18948881,-0.0053182323
-0.04501383,-0.057748728,-0.14512579,-0.0024444684,-0.13288133,0.093127385,-0.076262891,-0.017374109,-0.00046283036,0.10104349,0.85211384,0.055185504,-0.20588034,0.1067008,0.0071263798,-0.022118252
0.26443061,0.11393178,0.066710524,0.043339446,0.16430613,-0.13437717,-0.1073957,-0.040424395,0.058405805,0.099878348,0.159242,-0.01527974,-0.089819394,0.044493571,-0.057036135,-0.086816259
-0.034268875,0.043110516,-0.0032111856,0.0026400913,0.034538615,0.17395997,-0.057908878,-0.095730051,0.13962041,-0.011164368,-0.091627754,-0.13887314,0.23706801,-0.06290856,-0.16737725,-0.03587424
0.19027022,-0.26362759,0.015745666,0.060876507,0.11326729,0.052895509,0.19169804,0.0071766013,0.15216534,-0.2236159,-0.17865056,-0.088947855,-0.056710478,-0.075076953,-0.0069611715,0.071051218
0.2496662,0.084490165,0.017284377,0.15791744,0.035208479,-0.09781386,0.034336537,-0.017211031,0.044067994,-0.034353219,-0.17909668,0.017506246,0.1233324,0.05776694,0.24308202,-0.055098329
-0.030720538,-0.14035775,-0.036838431,-0.099048845,-0.0022225378,0.036747523,0.23970525,0.02194391,0.21032985,-0.075885728,-0.14341569,-0.066882901,-0.097659849,-0.030566778,-0.10146497,-0.060996544
0.09548945,-0.029883472,0.23124875,0.17840911,0.15600996,0.016344666,0.11511727,-0.056371901,0.1475821,0.1772749,0.15432282,-0.084796086,-0.092108816,0.090873778,-0.12700506,-0.041696705
-0.11676452,0.0022175221,0.031449825,-0.063061863,0.055185001,0.026875308,-0.049307261,-0.098280929,-0.0070100701,-0.040106226,-0.35619202,-0.081271991,-0.22741958,0.00031168814,0.058721639,-0.20505142
0.06772662,0.13649721,0.022422368,-0.11224174,-0.045710787,-0.046336979,-0.10325582,0.091549188,-0.013497639,-0.078789152,0.1507785,-0.17941146,0.12160993,-0.076797754,-0.036608476,0.14062102
0.15482305,0.17881687,-0.018884789,-0.11121284,0.18739672,0.068115637,0.028032826,0.175945,1.1147441,0.89028937,0.9016543,0.78937662,1.0415365,-0.031881731,-0.049780574,-0.074086294
0.088604152,0.19995143,0.17965627,-0.19543874,0.067944519,0.19063044,0.00051361404,-0.028450439,1.0346193,0.93978226,1.1215289,1.04705,1.1886168,0.24629802,-0.044776864,0.15898927
-0.038470879,0.12077313,-0.25931358,0.21876445,-0.13560203,0.012496272,-0.065405227,0.048232865,1.2490296,0.90628463,0.9072631,1.0459533,0.94836563,0.11082384,0.1844185,0.078916103
0.025183087,-0.0052594533,-0.034460813,0.051359739,-0.082721062,0.22141671,-0.075996011,0.1699589,1.2345207,1.0137277,0.97865021,0.98439038,0.92933995,-0.18511327,-0.11777639,-0.084179305
0.11980174,0.096048109,-0.036231827,0.069692887,-0.047642324,0.025373494,-0.049823556,-0.0403,1.0924571,0.8798964,1.0666792,0.9119854,1.2092524,-0.019303111,-0.30366558,0.043650717
-0.00054310285,0.16355653,0.011553838,-0.075711422,0.12659144,0.021108782,0.10714283,-0.097236775,0.2233956,0.0074793142,-0.27342418,0.094199948,-0.049364969,0.065789491,0.01583839,-0.11116476
-0.19476353,-0.028585818,0.020704746,-0.046224747,0.075128198,0.10052454,0.13369413,0.043886963,-0.12278816,-0.057907436,0.032364897,0.15664464,0.052970733,-0.029101428,0.030776709,-0.010022667
-0.098013744,0.13712054,0.096254967,-0.050808288,0.097130865,-0.12199046,-0.079217121,0.16248225,-0.056500427,-0.15899809,0.0060328282,-0.12674412,0.204566,0.13881551,0.19411664,0.076459683
-0.085659564,-0.11144809,-0.0097340606,-0.12543191,-0.02515664,-0.13363735,-0.059555486,0.24292895,0.041671481,-0.0087718116,0.022898955,-0.13009599,0.09653984,0.010471338,0.036898296,0.11709777
0.12647623,0.10850499,0.10489772,-0.022333197,0.063221358,0.066760063,-0.27749634,0.07348112,0.076469943,0.022452334,0.25056568,-0.10430732,0.16936377,-0.14371836,0.010785481,0.11131413
0.20903645,-0.049588203,0.072233573,-0.19706866,-0.19070095,0.055183224,-0.018195327,-0.029531416,-0.077189036,0.018431369,-0.023735747,0.020418957,0.078529745,-0.20954539,0.21218961,-0.036948394
0.020308765,-0.022478636,-0.058085166,0.080186374,0.0094705727,-0.00029173348,-0.042945601,-0.085465312,-0.15630351,-0.020812219,-0.0068207341,0.11333626,-0.11114231,-0.1024095,-0.011706849,-0.18295695
0.11378355,-0.0050342777,0.18270628,0.090076275,0.12117076,-0.043928854,-0.011886045,0.15764596,0.30451819,0.1005475,-0.25962546,-0.015659256,0.038888019,0.064591773,0.092017233,-0.2544696
0.062242519,-0.048330281,-0.011589088,-0.11900373,0.020940486,-0.0052842,0.8566919,-0.11262559,0.0024125839,0.018990729,0.10570965,-0.13033795,0.1309502,0.20479523,0.1696454,0.079177603
0.038372573,0.022294713,-0.030523621,-0.033566367,-0.0099498937,0.061732247,1.0690396,-0.017457988,0.19768882,-0.098762289,0.15595436,0.019440034,0.19673501,-0.19367024,-0.039064445,0.056528248
0.30977017,-0.15609039,0.031403679,0.18059406,-0.0024309834,0.1006961,0.89539236,-0.033417743,-0.20263454,0.10224841,-0.10906932,0.084270924,0.10974666,0.23070183,-0.054269277,0.060858775
0.031295527,-0.11132403,-0.19949487,0.20483641,0.073586851,0.021495514,0.9336009,-0.09623383,-0.15234542,-0.02188177,0.31245938,0.14210188,0.11319257,0.12932,-0.03108789,0.18276142
0.084835127,0.1219757,1.0395414,0.933191,1.0394155,0.99358678,0.95802951,0.74331278,1.0226855,0.86082095,0.87106609,-0.094784245,0.084674366,-0.040825203,-0.051694658,-0.10565286
0.041009653,-0.090382904,-0.18091062,-0.1334511,-0.25131804,-0.052065488,0.83241248,-0.2104494,0.1335597,0.18826112,-0.13336159,-0.22370012,-0.12328739,-0.074165307,-0.098792247,-0.067250676
0.02455439,-0.003076395,-0.032252595,-0.12379075,-0.043678164,0.00065265276,0.93075776,0.082265176,-0.01538303,-0.1186547,0.070340887,-0.23975067,-0.1486275,-0.19402817,0.00025259936,-0.086661108
-0.14602081,-0.071953833,0.19004567,0.14395851,-0.23615763,-0.02706622,1.2160966,0.12186544,-0.038474608,0.019328883,0.041997977,-0.032364096,-0.29285046,-0.21554394,0.017542718,0.17222008
-0.058666781,-0.023284629,-0.012310917,-0.17277764,0.041235458,0.030990645,0.73103881,0.013327599,0.32034314,-0.051029794,0.058161162,-0.13272735,0.12335304,0.0935596,-0.10185413,-0.078180514
-0.081183501,-0.099887356,0.094261952,0.085759312,0.097905301,0.045953095,-0.054484334,0.06869518,0.05511231,0.027878946,-0.092633627,-0.22691976,0.17767707,-0.17859001,-0.12309744,0.093458824
0.0377899,-0.14356819,0.088378303,0.13235909,-0.064387456,0.041253414,0.08660657,0.066524588,-0.019043297,-0.25289816,-0.14592598,-0.069939755,0.13613598,0.0063752322,0.15827067,0.066739433
-0.26531935,-0.15152673,-0.016998684,0.074558876,-0.083539605,-0.036983591,0.10561717,0.26897237,-0.0076703089,-0.0088454988,-0.006737709,-0.1212063,0.20998769,-0.30916497,0.002958149,-0.12392126
0.018604662,0.13774781,-0.13962597,-0.006974645,-0.073430151,-0.091801576,-0.067584246,-0.025491428,0.016945152,0.072968878,-0.049473848,0.15119107,-0.17586759,-0.047846224,0.16544265,-0.17792282
-0.23907334,-0.39014,-0.0072497148,-0.20409635,0.03162431,-0.11242598,0.02597359,-0.10716497,0.043069135,0.10871844,-0.040421333,-0.1449524,0.0074479408,-0.011719511,-0.094089501,-0.02420547
-0.1111054,-0.10888541,-0.020069869,0.95253664,1.0791955,0.14771697,-0.19693476,-0.11519897,0.11667627,0.12294241,0.21162459,0.37900081,-0.047441967,-0.048675336,0.014075406,-0.039792214
-0.059842236,0.0079007624,-0.010620571,-0.061110083,1.0921996,1.274868,0.014667195,0.2185442,0.047453213,-0.089124247,-0.12197777,-0.076333284,-0.16253391,0.15996847,0.029119505,0.089164339
-0.18198647,-0.26744094,0.0067901383,-0.046440773,-0.40704384,0.81278706,1.0303396,0.0786331,0.18027449,0.17679387,0.016695444,-0.15249935,-0.028609553,-0.041853126,0.16827254,-0.12100412
-0.014654328,0.014967705,0.16110389,0.024323933,-0.10312384,-0.24950367,0.96405262,0.88341302,0.23663315,0.14502716,-0.13591613,-0.011510068,-0.12291793,0.29799405,-0.097786248,0.20454738
-0.10140461,-0.039515022,-0.11622188,-0.034306344,0.03498761,-0.18196811,0.023960812,0.81352615,0.98160726,0.093081184,-0.055110209,-0.16959837,0.033383887,-0.010062938,0.038145874,-0.12528346
0.076075822,-0.071652599,0.29360572,0.12233423,0.12333828,-0.050323199,-0.052798513,0.027772672,1.0719819,1.02219,0.12452197,-0.035802677,0.24549672,-0.14394243,0.023561792,-0.086387128
-0.13444959,-0.031052491,0.06934157,-0.13053617,-0.11183373,0.18531932,-0.13176413,0.048307501,-0.061038096,0.73555666,0.99607307,-0.064486288,0.10983465,0.14552237,-0.024464561,-0.084703274
0.0082663363,-0.054272782,0.1534673,0.28442538,-0.12589422,0.17430176,0.043038454,-0.16811343,0.16841036,-0.13148056,0.83217824,0.9665755,-0.0079803346,0.028365811,0.087498873,-0.0082143657
0.076137394,0.078477167,-0.091027021,-0.01816057,0.026517628,-0.023132656,-0.080095164,0.02086447,-0.2682924,0.01396923,-0.007718178,0.89455438,0.97154868,-0.10714147,-0.010017373,-0.038472235
0.019067146,-0.19107267,0.095162764,-0.0023213453,-0.00049902336,0.045297109,-0.015113057,0.0061746119,0.0011532229,-0.1003123,-0.059037507,0.10816745,0.96796012,0.86481982,-0.041603141,-0.020015061
-0.11004784,-0.022425372,0.085781261,-0.0010637343,-0.08924251,0.10163578,0.01852905,0.080183834,0.14355783,0.04375238,0.28153852,-0.18126759,-0.38270557,1.069437,0.84233111,-0.084011845
-0.10573704,0.012068351,-0.16284068,-0.17709723,-0.019267822,-0.0088774394,-0.071912639,0.13888012,-0.09021572,0.12976943,-0.1936948,-0.032107629,-0.01134143,-0.20222536,0.90813994,0.87453806
-0.090376981,0.098986335,-0.092898592,-0.063102111,-0.11013062,-0.076046541,0.0059338859,-0.14269294,-0.06215116,0.10686059,-0.047869742,0.065525003,-0.017507335,0.042155456,0.11762436,0.92393631
0.18542615,0.17317154,0.03067152,0.12429506,0.11146895,0.20490314,0.034580681,0.087867521,-0.077692933,0.037454534,0.08042676,0.033843178,-0.16311134,0.25978178,-0.19511703,-0.10870507
0.26051936,0.17449217,0.027419496,0.079034261,0.075845048,-0.14283589,0.10381008,-0.055440307,-0.07330066,-0.26898307,0.027635759,0.098322138,0.049575437,-0.13821481,0.050768081,0.022098018
0.097321801,-0.099884517,0.18913478,-0.0072677801,-0.044142712,-0.030280031,0.15022266,0.21719941,0.051614337,0.099822856,0.019722294,0.010318364,-0.0096644992,0.074848615,0.052988883,-0.069093391
0.21829593,0.13403989,-0.13094927,-0.044654477,0.0005822996,0.1461751,0.057866305,-0.1734765,0.10220279,-0.097299159,0.0080631739,-0.15657784,-0.02500724,0.18783885,0.12699828,0.030912817
0.026361551,0.079959691,0.29552868,0.020536203,0.12829663,0.0099296747,-0.08293774,-0.10990156,0.04888567,-0.018824212,0.14112031,-0.038565181,0.023119533,0.23405597,0.043617066,-0.17457362
0.9177891,-0.047143191,0.079988927,0.078254007,-0.13896225,0.081033416,0.21741475,-0.064467721,-0.054131519,0.062511101,0.079525024,0.026765967,-0.025838472,-0.16390793,-0.022984551,-0.041662324
1.1802049,0.76688749,-0.043270819,0.060323693,-0.047524344,-0.13374613,-0.16479026,0.044431515,0.16086049,0.33139166,-0.040136218,-0.13254035,0.0180804,0.12069517,0.096334189,-0.042592473
0.21113494,0.91093791,1.017033,-0.032494694,0.048272304,-0.03206785,-0.21974619,0.13456532,0.19580325,0.23160566,-0.15053134,0.12657368,0.058080759,-0.077729076,0.09382242,0.13307281
-0.098591253,-0.043370605,0.8704676,1.0225008,-0.0099949073,0.009956155,0.22176133,-0.094957523,0.055889308,-0.093507454,-0.014423625,-0.060583878,-0.062485415,0.12763879,0.11232215,0.17612097
0.0498349,0.039838221,-0.19826958,1.2374269,1.2094444,-0.19047779,0.070800684,-0.048725784,-0.10375202,0.2735908,-0.0013540663,0.087256864,0.15380406,-0.10673606,-0.008331202,-0.0024388293
-0.080070682,-0.0056238174,-0.084694967,-0.029020267,1.1456008,1.0527499,0.0036774392,-0.024248824,0.085507095,0.013052274,-0.11838085,0.096576154,0.022466816,-0.040755864,-0.036672715,-0.027607994
0.0050794748,-0.036746815,0.11719732,0.020631971,0.12529956,0.92813653,1.0816461,-0.097724594,0.0046088109,0.03486513,-0.014217773,-0.019630283,-0.023223545,0.083079524,0.0099520115,-0.20517381
-0.0082225893,0.12156811,0.050714999,-0.010195982,0.12658919,0.074799895,0.9857192,0.9290756,-0.046998329,-0.15283856,-0.026057826,-0.39967427,0.089711256,-0.12715396,-0.09174332,-0.0036461416
0.00023089453,0.067631625,-0.11729908,0.10138922,-0.11342017,-0.10028695,0.0030281579,0.89811337,0.98546666,0.039298248,0.20325944,0.15714851,0.048559688,-0.055218834,-0.055153783,0.18995829
-0.14512812,0.008864182,0.038651936,0.21673019,0.051784951,-0.074062221,-0.17968714,0.064608276,1.0091294,0.90663159,-0.10306505,-0.22487105,-0.042983703,-0.04746756,-0.02045445,0.07172779
0.019398013,0.0027998961,-0.27789226,-0.1539676,0.052703835,-0.091251366,0.0035376379,-0.038256019,-0.046397593,1.0561522,0.96453834,-0.17611934,-0.011715109,0.15404522,-0.15821023,-0.18578812
0.0787699,-0.017393051,-0.041727044,-0.069133833,0.0085438592,-0.13509272,-0.13284676,-0.052330021,0.0092511494,-0.13262758,1.0518521,1.0266304,0.1006427,-0.072221667,-0.22022636,0.13754919
0.052612536,-0.046353042,-0.044956997,0.095269524,0.00054333534,-0.09617354,-0.046894833,-0.1801239,0.092540413,0.023851542,0.063073874,1.1866115,1.0752294,-0.18651409,0.21499652,-0.039544642
-0.055005759,0.13207142,-0.063865565,-0.094321363,0.22523512,-0.0052927202,0.26168308,-0.19469069,0.08313223,0.032926336,0.12053812,0.25942838,1.1809431,1.1348257,-0.048744999,-0.11847409
0.039500922,-0.07380645,-0.10116731,1.143049,1.0512969,-0.019179689,-0.12035903,0.068749331,-0.0045815012,0.045387682,0.042418733,-0.085739441,-0.078659028,0.1091293,-0.066902161,-0.17254795
-0.036047317,0.094528913,0.11143663,-0.099721469,1.2654711,0.84241092,-0.16576412,-0.018198151,-0.035843242,0.070286445,0.15877466,-0.11013333,-0.052965209,0.1109504,0.16046961,-0.0067839893
-0.027345115,0.070734404,0.077488035,-0.074889489,0.16531709,1.0063267,1.0118885,-0.0869307,0.0081843119,0.01213573,0.17818376,-0.071617655,0.026524441,-0.10357947,0.0039257156,0.018221743
0.29999262,-0.1401322,-0.031064453,0.19749971,0.068195827,0.16769861,0.90849513,0.96057701,-0.050272632,0.15169963,0.17445269,0.0095700165,0.0014918181,-0.17542456,0.074923277,0.23656923
0.17139989,-0.047395539,-0.0060519772,0.014935361,-0.084098123,0.083491117,-0.21118921,1.1348315,1.0191115,0.0082393643,0.031013299,-0.056097973,-0.065260634,-0.0037959977,0.0071924073,-0.16989876
0.1179616,-0.14269046,-0.19276936,-0.11241559,-0.048622228,0.029020296,-0.061232522,0.11446759,1.0004376,0.99007207,-0.091519974,-0.24177742,0.064348914,0.052226245,-0.10596646,0.03226902
-0.036379196,-0.021492396,0.14245552,-0.085316412,0.23470341,0.061552279,0.11850541,0.091845974,-0.064011246,0.78509575,1.105888,-0.142478,-0.11788911,-0.04707272,0.039749913,-0.12144817
0.047893707,-0.13586242,-0.074495412,0.0463675,0.063714929,-0.1629997,-0.051626187,-0.022694489,0.0061945431,-0.097760789,1.1065758,0.73871529,0.1819151,-0.091755718,-0.12931252,-0.083792605
-0.11037128,0.084887199,-0.02586405,0.021042369,0.065341182,0.089859605,-0.025602002,0.081708536,-0.024511229,-0.1329134,-0.040118687,0.77644455,0.78683621,0.041983854,-0.22728918,-0.060599767
0.074329667,0.039507005,0.039602913,-0.094432309,-0.029107418,0.052039832,0.070506759,0.16288815,-0.10234874,0.17812614,-0.059631567,-0.11706945,0.99225718,0.97322834,0.16155955,-0.14631976
-0.027325157,0.11359826,0.031663276,-0.075828031,-0.024946727,0.040506449,0.034503888,0.032439463,0.035201523,-0.18302967,-0.22231327,-0.03727363,-0.092113443,0.97342414,0.87662077,0.11263406
0.10592587,-0.089930154,0.031545356,-0.27926192,0.19174542,0.16153215,-0.027369156,-0.040374093,-0.058975693,0.10492425,0.046666283,0.029812293,-0.034212224,-0.038106654,1.1365731,1.1407903
-0.032630127,0.13695687,-0.054258592,0.065578297,-0.12438888,-0.036671963,-0.018571783,-0.1139213,-0.13983883,-0.094765998,0.091253757,-0.13744444,0.078691706,-0.019370008,-0.29896101,1.0909739
-0.18430839,0.060151421,0.0071316827,-0.14191821,0.08293999,0.018547144,0.018837517,0.024260037,-0.066957712,0.058703862,-0.0025114736,0.016775891,-0.038511764,-0.1087902,-0.054866292,-0.29844072
0.092753604,0.051682167,-0.21687821,0.12283981,-0.015488717,-0.17079531,0.046516106,-0.093355812,-0.16330968,-0.11098388,0.0077959215,0.13087262,0.03461368,-0.087442309,-0.054428075,-0.028356297
0.19478548,-0.19575509,0.034160223,-0.1234391,-0.061698616,-0.05761604,-0.16181718,0.21661142,0.045056075,-0.081819743,0.05102995,0.080016173,-0.17365666,-0.057754911,0.070187248,0.053728584
0.12902999,0.10213353,-0.060919795,0.065571681,0.19897813,0.13529062,0.086159572,-0.18069245,0.12687351,0.3105081,-0.017135218,0.040929433,0.15019283,-0.014503904,0.068737321,-0.074813135
0.18488605,0.067802943,-0.088352904,0.30185956,-0.11056636,-0.013267417,-0.046599258,0.095183603,-0.065319307,-0.14362547,0.20515181,-0.025095927,0.033908401,0.028663045,0.19007041,0.10330478
0.093777589,0.13643765,-0.053151105,-0.0093491897,0.063537821,-0.066061795,-0.10454205,0.053789571,-0.0096768718,-0.00744136,0.10237119,-0.073856466,-0.22569752,-0.028702144,-0.14617312,-0.0078926496
-0.16906334,0.19138253,-0.042671703,0.12663156,0.99874806,1.0744454,0.96339971,0.79448873,1.0392655,0.10307863,0.019085478,-0.13943467,0.18322483,0.20333219,-0.26727396,-0.024461474
-0.097312853,-0.020461608,0.030026928,0.09726958,1.0233577,0.97733718,0.95674884,0.98285544,1.0630184,0.080148123,-0.11106365,-0.14506443,0.04577614,-0.051228214,-0.095605351,0.071515873
-0.065638945,-0.018027917,0.2541891,-0.032880791,1.009602,0.93137211,1.2007554,0.90357679,1.0265958,0.094073027,0.11199982,0.22327761,-0.067312337,0.039006848,-0.011105567,0.0063712229
0.044815555,0.056455351,-0.0718491,0.027041886,0.81020445,0.90724427,1.0473365,1.0573612,1.1703409,0.087136216,-0.09652739,0.13498501,-0.093660153,0.18232612,-0.10788045,0.1577265
-0.125971,-0.14904313,-0.10424422,-0.00228523,0.86300063,1.1080158,1.0229435,0.87759155,1.0157923,0.10254947,-0.07343483,0.033395763,0.0031338423,-0.10312083,0.11617199,0.12418563
0.17879759,0.17768995,-0.057088494,-0.072629258,0.074528687,-0.12678842,-0.09607359,-0.054953948,-0.0081285797,-0.19538301,-0.052327782,-0.06506817,-0.081702851,-0.086292982,-0.15557113,0.057443373
-0.11005954,0.1584695,0.063696168,0.14962719,0.15939951,-0.066090852,0.068735898,0.065422423,-0.077647783,-0.14632007,0.093494184,-0.039434012,-0.0033796995,0.072811268,-0.07555031,-0.28412342
-0.053472836,-0.040279597,0.0029286919,0.17301637,0.18865369,0.15695803,0.057698049,0.13972458,0.13658823,0.067541569,0.098513752,0.12716757,-0.015107846,0.24307224,0.22868164,-0.26806614
0.20274761,0.17347723,-0.0096030124,-0.1022551,-0.027123736,0.19915916,-0.012825058,0.044700734,-0.044631872,0.18299246,0.034615442,0.067670792,-0.014614271,-0.060554028,0.17717457,-0.021886522
0.20362896,0.22299929,0.3279964,-0.04221667,0.080000713,0.12408696,-0.077155992,0.26408941,-0.019004565,0.082006589,-0.14870231,0.13835727,0.039804596,0.090754583,-0.078669727,-0.13792543
-0.14457694,0.054881029,-0.031495031,0.19273923,0.15286717,0.10813332,0.13523173,-0.2056309,0.12953272,0.044937614,-0.15209621,-0.028092047,-0.05474548,-0.085420765,-0.17058344,0.096843682
-0.029654801,0.17668045,0.048793271,0.16575782,-0.084351704,-0.060568795,0.12846419,-0.10927278,-0.17831454,-0.33452609,0.02693581,-0.23543496,0.015587567,-0.037301917,0.11173543,0.040028993
0.081313185,-0.19500825,0.099161796,-0.22914185,-0.12577654,0.095239133,0.086482078,0.25127411,-0.11179379,-0.16579503,0.1604459,-0.085412785,-0.071376689,0.040836766,0.15112334,-0.072042398
0.72209227,-0.030672593,-0.19143534,0.019130971,0.013236973,0.025116559,0.15462694,0.069706433,-0.048608504,0.14017522,0.052084852,0.13803062,0.0015038186,0.2226591,-0.17006139,-0.059524141
0.92119658,0.91348809,0.067783199,0.24976064,-0.061350778,-0.0059024976,0.17141341,-0.085406736,0.34372807,0.0096960431,-0.17812127,0.23494521,0.093579739,-0.16309853,0.057294168,0.026920419
-0.15411182,0.95371586,1.2035121,-0.077387847,-0.087925754,-0.052543145,0.061238371,0.0022936391,-0.091927201,-0.20828457,0.017107213,0.17271361,0.1515381,0.18969996,-0.011130663,0.016880373
0.027449289,0.075484492,1.1005569,0.99475902,0.085073605,-0.27066705,-0.082791984,0.064109936,-0.14691071,-0.12079684,0.10809441,0.011664506,0.055647355,-0.0085752513,-0.032725088,0.088457853
-0.06866248,0.024089392,-0.08392968,1.0613511,0.97244102,0.10160571,-0.11350325,-0.048837181,0.10105249,0.058635622,0.054271247,-0.10703976,-0.17514686,-0.15185341,-0.11160474,-0.048434075
-0.10346375,0.068400577,0.00055827835,0.29627973,0.7347464,1.0940372,0.17516896,-0.033141151,0.011820487,-0.038520478,0.037782948,-0.072120726,0.23069088,-0.079575129,0.22881198,-0.20822816
0.098107576,0.14921588,0.0044664065,0.059639666,-0.11085896,1.2246177,0.99291241,0.090830579,0.013466107,0.12334459,0.14565751,0.079190813,0.062438477,-0.0092015527,-0.24520509,0.011512833
-0.0049275975,-0.10023526,0.27684951,-0.11993679,0.17899479,-0.00058031525,1.0704216,0.84647495,0.049312983,-0.0090388339,0.12951456,-0.15805234,0.042949565,-0.19654904,0.075466052,-0.074482486
0.10779345,-0.11385728,0.15938208,-0.083046339,0.0071836668,0.083866619,-0.1423241,1.0653976,1.054255,-0.13287236,0.017163094,-0.058672193,-0.059482541,0.018041758,-0.013473098,-0.24695984
0.25829172,-0.24053094,0.013206608,0.0045834794,0.00060153566,-0.062845133,-0.036701858,-0.21609341,1.0038962,1.0212847,0.16559203,-0.023565955,-0.089782082,-0.068631493,-0.13263033,-0.12251122
0.11033673,0.010808274,0.1603758,0.08944574,-0.00998565,0.22411318,0.038194887,-0.18096128,-0.12325255,1.0933157,1.0533546,0.0071707303,-0.083679788,-0.014239298,0.099285461,0.031034254
0.084704205,0.063641675,0.051811937,-0.014746849,0.1769723,-0.14229855,-0.064459354,-0.0073230402,0.015596644,-0.090997212,1.1286393,0.93116319,-0.080365948,0.00153416,0.041015957,-0.0061812676
-0.06029192,0.11529376,-0.12861583,-0.10103837,0.24327354,0.057598628,0.13727522,0.010913342,0.04138796,-0.12586024,0.15497264,0.9589138,0.81399864,-0.14819404,0.13414748,0.094067954
-0.014427138,-0.039698221,0.10310854,0.097380705,-0.021614155,0.14381482,-0.31379446,-0.043478418,-0.028066874,0.069672972,-0.11100535,0.19191702,1.0534643,1.270455,0.098347642,0.02817044
0.18390496,-0.036666974,-0.15938595,0.26418689,0.083038136,0.093490042,0.14191428,0.27300912,0.046914026,0.31625122,-0.21624289,0.090392441,-0.066506296,0.7563135,1.132394,0.46219277
0.12345818,-0.051801469,-0.072570547,-0.10978962,0.0046758032,0.073310979,0.068770058,-0.013343698,0.011146648,0.092257716,0.16061938,0.13558128,0.089402981,-0.059045017,0.94240433,1.0011925
0.1635538,-0.023672467,0.034282517,0.10319642,0.094721012,0.050123315,-0.036572747,-0.015854975,0.052868519,-0.045299951,0.10793801,0.14093384,0.035432521,1.0004467,1.1587377,-0.098260984
-0.093964383,-0.074601658,0.0069579254,-0.096646577,0.01474856,-0.2554729,-0.092112914,0.13283736,-0.039446022,-0.12706903,0.014077121,-0.073135532,0.96145117,1.0896293,0.28828228,0.05397857
0.042560231,-0.031589065,0.036823545,-0.097340338,-0.040365804,-0.10461146,-0.037225388,-0.016659196,-0.04069363,-0.13677852,0.074445777,1.208162,1.1078146,-0.065898784,0.011133154,0.093327425
-0.16756354,-0.022416407,-0.071719661,0.0076541943,0.082067981,0.014825672,-0.24117759,0.02454151,-0.11221012,-0.22574537,0.98592085,1.0560935,0.044733305,-0.055291444,-0.19251391,0.10365548
-0.055723097,0.07226719,0.16098201,0.0008707355,0.11266328,-0.023879323,0.089513548,-0.074179821,-0.06347923,1.1336925,1.1348472,0.10430512,0.19384278,-0.098540783,0.25255191,0.1508949
-0.063775398,0.1037969,-0.04052192,-0.077948436,-0.15348294,0.072688423,0.07895539,-0.16700833,0.87136912,1.0872884,0.060233977,0.08063861,0.03177077,-0.19336468,0.12673046,-0.039432388
0.12547843,0.0038475797,0.2138093,0.013883651,-0.084653765,0.14521867,0.022961747,1.0319337,1.178167,0.15260005,-0.030707516,-0.032714803,-0.015600624,-0.13842301,0.027549751,-0.003008455
0.14429735,-0.018918237,-0.010075808,-0.043992177,0.060219008,0.094879091,0.90673304,1.0997907,-0.11248267,0.017247759,0.027132144,0.083033137,-0.023198754,-0.087096334,-0.15691364,0.089504667
-0.010626047,-0.081664681,-0.054152653,-0.11124031,-0.18056256,1.050493,1.0037754,-0.043454003,-0.01948313,-0.010702721,0.071487166,0.045237944,0.016584303,-0.016440747,0.034127381,-0.050465658
-0.043612786,-0.10573517,0.064981282,-0.026492208,0.88365251,0.95019233,0.015356667,0.11779433,-0.12355141,0.054790545,0.011873216,-0.099876873,-0.17661911,-0.1946757,-0.055477455,-0.021490399
-0.066426322,-0.034047939,-0.041558187,0.92249435,0.91579866,-0.19221482,-0.068474278,0.031235192,0.080068186,-0.055643216,0.026721098,0.015235607,0.0051742867,-0.26705164,0.18557343,-0.086292148
0.16109659,0.047988795,0.93663466,0.9040153,0.070977606,0.077421166,-0.038630083,0.2732752,0.039104622,-0.19704625,-0.0082544964,-0.15654889,0.039903194,0.027425207,0.050950166,0.13394341
0.008508699,1.0063825,1.1027763,-0.11474746,-0.13235934,-0.15989695,-0.14002503,0.10645314,0.0071446551,-0.087731823,-0.045461617,-0.13165578,0.24493979,0.020842699,0.20145053,-0.072026506
1.2485029,0.94827533,0.20571522,0.0073437067,0.068308882,-0.045663346,-0.0059774662,0.12841484,0.26735973,0.23631255,-0.13776067,0.1032376,0.039090775,-0.11130043,0.15162425,0.15619873
1.0645337,0.085248694,-0.088670641,0.28798959,-0.1383781,-0.14576298,0.031840157,0.11365081,0.10375728,0.078229502,-0.093392931,0.14269911,0.24490464,-0.071820684,-0.044188738,0.19173582
0.093668856,-0.19337839,0.079389304,-0.037369356,-0.10312513,-0.11884293,-0.10179514,0.014092127,-0.00077727332,0.0015875129,0.049789168,0.070517965,-0.13021776,-0.054751787,-0.089528814,-0.13087928
0.047788348,-0.072643988,0.11256988,0.035057642,-0.10850016,0.04633826,-0.12642649,0.24489079,0.082848787,-0.07771159,0.024306476,0.19684976,-0.073962457,0.043921825,-0.028108003,-0.2142058
-0.18526843,0.12501267,-0.10734006,-0.087833025,-0.10975455,-0.049614519,-0.036756307,-0.1375166,-0.22362086,-0.0027529963,-0.079014212,-0.028137572,0.0097456509,-0.028209165,-0.024859354,-0.097130172
-0.075403482,-0.17065704,0.077791169,-0.088168539,-0.10051436,-0.27261448,-0.26256305,-0.07941632,0.91209155,1.0618432,1.2041589,0.98372811,1.2056193,-0.23985934,0.030663827,-0.19439934
0.0085743424,-0.21281242,0.036180578,0.11020166,-0.073737957,0.052789342,-0.066601917,0.086660825,0.98794943,0.84138703,0.88463885,1.1253642,1.1288683,0.0077647124,-0.023653345,0.031327479
-0.17886376,-0.16807458,0.15292543,-0.10781857,-0.041729078,0.11944864,0.045034487,-0.040208861,0.71147722,1.0502912,1.0687857,0.83370286,1.1459484,0.015825136,0.040094052,0.016649505
-0.00028330344,-0.15771319,0.16068748,0.12965858,-0.16312888,0.032580905,-0.020430868,0.1142533,0.89349461,1.0327771,0.85902858,0.98321724,1.0691028,-0.14293461,0.0021913822,-0.21490732
0.020450056,0.28036574,0.24773058,0.025856318,-0.020922828,0.047536723,0.05597201,-0.015023902,0.96983105,1.2650256,1.0804141,0.95624256,1.0343071,0.088813715,-0.15616195,-0.17422533
0.12498936,0.1868204,-0.011560071,0.18072589,0.17165947,-0.021469411,-0.06206632,-0.083454035,0.23670591,-0.065262087,-0.0077456171,-0.24242061,0.10237999,-0.056690946,-0.34731367,0.12766868
0.08205355,0.071757436,0.052566409,-0.12349971,-0.15246628,-0.064054526,-0.036954753,-0.03115703,-0.21504562,-0.12733705,-0.13087416,0.093669057,-0.096357256,-0.16863437,-0.09141469,-0.15049817
0.13291402,-0.088047408,0.0066606146,-0.097748712,0.16558744,-0.040490113,-0.061715148,-0.11779971,-0.010788985,-0.11417344,0.0035963906,0.14002965,0.027054204,0.035323929,-0.10790717,-0.010205667
-0.22583057,0.0061876397,-0.19327858,0.036582962,0.045096368,0.020896818,-0.011623442,-0.11867592,0.066771284,-0.20302173,-0.15183292,0.15453142,0.1289525,-0.051923368,0.093788035,-0.06129498
0.021104636,0.2170848,0.10335033,0.068102114,0.0069965054,-0.037389673,0.13409202,0.0057305968,0.031177131,-0.051139582,0.069624491,0.11546904,0.1439399,0.0021939329,-0.079078682,0.049220603
0.26687661,-0.12691604,0.069543444,0.25394791,-0.18296832,-0.17028478,-0.15969279,-0.0040007681,0.14584662,-0.061911978,-0.14786744,0.042382818,0.21462202,-0.12315195,0.1377327,-0.23971173
0.18385826,-0.03091377,0.053533316,-0.18546376,0.14736608,-0.026968371,-0.11294731,-0.018155884,0.23419958,-0.096359231,-0.088606827,-0.021342857,-0.23726434,-0.097453617,0.030873729,0.069034658
0.0039858306,-0.17467822,0.039301071,-0.12480906,0.011468116,0.16749497,0.11219618,-0.16846822,-0.11019774,0.059771102,0.099294402,0.14547446,0.13643333,-0.10753775,-0.17468715,0.18566595
-0.080366805,-0.10242528,0.13244282,-0.02553807,0.15605474,0.11651606,-0.016600028,0.16598344,-0.012827035,-0.11134174,0.040823307,0.059432652,-0.21096393,-0.31388882,-0.11289655,-0.20006371
-0.17652254,-0.061877597,-0.1956487,0.21005075,-0.096781865,-0.012890015,-0.017254418,0.011028889,-0.04170543,-0.14353122,-0.077444606,0.11494276,0.15815485,-0.22668178,-0.029779302,-0.21585068
0.0054092319,0.035625257,0.11119914,0.038184598,0.040538747,0.044898879,-0.016625596,-0.069644198,-0.046449941,-0.0073264102,-0.10816208,0.14444521,0.059462324,0.063575231,0.05603417,0.1534383
-0.20875888,-0.025247021,0.11283191,0.049608625,-0.012484589,1.0749624,0.031502396,0.036983758,-0.13724843,-0.037590943,-0.025979018,-0.11538769,0.070912577,0.20362861,-0.076494381,-0.11570584
-0.076516375,0.052713007,-0.11237834,0.073297039,0.12469179,1.1636581,-0.18580098,0.1127317,-0.08064872,-0.14775173,0.074064985,0.01777227,0.27472314,-0.14768575,0.1320602,0.063305244
0.028782478,-0.0055844132,-0.098718159,0.21481059,0.08007399,1.1152916,-0.086155303,0.033750281,0.16851191,0.0086489758,0.077535503,-0.0868527,-0.020937724,-0.092859551,-0.07407853,0.064058326
-0.17384864,-0.12863809,0.092782252,-0.14016731,-0.25588569,0.96971118,-0.053864956,0.020071585,0.032253873,0.056566548,-0.032955997,0.18108973,-0.09645813,-0.15236007,0.071000919,0.071341425
0.053192973,1.1116484,0.9596917,1.0687201,1.1498526,1.38731,1.0892756,0.94830501,1.016539,1.1363168,-0.012346094,-0.05736446,-0.039905209,0.28627804,0.26222092,0.037437063
-0.12707964,0.15257695,0.025789222,-0.0559678,-0.058273252,0.8772521,0.174105,0.035834171,0.07669504,-0.18029216,0.020149989,-0.03115977,0.15892015,-0.18921533,0.12353061,0.18612339
0.034259763,0.16572608,-0.1770495,-0.082497112,0.076119162,0.98230785,-0.12108518,-0.017105766,-0.015814414,-0.046137568,0.019411135,0.029524013,-0.020504588,-0.20375967,0.047439374,0.098395489
-0.020902947,0.16786915,-0.10058795,0.067948677,0.093378901,0.90063262,0.27352533,-0.027727645,0.15780133,-0.0035583421,-0.11211633,-0.16056685,-0.069561124,-0.14477867,-0.24580948,-0.04743132
0.10437334,-0.080916308,0.19977973,0.042492196,0.024742443,1.1627849,0.18563917,0.19000746,-0.14918783,0.090666793,0.10725448,0.019785205,-0.017403202,-0.068211272,-0.12615287,0.20551902
0.14835522,-0.18459806,0.088557325,-0.14195655,0.090929992,-0.11327014,0.01798843,0.20463191,-0.044871371,-0.065513946,0.17731765,-0.064590886,0.015958188,-0.080945641,0.19691685,0.18392357
-0.16882776,0.11580258,-0.080272034,-0.060299195,-0.03120953,-0.0301251,0.11247908,-0.0027777008,-0.16055459,-0.038633011,0.23058484,0.11656374,-0.015309392,0.13076508,-0.02981279,0.13982423
0.067708164,-0.022987055,-0.20514722,-0.13141102,0.2639342,0.046678104,-0.026019877,0.067839257,-0.079128601,0.12677345,0.024388764,-0.034554929,-0.023863211,0.069429055,-0.21297015,0.11920586
-0.1734847,0.11830547,-0.084718384,-0.0035016015,0.11530174,0.088809751,-0.13917534,-0.091494463,0.090864986,0.21912701,-0.17472228,-0.0018399376,0.070181049,0.20529355,0.17407702,0.012437366
0.11700127,0.032877933,0.13820909,0.010477477,-0.16753148,0.11659767,0.062401492,0.056717355,-0.095466338,0.012337384,0.054077897,0.11197284,-0.012850866,0.078033082,-0.005835969,-0.22429213
-0.061471097,0.0035053999,-0.32455584,0.17452377,-0.057726208,-0.14015315,-0.032754332,-0.097745121,-0.20330323,0.2564849,0.036544345,0.020468526,-0.084505089,-0.15152067,-0.072894745,0.14675826
0.042584613,-0.0071560647,-0.25830063,-0.028916899,0.0091724815,-0.16824369,-0.2085402,0.18603939,-0.13365448,-0.12967516,0.037385527,0.15340686,0.12972313,-0.067943104,0.052117057,0.16332021
-0.16109887,-0.20702952,-0.19049415,-0.12601504,0.062139612,0.12505673,-0.070132658,0.061145626,0.0076927901,-0.10369055,0.012453115,-0.27560169,-0.082985215,0.073440358,0.061711412,-0.15976782
0.0034530133,0.093465328,0.027725421,-0.36693013,-0.18545073,0.061491147,1.1091201,-0.15792885,-0.07980983,0.12269358,0.10903006,-0.0088626463,0.054556858,0.030762017,0.036040489,-0.059723701
-0.12796405,0.053002745,0.059579436,0.043656539,0.029100565,0.081299923,0.94360059,0.20445082,0.0072763385,0.073018096,-0.075462222,-0.14396341,-0.04636449,0.11659589,-0.10582116,-0.13124926
-0.085836686,0.11607714,0.054589722,0.13544239,-0.24200682,-0.19458909,1.0480044,0.01220521,-0.031893518,-0.047862675,-0.047211502,0.085523903,-0.017564766,-0.2301902,-0.038146444,-0.17063098
-0.085164011,0.057709031,0.032349043,0.031136362,0.023383623,-0.15509751,1.0295376,0.097502165,-0.043543186,0.011750026,-0.12154234,-0.064220302,0.19637796,-0.096363977,-0.033357084,-0.30217919
-0.24313548,0.1556294,1.0646586,0.89994627,0.98247355,0.87586999,0.95239252,1.0669799,0.81555206,0.98609918,1.1002619,-0.13682441,-0.024939109,0.075443007,-0.016900824,-0.019955639
-0.067169562,-0.024919825,-0.10584816,-0.041403018,0.057404336,-0.11868361,1.1563981,-0.19569555,0.13485177,-0.080311723,-0.12913233,0.22141621,-0.099006101,-0.07615561,-0.056003753,-0.17715797
-0.078345388,-0.073517561,-0.020899756,-0.18281642,0.071999714,-0.22716911,0.95268822,-0.27375957,0.012098111,-0.12470406,-0.26227704,0.090922892,0.024404814,-0.058687754,0.021064721,-0.081821211
-0.050090976,0.067061834,-0.093395248,0.053942204,0.062466059,0.079491422,1.0227563,-0.113217,-0.056584708,0.14331135,-0.079847924,0.18784986,-0.077979833,-0.13830291,0.12094467,0.022348627
-0.037566151,0.27226999,-0.071492106,-0.14293617,-0.13572203,0.029423244,1.0462363,-0.0069311666,-0.0061305943,0.10316764,-0.076261804,0.043598391,0.0052240905,-0.0018301022,0.0010908595,-0.20106174
-0.14142381,-0.010549975,-0.03328475,-0.06550011,-0.25536814,0.017798634,-0.067870013,-0.22494885,0.20799594,0.13866189,0.032800019,-0.023726717,-0.17550662,0.15730247,0.16310333,-0.23594342
-0.061863247,-0.047629654,-0.076873384,-0.098872371,-0.083151817,-0.042277906,0.15247664,-0.1022153,0.16826594,-0.0037647469,0.10344439,-0.014035807,-0.094423234,-0.0087909298,0.0015295834,-0.0094395531
-0.039591569,0.041490331,0.0049497816,-0.013912204,0.056822877,0.038727917,-0.26347402,-0.042731423,-0.051462218,-0.081894994,-0.057884663,0.15677431,-0.024019482,0.016073167,0.029882628,-0.11267234
0.065911993,-0.050807822,0.18324329,-0.055978823,-0.072537974,0.13909607,0.096056037,-0.25727195,-0.017821644,0.10505858,0.10472092,-0.068600871,-0.026565591,0.28776228,-0.041991983,0.072080895
-0.12749234,0.1183887,-0.043314207,-0.12938553,-0.076828927,0.11171643,-0.073954247,0.033931483,0.17354514,-0.10644396,0.091291696,-0.082497619,0.091164462,-0.2063297,0.14337537,-0.092348091
-0.025509926,0.16142181,0.11939294,0.080186211,-0.037925962,0.10789668,0.19814195,-0.081306763,0.32891247,0.042698693,-0.20282371,-0.050307732,-0.32925388,-0.0023643253,0.16697673,0.11086519
0.1176699,-0.040686373,-0.11565658,-0.12494604,-0.06911315,-0.073678859,0.17689332,0.13716391,0.23558462,-0.089425683,0.0027703631,0.019845575,-0.23491773,-0.025716094,0.04090032,-0.052366145
-0.2298239,0.25417268,-0.037716825,-0.075011745,0.10695696,0.17835853,-0.059722319,0.046559561,-0.10896035,-0.064427927,-0.11975198,-0.07570219,0.12992948,0.082389936,-0.032472186,-0.18694475
-0.01749257,-0.063183732,-0.039046127,-0.26531741,0.040405069,-0.19521013,0.046091665,0.01127292,-0.019655723,-0.10885934,1.0697954,-0.065929748,-0.16087919,-0.14276826,0.11457726,-0.065094069
-0.14590155,-0.055327475,-0.16727209,0.097686179,-0.028701223,0.018473756,-0.014610832,-0.14712143,0.011392687,-0.1181704,1.0750314,0.089356959,0.10025653,0.30499762,-0.051066563,-0.030167544
0.25539112,0.040487129,-0.038513333,-0.037242971,-0.14570265,0.0032167162,-0.011525839,-0.17557773,-0.087527812,-0.0034641901,0.85139537,-0.01477169,-0.0185092,0.071176268,0.14840509,-0.21244229
-0.10637975,-0.053364716,0.053783782,0.022100393,0.03425343,0.035820257,0.055587795,0.17801476,-0.032087639,0.20380534,0.77364033,-0.17860709,0.090834297,0.058621299,0.11181679,0.088109456
0.1745903,-0.044591587,0.025864812,0.01975443,-0.27592665,0.23825985,1.0324408,1.0993501,0.97585797,0.93087935,1.099467,0.95198399,1.1003661,0.90290868,0.95970887,0.0056124255
-0.11390597,0.271586,0.054929536,-0.18935028,-0.049981594,-0.11969453,-0.098501563,-0.086116917,-0.037059985,0.02708856,1.0310417,0.04648472,-0.17367838,-0.079557739,0.0068228613,-0.029512508
0.002443034,0.12822443,-0.21800965,-0.2011939,0.10792632,-0.059226662,-0.14119041,0.096401267,0.016195593,0.14199099,1.1845471,0.20635879,-0.030697588,-0.081332959,0.23061329,-0.010792286
-0.12058735,-0.083392695,0.043288376,-0.17955276,0.11307614,0.074481457,-0.062667988,-0.031110911,-0.13864769,0.051436529,0.87732142,0.068845406,-0.13952851,0.12718374,-0.045121957,-0.048769228
0.075332828,0.0067823008,0.12100775,-0.12842026,-0.092030011,-0.19488038,0.01849938,0.04342841,-0.042116757,0.14217563,0.94925463,-0.097866349,-0.015325649,0.066968702,0.12499417,0.11798763
0.058302764,0.19881429,-0.016602855,0.15980285,0.11329196,0.15442792,-0.11231664,-0.13297135,-0.039001435,0.042048991,-0.085517019,0.042329349,-0.15750292,0.08061336,-0.04175888,0.056432031
0.136071,0.084853701,0.054580726,0.084144287,-0.040450331,0.0041463445,-0.044530816,-0.1326298,0.061217107,-0.14134733,0.0068934797,-0.17261602,0.052802999,0.0088090934,-0.053062994,-0.086413257
0.081430987,0.070622891,-0.090006851,-0.068876177,-0.031499501,-0.049401622,0.023394596,0.011389331,0.054428402,-0.25016797,0.010065477,0.041104559,-0.078650959,0.18204339,-0.071110487,0.14731197
-0.074721903,0.046575386,0.14777608,-0.12564835,-0.095442273,0.1190105,0.14452037,0.19356287,-0.18681639,0.069511265,-0.0052197701,-0.039548464,0.049609639,0.12823445,-0.017506672,-0.056542903
-0.02995044,0.25118026,0.16669637,0.061113749,-0.082318693,-0.1238931,-0.14431421,-0.22197361,0.046502851,0.13693908,0.00043738793,-0.082234241,-0.073915511,0.10917118,0.062373113,0.076878145
0.072560132,-0.033934034,-0.061382409,-0.072117217,-0.056856256,0.13023122,0.033890225,-0.046200056,0.033013675,-0.17190416,-0.10342596,0.042748082,-0.10381966,0.055099078,-0.073229596,0.15816127
-0.055473704,-0.010888495,-0.090227775,-0.01257993,0.030359747,1.167927,0.092860162,-0.12102134,0.086091906,0.19014478,0.23099668,0.15557474,0.045025147,0.24133022,0.075233743,-0.086432338
0.13423331,0.16679317,0.032752868,0.0048493547,0.048601229,1.1292926,0.0072140163,0.029690159,0.18077926,0.13957469,-0.16098475,-0.018938066,-0.006555568,0.019630127,0.066665329,-0.14698629
-0.031467639,-0.12710348,-0.063006327,-0.084701866,0.022329312,0.92844844,-0.027528077,0.053270403,0.23902652,0.030611172,-0.069113635,0.13138974,-0.01816754,0.073984392,-0.11642554,0.035845395
-0.031384736,-0.10614463,0.19355543,0.041947354,-0.0057295524,1.070773,0.046590671,-0.13945791,0.0084109772,0.12332438,0.18881619,0.086959772,0.12197931,0.12940404,0.025651898,-0.1472766
0.01606892,1.0469587,1.1099831,0.874008,0.95703626,0.88543874,0.888129,0.98455215,1.041095,0.90052903,0.020748531,-0.0011814273,0.068555258,-0.11806251,-0.18444124,0.066924281
0.013800119,-0.01373566,-0.099290334,0.082462057,0.16140988,0.94884205,-0.072472014,-0.16974027,0.13578503,-0.017883494,0.11176351,0.055947788,0.10030827,0.1850929,0.1447165,0.19680883
0.017115427,-0.068696998,0.18607043,-0.18988422,0.039980773,1.0847861,-0.13739803,-0.045858122,-0.072389446,0.16112217,-0.15515974,0.029703291,0.085231267,0.042753562,-0.0051231617,-0.13779061
0.023288868,-0.27075514,-0.032655772,-0.0079811616,-0.31410766,1.0146127,0.14817803,-0.042042587,8.8203749e-05,-0.13062897,-0.095883735,0.14699937,-0.050943926,0.064877398,-0.039862968,0.035522219
-0.017091097,0.040902399,-0.15225838,-0.14686008,-0.097339645,0.99015611,0.05065529,-0.015879301,-0.14588545,-0.045456685,-0.18161537,-0.11597344,-0.12725678,0.04515798,-0.053903747,-0.29261857
-0.045561362,0.090673335,-0.14715265,0.014792742,0.038238615,-0.21743844,-0.30669424,-0.062742613,-0.035056427,0.15343615,-0.10191579,0.070674218,0.088395141,-0.17732152,0.0079755811,-0.02959897
0.17233108,-0.032880057,0.01207194,0.11310066,0.062336259,0.12785833,0.12004242,-0.0030519094,-0.14443776,0.066550151,-0.092124633,-0.22603677,-0.17341472,0.13172027,0.1227895,0.027794307
-0.25828519,0.12826811,0.0018838162,0.075509846,-0.059041526,0.083378941,0.16088881,-0.23574992,0.012339283,0.15620823,0.24875814,0.038889956,0.12518288,0.02542052,-0.026431747,-0.049033284
-0.28104475,0.1345125,0.30446863,0.13370889,0.0065557924,0.0084088044,-0.10352833,-0.054849584,0.022293694,0.098031126,0.04050957,0.12572896,0.03249833,0.13128717,-0.04350134,-0.10833371
0.048625268,-0.10944152,0.017480478,-0.091529645,0.13843818,-0.31972128,0.101409,0.10580301,-0.005084971,0.040393583,0.024472112,0.1552453,0.19844407,0.0012421439,0.19605169,-0.077169508
0.049861096,0.052508719,-0.1513032,0.039301991,-0.080027781,0.095340155,-0.10658091,-0.21284629,-0.15601939,0.0025799642,0.037313208,0.040833417,-0.091500483,0.094547905,-0.06589146,-0.026511777
0.11760294,-0.019338191,-0.22544096,0.085533254,-2.5292786e-05,-0.046408445,0.15448636,-0.075531602,0.078147061,0.016096644,0.31151268,-0.21605194,0.023324672,0.041395172,0.13162191,-0.050698627
-0.076339781,0.16656734,-0.051300015,0.033286966,-0.0064344998,0.045668989,-0.16185141,-0.06529706,-0.0069189351,0.012615034,0.13124424,0.060742326,0.068705246,-0.0070607532,0.15053077,-0.073138408
-0.011834276,-0.17877023,-0.12620977,0.10147426,-0.0061561661,-0.22285227,-0.005715888,-0.028864233,-0.13667446,0.039397474,-0.033017028,0.00039950857,0.1123222,-0.0746684,0.12833829,-0.033057388
-0.03166955,0.15363784,0.044560235,-0.049521863,-0.015113328,0.024833389,-0.17513332,0.078928411,-0.0014468218,-0.15601498,-0.11405339,0.10265729,-0.15256241,0.25631315,-0.12909122,0.023501076
-0.30733621,-0.010012981,-0.064183079,0.056133471,0.021208681,-0.04214466,0.25550732,0.089976549,-0.090399846,0.039034452,-0.34893745,-0.073263176,0.14562327,-0.070343599,0.013454608,-0.14231531
0.089999497,0.0097265234,-0.0045588678,0.10751951,0.19164512,0.090894729,-0.21270685,0.042472687,1.026307,0.85716879,0.80070871,0.94519019,0.95802766,-0.014258753,-0.09434735,0.012258348
0.028642854,-0.041427765,0.039238732,-0.07734488,-0.19562525,-0.0079527814,0.098421402,0.31647936,0.73764998,0.93211508,0.88762063,1.0249916,0.88749743,0.0078141969,0.11141741,-0.097041912
-0.015836729,0.18698327,0.099279754,-0.20106396,0.24205385,-0.088360474,0.029876845,-0.056071214,0.9390406,0.91050112,1.0681963,0.90087426,0.84278995,-0.074372597,-0.0061045694,-0.24665253
0.08921814,-0.091981448,0.080915488,0.16002393,0.031989012,0.058457199,-0.059690122,-0.086048223,0.76702279,0.97130162,0.92896646,0.71042621,1.0272665,0.17666081,0.042858016,0.13401131
-0.037622094,-0.12726378,0.002433094,-0.046823338,-0.14149335,0.1185271,0.015070811,-0.083848134,1.0183432,0.97707129,1.0690749,1.1864356,0.92087281,-0.14805181,0.16057822,0.2825973
-0.077774443,-0.1139232,-0.1484547,-0.0054655536,0.008422412,-0.035714105,0.096100345,-0.10230935,-0.075527534,-0.15464061,0.16211952,0.12486587,0.15268874,-0.10496891,0.15658182,0.031127552
0.082479954,0.066007175,-0.04177136,-0.023504192,-0.18763813,-0.068846151,-0.030299695,-0.14150964,0.0088017443,0.1501748,-0.061955359,-0.11842448,-0.10495786,0.01980046,0.20643467,0.017071189
0.0040185777,-0.15124629,0.037239142,0.072486565,-0.051035635,-0.0056867581,-0.081561163,0.085545458,0.15744287,0.042816587,0.058399349,0.0038935905,-0.079207487,-0.094843008,-0.050781481,0.011482531
-0.0030932501,0.11885235,0.086248524,0.17554362,0.090609133,-0.031284269,0.0094353789,-0.19623253,0.19748455,-0.071673691,-0.050791286,0.21580634,-0.13022929,-0.075753406,-0.009416623,-0.071239576
0.078575782,-0.10835017,0.080335565,-0.16601917,-0.076251931,0.26120114,-0.093912773,0.064787447,0.054737527,0.0093034618,-0.048098147,-0.0012243317,0.062428322,0.23970358,-0.050497513,0.21545936
-0.00382995,-0.017298862,-0.10516202,0.12890761,-0.12228913,0.14448139,0.17557853,0.13836259,-0.14798279,-0.071837954,0.24135101,-0.035152741,-0.0090065654,-0.030059712,0.071609311,0.00067011768
0.0054251803,-0.024038723,-0.00041980445,0.088645823,-0.11273482,0.14354384,-0.21234252,0.1034512,0.22518809,-0.055562809,0.0086114546,0.0026329614,-0.20633823,-0.0033345132,-0.10778549,-0.24746148
-0.034073591,0.044345539,-0.084988229,-0.017149685,-0.18291482,-0.083136998,0.11944838,-0.14689086,0.052481323,-0.15721555,0.19040506,0.045327872,0.014577869,0.1268701,0.11286937,1.1534435
0.00021568802,0.13664657,0.20680603,0.0044227093,-0.080933623,-0.052495081,-0.02270055,-0.026320202,0.018840218,0.097703978,0.22973947,-0.14987199,0.1262518,-0.13376248,0.89704067,0.89627802
-0.029048041,-0.14688176,-0.013221338,-0.031802014,-0.13793597,0.031880546,0.06297157,-0.18467039,0.014329996,-0.018040322,-0.081891403,-0.24916586,0.030616289,1.1361221,0.70370245,-0.074444816
-0.017573155,0.15365875,-0.047922444,0.025431467,-0.057738442,0.17813236,-0.097387701,-0.040791452,-0.11550762,-0.047323246,-0.0087944502,0.025447477,0.79853785,0.99762881,0.16076645,-0.082211711
0.04594171,-0.020751726,0.0081341034,-0.11100212,-0.052122418,-0.046212506,-0.051415533,-0.05706048,0.074489497,0.1084428,0.046824705,1.0570374,0.96221733,0.012188174,-0.13780715,0.069651514
0.11958864,0.035030331,-0.085393012,-0.064840071,0.001160478,-0.023275506,0.085147999,-0.066062711,-0.048461508,0.14728697,0.95478654,1.1007658,0.0090486621,0.10470533,-0.18684828,-0.057649869
-0.01331906,-0.22372611,-0.079443842,-0.014748033,-0.020605072,-0.0034317046,0.15877245,-0.09789627,-0.1432226,1.1374708,0.91984749,-0.077256031,-0.11274552,0.063846461,-0.084840022,-0.010849683
0.22198468,-0.075554468,0.082076527,0.10658678,-0.12040339,0.050886139,-0.19284581,0.032840237,1.1900816,1.0684346,0.081299551,-0.25220963,0.039065167,-0.018780056,0.086407512,0.12223486
0.055337451,-0.058213256,0.083752811,-0.123387,0.16861567,0.003159981,-0.025727889,1.216913,1.1330017,0.22041796,-0.069219045,0.15737811,0.044509295,-0.1477237,0.022281153,0.094434381
0.0051137106,-0.0073016193,-0.071580954,-0.23850618,0.13580844,-0.1252186,1.1040728,1.00014,-0.036050219,-0.038955916,-0.039097112,0.019471273,-0.024520691,-0.037042074,-0.12988317,0.061102983
0.08198864,-0.067686401,0.010448103,0.048768044,0.030869061,1.1532817,1.1658068,0.13269497,0.012380728,0.016631778,-0.041714661,0.26530313,-0.026201088,0.076780014,0.18045478,0.16213641
0.15746102,-0.092548802,-0.029413514,-0.095479831,1.1704099,1.0261563,0.0045365291,-0.10863512,0.052092742,0.039482247,0.33682382,0.12642218,-0.023677185,-0.10035156,0.11509255,-0.04850246
-0.051599082,0.1672617,-0.14879891,0.97713679,1.0677791,-0.12952141,-0.048380315,0.040760167,0.033507612,0.055182055,0.016690042,-0.015589587,-0.021502653,-0.039603814,0.049476407,-0.0066114967
0.24093823,-0.070640601,0.023591887,-0.099297397,0.086195916,0.15831546,-0.043744002,-0.092258491,-0.05646722,-0.26878595,0.21835807,0.069080085,0.078673951,0.11126132,0.018239388,0.058950055
0.061398439,-0.068801723,-0.11958824,0.11216248,0.04121631,-0.021574413,0.11749745,-0.052972022,0.12069535,-0.057424117,-0.042156138,0.10649417,0.078998946,-0.08262682,0.21196589,-0.19667137
-0.059218708,0.014465472,-0.18832044,-0.079571135,-0.015102007,-0.14102533,-0.17322275,-0.059072379,-0.095566854,0.95860267,-0.06271518,-0.001865293,0.080765694,0.14559074,-0.14501044,-0.0171031
-0.094663404,0.13872887,0.019843383,0.12042518,0.051400837,0.11715461,-0.15274009,0.1440039,-0.15834655,1.1505601,-0.067040943,-0.058595426,-0.092298999,-0.19982171,0.068123184,-0.052197114
-0.068239339,-0.090997346,-0.024518371,-0.12276769,-0.051821873,-0.019706497,0.12674561,0.044278946,0.084352404,0.87795866,0.19249745,0.18235072,0.0049138404,0.019865917,-0.26961219,0.056555845
-0.026425295,-0.063460782,0.055191938,0.038098954,-0.0018143716,-0.036980949,0.019919164,-0.049473252,-0.065882117,0.95499289,0.25090683,0.14955038,0.014922368,0.12479413,0.056549896,-0.13073798
0.10204621,-0.21646307,0.083563402,0.017277405,0.10386867,0.93499148,1.0895858,1.2044846,0.86479449,1.1323593,1.0450054,0.77513421,1.0248159,0.85001457,-0.025386166,-0.067869097
0.070088185,-0.086667635,0.010381366,-0.055562146,-0.069974639,-0.11956535,-0.21071355,-0.1486153,0.25994965,0.92362672,0.038192451,0.19281362,-0.022618517,-0.033138089,-0.4721919,-0.10525681
0.20934501,0.0015037485,0.19790357,-0.065486044,0.17489709,-0.018483011,-0.0095879193,0.085521854,0.0044828448,0.94377571,-0.063778676,-0.14311415,-0.067808196,-0.16741964,-0.05806338,-0.28603888
0.10056661,0.30841666,-0.094216786,0.081285134,0.13748375,0.033063352,-0.066245779,0.03928864,-0.054548763,1.0316604,0.059934501,0.06042517,0.010284786,0.13884304,0.17005625,0.036714181
-0.14090535,-0.032933865,0.10608672,-0.1620656,0.26869473,0.15092152,0.0050270441,-0.18291421,-0.021658942,0.91532594,0.071033001,0.016317952,0.033160917,-0.087095924,0.017072288,-0.046364516
0.012421952,0.0092488611,-0.033818096,0.10591029,-0.11623129,-0.032886397,0.04910972,0.060799934,0.025765577,-0.0092825424,0.045642491,0.012898231,0.058236662,0.016345462,-0.11222453,-0.11901627
0.12195145,0.038771484,0.048483629,-0.024191054,0.093368955,0.02300071,0.017197061,-0.049675755,-0.097136363,-0.10599329,0.2540915,0.052590314,0.030135052,-0.091859944,-0.022989569,-0.026769955
-0.15297779,0.019678397,-0.037869964,0.013476509,0.13112409,-0.11518713,0.041330181,-0.00820811,0.13575065,-0.0023776402,0.1691802,-0.039099976,-0.28170094,-0.14446604,-0.15658753,0.059415169
-0.12882824,0.0080615254,0.027091343,0.11890686,0.10479791,-0.21853042,-0.11277286,0.080231361,-0.088762268,-0.064107537,-0.11880742,0.075756371,0.17314041,0.050895486,0.012713007,-0.2229376
-0.027699433,0.16898541,-0.13270216,-0.08726956,-0.050811645,0.098290496,-0.26711723,0.028877039,-0.081366196,0.033286557,0.028300865,-0.11490214,-0.014828766,-0.0065178364,-0.020432016,-0.051294103
