f0,f1,f2,f3,f4,f5,f6,f7,f8,f9,f10,f11,f12,f13,f14,f15,f16,f17,f18,f19,y
3.8291964682243065,-0.7103439852217073,-1.3729270828055973,-0.05031584559573607,12.552745085425162,1.7795243286785705,0.7139468955585359,1.0659771106152105,-1.5293731242565607,0.8213811023309934,-1.5905202424372387,0.6632526757701047,2.0227704557342254,-5.681789501228568,1.9877404222917434,-1.9745929093859798,4.05212246946247,0.6311707921621125,5.23980018046586,-0.08479475965609785,1
2.5080072231089243,-1.332283158722689,1.0703896432398505,-0.4803902493193035,-7.001728746139113,-0.22914295333073187,-0.8710103676310988,-2.173826347768553,-0.26427884989256056,1.5281655502604148,-4.660448613571599,-1.8304947715434048,-4.241673560081953,3.6111438515484116,3.438982843860916,-0.25895891946900873,-4.477851049050426,-0.14553610222072794,3.6115127582646185,1.8817601232101466,3
0.1393257866338875,-1.2533661315983737,0.8803803202455472,1.8036220590320748,-0.988503420719063,1.2178602675867132,3.009757650832918,-0.6322212151805302,0.49041449666053616,-4.686492984579418,9.91535517261602,-1.6260843943348386,-0.6766131478259223,-1.124255013065142,-5.303118495356729,1.2239212900977352,2.390885874074056,-0.33698833407469264,0.5167199045323919,0.5454945170522761,0
1.9832408741257608,0.30693379899847417,-0.891807218027771,1.2454679243391993,5.436657743743488,-1.0463121860073143,1.8582093252820555,-0.2886288217955193,1.101803380846238,1.5987107746707871,-1.5094755681687149,-0.12557528944257412,2.7972727978461407,-5.457734083454783,1.166171553549149,0.9946247733490482,8.855639967832222,-1.366580488960167,5.280344522939499,-0.3828964942805418,1
-0.27520542867490017,-3.5652975214159306,4.806672559697597,-0.7210515970716772,-3.008924441060752,-0.9961367900413731,-2.845301397139056,1.3148820290728442,0.791509515315499,1.930793608645918,0.11655469273401703,0.7187009135328168,-1.649421192347547,-2.2279829963211077,1.2418474893057572,-0.5607320028559994,2.1469217723469027,-1.7444880584627906,1.82413480977804,-0.9625918106764075,0
-2.696994412091782,-1.0144457297603091,2.4910815293766664,0.498609928239584,-4.48538123597351,-0.9910747433792192,4.3437320864596,-0.8874637534846852,1.4847841687471621,-1.438652603670709,3.4705426346389454,2.9675307211039716,-0.275468352814459,-1.6465472961877945,1.0688506742325483,0.5126717660618848,3.9700068654574707,0.1782864895135976,2.2986922723490153,-0.3683296299136234,0
-1.744956259652287,0.42470561333212764,-0.06682469336158214,-0.2212736398152797,-7.859095431282305,-1.6577550134489623,-1.3398932662993281,-3.064589220200913,1.690978173247247,1.0448234927234337,1.6655587484209426,-2.1384211143258076,-0.4665745905169578,0.11819884239720935,0.37365540928052354,-0.7701042617576169,0.7205990315263252,-0.24113871407052276,-0.12487713058582894,1.0783571919498844,3
-1.6112548511440479,1.5953191651660328,0.9145998504462298,-0.7799679610561256,-2.7727711851419405,-4.7215806092147306,5.909877052763777,-1.5791268408627983,0.05831696115480134,-0.06305661794990813,0.32325154505137127,-2.48331130816071,4.616083124423518,-2.6238526814486165,-2.480385690339697,0.5582367416387417,10.302462613227787,-1.7772272246375034,0.5171200010587264,0.49805108461267816,3
-1.7816413816936048,0.26828067160901914,-1.2826651898061319,-0.9599023889193019,0.10059814974148773,-2.0377964205836876,6.292331329314309,0.9525287218334033,2.096627327835773,-2.9513351689526433,1.6192899196602022,2.088933995042323,5.013079484200303,0.021853972171710145,-3.1180442347592177,0.1523894921547402,6.5920677215181955,-0.0324397920733668,-0.7007886222820021,1.317566157328769,0
2.1921914203996957,4.000115040769978,0.6575925327029426,-1.3893424204851526,6.442402691716069,1.676491080957871,8.107957852860498,1.2043701597033059,-1.227601282239006,-2.317792460004492,1.2096901705612837,-0.06809054375691925,0.961024865487612,-0.7134743541445626,-4.3757714554533855,-0.2951904114364398,6.39989945844449,-0.764304750425777,1.6392386298980797,-1.018636288664067,1
-1.2589834466584553,-0.9972699993272098,3.222263788732351,-0.12369866625929951,-6.18748193335963,-3.7733054787891076,1.0381449667585365,1.4404614449407749,3.664008767170723,0.59709423830553,-2.5328754864658243,2.0956164087261344,3.069896249166754,0.7002394610551121,-0.12994870531759317,-0.9371689825086071,6.172711831324298,0.6119949622310287,-1.9156757701076605,-1.973972741411612,0
1.4773519718928332,-1.1615941804077818,-1.4249770507521966,-1.0006055078812623,-0.46280364009228353,0.3859917264819126,-4.226246416824475,-1.6318619582077778,-0.29381330237447734,0.8390848800039453,1.6616737983795256,-0.8196576061192591,-3.0815231560905554,-0.054080084577401655,1.4020368763797806,0.591037654551013,-4.9150342694338445,0.36281291612827776,0.10509230362134891,-2.8952660198690254,2
1.5875677942596622,-0.7939915321102307,-1.115753243198233,-0.12932245242773996,-1.7881702412209213,0.6353013163310091,-5.275948447219416,1.4849323773662113,1.303522553337486,-0.8185416847287503,-3.237152524485881,-1.8910218890257235,-2.189715569445851,2.58999250425603,1.6183065801877223,-0.3139856034390785,-3.1045122503959934,0.14202665696576147,0.26977228986220125,0.9163091065034594,2
0.4602657430960151,1.484429308994553,2.633879609749039,0.6845708924739348,1.642626350607534,-0.8324648808536335,6.312232511465577,1.4130797197266456,0.01228391568821352,-0.7747373914021081,0.8466074366410644,0.8468741491679372,1.2277013832854144,-1.1038487465280886,-3.60938798748353,0.20059357907775371,7.402182686562258,-0.832150297660232,1.0765696134402163,0.2078597012759184,1
3.6598240863264224,-2.335263411910639,-1.714398903509405,0.12237250297123613,-2.457582967529255,-4.063472687909302,-8.888740636181236,-0.6035536335727255,1.7681084952121644,3.8443466864596507,-2.7151209805926655,-1.1729714554070183,-3.871987197264212,0.0049230717381192335,2.162329247425972,-0.5288439197145731,-2.6960007661861596,-0.2269421785368268,-0.6589998389563817,2.0764854529075567,2
-0.0015739796218536828,8.011364367745522,-4.016262485687163,0.2687475485672096,5.969513906785751,1.0497643729970032,12.903758566717858,0.4277092714415085,-2.8868392072969815,-2.3749163679007093,-0.8976013997508505,-2.3327213629023307,-0.9189021818625336,1.277450869798558,-6.733698013445547,1.264086396123399,7.699268155496922,-0.6447994524906357,4.904138401812467,-0.5717915981724959,1
4.708368346603089,3.1109160156474127,1.7288920124384801,0.34832495888952547,13.605083840126921,3.5780573749459634,1.6368646562396325,4.134159921357913,-4.107558034818189,1.0026542092177302,-3.3554502553788987,-0.045635025445942334,-2.7788596950941025,-1.7329654806869652,-1.9173408294269447,-0.8231090488335676,1.5148680823421754,0.06817035548043704,2.139094570039443,0.5231754528373392,1
1.7112448106128557,-3.083256220875848,5.808618010277089,-1.3707450838668116,-3.5709245432954364,-3.740326287482109,2.9693902042307703,3.1115051585766755,3.7140142978260506,-1.1169050669937717,-6.046061093740419,0.9465123478829098,6.974790792520716,-0.2880264641284016,0.991697132264072,-1.6708819397553858,10.855510097000879,1.2016799609999744,0.43095184926285,0.5147233212204517,0
2.3030426643833577,-0.4580962123543053,-1.550925838878138,1.2251760210269078,6.591668053140675,3.349525280145187,-1.7783776876629909,0.05344632451829434,-0.08952439413469371,3.1707352035596132,-6.430071393640461,-1.2273644233347243,5.996496083345537,-1.3509472258696966,2.3394464311232337,1.5788705073358906,0.04847589676962529,0.7048100172682836,2.2355817505882323,0.08449977372764596,1
-1.7138833552185126,-1.6398921796389874,0.7570685899046852,0.294975292682527,-1.4652048737561332,0.10104255143609353,-0.10307970372212535,1.1055482933861556,0.04213127035690922,1.4578688489942742,-2.006019964899724,-2.113413025752048,2.5377876860819937,-0.2205648352878069,-1.8278717564697078,1.1277585323043287,2.5715048584306275,1.0852947222957294,1.827662073430692,-0.5377686826054677,3
0.2094237796977847,-1.0040260652509942,4.570629595034471,-0.010816970304582276,-0.41120375838402223,-2.122893973518323,-0.7977545824349301,4.008488449557792,0.993717441781469,5.525996271882992,-8.908323060156667,1.8760323054219967,1.6934228912672737,0.16026234416237406,-0.013685539718576445,-0.08862791019758656,5.152797551010053,1.07482524701321,0.47937550005648233,0.21554358339867508,0
-1.5503153006692678,1.5415901109158452,-0.6085390745012007,-0.6417282931576064,-3.5451992305423805,-2.7530334775358387,6.221235890125629,-2.0748363026432917,0.9280494701383636,-0.4035905022488,1.7557746620494874,-1.4687499096742798,4.267567812124756,-0.26680359254872155,-3.8642795133318955,1.3772165423695126,6.698050116510764,0.19715530603652767,-0.22012141659619844,1.4999895142411654,3
0.9694289423586835,0.3950112291914396,2.3130249975750274,0.17913188837684735,2.3644369105668717,1.8565620700660093,-0.919188655378901,1.259164068913123,0.966339920766087,1.3893753908729987,-2.8258396915012742,0.1139943525706213,4.187709042639758,-0.6333731506204772,0.20955856714142485,-0.1726613808582564,2.122081143148024,0.8363830504249109,-1.4857827588960926,-1.2985237838402608,1
1.837424764675597,2.303425982324599,-1.881932518788838,0.6794845339933273,4.390581070054344,-0.9321676466736539,4.509807269712339,-1.1087408571065969,-1.4494294728593387,1.0530033426521967,-0.11198965292137607,-3.109249896908203,-0.47672172810559266,-3.5858171547752837,-2.30473881199637,-0.4803803786145007,7.525783196443745,-0.6510450659130353,6.141951708445708,0.11777569745939091,1
4.984023820141483,-0.42092290952369404,0.7990826160176221,1.0320160935408762,-6.399120713989234,-4.388039754644435,-6.619229045134164,-0.41189535920975107,3.1555412693695652,2.395055155542744,-6.135736653688836,-1.628338347267945,-3.0806934021200325,2.5894819467482417,3.2491367608965147,0.33916565513151375,-0.34849790914927403,-3.3939145131666386,-1.450264546299913,1.2983447761622686,2
-1.877269165112024,0.033055210835885473,2.804519212791413,-0.22097737390967315,-7.23110059706246,-5.314421032013352,10.03882470293388,-0.9827121211846199,3.861482328392986,-4.853559551207928,3.134920223610617,5.289638244391242,2.099264660917888,-0.7327393153137255,1.25875786880004,-0.07424546273191043,10.159400640636294,0.24770816249270644,0.8688239912209806,0.05376196517548161,0
-0.8063325991805098,-3.234621228389321,-1.1832353871641006,0.16976236244700416,-0.16045158446037805,1.174165181494324,5.12060030990704,0.36961563418518195,-0.9919478176226435,0.39798224042767383,-0.18010674128282889,0.998145357526774,1.0404976297026693,2.2701089984882223,-3.425331243912554,-0.3608378246316899,-1.533962329469562,-0.4666240775495591,3.760800548812095,1.478026409548902,3
-1.473632479582684,-1.3237391369189886,-0.614319451437276,0.44795988234748774,-5.3856325679765,1.7092370997767277,-3.54959638821381,1.297570448954899,4.990855162647163,1.2421805671619515,-2.040822977500976,3.070127628377744,0.31543429010293256,3.376588850018805,0.7598795914575358,1.117118054359772,-2.4053279717361318,0.5998041265058607,-0.7058710812412973,-1.2762798618453608,2
0.18280411443563271,1.642143990682662,-0.06424208272675092,-0.9899821050385258,-2.2737971551278706,1.5948185363057883,3.7555397496802434,-4.26469975303078,-1.3319175343747807,-0.03632761043438326,4.34942887795483,0.6194718893665682,-1.2875714216242171,1.2575606762165346,-0.508603726097373,0.2894601201412662,-4.444641111523608,1.263814336471972,-1.1421549547368395,-0.21945425881144412,2
-0.9919059451133456,-1.0904227905498765,-1.1798620461972984,0.01720059235103982,-8.136970483186197,0.45271411469768075,-3.9745776189888957,-2.0998753055618096,0.9890496449005459,-0.29224919768541135,1.935368297341191,-4.195095553598044,-3.6830979921768745,2.096847931923293,-0.19471885051123872,1.1945563195051805,-3.599944981274059,-0.8054430600906586,1.772638058860316,-0.28793499123209737,3
0.9504855751838952,-3.01339499855878,4.673347485569679,0.029425051424444515,-2.6505577793506734,-0.512324191104837,-0.16782467693346712,0.973430723927004,1.1517245734378467,2.588537371436179,-6.528299909313338,0.7209037308660395,3.8494842712485426,-0.11828929578800773,3.214501388685481,-0.6043931462494799,2.7980275238813914,0.3659063396404938,1.6215973651750109,0.28817129647396195,0
-1.0054927312653679,-2.9521701756315837,0.21987657327508647,0.09705332808486404,-3.045024085190718,-0.6210816032309183,-4.345437033858411,-0.24201396042956347,-1.6200714652805726,2.5750207389600464,-0.5999238829732668,-4.2522560347679494,-2.941599229822513,-1.0149547142157451,-0.2968912673499229,-2.4324761624126996,-1.3737452829622703,-0.4616020915548006,3.7486196950908437,-1.404437613866566,3
1.365272661723282,-2.2815016454299832,1.4554812963228905,-2.5819861397503514,-5.008842303019977,-1.3544805438597323,4.680586305730691,1.740152670157355,2.923877335972205,-2.975318601825307,-3.902607925446816,4.060898273573676,0.6954810070170736,4.993630840539925,1.2919461848818852,0.5787229712437788,0.5172772200728003,0.9721194556162636,0.809884609250151,1.882118896723646,2
-1.3217829595939639,-0.7213518483727985,5.4184526744146915,0.37904744964020637,-4.104232832519534,-3.173722368284678,9.429867973280546,2.821763991028324,3.915186701544062,-3.2388015755561517,0.2771679284550967,3.663196590543717,5.306472344477846,-0.4360526777694135,-3.0109995001451155,0.3142920698075796,13.348826800984693,1.623674283789194,0.6739086739506035,-1.771503859021427,0
-2.2296186357847376,-0.1664150149804282,-0.46296124440342346,-0.10198582540100519,-6.535732224240922,-1.773969678607181,5.811602178141301,-3.7818187603805393,2.49029234135054,0.5821210606883694,6.261901346878649,1.6912354390341,1.5570797622077985,-0.31788630706350873,-3.7050830289721572,-1.195896357049127,3.526875364444251,0.17937983537178465,0.45342459481028696,1.3097551496028543,3
-1.2629693623323561,-1.2313535318288094,3.1063877383124163,0.5446892322913868,-10.412576345889718,-3.4529563526320057,0.7345280337762827,-2.133770730823417,1.2603396162296345,1.303702918684369,0.221369579284683,-3.0752922027254552,-1.3856655369018047,-0.2771565025781928,-0.23567649203854568,-0.4350158240698577,4.642030553343006,-0.000229698709433205,2.7399763893222797,1.067443584711766,1
3.492416760785811,-2.32564449758768,-0.5227348367420269,0.7820427926063386,-4.130645531140781,-5.226046506020399,-2.779731862506176,-1.02818205702617,1.3909268796338858,1.0169959122161907,-4.914388435757967,1.4052436441343719,-0.5327479480330568,2.62556795710141,3.9732694751407256,-4.295390984068005,-2.767012142729063,-1.9082694054787963,-2.4270081497663973,0.7277880319388403,2
-3.344405998931167,-2.0927344294700747,1.047349735401544,2.0205701568219876,1.6494822652330847,0.7258165871611073,-0.3220360127703916,1.1060086832837563,0.4469295528845465,-0.4845229155101789,6.298383380501802,1.130128577608103,-1.5121119806316607,-5.506480388192296,-0.9414090029926494,-0.44973279557851237,4.626405188896449,0.22795273801134772,4.107431400121148,-0.49092533006785505,0
-2.7482402521111116,-1.0608362245981233,0.9229467325448955,1.1080281110006114,-6.7028555046500635,-2.1149432008461453,3.4303006277474477,-2.359281510816676,2.6853552880724867,0.03360608409080634,3.551933678289629,1.5836558787661321,1.4734391810216363,-1.4092813661232149,-0.2163057306321019,-0.3428953089427934,4.625221933950348,-0.8351860740602643,1.5821364358201802,0.8064991631642038,3
-0.5708099914994506,-1.0192301578382033,6.936208012508088,1.2410683720446407,-9.4539987712527,-0.8031482156008974,7.851586391881566,-0.4157425739943812,4.564364218465007,-0.7562175156396452,-0.6609426190679959,3.8802349336640556,5.436681386891031,2.3652743182023386,-0.8520025370932842,-0.3386227760789625,6.93792401201583,0.24924988204345938,-1.008238280402673,0.4912892740202906,0
-3.0543481502979897,2.3094136574860364,2.1276132078883623,-0.380780872340753,-3.5332424215023006,-1.8014164360818847,13.187873308962425,-1.047563534276815,1.0803707668764664,-3.055757396299805,5.237275741503748,4.7594578288393645,3.1094553955103335,1.0407620728001334,-4.741287789589536,-0.2222611626984101,6.77183458054308,-0.10347790758550285,-1.5390348971620598,0.1429332830289056,0
-0.3382457949742923,0.1570413293946784,1.3880923524277002,0.5970756919475536,-2.076860300819627,-1.3783224756907038,6.514597023665929,1.4360293321879336,1.4578567225995773,-0.18652193982597542,-1.8076252108348472,3.6594280450583567,-0.7812238909751508,1.5273357180477176,-1.316711834816622,-0.16556274105008104,4.5536770340156485,2.693248986743286,2.85786459970741,0.08264044798159674,0
-0.34322035394861583,-0.4031699279673354,-1.9272803049731397,-0.918415109449874,-11.04750217566201,1.880682372714733,-1.7394196691947585,-3.1768911079522906,2.3188236140906735,-0.8494315372460424,3.7248953702594196,-2.48342128280492,-4.940097991880737,5.742056123174962,-2.212445875413273,-0.6396018510840769,-6.9985177213930925,0.3451872650738352,0.5332920002650642,-1.95365060399267,3
1.8521952294712083,3.001250765539477,1.9525606312178865,0.16229321462456542,5.946126015979141,2.1471521768933117,1.4193337637816204,2.648993480420976,-0.9367151370878364,-0.8119798929393003,-2.9706875961470445,-2.3878239171845053,1.8330042439465397,-1.5049530986953699,-1.205990674575773,1.2564755293389183,5.63823810914299,0.8789790881042026,1.1194068307535332,-0.09133944781033532,1
1.7192990079705162,1.586464357336325,3.518251466689589,0.7058006613720358,4.881918605658205,2.3950070613811363,-2.3247428393459644,2.4224627303820654,-1.228645072760422,1.4088312655701762,-1.0913338361344507,-1.7239813963933626,0.19639858495696227,-1.6405282042877418,-1.6007929099075433,-0.482274797757228,1.8749207893035897,1.1997697777034824,-1.3471953141375956,-0.7468835055312297,1
2.274101256138885,-0.5195879531546703,6.144817700441699,1.8955309062152557,4.321864896691821,0.4274456020943074,-0.8724283753389396,2.6720290603791574,0.48621858906738025,1.1528166601772352,-0.3055039069674483,0.42254036125504113,1.854666220190146,-4.50116512154691,-0.13381917354728823,0.6363046963488478,7.229852341833059,0.4827635854658944,0.1610047416466629,-0.360069251985755,1
-1.1228037301969027,0.5531226470036479,3.8781653760987744,-0.7914506506540677,-8.693354235046638,-4.49937187732797,-3.730525112372406,0.6896070539007217,0.5801441533179827,1.6769441357287003,-4.42914942722017,-4.016543980030147,-1.7964434327656638,0.6304454041727916,1.1363592804588252,-0.1471768288452012,3.9721901907186603,-1.5421336507689107,-1.045281763398462,-0.6990849413566327,3
-0.2151456418611004,2.6504358008641518,1.0061557206911471,0.18085453228948936,1.8094773230530694,2.5635510299723414,-1.183877681374325,2.290099889706946,-1.816498946165773,0.4998990168636761,-2.4461576629446227,-5.449135364610626,1.6792926165313546,1.6842841852836994,-4.7502080025190425,0.5244737997823575,0.9311671002253686,-0.5301544153499214,-1.8205032615944394,0.02418324605644556,1
-2.9477556884923333,-1.8300767073937418,1.705977090226067,0.9569017644237401,0.2835651551670385,0.5809766813141197,2.182976840348977,0.4775569427985541,1.1772558893456997,-2.256581400900596,8.88617849636137,0.8807970940543719,1.40276062935397,-4.175592264381969,-3.8376006330106263,-1.582735902482666,5.453765419850282,1.3825844833260705,0.9225690704745351,0.2548178757244813,0
0.5347952479357532,-0.3044598914925851,0.8533338175593527,0.329541155152203,-5.493233136969989,-1.6199542560981073,5.517119734074152,-1.7642442486847492,0.23458645828229763,0.04014600276562952,-0.06411968572287459,-1.8985282513103119,0.4385459286502471,1.875670137695534,-3.0068658614497843,0.16231780947549843,3.2305223511451056,-0.6654995319284293,2.5649183210061635,-0.15736138886388432,3
-1.5138155768015267,0.06601556780181128,2.849229085968421,1.541714084646772,2.1309088802036924,-1.5771364526147553,-2.1850653145687606,1.3910997093008322,-2.461405136176296,4.1821676604079,-3.0471273932490086,-2.360128344356882,0.40604530308237063,-3.9482312607962067,0.004454368089808591,1.171822034461271,4.319245049213882,-0.18883390875389322,1.2130198500316478,-0.00945847792291747,1
0.18526715505808067,-0.5778288025745755,-0.9733568555583747,-0.7835050938310892,-0.5574503572415624,-1.0446995665021794,0.9784317293929143,-1.923875804364937,-0.0364976087749147,3.2742906711476927,-0.399904640604783,-1.3936529082780262,2.4415371406631294,-1.0175222184461916,-1.9526273441552733,1.4941964731611768,1.7984869631838525,0.4158509362731545,1.092498478521654,-0.9648797435170245,1
1.1539150003467677,-1.2935996718491753,3.1327725880783754,-0.2815134571872027,1.014021101569605,1.3904420183457,-0.748225405194127,0.8207267729848129,0.4851421396269211,0.4640167036684638,-1.3845525096575164,-1.6247186600505852,5.062375904107977,-0.8975248277358936,-0.6785531625899226,-0.23659529414244201,2.515875020040993,0.4682702551469347,-1.2352530153588708,-0.03521840556722152,1
2.067700405390315,-0.6405250626792427,-2.763828465962125,0.8158029401494001,1.1263302756815794,-2.32476868228111,-1.6955938441948117,-3.2229837589573282,0.09849148510883587,1.8271345031817268,4.054715624593895,1.872612213444528,-2.576575466450362,-1.7804638524755267,0.6911823194797313,0.3152233365611044,-2.9507429481803147,0.4532538943050938,-0.9736594857948451,1.6025104859856953,2
-4.443372452298922,-1.4129298812242537,1.0241308513479792,0.5891175435861203,-9.53678254122637,0.1602705650784011,-6.134717085593799,0.5775106352659372,2.0569021570401715,1.029523160930498,0.7398659135393969,-4.29168139584762,-2.2406635409528555,0.7012716146121053,-1.0108540394454903,2.5181589550155206,0.270595552240968,-1.1821508201344666,1.3206981757413505,-1.862760159398697,2
-4.12858924036224,-3.873236502368363,3.012086715222464,-0.12294884459282361,-10.254274674219596,1.6641156837529931,-5.846453665969312,0.7686080908667985,-0.09131950462083371,3.726268766276354,-2.7144117748727847,-3.616575877094514,-3.871896883372686,2.326643789324013,0.2528331767675607,0.3629661434290342,-4.251055928370559,-1.1473802415202463,3.775299474204108,1.7849685555575063,3
0.26901641335587967,-2.403924891733932,-0.30253319911252596,0.8263578363544747,-3.2686567840924567,0.44622681920355767,-3.5617650272880645,-4.063780014120512,-0.40494008646784607,4.013249962758387,4.126418442057201,0.8564460654215885,-3.0256019550641335,-0.5005357077363932,0.7657922774900623,-1.6249055031739568,-7.153606328746556,0.568012460072078,-0.475926008288,-0.16366261287041073,2
3.4780710195982243,0.5476756197545685,-1.646865061515327,0.703094239714605,-0.6237083474759276,-3.104265321768711,-3.779507961894344,0.45558401308392216,2.4837265657034093,2.965144798968283,-4.488083988294227,0.8235157552983216,-1.8584852111823218,1.2284638091833855,0.8926121227265231,-0.029009252860526996,0.5210554724478232,0.15001816868164403,-0.8682415165823791,0.8178014283266356,2
-2.8173807751594757,-1.0690791247381117,4.929932326181968,1.4759646948424598,0.5552060292578836,-2.3565030601529506,15.006752731662596,2.9247105945719007,1.4375710970449909,-4.649372381145245,0.9411494291680785,5.090125181133007,5.452835277294302,-3.369354097738222,-1.6648871377088974,1.4542222190538747,16.014352801986036,0.1446473844881631,5.942188145088899,-0.06460771777354891,0
0.8510273684658335,-3.0132687230041975,3.9909844925587734,-1.0520842672347341,1.2182663334712396,0.7582035795413464,-5.855577137350161,0.9850562017380645,-0.20083921026213858,3.687652213965639,-2.5675205868157924,-2.7975925163458877,4.304501131412055,-2.9532637198585006,0.6631256377653569,0.2786188618619005,1.4448226817016787,-1.0517675475124797,-1.023415795050401,-0.3702335944758602,1
1.991081109726573,1.5930361681417964,0.30242519785796107,1.254807067744461,4.7132422525041475,0.11431548365885114,3.8432503697842453,0.4739391904961161,1.8206766213517036,-1.1363219988601996,3.476849835992161,1.964720897773677,2.3542682193616264,-2.603204758122705,-2.9450501358457553,1.4124482266873244,6.573013668273182,1.1856193163391573,-0.20314444436715284,-0.43293047341549123,1
-1.1126918411855937,-3.3757994878486115,2.3767712251912583,-1.1538599014469488,2.3509953861873703,-0.4749247992140927,5.544704627431943,4.442627320726473,0.9256584405373638,-3.5113253308680252,3.1182083265340506,2.284194000039243,2.5047237294351965,-0.9589273053579802,-5.207200319714009,0.11244676407403323,7.056172427016696,-0.2512446061045212,1.9514084067123687,-0.8292781984858514,0
-3.982234323850935,-1.4484257607740563,0.3920628965518138,0.14604332136894624,-15.594557702767936,-3.0973793924706814,-2.656183036107193,-4.341108411661206,3.2256814971527836,3.5922723288348,0.2199343769704622,-3.887334219423122,-0.20926116338154355,0.9537830121148986,0.25044706316222043,-0.26945224813107393,1.5397457066912026,-0.21984636984448855,1.8435457189804905,-0.015440909493705761,3
1.2228209935171444,-0.07844800707626631,1.5417910268640527,0.7386245536032531,1.8843443023787039,-0.5650644170136319,-0.4325249055647503,-0.5374857585003026,0.23426593188443978,3.2912760698709365,-1.8934146839471593,-0.6703354887551999,2.247963284623562,-3.208907763630395,0.565584984200453,-0.05806946992405569,4.379676051072885,1.0209924703814688,1.6067404539115078,1.4456168787005534,1
-2.436158177194065,0.6173676660079219,-2.77943320385037,-1.348512769743566,-9.910681160189643,0.5901224030669934,-2.799712763112002,-1.6066329625830156,3.008953179395403,1.7948046774013742,-3.841479512938341,-3.4993726556798763,1.7925727893919214,5.463016884381874,-1.127292569964581,1.9071897615156537,-3.043343108058965,1.0746253416818479,-0.8854763013236258,0.44822871397751113,3
-2.6550468511936955,-3.491096085591496,3.2747990340460964,1.1091967211725868,-6.464365261579394,1.191718208364867,0.4731316970472189,0.9148503040183993,0.0606604798774768,-1.5119880310517044,5.361248385074993,-0.9549544793860154,-4.642402898895048,0.48080410151119046,-2.9423180402363984,0.8008657226367427,-0.26759862964172554,0.30096539230736225,3.695013318641471,0.167307489256608,3
1.4164666486937538,-4.1036058479838395,-2.1099539689020013,0.7967543655178149,0.880990718687042,1.326145091839971,-5.40871469886307,0.39245773169587017,0.16787089663831023,-0.16216793541899577,-0.6297136720255236,1.509526315764162,-1.6935118728393728,1.828464346777584,2.876893997978634,2.4610497806141183,-8.448122392751245,-2.196735760250466,-0.23709681731156995,-0.5007115268088892,2
2.866163058937598,2.3448817087869323,-2.046754915921688,0.24109514290843542,9.441395285563269,1.6671063998510207,3.782618574820513,-0.1293919120352891,-3.53107524272371,3.144891896923105,-4.654328250160851,-0.24558479924957344,-0.6417353863152582,-2.0216405341993617,0.418216056071836,0.11140250861672822,1.2892405239184206,1.1713729424262018,5.306789674067128,-0.9664752268520034,1
0.6305311742871438,-2.9771040706397476,3.777913545900297,-1.4028247831062919,-2.788375251977226,0.38979153027753455,-1.474726744352415,0.9470346583935196,1.625585944872298,1.8530062613187384,-2.309508563039057,0.4804458734016308,1.9532553543575895,-0.01291426623260139,0.7494533407893949,1.6349292569376774,1.3503842481341244,0.7743342156185784,0.7336360853508607,1.3933908486791173,0
-1.8139262773809168,-0.9061809251069747,0.8257169761041174,-0.8144866668290092,-8.218202736380578,1.0289750993250917,1.808460500693443,-4.8924460431490004,0.8879107095665342,2.4385035776356307,3.218758242281021,2.872969584691572,0.45368057769682446,3.2754277720491825,0.2910281429069712,-0.12533859070496095,-7.34185039472412,1.2704884676940897,-3.1626445885601826,-0.4469401575708996,2
-2.597242853012749,-2.4889680491875064,0.10446063479935352,-0.9784438531588308,-5.885972889351348,1.4103900993097205,2.7087337076486713,-1.6087038705996046,0.10241128220604656,2.435410279272083,1.5341485059755784,1.080703556610684,-0.3283705069796974,2.9911934565611604,-2.98714000104712,1.4748759626316141,-4.031263660738402,-1.457755815081246,1.5151043509968019,1.2160018967269728,3
2.0043049920859284,-4.165145128719168,-5.263930254778263,0.8509171346137194,2.4255445263192614,-2.26018350323464,-8.713288243314878,-2.085111507431012,2.2905760206651005,1.2881090043500047,6.766343985493801,3.4533922435824658,-3.6059166091638133,-2.942478901921604,2.1044582686471367,0.4279502571050354,-6.43677118279031,-0.8084712880014121,-1.8646809955960426,-0.6063219346891948,2
-1.5947001049251757,-3.415665258334085,4.255112440234134,-0.12135900801616425,0.5087493717915805,-2.6142749042048,-4.083260101753281,4.716020533777067,1.096050492111249,1.5758381238122765,-4.403276617281075,-1.5535561472502892,3.010376535033055,-4.320626193951922,0.8764323026588721,0.5372156376099616,8.991796353967299,-0.8377302342124282,2.2912474843485215,0.5663222641683407,0
-2.195040263037641,-1.7139571127018485,1.5013383134950034,-1.2020251658451284,-9.22385451008084,-1.9383828564164212,3.7453952149191903,-0.32260916529125505,1.4936455699812239,0.1860617277655776,-1.3273535844248205,-0.6675347344957069,0.3102143185282138,3.224461039184648,-2.2060011256199625,0.6719732217021198,2.2335763072340056,1.7171938426299218,2.0227354152575985,0.8331029352874769,3
0.4699569629742495,-2.9084807433511024,-1.223309232129219,-0.5065771122585153,-5.350403244428413,-4.786141297885923,1.5322283626814968,-3.921688339073494,-0.6292214163354477,1.5012671487154103,0.07963036536565016,2.708877221639724,0.8285818526908919,2.6697725874062366,1.6896890557907756,-0.10695245040855487,-5.9438434410352015,0.6264546092010871,-3.7212970249528476,-0.9129287503676835,2
-0.6694739291530456,-0.9500690737659521,5.553760783326187,0.7849554608949544,-2.688840370487053,1.1180954613349472,-5.862433638592295,1.2324000647621358,-1.9329298431871418,6.582532798026227,-8.17579440258941,-2.651741280396882,1.562836976055278,0.9526667680298577,1.9048865831288087,1.4666948335341108,-2.9400264671545466,1.1791647964323568,-2.097560590852526,0.8047522776538155,1
0.24741246907090875,-3.9801294991546383,-4.598211794330464,1.247093828339062,2.171186802542913,-1.8453952519710675,-5.469063225187893,-3.145298581042268,0.35045435004975745,5.705175869700991,1.0626603433532655,3.8893396288475346,0.26044715337802526,-2.072190616620104,2.7723276919462156,0.3414073134263913,-7.168955167128347,-0.7164213493441093,-1.0895305726370168,0.9047251092407466,2
1.409736889539388,2.8913170228037433,3.1560946658920273,0.028206423740151823,4.811818508224542,3.8851297952781123,-0.45361127405653767,5.021292833168612,-0.9016803576263328,-1.6263310823806174,-2.127867050252312,-3.6202262775782974,2.1046618682116742,2.054893231236358,-5.693578705452984,-0.4853357253354296,2.5561956649480235,0.10181635528233243,-3.261684111559204,-1.5695351562232418,1
2.2267393790002656,0.5591435062974948,-0.49998068682370445,-0.2531878102335949,-1.8953590656094403,-2.9741191177366417,2.6397664864163057,-3.3127368890118545,0.25574024537032813,1.7385574079533712,4.026626254661171,0.9540966306371041,-3.3793825273124325,-1.1929022690047404,-1.6480026277944555,0.8013566335352407,1.4215291530062826,0.4920386664625814,0.9723638470902927,1.814401919774259,2
1.2483041816882792,-0.23842466002262808,-0.8626792229937722,-0.5925324800689643,-4.27686002942653,-1.0121672581266759,-1.7487808834913479,-3.0509617048520425,0.9285030516733754,6.775036128625631,-2.7269153997039672,2.7244217088552283,-0.21207960542630455,3.823276244689729,-0.519771716382966,0.5466472788400626,-7.135890729959752,0.019720121591243766,-4.011806091634824,0.38420980087899576,2
-2.929500270486841,-1.0631750919702412,-1.7962750137352028,0.44166251155440733,-1.6538535401451595,-1.1966204400942209,-2.3810943216391913,0.9729564995886615,3.1312108401270677,-1.332139731093237,4.301357884232697,-0.6408933761299744,2.665926206765901,-1.818170090875166,-2.9309084561511685,-0.0812386476348047,4.220593544423626,0.07979135720240657,-1.3128479693688728,-1.0978201582457976,0
2.348117294100721,2.9145183377889587,2.361940598535125,-0.12212328013767082,8.45654438392217,1.3989697984843237,2.6238107083617344,3.172778947573645,-2.966757326076405,1.3936099511731785,-2.918562847352859,-0.53281085795663,-2.1057832890896315,-2.2328894914083466,-1.9280126654792384,-1.416318845564712,4.681257968371835,-0.23713886673114562,2.757702912558401,-1.3700192469030614,1
-1.6346776812907873,-2.4796852313791757,3.006582151027935,-0.13407461084727904,4.189777833408274,-1.338540563637316,1.3915825260067998,5.892024519767624,-0.2959265080917737,0.5381796644091645,-4.601347812772065,0.06972457420083789,3.4459958594029927,-2.6331604601097824,-2.046780226164733,-1.07224397066582,8.894023736958047,0.8786601206329129,3.1698023752743008,-0.0917842896280856,0
-3.396433836242596,-1.972044166677687,-1.3708795375245622,-0.5122335084433345,1.8183129767494879,-1.4155667801489609,0.7759593441105211,1.835031288165903,0.591347570930563,-1.5623610445320737,2.642665087710289,0.919507932304667,1.1976130235277025,-3.4618235535954316,-0.8006200085726574,1.4489632460231698,5.001341769311652,-0.24782180982393479,2.7503666989291355,-1.3105125647186946,0
1.508385012238306,-3.1184690845729475,0.06740292396479308,0.27529735059346666,4.311491829337972,0.5339134756883035,11.338295656830127,-2.3245518688672813,-2.1150537072295377,-0.4096105849018399,6.493928981147119,4.376756312615006,1.5632175713540182,-1.3655685742859278,-4.5059272139288495,-0.9956503875194612,0.9086198665127562,1.3938354550494052,3.7319674799334095,-2.2697477054216693,3
-0.1314213678366276,-1.557049844595605,2.849995123816857,-0.7980153802607322,-3.027038199793449,-0.6303282065147832,3.1893286845557776,1.278747585431324,-1.0019966885698688,4.007040436207619,-8.865874147887034,0.4474431752537129,2.3232157736217856,3.39722045394225,0.04019886235562997,-0.5536343286456148,0.15060006485524202,1.8905599053610627,1.76950243850367,0.2269256263750773,3
0.1302749507465908,1.4413129634666544,-2.139088517581471,-0.10330371972419254,1.5191999243099124,-1.8133980166968735,8.029773834218277,-2.0195094703580434,-1.3143094464623202,-0.37014771063919816,1.6701070354644367,-1.3099923610158137,4.234552132660982,-0.06981365300218956,-5.0400875175396385,-1.4281690807145078,4.525386055030893,0.7899515906438427,0.32332181995354903,-0.6468941806403871,3
1.8765552654496416,-1.213523398883528,1.0180213209091638,0.9234684585057205,5.7299336431620365,0.562438904534338,4.335763189881423,0.32131721810507075,-1.5278693821458742,0.7867312120729565,-0.48774611360165687,1.128935669747277,1.939376877436223,-2.6847362730582907,-0.5330969686838012,-0.2251429843226786,3.485934915403019,-0.9036975431877804,3.5801685864427206,0.2618812637143542,1
-2.345860943362085,-0.12870906354009337,-0.09691346751126995,0.46664770657533733,-8.88721691151399,-5.418580512353957,3.696355316807325,-4.429471790822619,1.5031318859979927,0.940820867541158,6.672620772168065,-1.36985842223002,-0.40805660336942284,-1.9591028942202522,-3.5738438008694677,-0.6326192485525788,5.795300680610843,-0.7408200064016789,0.44084760930253974,-0.9523451807724246,3
0.01591818007040846,0.4671408422907024,0.8203897204994436,1.6754974960107958,-6.977398923333461,-1.385443134511858,2.2184695637883385,-5.125193344223872,0.45417500449754133,-0.2485952775196254,6.988468919587033,-1.8105708084342496,-2.86486201864559,-1.2668096936357873,-0.969147530832513,-0.39201853466518854,0.9399097824893977,1.130715114553028,1.2883033707002183,-1.5853582686716055,3
1.4613159969442353,1.7615673986430973,2.5768581575145975,-1.3706092780557895,2.9432869909978283,0.09921510704628322,2.129808113780189,1.219375181438375,0.7226034061829365,-0.16437201273853064,1.9076496653257895,-0.15171819663688813,0.7674556702828061,-2.6319851912045724,-2.779953179575669,0.4729271367696161,6.83077894039477,0.34948460761267247,0.2192585307077315,1.049116139293884,1
1.4229251876718405,-4.409862303576761,-1.657607986335322,0.18606877966815283,-4.362860269158675,0.4724614704263048,-7.366176717505318,-2.5819155728522283,-0.7620005390752191,-0.19526918443025232,2.832504233762396,-0.2551201682908828,-3.004699756216762,3.968773493978967,2.0893899356714245,-0.26825174637184407,-14.210720646385944,0.8357925003707587,-4.6724963273813085,-1.282965894453141,2
0.09219161950537447,-0.5394945485485027,0.8730264658755313,1.0871455443778142,-4.270298493271913,1.722921122382251,-6.257223549374849,-2.4257763375838106,-1.6229317288836365,2.0433007426631127,1.2651543663110074,-5.237322223271673,-4.616499723291742,-0.43954325450390064,1.4181377664978463,0.7411098759063707,-4.923103792704123,0.9846775195202164,1.7226854485480685,0.8379399629467761,3
-0.4136228801124311,-2.286699915084155,3.5130088120900624,0.28808737531309103,-6.105795281695218,-3.50538653396477,2.337431128192892,0.07865662266954798,4.019322317445226,-0.7631934818886583,-0.6826111048648358,3.3291495287618043,2.2091218615423385,-1.0965373753999512,2.609658626306779,-0.07048732642763517,6.7471311804056215,1.1024406317817634,1.0755052723133334,0.030107823856040616,0
2.477457582653092,-0.8441347669407668,-0.6593095459349473,-0.5982393666365248,-2.0025263178151045,-2.9171898897379878,0.08415468851830836,-2.34440901909577,1.875276853488167,-0.1961233188883642,3.288140124128033,2.4057848640589965,-2.5622902046837437,-0.9549322626151469,1.3624867758274162,0.9854647118321944,0.28542694480527114,0.07153606466141907,0.0009426395254277242,-0.1505338060405222,2
4.1410984052358515,-1.150258272719574,-1.5253771689985605,-0.7702205056431638,-4.120712876731437,-5.412785817647231,-6.3999027564542175,-1.441658846409627,0.5771265444648087,1.5576815006855036,-1.142345720232253,-3.371475127694542,-4.735068144075155,0.8673727475216301,0.6495373474011786,-0.555641663184921,-1.6925229315607306,0.28121785781635783,-1.241353410042867,-1.493741741076392,2
1.9255983958577847,1.1099976620377006,2.213608224917619,-0.49763235450915266,-5.321585958563825,2.372028860763582,-1.2836896334088856,-1.8611937023670821,4.692856551985042,-2.2431119675793454,2.503932311630014,2.321411738580693,-1.952592475355234,0.6861536318765291,4.005540945072429,-0.7069427158267633,-0.21656504108969896,0.48937619677115357,0.05942777429759216,-0.6794377338593761,2
0.5318249158355922,-1.2916232275422523,-2.989017760196762,-0.29010343844111114,0.9651593966842734,-1.2017777996270358,1.0107540871152851,-1.737682697830953,-1.001959463771934,0.6693525325906751,-1.9528572453840098,2.1081685474702287,1.6804758220268874,1.7872887572100622,2.00347900450248,0.3395529645707539,-5.097341072441477,0.07433374314241308,-1.4208731194127326,0.24667649804500025,2
2.5138156185632345,2.486390551050191,2.640810930998013,1.1186341252836753,-4.679329073997447,-3.499513993876195,-2.031929486102496,0.13276379641172342,-1.9611677731955566,0.6642935619827185,-6.926009905474737,-6.627501385817052,-2.1251259295880582,2.12735389711393,0.9660223154154686,-1.296193631814332,2.175103134912347,-0.3123638417792009,-0.6771254476442761,0.7156988564968242,3
-1.201547119373646,-1.8955871841586192,2.443765438632658,-0.6777238734118634,-11.274954623051872,-1.9292053040343624,0.6179356400476715,-0.4396417217947298,0.9300667869397367,3.608190559744164,-5.107140260891476,-0.05465850215271684,-2.46636449189527,5.576923946880001,-0.6370314960073373,-2.41583430569379,-2.805187544143785,-0.13041058240533063,0.8990477198993949,-0.7144815049426922,3
-1.8248771210321957,-0.8863585510734394,-1.089892483913066,-1.0698629961521668,3.826433552672331,-1.2411338947890176,5.038685424266556,2.8378072491484323,0.2693035638127368,-3.52493645996094,3.9363722204597718,1.6404790096406738,0.43914720733376533,-2.4019032159596314,-3.7397606359720417,-0.539836330936383,6.894417509326474,1.6770126838649397,3.005188640728483,-0.3077124836199878,0
-0.6396480777478337,-4.049662638553201,2.7149739619531323,-1.3036068420696652,-1.1588979829728656,-1.1327497427821418,-4.044809855859534,2.1199805200513433,2.062984308004302,1.6091143962643257,-3.432323325886763,-0.3415239485801409,4.140789231602731,-2.4125015097544695,2.114427339990919,-0.6400373318316083,4.158523032850371,-0.06807474003371629,1.1015180272187364,0.13071971171144806,0
-0.7582211549834135,1.8892257865679523,-1.6520828060216157,1.7547192396056979,0.8290780241218212,1.4894160294920895,4.405479754761652,-1.7613905503902907,-1.2341016447309499,1.3274704951127103,-1.5157073551634805,0.741541685303151,1.4087795436290649,1.3776218114023269,-0.40909808952114224,0.7254225120630693,-1.5503706011993643,-0.040921732195028815,0.9093044850732608,-0.3214247823314691,2
1.8924812583620072,-3.686925458246494,0.15776083903277094,1.8287203226074937,-7.623156482494016,-2.317287781542745,-6.977270451912298,-1.579083704649289,5.76220158082754,3.7064895237417836,-0.37265161705589916,3.8219412140915003,-1.924129831393812,1.222547810538715,3.234304479515555,0.13811211004114562,-3.21159644924893,0.111149899184796,-1.4504754667536304,-0.7002387379038698,2
0.5216365641674549,-3.083956560143997,1.9437222399579457,-0.20227373139041746,1.522439152800397,0.5780424206153582,-3.909372573795324,1.2790810401368107,0.07916349407448453,3.0523959396485774,-2.8041851035474155,-2.242195101179186,4.262852132195853,-1.8787828347310205,-0.48438461737683136,-0.2200078941886924,1.6027152272694145,-0.8720902581917903,0.26064259492234076,1.0538239871760213,1
-5.306417387495132,-2.852977548343679,2.6794601356523007,-0.5272388300838102,-14.697400618070306,-0.6229857667997423,5.536579155219948,-2.0991229336407145,5.938369877675171,-0.0799386582453463,6.369556991841572,2.9165967148997507,1.3059610406269178,1.6648987389806855,-3.98339860810366,-1.575000095191989,4.936360124724889,0.5242855988457704,2.382550056302528,0.5871481425364098,3
0.07912459654793791,-1.770873830307842,3.6208841192282493,-0.17420814634187864,-5.353073903999072,-0.3610603506306218,1.7406744885421783,-0.7806362574073025,2.0828526213617047,-0.5229306837753016,2.804034015787044,1.304632771546615,0.5051969457375505,0.34146604520650303,-0.8003358407507801,-0.46896322309568717,1.825028591686945,0.49064804374031934,-0.3587652986933898,0.20086355456091382,0
0.7315489949107166,0.9992472400460516,3.0675648724483167,-0.22324493012103022,3.386247667082349,2.0192680027829155,-4.926460417959638,2.166073492142651,-1.185132311751733,2.280037087031819,-2.3424987477337127,-3.4208304600862927,1.4520711115239002,-1.6548346753065832,-0.9690881767465562,0.5931813821418062,1.1450923240200035,0.059303836886886584,-2.021250950600967,0.5652910448865054,1
-2.048245685425632,-0.5900275333947618,0.9209947593326544,0.16615101996895806,2.828462442148123,-2.12449344567253,4.937686082324888,2.790538014790786,-1.3274558407269335,-2.1738583679443386,0.3630410025117514,0.7491155901170542,-0.06198387641949199,-2.7256634283955146,-1.3316286810469862,0.411109055030255,7.23429875665564,0.2421642119817752,3.817178607347428,0.09752720449497873,0
0.48922567256387084,-2.1918590032262104,-0.062090932320870706,1.9596915005941495,-0.6724836291670353,-0.5636186101326061,2.0320899970592863,-0.5877328089341824,0.6859441543451275,-1.5168904098133675,1.7250926589833946,1.5968063887831778,-1.0736253273412832,-1.116832517582257,1.5112198726136183,0.3274456973695609,1.2034271572512694,-0.8627433192868692,3.541556244764293,0.1251064517311541,0
-5.248930311288401,1.1195934128866591,-2.1757635834937403,-0.9663275642986852,-0.3352031017328677,1.158352857147555,6.959575176666571,-1.916392999791194,0.5845535731274509,-3.7112096421297545,11.318191620450127,2.64790982807079,-0.8959965030317476,-3.1867371754450438,-3.4905043490975367,-0.5875357849791466,3.6512969308342824,-1.0457106472694933,2.6236336748774036,1.7168974461534028,0
-0.7329518191562098,-3.5282377370359863,2.248021602382831,0.8629874553156563,-0.7111329404684851,0.10475843840413845,1.5868394167969524,0.7642847463514115,1.0515409993486777,-4.066778345225101,5.128537218165782,-1.3618517550586824,2.4684224123124485,-3.1824078784339234,-1.1947929265890416,-0.33979044557670474,5.670283087015443,-0.7331632359622235,2.7706438709499865,-1.3089327501473875,0
1.0049713066305093,-0.7743614918292495,-1.005434533187747,-1.069727905206772,3.432622427309621,0.9086684373769125,0.4741483231261293,-1.8727774009916425,-2.743646082303678,-0.13082785512095252,4.327521397640357,-1.1320730403869352,-0.8815563987149271,-1.5370346374379067,-1.3920039989751194,-0.5804778781768032,-3.0716326002689067,0.7891234306540663,0.09593217143926935,-0.26940131087959895,3
-0.5070314306426544,0.5021715528680051,0.634810995471422,1.0558735355976698,-4.184455283494383,-0.5021529313231685,4.832350288171795,-0.21371353497890677,-0.671103985669236,2.4368610511069018,-2.3612948831228153,-0.8268865378032629,1.017479228765135,4.489205881128957,-5.385561423154954,1.3803776629574278,-0.37120530179356087,-0.37249251261851635,-0.6838392076355797,-1.4150729987137858,3
2.264599580096983,0.8711761400514506,2.819167938075642,1.201273634703977,-3.8111306748562974,-0.8501329308302342,5.470145024000655,1.9040728079071907,-0.20850226219643964,-0.362627759095822,-11.979181612306181,1.5784679214766808,2.518989203034769,7.557257648717968,2.4353925185845426,1.8884093903045505,-1.303667889003429,1.301907380846748,-1.1801240144492704,0.08761502161995985,2
0.20132541965567352,-2.5677132736211297,2.272761564062722,-0.5168754599704078,-3.4782872954433532,0.05386263321204221,1.0659463938949432,-1.8802705009779455,-0.6964267781105327,1.5942956953443217,3.2179990923426827,-0.2763173826623109,-1.5968949359194395,-0.3452605687467649,-1.5048140306702873,0.15740371548979057,-1.3183905699796863,0.2362623336667617,1.613689000721547,0.998634763526669,2
-3.0335624043698317,-1.4260084608442232,0.5775260782996873,-1.7564182304619727,-9.099804707561923,0.08749459420382899,-3.643037142152601,-1.6697614098872222,2.255366713165693,1.2221739534391978,5.0239731628188835,-1.7492273157979978,-3.480014900792077,0.4115450987628718,-1.9835491251602235,-1.2203760092707168,-1.3028741228488647,-0.6117563587976802,0.7074748499840102,0.5960173304445165,3
-0.51693735845554,-2.6119260415422803,1.6997058857021832,-1.7196888081929917,1.2224561973622405,-1.8262506033726271,-5.416938646349126,4.595333108693092,0.6697268775433883,3.1009811043080506,-5.472417976900653,-0.9639130497803561,1.6593969484868911,-0.7117196643320036,-1.0397778591600912,-0.24633160491688535,2.9879884203721274,0.24480724812697194,-0.49613726699778726,0.9221808849615791,0
4.727262685686911,-3.2400773248025447,1.8359646635678422,0.6279146925550038,11.37870954801989,1.8612786880352474,-5.513267000524198,1.5143382371058072,-0.8139335123055363,2.6351153073291673,-0.31415673929818355,1.9155991875661131,2.152495604423178,-5.764147851647124,2.9123331470057727,-1.1526848356518202,-0.2668348105251404,2.571696186254963,0.08733459283418332,0.5281257206311444,1
-0.004491154642563222,-4.611295955304962,-1.2716043846037635,1.4882327174977978,-7.105851414805676,-0.8807409644758579,-6.366758658745872,-3.3727105216088207,4.443667712112868,-0.30697103942517256,3.719118656372081,4.896375589007781,0.10888818859697413,1.609292808591094,5.5933909666513575,0.4401391655124981,-8.780661626704351,-0.532950458237274,-4.4262625416865085,-0.42568896440516857,2
-1.1353909775182376,1.8693686739277338,1.9676069949535029,0.7832913878103596,-4.204676717035046,0.8447964538683589,-2.6906580668782403,-1.2349484470114875,1.485128113215291,4.267538664090248,-2.865380866594813,-3.2598709481196515,2.8722919494221104,-0.4796642305599682,-0.5141695347066251,0.3532729534882372,2.7646294391486634,-1.4820143615690906,-0.7541452346172912,-1.5706833456406368,1
-2.1992721637516555,-0.9078358898309806,2.590095351991672,-1.3968468490645687,-12.40602768838153,-2.07379336124421,0.9351101383359055,-3.4521154506131126,2.574691258239972,1.9701490733249558,2.8823093527096098,0.6023343011233111,-3.1950652373037904,1.134144149955437,0.1958602369718414,-0.5588322926698188,0.4565690539733834,-0.03875394587837061,1.2626382233884643,-1.3108176088080015,3
-2.2822573035075795,0.018569508424571612,-0.3149971394861173,0.08251910420798274,5.640941319173621,-5.662765099399715,6.028904232309002,7.563615270500637,1.8987806771085534,-0.8876612233976655,-7.144889367860082,3.356385368413851,4.80157439732723,-2.2719298954005476,-2.7223196406517567,-0.2650687890032384,15.513182492666528,-1.0154328126346357,3.0865632879219076,1.3108568630090647,0
2.1618395391394625,0.9369078758376749,-1.0108143487455523,0.1438823734953145,8.125514732820458,1.3189000562743531,0.9374213889889568,1.7515416065756553,-1.5191634465810426,-0.7343602407369287,-0.6179462018857654,-3.0078555933697877,2.446365289930386,-2.7666922920877663,-2.4864385701928864,-2.0242654132068405,4.737945703269782,0.4720839530415382,2.190105769750899,-0.9047770798748829,1
-0.7005738476668028,-2.562141822403713,1.890333091050548,-0.7288362536282268,-0.9141968982837885,-0.6150276899457843,-4.504442314940193,2.2043220884769767,-0.06682163193096269,1.4574191966042824,-1.5316511747105312,-1.7383393137666086,-1.3296425653843125,-1.4250612518862225,0.283210846837062,0.5493988336672512,1.18889349823546,-0.7251253544177355,1.7251654337196793,-1.0338513099554758,0
-0.3480806846390423,-0.08871726496597554,-2.2659365222423378,0.804265741202434,-1.557492977662516,1.4977114641455938,-6.314168029776719,-0.7608787429600173,4.272653508668046,2.3303294043124243,3.508345560739776,0.6947127008210467,-2.904578634262956,-2.2425793893129966,0.30180842379484996,-1.868336184064571,0.24447543466464852,1.1226443954021927,1.8726567703770582,0.4203383660514723,2
-0.3900283186671205,-0.31225222346905945,-2.6148505447929673,0.5830523188358719,2.0338840727333674,-4.319831540946854,5.593108315720132,3.172388549333083,3.0229548817175775,-3.156803627282524,2.308475939357467,3.959754665853795,0.6740787956641056,-0.4592856738605633,-4.48541781513733,1.3239118518134927,8.524544502110908,-0.8218116480737336,1.0045773532957298,1.9608231634989997,0
1.38869636402322,-1.428131365143185,4.293164539533268,0.06747288943996312,-1.6978841324266658,-0.7283423093526172,0.07520086921187871,0.894420101280881,0.6374677370577652,2.0108522759076615,-3.278523696764315,0.4428528874242156,0.47561883391222715,-0.750705185394199,1.3157391009970008,-1.2886685838167284,3.2071162913804736,-0.5998778989747807,1.5312740514438008,1.3460834138429323,0
-2.0690555861974724,-0.08844938431187521,0.8186556517164341,1.2866650011908194,-9.941926336608791,-2.588404174302381,2.9918349917918983,-4.427641473936706,1.4544415419259051,1.0045842001903,6.539623811250829,-0.5764081808751625,-2.4321737667220247,0.036278316759459805,-2.8341122859695274,0.8149790239852291,1.5645333026898935,1.3227628303335035,0.5731931422389757,-0.9383654476979899,3
0.9938475045625438,-3.147483579409572,-1.961791772142163,-0.2887645474653259,-6.7528795348166515,-1.8538383708343393,-9.723378025068795,0.158593684191485,6.842282018742321,2.642914915429258,2.3851199255060207,2.9683282227961474,-3.591765887976401,1.5244934340277139,0.06861647757206613,-1.5071133461754922,-3.2473093559269155,-0.4543795467550911,-2.4989241406523384,-0.33452943294558213,2
1.5349595229932125,0.09114370428728669,4.819274113797819,0.08714800792241695,2.597497447422326,2.652514239670438,-1.4770535222259347,2.207415690189857,0.3827688463676091,0.25578264480639334,-0.044710832595714116,-0.659180045608299,2.7603686852373714,-1.031327961607352,-1.547106053261868,-0.31164272508575,2.3210117787827707,0.9770193356428138,-2.4759337690203944,0.629672871082154,1
2.060303204430876,-1.8631009878945428,1.9536977808433473,-0.798362305452232,5.550027165998588,0.39980824542288307,-0.787858342244348,0.3299001522678311,-1.953110509021848,2.16365170493997,-1.068040023763062,-0.21193502579762113,2.26030274083677,-3.1808777996838193,0.6822326113060351,0.33468444315908225,0.909567584271803,0.9852731810259228,0.6425575128670452,2.1325951139619455,0
3.4581093199163995,-0.30378864660962135,-0.028859348930252438,-2.1457589634478573,-2.8589377576340143,-2.3164038007722816,-3.206833766792949,-2.6244335757292037,-2.295220639643642,4.8757403322176405,-5.588812128318407,-1.3093462715412767,-1.577533679295382,3.9433018786830405,1.5642884263068828,0.9566594322218186,-8.132074745972433,0.5460975203249576,-3.76376866312504,0.31588178134923645,2
-3.4834085435988857,1.5698491430767754,3.3288061461357814,-0.4931356588162148,-3.675923110270711,-1.7785203180850815,9.058620993749507,1.726417210314758,3.1108908230034302,-1.238681549255095,1.9548697892768478,3.394176455956973,4.622251390909759,4.796442839283266e-05,-5.165099991784367,-0.815309725439865,10.722139129687164,0.9904116739094514,-0.8179731112154185,0.4969480842552928,0
-0.2056050007501673,-0.4155564982969877,0.4899148966402478,-0.3411792028334282,-2.7436999018847383,0.6275284214907446,-0.08401412731871638,-1.1491386892710849,0.9085814240367283,2.5583157025588887,-3.3611904776833343,-3.229705273809021,5.001748447644621,0.39203093820246426,-0.9968478620990741,1.2640604598727887,2.3105077223309216,0.4278313429990192,0.760282115601852,-0.8585960193309886,1
2.6426392533941927,-1.58283988809228,-1.7828911517042023,1.033653479491662,-3.4186249762029743,-3.8590118302393916,-4.82289480491385,-4.1599117471422336,-0.22181683283740394,7.408919087751743,-1.921784358150528,1.4111310390923981,-1.5719832504980764,1.8462200602702281,0.8669520575875346,1.5478990468371294,-7.933630127365469,-0.12186626267087167,-4.415107843165112,0.8757969662404301,2
-3.8361762817337994,-2.473442675173824,0.7344052217814128,-2.1280147129288527,-6.817667372391235,1.681144385913257,-4.186971473024337,0.06318572307936243,2.9305892462468544,3.5755779222821,-3.0415505610700095,-0.7692221226598184,2.1716896266631296,0.5558250585528034,1.3345491298790813,-0.6705815486606653,-0.27615923826256095,0.1060990884578069,2.2502928856835354,1.7554466184618203,3
-4.181754633912943,0.37888659429297866,2.474564974060365,-0.8229490843537431,-13.665344896241498,-3.7002641761086146,-0.12765134874778483,-0.9346240003148176,5.011116611823164,0.04532689842907556,-0.23920547263841183,-1.190629876922401,0.9471597018640887,0.7047372080300901,0.28307851889390556,-0.47956892731749273,7.195553280397337,0.09524241720806803,0.20384618193281745,0.48984114325451966,3
4.5255401988488,3.576694454291179,-0.3300031354983155,0.8593933971525685,14.11662708013394,0.9835785196015971,5.299732771664454,2.786529286714603,-2.8325293744545466,-0.9956925590908678,1.658327919180716,2.045421280598619,-3.5328928053245314,-4.1034559944183115,-2.8501907376635565,0.7648808499784056,5.799876422748546,-1.399920842405589,3.4056265545247704,-0.6883404913279892,1
2.3408838949511166,-2.5519643750455776,0.09744122313963399,-0.23797664950770195,-3.3130868387304937,-3.5875923620026615,1.1594731941564815,-4.133624390907622,-2.778905713348514,0.7121009880822705,-2.498509814432417,0.7190961244865955,0.5110977518994977,2.3353613787036602,4.552024777314818,2.2650230758235406,-7.140572101424587,-0.45148535725444394,-2.5024175198340757,-2.210403687552938,2
2.6932091596460004,2.6325641547906766,3.3967448287570954,-0.4092971229168646,-1.427494801930286,1.9632047207527954,-4.40790279119971,0.7450360235884497,3.1151511674086607,3.36547950597896,-4.99338032492378,-1.8530457114275447,2.4881265077280164,0.5453956044558479,0.4682412361209889,-0.12690792383766555,2.9067133298677597,-0.45803192041830293,-2.353896249717988,0.05388860682256986,1
2.5585295101774026,3.8651007548226546,-0.455940813382554,-0.07758947796124847,6.703568296844924,1.3869889711905825,2.6778626113064425,1.0205460333047824,-1.410893663056119,-0.408447578394735,-0.12165865816757102,-1.3416795420144447,-0.3935565670616634,-1.0619641420283261,-2.8097499358949998,0.2774805323440444,3.482384419591681,0.5953806331963128,0.5202418007061876,-0.9571872647358811,1
-2.9005460687153777,-1.7356121964845774,3.593954980297995,0.25060610116837373,-10.693803024805803,-1.5187364395573406,1.0278889409135727,-0.976142182163613,2.6949243812685015,1.8965320343438898,1.0607642041886118,0.4578636003401879,-1.304709244880478,0.8288919350613375,-0.8822102214148968,0.8136350443374999,2.883804064423012,-0.766714918785875,1.8852645052218735,0.5653402036916597,3
-0.03457380849300895,0.3195880828380566,-3.806518763427637,-0.8974266608988074,6.458868217847427,0.25309417558878855,4.367689787133453,1.0259466724430024,-1.0840696480967726,-1.6444596545488919,3.311639324843812,2.5744497289152264,-1.3691459462137943,-0.785679250938093,-3.1044144637748823,-0.253244157241511,0.5964923945635597,0.06837090091503795,2.1068624713254254,1.5073334195197698,2
2.545485924028829,-2.073821630621637,-5.143890087012488,-1.0740159713896813,1.8889765631397042,-5.563042445829224,-1.9366357305091497,-3.0170170692841465,0.6688905241769126,-1.2434848437937096,8.658214230085614,1.6166480851294918,-4.132561893144741,-3.4803737679237536,-0.7316830035470168,-1.1860126272073002,-0.5951709956177704,-0.08309951488980262,-0.650652848654522,-0.3628400588181685,2
-3.350310542557035,1.5620371270033595,-0.9442768055851727,1.127283639233051,-3.193510885579444,0.8693098218391291,-0.12286837630587413,-2.0330863034749087,1.0161061714144415,0.7159523691469984,5.511923927870754,-0.03457643857113735,-0.8100572758331768,-0.9536030413973353,-2.1690226283349014,0.05160633151094324,-0.1047132858168754,-1.0568037078871093,-0.9485269553403568,0.11892501717787173,0
-2.06137875233241,3.467366714150524,-2.046739551720887,-1.720938401019003,-8.862422362518773,-0.8523778412788153,2.8725533370342315,-6.6157970236530055,3.698347078349468,0.12981346402892413,8.697139055315043,-2.0703505414880787,2.8350635558065727,-0.15542014955621708,-4.294367204594817,-1.2633875386749556,2.9624528303462334,0.35120891466714127,-3.2016611001011763,-0.037883028133678845,3
-3.5240852378404717,-2.4109736345150683,1.9976446192047574,1.5281994162778463,-13.915242728625559,-1.8838981369982581,-3.3961986078859794,-1.6792676577834107,4.072415984096584,4.2618117951718055,-0.5115630173262162,-0.33698447871076076,-2.135324200527856,1.7691564160017565,0.0648737079788011,0.2476393317451954,0.3335867921853431,0.3988866568074833,1.6920461052945766,0.5468495053827453,3
-0.3717576767239077,-3.1523188689310504,6.3660098222593895,-0.7091726605587518,-5.843789122191673,-5.1346431402259345,6.583640870778233,2.8548104217098067,-1.2191405954361634,3.034874592182784,-8.531544371920676,0.19331257944044644,0.2483882139574909,1.308196940049461,-1.0011597468094233,0.21210747252608098,7.9882122056360485,-0.13298635025637573,5.097872437063039,1.217996222557883,3
-3.0424289702517395,-2.872024351503902,1.1306584759192293,0.4105197247070703,8.066517756950432,-2.3678124526974695,9.78614267038181,5.835830969365077,-1.2626845589503288,-6.243613183307314,5.1239832895572714,1.9654057272278211,2.411674067835619,-5.8979809189255334,-5.326087810046882,0.8152406833068626,14.301649676778403,-1.0011711119216136,6.452269533179033,-1.1929367296870448,0
1.567397926402145,-4.946115866745849,5.805516350213633,0.3366115208025545,2.730849857728434,1.0993755113725747,-8.815350982398973,2.2892913233062755,-0.37947183416581365,3.2151657763655956,-1.1056178106953065,-1.7962853507605694,3.158684702662711,-4.003028606785884,1.5538599223230398,-0.4106812282282633,-0.12101445802787408,-1.082803606909781,-2.13829675871634,0.6194544903667277,1
1.9319679835092165,-1.0470293949198965,5.722333089474068,-0.17617638041161546,3.218486326366701,-0.44635546575020246,-4.233534227322543,2.3145962174002683,-1.0078922071354943,4.930378652670402,-2.7519622863403574,0.2026764973638746,-0.8974906933792504,-3.5498486587507325,0.5535263629680289,-2.006402631063822,2.749081631426314,0.7706537165675023,-0.4017477151829374,0.07876526308048602,1
0.804331261920896,1.6053301887816498,3.170457662538956,-1.3730698337097946,3.3874702104832513,1.1312763258455998,4.51683090996329,1.492408358622136,-2.7682847844691123,1.204705686447009,-1.0405077645623366,-0.6143782265076522,-0.8397613260734169,-0.47232713826216854,-3.178934247318871,2.2021552196688297,2.994798886523082,1.286442279857049,1.6201401433379798,0.21052926321100104,1
-4.661746510615579,-0.27407089491293246,2.345966423613432,0.3939836431741297,-2.470260260449335,-1.4824845191748313,9.860818730606425,1.0356224462081993,2.7669953786289563,-3.6029642018100314,3.1195719548614873,4.083631621793318,4.475161640653193,-2.9212287745295886,-0.937019618345342,0.4845902276849122,11.745972197494462,1.4834705607162808,3.7075288851482266,0.8663177015078825,0
-2.220768716279648,0.3063138255726754,1.5777138066156218,0.38689730875197265,-4.915477974880975,-2.92408689879679,7.623058365166727,0.8220475560923831,3.6167902301616737,-2.1589691212692266,0.46887772198817684,3.4061783209995373,5.055678061421068,1.4685966356997469,-2.885191359319723,-2.2821203741757694,7.923198563691142,-0.40713955817638847,-1.5009645882671223,0.454644578547429,0
-1.0221967318670617,-1.8594407888334774,2.8792277611071606,-0.5184946799697614,4.836691689937329,0.38556077721093485,0.4952054443343016,3.0402552274398795,-1.5527023980589436,0.42148548810631825,-4.582091505072457,-1.1872562609743396,4.914897678248785,-3.596669570825793,1.5904991193071218,0.6730875935201769,5.840043432794184,-0.8169907297833381,2.806186194262945,0.6602123194492953,1
-0.6320141206305054,-0.23109506132555135,4.537912041847966,1.5070305926490692,1.5883519665305865,-0.841832083320174,4.109037604910226,1.2206241715256396,-1.447567155808043,0.359815660717115,0.15393072268780952,0.5664193947069238,1.8662847344128617,-2.712010559966047,-1.1287774827652486,0.9399809949535581,5.882753500582774,0.9166865973267837,0.8385950096246183,1.8854283668531455,1
1.6573372225762637,1.7049011940874457,-1.1516229210553424,-0.7739354188917354,4.9666869826034805,1.7364335023398954,5.294795444266136,-0.2609492636180186,0.023568449583294848,-0.9674130165114039,-0.0008258725606820318,-1.077028306869137,3.4452763382444584,-1.7459461700151209,-2.0923553620200543,-1.4211022173425212,5.721090539342953,-0.5000043293955091,3.438431953649109,-1.1267236199890953,1
-2.26586891242681,-3.2458256813020716,5.465019904617876,-1.950571107130203,-9.278653291574225,-2.106759722761533,0.9893010070904921,-0.6948626633940664,0.7426334979680556,0.011256730606382659,4.622675604241429,-1.7583820810776603,-3.9298577844435694,-2.391749647611492,-1.0983389914705577,-0.46046207054777666,5.311606803901885,-0.3383666690087311,4.777968886063842,-0.34773456389988316,3
1.8068318394709466,1.8190507343810371,3.6393820784078246,0.8142308098753773,2.9304094323723304,-0.046810984370700304,2.851373979899901,1.254394880605974,1.1567598371935688,0.11845996652837432,0.616082330687693,1.591073125312191,1.422385698038585,-2.5660173485980406,-1.2042102291146988,0.9501764226555681,7.036393658700733,1.2787561268682146,-0.24285952350690154,0.22159370937478226,1
0.6582978497610057,0.16062204485815723,3.2056935798826873,-2.982541912403381,-7.943855579464685,-0.19009053744007698,6.40927729490048,-2.347130104709725,1.311419732615002,0.2976689909478525,3.1142504471963854,2.2785253246576915,-2.7046186422722975,3.510940849472688,-3.0218630702260643,-0.3028522436041003,-0.3060460802209531,0.6044936563086454,0.36774542878315253,-2.000461080431385,2
0.16061527160031996,3.9616961925230525,-0.9080861074853539,-0.6089981951521142,2.258659803874319,1.2582198258052197,8.69607311468207,-0.12811766963757298,-1.9762006585618308,-1.996034069356885,0.639120325381364,-2.5084128450885173,1.3950874690888013,1.4818270722685924,-5.673479884108216,-0.3282068700336109,4.397094509344851,0.0940155027135874,1.693082195767305,0.8394649131390267,1
-1.156569678599346,-0.7339875269825626,4.830652038903102,-0.15415165808302098,-11.409942912297815,-3.470891562737255,1.614276883031164,-1.3838967290509223,5.133756303318126,-0.3286745811116245,0.22555750181494733,2.547512103617163,3.0839336128997914,1.3323460206532705,1.423879003390033,-2.0383319015353467,4.985859786832508,0.888147843889421,-3.3073512502851794,0.6687641609342164,0
-1.6405246445718762,-2.1347613765452125,-0.0005835854674900443,-1.6928673242009624,2.4258599650985038,0.36957576894966016,4.525500635439611,0.6602274018631059,-0.0375069381085158,-0.7758358161562539,1.4157721349278056,2.8412232781308835,0.36702618855004254,-2.9811296365135487,0.7552706143561045,0.8513319673467323,3.983070673132885,-0.6737520332390572,5.752204042359766,-1.1790518927758218,0
1.2644376772719812,-0.16922346085492435,2.6324543897986272,-0.015224626072074487,8.506859511938528,2.320514291574265,1.1708630056037976,2.080736682400079,-4.0269250796604705,3.102614969628306,-5.555620223383764,-0.5277567805843826,1.478441076559339,-3.004148032779899,1.525132928208822,-0.4251108376609441,1.657270607277475,-0.4330543241388332,3.644995740500957,0.5754408260860393,1
-2.01068702237567,-1.5426675663401428,2.326171636720594,0.6158943348730559,-7.004975488057891,-0.5995222870378795,1.4455646711578631,-1.6313342254110557,1.1879721973685773,0.6925071532858513,4.899372264923054,0.4758332415811073,-1.759203209994735,0.2522505276804956,-2.49274967511662,0.1996502312031319,0.45226025815198345,1.689608768028579,0.3994607491796114,-0.38823968275665804,3
-3.332304907325466,1.5844277486162412,-1.8115671496393602,-1.441008371547695,-5.349101743196557,0.616141787253718,6.308138979766428,-3.2195446910124423,2.598018968718982,-5.188459654380709,12.140355536084606,1.5605005675621182,0.22680648863944963,0.5283512539620092,-4.924305950794942,-0.05579162004408536,1.5836355482961126,-1.0405637468604865,-1.7953617875035452,-0.7764031921475563,0
-1.6883041539151846,-0.2062983115574346,2.9469271185994197,-0.3215067945773522,-1.5033243692264049,0.15349244972503762,3.867739041393641,-0.168604795593716,1.7861695241886686,0.6995128721638237,2.6155333363418927,2.552072690071818,1.9282998283491495,-2.3387166454927595,-1.1809140131158704,-1.637973732071693,5.650980217813564,-0.8798534432943514,1.3438701414030598,0.29244359119502505,0
-1.297516021660356,1.2051073813297153,2.702197464269672,-0.5530910393865283,-6.775082283264484,2.297231698242785,7.159796223199438,-1.298656608284701,-0.8730236561962119,0.4746271259347977,-2.071858739991007,1.175572863550685,0.5755839739228319,6.597870171283311,-2.460708245374537,-0.3377077586980153,-4.198034960286983,1.2153281318078768,-1.2771802498141471,0.38747811792543513,2
0.38711663804453367,1.357299173598141,1.0733103493584877,0.491772516492752,-7.421280999209857,-3.491555795660863,-4.915219954269603,-1.202564025774799,0.417910619413847,1.6854067810874858,-5.013566602842396,-6.65253653533688,-1.342057060448138,0.20282886100132091,2.202992055684352,1.7024965610999865,3.0693693369229007,-0.9218125835221107,0.7286925633517158,-0.1459792172553116,3
-1.1231797151076965,-0.36579895239734705,-1.1794866393788621,-0.6771410211975261,-4.042168637469619,-0.6094160175733888,2.572711804340732,-3.426571848027255,0.8291410675335694,3.1277770087127514,2.2316992734735286,4.450500235731599,0.772822185466266,2.852718931065092,-1.2954893313510651,-0.37210759100509616,-5.701283819619909,-1.4395903984210534,-3.7620093254151277,0.8475469888901869,2
1.2802318793034297,-0.6089368260232189,2.9382615436851647,-0.8203802840966445,-8.404054467064634,-1.6402070683484327,2.114372198745899,-1.5214691769417505,0.4500590363643595,2.7168730183996628,-1.9115194938937115,-0.44686882615042933,-2.7873616711163747,4.001702564744369,-1.8720812895869825,0.8113283525272112,-1.2988101741154714,-0.9655476864798668,0.34229341249116696,1.026613389680285,3
1.9670791395445213,2.2256678725136494,1.3287337385198241,1.3403577539486657,9.680622003487054,1.9124692490834598,1.5872659566885654,3.898670679509501,-2.1583900586044362,-1.1328905183588827,-0.24100074341508812,-0.6701853142445462,0.6074468374258073,-1.8414466484827943,-3.515786168412965,-0.5979173497089078,3.9494355424786844,1.6583255426002896,-0.4510910899448919,0.3857335436934689,1
1.2207317032098488,-1.8803013689807782,-0.7818886370648238,0.3143583751503301,-2.0167224062038005,-2.585498410473865,3.175718640775723,-2.4598506553785917,0.16049781395176033,-1.9297895098965094,4.696074988988482,2.80603483382443,-1.8422807896888944,0.23961929690182693,0.30657937623320075,-1.271935865164792,-1.737034236338528,-1.370513182154194,-0.29085452932803335,-1.3997991348547714,2
0.08098381881080874,-1.2391266300226715,-1.4184775010501416,-0.2569784233340727,-3.2856820527424877,-0.6430422054777731,1.88283809491172,-4.212046560132455,-1.2440556062538422,1.7768804126055227,5.489842509515204,-0.693052649434151,-2.11149910806059,0.3276542057428873,-2.8864716063748768,-0.4585296157225345,-3.740234873764628,0.5036219655010356,0.5183279667555897,-0.742498149664838,3
-0.9327223781585805,2.3894413149945,1.9552650041360313,0.028397508629368594,-8.778015887235227,1.320674095484811,2.718983375573353,-4.713413208133308,0.10264996035654472,2.547245828338407,3.1375718294763413,-0.7562142883865515,-1.7771732819181358,3.3154770946730228,-2.3869479965352425,-0.05309814542426122,-3.9893882796832254,1.1560069634271009,-2.2433219630668377,0.11020737973129756,2
-2.682497953705295,-2.6092402221253055,0.9537841628527923,-1.346808606664201,-11.015477608096418,-0.1608900216782223,-0.5275173909547196,-2.1676250029647,1.5746805314539327,1.7993148004600914,-0.046294111853767125,-1.1804909791103313,-2.8207167166773983,2.179971950337261,0.7296491217951653,-0.1575021702570164,-1.905622561240057,1.5062486229596213,4.061027194127,0.7329388177985934,3
1.196091875615734,-3.1505632702504522,-2.9003208148476696,-0.3778026658332774,0.6415060077587487,0.2334760014009747,-5.833052807369153,1.1811253323634454,3.4272254589006788,1.053856236165077,-1.856444516832822,4.156261364821221,-0.2759765975716171,1.4287322908572935,3.0108045147132207,1.0451638684171778,-5.019542588529953,-0.1632915814158226,-0.9973982379161397,-0.073934516802062,2
-1.7682291690073333,-2.956884268344622,3.144567384512607,-0.784302383914719,-4.3826665205179856,-2.2454438880867302,1.0904930212113693,1.0677208132462597,3.5189641858336786,-1.2213099270223222,1.5115412517721436,1.9917065349441998,3.277887052533676,-2.0001738789772716,0.3425341608354715,-0.39159121704709077,6.812456427784697,0.2680919866411021,0.6349872800361114,-0.07073049409405481,0
-2.976105653524378,-0.1941254443336038,-0.44151025041625735,0.19212336761064816,2.5108353569823794,0.509735188111325,6.865748601392068,0.058772354849897956,-0.21118031483709188,-3.5708515279806456,7.672197653398874,1.9460194958204802,-0.27683467867259814,-3.996871665159845,-2.65153698970959,-0.39043323461963725,6.148854943576575,-0.6498382822910318,4.433299785838084,-2.1163147721661764,0
-0.7620123249950325,0.5209954574271307,4.009344966135875,-1.8991447267481725,-14.753534109199443,-3.469003878493919,-0.6939836279380677,-1.9644508111953418,1.9624491725033377,3.379190000693347,-8.567766236517592,-3.9735982165649815,-0.6504407742250875,3.7362769867371006,3.1627125494588584,1.7144828191002923,2.7466943940113713,-0.8766087500899676,1.902020902840925,0.08706679534573893,3
1.339559217588075,2.4748941404185345,1.902701914269806,-0.008975274223003973,6.362593151201016,3.5915785921940713,-0.9957167274043089,4.106089476813617,-2.756491573852162,-0.6102643128178604,-2.8430347451184965,-3.300664349126717,1.4913315478570992,1.979812972235539,-4.293667943054087,0.7493574207036713,-0.8369319488030209,-1.0807661721851654,-3.4367868447201757,-0.9019110312676752,1
0.9675398322102184,-3.05244184138449,-1.5237961004057583,0.31329998990075425,-0.06394805499738707,-1.6327474889777043,-0.06232847133917037,0.5835388405209039,1.0273974090252298,-0.1205765094020177,-3.465499008462126,3.554401674675239,1.0172804949731278,1.8634538431204541,3.004956229614854,0.6613830877738915,-2.8318828337636552,-2.662335636782008,0.14153265167355245,0.5400070194882313,2
-3.044939542156949,2.353464223133849,-0.3304901404201457,-0.6386407827659374,-3.8238582573584603,1.269422216569473,9.553236294192667,-2.2983958520253016,1.5708920621412739,-2.853147241201342,5.6386005300985484,2.7699605347323533,2.264831714788593,1.5567658450841009,-3.545707053462608,0.4620605442666223,2.7414432962360005,1.5002189639372439,-0.12067647819259775,-0.6709311005343637,0
1.4277043600108255,-1.5534173012759032,-1.9648042170327207,-0.2505266205151484,-0.43646142017760964,-0.8932073187660233,-2.252096698146003,-0.5723320596688809,0.6011473935855668,1.206326882477969,-4.618115089867029,1.8146360131805432,1.308634158396638,2.485671379313983,3.5112293519232103,-0.12453638783043824,-5.010906895278249,-0.10052211116378068,-1.5881950623174654,-1.2914042999613287,2
-0.9098448419468728,-3.3865059387814753,1.0898579696795545,0.22041071559070138,-5.004502737543516,-4.320436814822001,-0.1592705323105756,-0.6478279071075468,3.3030823737290285,-4.359374077249372,6.499698666105541,0.6172210904639884,1.510739249755804,-2.8619305681902034,0.3954233851058493,2.1288308247271233,5.7202577336318265,1.0298141885062604,-0.7000253800024621,0.037418867929432345,0
3.6336448107581876,-1.5638530494934275,2.024554879190213,0.4372757629115905,5.73973160411893,2.716818737698369,-8.67646656071221,0.6783951096035008,-0.5901596640473366,6.039992479733316,-4.493409953720417,-1.2556045926690893,1.6283104772499541,-2.4613927489275156,2.419002761508722,-1.0276187653123936,-3.293147101782795,1.290632903910688,-1.1954031562408596,-0.7191495222609602,1
-0.7317566756136932,-2.683512679698077,3.915186269474689,1.625545687299529,-3.414014750375591,-1.9147454567756723,5.7902325102777015,1.4508254575232922,3.3202072235012556,-0.7764523387385727,0.42672639455865863,4.6725387059770895,3.4774403638049085,-0.31713338852881523,-1.077679578504461,-0.3692614443734616,7.014465009548305,0.5653333327529954,1.0791594070146067,-0.34705715501187273,0
2.5199918039946794,4.400536030607146,-0.8385671360860081,1.115934421534126,9.168245027901067,1.0838136024138127,9.81714132048864,1.2369598346289754,-1.8669053125015944,-0.299991534380623,-2.145963142949475,0.598779339689288,-0.12338649512591826,-2.4930934946461765,-2.6061654739536633,1.0441752153225559,8.996812831863698,1.3471805804898176,6.626371254317053,-1.2961825527170356,1
-0.7575061169323856,-4.705639699703905,1.8555875684658896,-1.744257680688982,1.3879785039011707,-2.007259391137029,-1.3226154291711794,4.150498492583234,0.3070262229709644,-1.0913362886667275,-0.6913909923996151,0.5682246107355131,0.3213959912989055,-2.071359133425311,-0.5052572503131066,1.1299201787610944,4.216025414547056,-1.6840716638587614,2.6668156993116607,0.8892598914444626,0
5.525972654402173,0.42021488420088615,0.7412803106689619,0.13659961834896778,7.476092674919956,-0.6074394547219897,0.34695703061614336,-0.027340496867487296,1.4358817127552603,1.2373154566855618,1.5173768300449004,2.2286177745701954,0.1316692544761522,-4.697863313582088,0.24910519719964275,0.19493491035188318,5.661395175436671,0.013915938851820372,1.5196396151307012,0.7351604069610317,1
3.069452053666656,2.3568938892010083,0.22899435621326347,-0.06859148945490699,-2.7041925949027865,-4.715929357700743,4.744477785818543,-2.3659872678896825,-1.5029431886224822,2.872520694008605,-3.5283935072967276,-0.495600206929536,-1.2550747811824159,2.533501168380596,-1.7907350526187034,1.1951034247665773,1.1335636102299111,0.08264899224409965,-1.3527771381288405,-0.1611726440706628,2
-2.743931596977072,-0.8868653140741762,4.218772180069605,-0.02457886877587188,1.1927044488256178,0.7508492804512197,-2.9605172371874575,4.5602874968987805,-0.1550543182713846,5.430961832926972,-5.671529046863069,-0.34509164042710605,1.524064038543681,-1.7797298017480507,-1.6802755045508335,0.8456338392826221,4.57285513479936,-1.3442009431401616,1.3239551508689527,2.3626582620368777,0
5.683213464611306,-0.2450964017330841,1.2393578020593863,1.481574790554385,10.990192517759347,2.287549572464602,-3.9109415964570777,1.5199820710852112,-1.9352056408010414,3.5209467566430086,-3.661456311329869,0.7062547884075174,-0.8134078356853673,-3.460864282540846,2.4966468481500024,0.5475036779866402,-0.9619812712936732,0.4337901587116489,1.4274850899881764,0.013480019696702055,1
-3.2372371802807294,-3.9082808366535096,0.8267034730599565,0.8371243312160357,1.3323509522643158,0.6868723345924184,-1.2917523549248333,3.0812135134989336,-1.3634195595481975,0.704936811322174,1.1386542149507601,-1.2751694668100115,-0.08003020029172148,-2.003342043147153,-2.8925348794812757,1.6371930343050038,1.5996275899105739,-0.6385888941601899,3.4897812592703414,-0.24989286832315474,3
0.5319971845086555,-1.101164205818206,4.626472162765982,-1.4606820976709431,-9.87229409239923,0.15197479739220476,-0.16096002397514259,-2.2781485457528725,3.170496251379163,-0.47973998296178033,5.328520843101086,0.5662518297729886,-0.14353959993236387,2.7537687612576565,-2.3186076572901775,1.21293335366721,-1.5868727355895915,-2.5143128477825987,-4.52674662496093,-0.26532879976370544,0
-1.7556167516690473,-2.0858100337051875,-4.667918828712296,0.22335222425279294,2.680366060814237,2.273834640070099,-5.353162462801457,0.2423852650459839,3.9999949090908813,0.03611152703210063,4.028871850404539,5.171907686931402,0.23617705265543742,-1.5135400983062928,2.1294728071013544,1.1871523174314953,-4.045960906033975,0.34229087298513927,-0.5708888980584964,-1.2194578971451588,2
-2.5785810106885076,2.3395520702795998,0.016691042563430125,-0.2670387057042456,-10.386090621288783,-1.0275245202665804,-0.8878510439404975,-3.167024655819086,3.700219979486833,-0.15999601052811263,3.350727576566602,-3.676993701510273,0.461531073228993,0.354897817059876,-1.6041117498119497,0.607182660909134,4.040923564476818,0.4756640188900328,-0.6030995911442276,-0.2524629049529607,3
3.50326324060692,1.6734236574863215,-0.8695488233803386,-1.3967663492735536,10.40311474251254,0.3634274830037483,7.52454809036906,0.7036112984664964,-2.1105827843635154,-0.9480087990481922,1.4780748494430125,1.5363045801221884,-0.09408474691294777,-3.621264219283357,-2.451509418876652,-3.018198333562358,6.269286040934199,-0.24776434751856394,4.607223702720473,1.2689694859254033,1
0.8137545604351322,-2.5512334784389794,4.710712442485335,-1.64306542691468,2.8525415138143178,1.7990221218655917,-8.877273490619233,2.6094773204499413,-3.3084206746394034,4.696744135171105,-4.62553593152694,-4.056247298030859,1.4044290544845832,-0.8704112277424968,0.20093717037981618,-1.2989623645991026,-4.279934607543655,-2.8486855308137553,-3.3997381775506974,0.47385593982679824,1
3.7666801925199906,2.036405461601316,2.5566621571999097,1.4525882747837169,-6.185536952666643,0.40907706407362254,-0.19405179955257656,-1.0205811493527408,1.9864196193640735,3.6363147223495234,-8.316578246541452,0.8295049406543924,-0.31887501866260126,6.302986462606857,1.8588471163491587,0.7882014986419505,-3.6592572827762897,-0.41134953159634297,-2.518472401091382,-0.3703162580110625,1
0.6663068483510157,1.8707879750711154,1.6375402901550877,0.1358914143138872,2.620806528282241,1.2782208784533542,5.757701220499073,0.969863512791413,-0.8929332099958129,-0.6022515823293744,0.6581854017949378,-0.7967583999038229,1.6345041886215892,-0.11963903645937535,-4.399831288373614,0.18566820755915633,4.797449556886773,0.6217444878256432,1.1095509208497873,2.3803261335103882,1
-0.21070543740361103,-0.13732694431650416,0.5753852117383655,0.03999857325288618,-7.585748059571187,1.3002058929733211,-1.756507595937198,-4.455423357741623,2.4512798963259663,2.938109002947175,5.206739454281353,1.4164968078488354,-2.5214318772376223,1.4726565681155768,-0.6634270898538359,-0.1009283757370161,-5.119760056658638,1.1445271554393028,-1.850091400911282,-0.10664332313487167,2
2.2680897682780294,5.890829268531201,1.4340257037573263,-0.10266196142481399,2.733109934468024,0.3292035391340902,6.992359740073686,1.3680466686888104,-1.2995678747507642,-0.7443274857047224,0.08768107130582194,-0.4413352036812004,-2.5971045561457013,1.9790738107416206,-5.860853260412842,-0.6201088006981962,4.592408135115284,-0.7652508956392672,-0.720771371551757,1.7643849001426293,1
-1.0025749944124553,-3.520823046452844,0.5296161206013843,0.5712785824721058,0.5172517569088629,-0.16458512187922092,0.4003414005110405,0.3574269470405105,-1.1060959053777601,-0.528154721718465,3.8348690567706525,-1.2268476864783617,-0.46290936293307383,-2.439635714131686,-2.0995051716974316,0.03865128486942769,1.488495282911506,0.6063870302825959,3.2336051257540013,1.1550133775604379,3
-1.7349514643068158,-1.1445133798539688,1.7316187460410393,0.12419843693255475,1.6371715534943567,2.2850476593753277,6.0410700339805015,-0.012232492054966793,-1.7074404248633797,-2.2977182903204643,5.188469667869374,0.8427286017919613,-0.18353877890670378,-1.867756037285412,-2.334938392114884,0.08408520194551679,2.1146857942129036,0.24258020875486558,3.712368672819725,-1.0630719553675347,0
-2.355219416507945,0.09067065091862037,0.23752091682048326,-0.3346197046571146,-0.7689827968740752,-0.22183005367968756,-2.4135226308494726,1.0738960512215827,1.1837763197966114,2.710209068952105,3.1425199024336137,1.4879150697304468,-3.135176174394972,-1.7103878707538023,-2.5824761973272814,1.164371303416937,1.2420543297027011,1.0509051689347577,0.21863991749863887,2.927368898218181,0
-0.6356172832067667,-1.1015906940628981,1.8781245375429412,-0.24878725466627993,-2.76922532801137,1.432547373914558,-3.9215070593943806,0.21187351237985275,0.5799961991820829,1.967917587069215,4.66139075177551,-1.518984769973347,-2.2288807074843966,0.1724160996019466,-4.419418289515782,1.388296524800516,-2.036135356142756,-0.9496331188556748,-1.9542169914617888,2.428820210072347,0
-3.522369539485746,-4.4966926386287,3.354626587374688,0.575598427452059,-1.1007367993385357,-1.4346151602208663,1.3652662966530118,2.742085020200811,1.363261359144504,-1.8468575660414241,2.7321870545918534,1.805801648091663,2.578823003161765,-3.832902454667548,-0.2793107275980806,-1.4627395648477357,6.939288038055903,0.3900209560943685,2.7456188824741132,-0.8714583655289032,0
-0.49196354606740567,-4.164724275352654,8.642876915585061,1.925929815110566,-10.644578443450397,-1.6818600418671226,-7.404985051121219,-0.4205087083448027,3.090164785821005,2.430356197799596,-0.17285358164368564,-2.6232727068661297,2.0307395384110185,-2.047029599386977,2.7765382480252394,-2.0797893361606343,3.1059373150184326,0.21103372929094982,-2.2852090688415205,0.22546315445570506,0
0.8880249770555131,-0.5818761850427001,1.3195696470762208,0.09425583737168268,-1.7834221758527948,-2.818030450339912,-0.7439908868584079,2.4958818226042423,2.3992329202285885,1.6537641421674305,-5.567684300950452,0.6431632100643092,1.9427545881477042,1.0182575541884105,-0.2263391103672301,-0.7274167023665219,4.676085218675812,1.199225634489599,-0.42074371205954564,-0.5789615915604289,0
1.4988462266192346,-0.9058096543196695,-0.6633911020804732,0.7657529400777828,-0.5978744321306841,1.8193674523473389,-4.433550152564783,-1.4286071134034506,0.6666203569525168,-0.5003775310244303,4.781725985022598,0.39045341415985124,-4.295794955655158,-0.09075152286979549,0.9088593924200583,0.7625165805395263,-5.516781667490454,-0.242063442694717,-0.636728714696488,-0.20965887659750343,1
-2.9323981615470496,0.9567342973133139,-0.22223673686945666,-0.023859829400176967,-2.9839567431229694,1.7150716876487557,2.79902614553586,-2.5791000122645844,0.4935816358499866,0.0668362442804431,5.331712852978899,1.3604141623564263,-0.08326179385553778,-0.2580610916589836,-1.4477338244972444,-0.26268578400464415,-1.0784915796948709,0.16458309507607757,-0.1856132623251423,0.11454570079432515,0
-1.1707963847395682,-1.9521747824370568,2.7190749836020576,0.34436628701029054,-10.357239771716895,-0.013984392740739482,-5.19047720948244,0.16507156549923652,1.8175927166324781,0.921078481521037,-0.9411138483731353,-3.0769711991173194,-4.309994726129222,2.6325076922402575,0.5023007990485078,0.9867126370234623,-2.0594234929407436,-1.275694384954344,1.4003928943610195,-1.2747288192980464,3
2.0378050258714673,0.16121124322467661,1.7121502179484995,-0.9191251891764626,5.282891454639805,2.274876944681419,-3.3011860346146276,1.7631605500218823,-1.7261372811758844,4.876965811182511,-7.012927101702351,-1.204094272964078,1.0660670588884193,-0.9722680163102526,1.4578195689125977,-0.7679112805235737,-0.6169314954566922,1.2405271549488135,1.4013586899766397,2.3923266808257355,1
-1.6037057512939965,-4.120679792518695,1.9780982836645467,-0.9863642020126981,-8.09151318476931,-0.9278607614843347,1.231660386475131,-1.9681947873631742,-0.44026712525329237,2.368595431034719,3.2209752519058292,0.08453870690786602,-3.981099743785818,1.3364850398916224,-2.1454948184591345,-0.16041737044192012,-2.8965570753534955,-0.40203079300157674,3.1748853922355544,1.0465161593485168,3
-2.1293177060829,6.289391839454636,0.30469408333802583,0.2818255784930876,1.4569952223857727,-0.9315704538567515,11.173883853388283,-0.4432581314527617,-4.039226707830498,2.5576580408478646,-3.498850823730383,-0.8819626722580616,-2.6992622224867158,-0.33737979170797794,-3.3524666856460854,0.47593778200157943,7.061576548881054,-0.3873141046452374,5.63515355729108,-0.6344093109972151,1
-0.2663351581766964,-0.5428393114236932,0.1121140246512431,-0.7068077944638022,-8.76836745581634,-0.13876292929778877,-1.512270096420571,-3.015248427070255,0.9891087127595938,2.3892656445441554,1.792047412397374,-1.945962892628015,-3.4338795547832985,2.98215758528029,-1.8076600055247893,-0.056843578815459914,-3.9906811216971763,-1.4714765319452094,0.16152468843141965,0.5924779469548925,3
-1.126263954249612,-1.3061605942427597,1.0063446779086112,-1.3279690694292416,-2.312346919146787,-0.4384207119198331,13.862139004781271,-2.000649344592756,-0.38523896694560533,0.7577100325323897,1.588591636641722,4.355483226782958,4.039119643364659,2.284855107642493,-5.121455583777394,0.20206126882228395,2.9691229183963537,0.9125587383282822,2.5353084472632696,-0.06453786311570124,3
-2.8765310211614104,-1.551708602643434,4.094277281334546,0.5696207857831018,-9.420195107818493,-0.7900295288779845,-2.312612131705932,-0.5002503460210661,3.121800899105769,0.6377390750148079,3.4626919085552803,-0.7204056793366677,-2.632659575817455,-1.7077053449898214,0.2731129665343186,0.4108792811712566,4.099669522794571,-0.042420751825932836,2.265926807327237,-0.4945879875327589,3
-2.5962523830811026,0.49844672951067404,2.7630419983469845,1.82777077059649,-18.281074826643476,-1.5768919690210776,-12.08200219247001,-2.711784108486673,5.0068648132806315,4.281244080194739,-0.5538122773123746,-5.686990845217592,-5.000633811334325,2.2345696388331167,1.8970297848899156,1.5910878837727414,-1.8752290886980023,-0.03519588099165745,-2.0378623982058146,1.2591913610888714,3
-3.8784474976210306,0.5792894778310826,-2.4318996824586208,0.08457422225945421,3.7998909186490697,0.949211083292139,6.804161817080133,0.6583190018816888,0.2105284148290807,-3.517719255193425,9.010637942194423,2.4715992636274215,-0.3669617325021519,-3.483930445340441,-4.917403059927086,0.769624285721292,5.680173910491547,-1.4573169067983724,3.5254726591893757,0.39096410303736256,0
-2.948291828333815,-0.47008459887200793,0.04974190246182064,1.3131828994599333,4.524000495360362,0.0881932731872701,8.814418474563608,2.6675486091411766,-1.2724921740545412,-2.0714504373927576,0.01871836459368345,2.7359723811292014,1.8168057390784353,-2.1784496406366083,-1.8628175650770586,0.9947577615072151,7.117600977383535,-0.6806749972089716,5.655534396889811,0.829817777833716,0
-2.806007637608732,-2.678622186135215,6.019768958654549,0.49246093067146557,-4.7127178658713635,1.4545290645524735,0.28615206717592295,0.541674298777681,1.5706965387942349,0.2880385829712302,1.8034536864663355,0.14669508165402823,2.297319331738324,-2.682828765601424,0.7688847267256831,0.5049069983366706,4.68107102593611,-0.29890201350420254,2.1340374459654026,-0.15918909113792906,0
-1.6749313397407208,1.7076533573987218,2.8231677668350574,-0.8841312688649476,-5.164472989703781,-0.20333514283118936,0.8669727417316047,0.8740219210155777,-0.5825560250513162,1.4705541559523105,-1.2596781323143527,-5.0648206995776714,0.9611489609941697,2.07946102649994,-5.5935519719218725,2.0737446154796464,3.3830209511709652,2.1905292295583125,-1.237037235731512,-0.6345208597427959,1
-0.5201332248659076,-0.8485035673418153,1.7275419927972462,-0.07506122007559204,-11.647045857955902,-2.644211588162305,0.28390198881818013,-2.471579052725559,3.574205598603734,3.2867154899783437,1.014765524706622,1.8249541531730316,-1.7493915250083139,3.898530901801349,-2.203930467976615,-0.9162650534578249,-1.3687498449427062,-1.9558596276198235,-2.354364135722927,-0.892504326224485,2
1.182950680120133,-2.4786604336668487,1.358814214719703,-0.3481185867091045,-7.213783049865972,0.8682786869457737,-5.130579872658617,-2.464060723824619,1.234098616479507,3.0291276999193895,-3.4278734585411543,0.039011806824700956,-0.8204419770884841,3.520081994286658,4.1494142749231315,0.35643356687921285,-8.044756046311889,0.18286130193272923,-1.4863407774807207,-0.567374833506521,2
3.259565673909904,-0.4144011650108492,2.242339319622718,-0.21899131715861447,5.742339502659425,1.7095742843731185,-8.919638751332808,1.459257566531412,-2.3212513642384707,5.41336062574597,-4.134024930299911,-3.184637891228854,-0.043526918622992294,-1.7417217509380223,0.5147077045515807,0.7159928975840948,-3.5916899673050255,0.4084462038419082,-2.7425852508035446,1.6550990811095774,1
1.5237464746542464,5.046764769294363,-1.2273738822191111,1.2730885007311403,6.592576975954721,1.0352650700146326,8.364874196296789,0.4411414466180188,-3.7090657975275305,1.7959414248357524,-3.3033608055198704,-1.0963045897458665,-2.3290330043309284,-0.22645308807846387,-3.5893638166803354,-0.7711485839087646,4.513877941030932,-1.5251655956600731,5.327076534763015,-0.35551549138509964,1
2.6697119088524985,-2.4334712136312486,0.42233574954690645,0.42729311495313366,-2.4127533813588706,0.6978351766145137,-2.9801644942055194,-2.7985256136417016,-3.1813686528833727,-0.0023216674739596765,-0.9438020122649238,-0.020644688593441485,-1.9598369583193427,4.720320000620662,3.383001992521808,0.8685628406910686,-13.623726861543336,0.3394066799311783,-4.6679609847855925,-0.6594510997069812,2
-0.777017421063667,-2.1470905461237773,1.8138711503065679,-0.2948280829732928,-0.4682777486092789,1.3026097005479684,0.029376171033119333,0.19512989090377442,-0.8150836793356611,2.795792849628017,-1.9117358001563964,1.566462603295362,-0.9974320710871467,-0.350128643900234,1.4823159745104628,0.2349901586757452,-1.7838984162203433,0.31707841034863987,2.9255492619765313,0.6615415110081327,0
-1.4042037708572113,-6.600310633414059,2.457001390800377,-0.21233480058561222,-16.314362491320725,1.5744901303233516,1.1427867885535161,-4.52164397825252,3.414910945598519,3.4399322249234623,3.690119281287963,3.759960950957472,-6.097581061063167,4.87000445601876,0.6295673695888642,0.28854170351371594,-8.283042011416336,1.9408189892286567,5.538063268605283,0.8839710723938131,3
1.152349645001227,0.9876618220486808,-1.5405652812776993,-0.3581826050380765,13.617467487461836,2.530937318350672,1.3109245059392882,2.612886240079497,-6.738700568714771,3.350399797365151,-6.940962238378511,-0.9497344545446936,-0.015942517374945675,-2.2037746784864605,0.7555148911163707,1.9751565889795155,-1.8296046665731809,0.49182871762328,4.010922430105451,-0.4476002174007753,1
0.3532151413358038,-1.1149634395382593,3.13085939606177,-0.5754938958563004,-2.9307776800592875,-0.23489831781859016,-0.7091525241487543,2.4615598914666634,0.40555157236103934,3.3296533428248964,-3.163830424039475,0.7521669767438395,-0.2189646999003514,3.78519734751317,-4.00929584596982,0.28461595346505564,-1.518450158391831,-0.164240132075162,-2.8282286013849727,1.3792494261623907,0
-2.067497082833596,-1.758906190088468,2.314910377814857,-0.47126147932158946,-13.095039787833064,-2.8391660111041235,0.06430312726332812,-1.5161111268688545,1.824114442489004,0.3590543684740417,3.49610036042365,-1.557396829007968,-5.4544773796204336,2.6934814497509043,-2.7202116433892414,-1.3888475834304244,0.15212896316096458,0.8897858247748323,1.3490008558146287,-0.45343035692486605,3
0.10578331051857526,-0.34766263119746843,-2.2457900857766333,-0.9596163799920179,-0.2195031670468387,-1.7818445280026136,3.1955830384097963,-1.7402729014144227,-0.030979117422179625,1.4682051367280486,0.5202681402837731,4.019684702821424,0.6580040214950569,2.1016958710272506,-0.873482602581352,-0.3720045329259186,-3.5457515790023963,0.8153684144557024,-2.4739451156472207,1.106109708685766,2
-2.020311665976195,0.8399829925025584,2.0549254112524027,-0.12680157166322228,-4.373482444475386,0.6841990292558422,1.6473590176681467,-0.7898634021085358,2.32826612196496,0.5734451783838923,5.79845805697944,1.3511060439364582,-0.7024608289657959,-0.34407154611634283,-3.8872820222821236,1.3252978342221797,2.463778142511399,2.3764091927591937,-1.2021271788170766,-0.3553326830312902,0
-0.5889564306602809,-1.7854436277254204,5.832075178571733,1.8969687338874128,-4.309348179001652,-0.9761827586752179,4.723102209104704,1.8676198405377877,3.4095631100495987,-1.3509269091718925,2.1530721814990614,2.0260006470663514,5.010392246569888,0.046352034167990386,-4.032010425537241,1.2394297942401529,8.04612725399782,0.06676745530571572,-1.8322702782218276,-0.0039743100330945046,0
0.17403747990297047,-0.4947751526566885,1.022186135546863,2.9945362981141135,-1.9054132092301819,-0.08351943244106086,9.167825148861494,-0.46093332050220037,2.535513776390817,-5.297320425093636,9.203843840389318,2.744556974249332,2.550637978887603,1.021502630760442,-6.869159653688731,0.010243322926252747,5.002406093936966,-2.757325750269733,-1.3796118121639753,0.8257682286943172,0
3.6126169434917625,7.492365623297047,0.38301326519632606,1.0198412793263079,7.7462435087123005,3.447955839772411,5.028536238158763,1.9333134740700226,-1.5309343987616733,-0.4515010558228001,-1.6359461198769825,-1.0038227465348237,-2.3230596249915245,0.9397939245126037,-4.2148482728564165,0.9179383626717806,3.836872180489038,-1.2179618820362899,0.39826538680145496,1.135315215244051,1
3.480604400245147,-1.7119226180717269,0.020636733320432477,0.20706058402973496,-6.287722033077203,-2.8040385228659956,-5.890785475993237,-5.924751469731827,-2.096537823549823,5.4541465010174335,1.366982939080809,-1.9800042771337627,-4.333485389911997,2.4256755063157684,0.9334347227490734,0.9043578129400122,-11.195661640830561,0.20785310171419247,-4.84264294877276,0.04482529880322086,2
0.565698750339121,-2.6400535299036845,0.9475861275235284,-0.0818556372570676,-4.579601525028668,2.089370881247809,-0.499418100343716,-0.8167782804452896,2.3568930688984113,-1.262011602164752,2.2908523697999676,3.2295998153810612,-1.7322095363853465,2.9008562646506295,1.416907794936891,0.2813385520374287,-5.3428807857200935,-0.8522526046447781,-0.1769690646127735,-0.005752169096847495,2
1.9331960204802259,-0.611541555164866,3.027160569529587,-0.5318377540261824,7.647960331367105,0.8337186148130181,-8.127190327859756,2.4818490669562676,-3.9192981834564766,5.392151840102445,-5.4210785205463905,-4.278446412478147,-1.1940586907450377,-5.083172735037406,2.2655344466892906,-0.15264379103087752,0.7430741801102295,-0.6578638183486168,1.7461718662800774,-0.7479094802592432,1
4.282161210890986,2.743442882970074,3.7661160273437195,0.6802994945395803,3.073190269218559,0.4105627045703175,-0.3654421884975942,0.37386874560762307,2.01489019385225,3.234501371001893,0.8595980557450824,2.083283282500513,-1.736330940302691,-2.5674203162262557,-1.3794022256290566,-0.6937595385314685,4.988460620821429,-0.8910015846940895,-0.8770725903563847,0.030063751697241924,1
-2.2086851716381553,-3.414398003000883,-1.560785208904881,-0.9773203451167394,-11.94950119548072,1.5652059312467528,-3.6398051148961237,-3.8231970535457465,4.293095559147922,1.2901635378107545,6.792417484662623,1.2424316193820948,-4.038139613188012,3.2047756072290783,-1.1298023275461446,0.6229632750710221,-7.283935086284749,1.5662690444957008,0.5877440162663172,1.3083105644605288,3
-1.291118183282694,1.1264499997386808,-0.2577952173686253,-0.4670476089353394,-9.461334731633848,1.0044144569671363,-5.122100164475522,-1.6726164204674365,3.120688376968663,0.9499916830822743,-1.9831435332181293,-3.1595917033112455,-1.3809447425076808,3.0047007862543382,1.8171487257561645,-2.284651471820943,-2.3127625039400925,0.10339658052597459,-0.3007815396129183,-0.10030998303798015,3
-3.720977222725384,1.234181579504852,-3.5013217765149673,0.6928530345019192,0.2379354453942424,-0.7485897642772805,6.987160711001725,-0.8699382566937639,0.4341751109322993,-5.988986510728756,9.185616733982503,0.8490137347402469,0.0689029527780396,-1.70767752089304,-3.863305576206629,-0.3730091834030636,4.620041490078847,-0.38216563007522664,1.588803256725212,0.9617738202223154,0
-1.822187932212751,-0.8198872990605728,2.520763816561951,-0.16841485786206997,-6.31017330280453,0.9351119395683204,-0.7450275782706808,-0.051714313195450945,0.8389323922525853,1.706020208621779,-3.9617099106967544,-4.990276366683084,5.965079552149165,2.224233311930569,-2.2624511260955154,-1.3563349701041039,2.009347182754832,1.1620443375078193,-1.0185579923127381,-0.4018157473201921,1
3.320856716608072,2.3403105470236283,-0.35037994460614463,0.006417141756979009,6.312537657638039,4.431527269287086,-3.847869944552243,1.5719163930760294,-1.2110778319163369,3.538154345954595,-8.177734901900102,-3.8629644959983924,1.9531318509703475,0.5558468929086469,0.8133187072259069,-0.08283116274941407,-1.0665691144766396,0.9192725807330925,1.470658512447749,0.7870683555092436,1
2.1096587230042108,0.023601349380803605,-0.7111267152619767,1.6507702303111478,-4.930913803309532,-1.6423717396775295,-4.70288186894006,-0.5405248085057753,3.867536309715104,4.445308331301826,-6.28091165708786,2.059620920157179,0.330870390419975,3.7061301429136675,2.2650944016137773,-0.3779837473892551,-3.0115606627141696,-2.107210173089044,-2.995395411476861,-0.27414039757001074,2
-1.9234747212144372,-1.883869465708017,-0.7133335071440148,0.4329559146162831,0.9456690874488936,-2.1937538111229262,1.9091143478316295,0.9236945572386273,1.1421368073570262,-2.763633208415953,2.3838162437612938,1.0568005864774077,0.8960561339858417,-4.008160646133222,1.2905103249781322,-0.12499866610595538,6.607967325472274,0.980358828441589,3.996397286506483,-1.0292008609167265,0
3.0513262738591442,-0.6168020183397498,-4.1598756632104,-0.042080331351211274,0.9092795692495295,-7.516642111455139,1.0067710180096436,-1.9881469930623599,-1.5435269164112806,2.1073476654850185,-0.4307148992806284,-0.01893508908916597,-1.8053251125916037,0.20158916210357947,-1.9484789215304748,0.423166986899009,-0.0750007477932758,0.48132056897751846,-1.604419010479904,0.2489072621814346,2
-1.1156281137693589,-0.5885592686279284,-3.75804594578174,0.4033371219171199,0.3987650769347034,1.0043017027466434,-5.749022045773389,-0.5410845639232735,2.358133437196953,4.725479699566693,-2.284262706112992,2.4808367956242163,1.0848042874526063,0.642014403116372,1.4189296149009358,0.09736506301530878,-4.880470159993047,0.3851815712318163,-1.6654325047655738,0.9412499577416722,2
-0.8501904225026355,-2.662579056209222,-1.7814363775564606,0.07505661353821778,0.006986366343598612,2.0343212764477085,-0.7611208294965864,-1.2265878909466934,-0.9148053082921148,-2.2842392671237874,3.7526212001047146,1.2605854342663279,-1.059994245657692,0.9593203373552086,1.4351162919892837,0.6935664220520091,-6.9552488133761905,-1.9399425805400752,0.008527985567572616,0.46041338358254225,2
1.6548004468141726,-1.6934598918677546,-2.9317478519848366,1.4342475240559143,-1.6782594523676317,-3.427845384870268,-4.053673655405483,-0.78112471956695,1.8574553506984037,2.569340658833618,-1.9434923411482175,2.0095629447829895,-0.7264370850931365,1.613124968966012,1.1292323638131851,1.8622741276968993,-3.538725767186277,1.1261876656545682,-2.541646770083842,1.6013425227117817,2
1.6999579777273488,-1.4258765147086399,0.6630427310185271,-0.13054663064191932,6.73512748204587,1.9600418430733062,0.5373299609802757,0.28965197575763235,-2.705395477311938,2.1552399705386454,-1.8722791655533777,-1.6283351236556864,2.790283380031854,-2.845369289779778,-0.2413819287277139,1.094304482603898,0.9432527074102773,0.5617318522498616,2.815867943591253,1.0508714491459583,1
-1.8150078325293344,-0.2155700863669534,1.249269022505224,-1.3953004690879127,-5.027036359522764,-0.4253735585886521,0.8662063096869426,-3.9417950693791193,0.5668986233127549,1.6484845058550346,8.568731888724574,-0.7526914590925579,-1.5711937969855205,-2.6233048188081427,-3.136534261106468,1.0593212352836645,1.1700967986197264,-2.6746325461584233,0.0507425249006459,-0.6686228625639064,3
-0.9077560506325004,-2.7950073201585894,2.5470124378061683,-0.17005670872947903,-8.569431804224722,-1.4807489157206568,-6.681828952399724,-0.8819722550619232,-0.8694481811803478,4.497883022206003,-3.701888893841376,-4.970511546578658,-4.729817927946544,0.3275954195543016,2.05371552792449,-0.5504356515293392,-2.281447077098646,-1.2534038555648097,3.5813677752504125,0.3389430959392769,3
0.5721227345181014,-2.759407725283732,-3.0393681935601338,-0.4215680790397552,-1.5360805183568391,-0.25418721149897006,-7.811129075577559,0.76820945916208,2.9351978608039673,1.2216027438189672,-1.2727149773465356,1.54316540783995,-1.2670872250292076,1.7945214820259685,2.078990456066565,1.1882631753723678,-5.682863980844488,0.09350037018179767,-1.7558613263297467,0.8120753235566449,2
-2.239414034142704,1.5742895718852035,-0.5055080742294467,-0.5571326913998158,1.1132326016491056,-0.20545566016604289,3.80546043951011,0.14424167776576535,-1.7861197960251987,2.975719063106511,-6.3725938960553705,-1.876329870559812,3.576443339077068,-0.7231224477013244,0.0893930209420033,1.201984942674995,4.362331612535437,0.030372855873320382,3.648455331175367,-0.09736082781613628,1
-1.7926699377366027,-1.0453325547152683,-2.5867750536731893,-0.26833845412812374,-2.523438704009797,-0.7158728064250283,-1.2059879744934205,-1.7936116607170907,2.774262229590457,4.466940225135271,-0.030235563666481776,3.78428872169528,1.3757383886913006,0.33397844507067553,0.0535622199046657,0.5461658002913381,-1.9832639654501536,-1.5453862394374178,-0.7357353278459621,1.0216690239970856,2
-0.004503233231422543,-2.4647324208372274,2.268907992099805,0.29231318030162234,-3.6321315043285822,1.1396840819676757,-4.153814737246139,-1.0500053140063206,-0.5326888879820506,2.2568342173290445,-1.1259421318119271,-0.7660140157928201,-1.9242444033894657,0.30941484221315907,2.9167095657231132,-0.387136358016779,-4.666283092817487,-0.5002552081837564,0.8263009824329131,1.9546952837172464,0
-1.6754626895415068,-4.367303951813261,3.207251391420673,0.4178175792779698,-6.925352541537507,0.46412047244576304,6.097180614606781,-0.5513077069858796,-0.38238214741230814,0.7109620460261495,-1.1520383287874278,0.8476916070623322,-0.581585191327754,2.0134931041588784,-0.5967944870637651,0.48652557769100274,0.47081639033167194,-1.208744644445127,6.445857322134657,-1.5627850692044551,3
3.1706992133339735,-3.522229669199591,0.1759724063335053,-1.0642184641896748,-2.9317760080707562,-1.3022226004901563,-2.875410101793313,0.12407489620706458,0.5037983369091176,-2.200218614260953,-1.7973343903876031,0.9940397868464677,-2.2435727597279915,3.4939022344716504,3.378701199725043,1.2308481785197092,-6.153341624500038,0.3149852857059552,-1.2194510010017996,0.3321296802931448,2
-0.4321094898107012,-1.0847078478633119,2.4209428929600016,0.23390228675414937,3.509763936882749,-0.8240518863279882,-4.492871843676246,2.8645779865347167,-1.852758229748885,3.321509169650029,-3.7768189910506447,-3.3639205132999557,1.6264199588947061,-3.2326189055097765,-0.736752494512418,0.5208699660799636,3.671584668041901,1.7996802728429229,0.4052221620260399,1.1551290855099456,1
-0.21349026961537843,0.7839368504282805,0.859967553228616,1.0127024710156,5.441583529001774,-0.04979247827303235,1.3118141060235895,2.247977755388061,-5.379917409815438,4.055414894340711,-7.354491183362957,-2.5914220731851687,-1.2829260982783453,-0.763747687792441,-0.4444368352017384,0.8146235049487366,0.7222372901129713,0.355974387725798,3.8477541080870963,-0.4718575483014012,1
-1.7736859551702844,-3.06119902948478,1.749070864187819,-0.15743720895012647,-10.6955104911073,-1.681711611356453,-5.150850990464838,0.4114537834154226,2.164039532428971,3.1871130656681608,-4.263172439874832,-3.0633787315505048,-1.4857687607565517,2.8439352746929645,0.15928878329021545,-1.0714907984428985,-0.7977238648672075,-0.14255868743747244,1.5583966109583596,-0.3791866049363849,3
-1.533772743957223,-1.594950603884524,1.3089346226900804,1.0055729303756735,-1.0977339230074923,-6.077011650105668,3.4033303689731937,2.6594673950056187,3.051328622117124,-3.83016294536356,1.5753302566424339,1.3131105425991805,3.7247111931516033,-3.6943449991368618,-0.9786108942518053,0.031163399367781428,12.827936844805352,0.7515388279762827,0.6985404481022337,0.05326393122971822,0
1.9633400809226105,5.165773418164018,1.7156195398913052,0.07211447787684622,4.213989558192646,3.0284548683469614,4.973414481307318,2.075220627279506,-3.0997688871416416,0.9689746842720173,-3.371654958501211,-1.647004567350768,-2.1814325904956147,3.1352062257366478,-4.877449323243466,0.48966975879483715,0.45652420802848925,-0.5994213196734928,-0.05713065464030631,-0.4837590715321891,3
4.272917250666834,2.8839441287888765,-0.6135432002740857,1.1782746805547666,8.67125887567772,2.5448509841007576,7.586863633603214,0.4385439355296489,0.22941642456808164,-1.1652215183411063,-0.623191764021401,1.5964004892455832,1.7181464607887402,-2.0216920753122416,-1.4275839174478349,1.7412149315429835,6.70661136139904,-1.672277913170634,4.764325784994934,2.317821643489676,1
-3.0936728941444076,-3.644119483157976,0.6718172263532938,1.332997236162621,-10.582339428210362,-2.0911271275591004,0.15528922994233124,-0.3117298379762379,2.2353267431396424,3.6680610277413885,-0.1932181571324287,0.5022468610608648,-1.011402614827925,3.7183324472390438,-4.02630573223639,0.4247680738617232,-1.207982305067863,0.29553247516638226,0.8606208308321138,0.3169835803677522,3
-2.1185382648400637,-0.22791395504642376,2.4136840529118526,0.6175104927653942,-2.9958898926174684,-2.28084658956529,4.427552475848182,0.8538898071727168,-0.48320270125508125,-1.1785577697751295,1.6503939756341612,-2.9910085679706264,2.41730357150353,-0.9742329389160164,-4.725683919732207,0.6227278907563462,7.569731536364734,0.5767374822329144,0.9130086294014917,1.0726435424211256,1
2.0271323638907712,-2.1600067348794325,1.0860745850425564,-0.4633341557691185,-3.501565769578865,-1.2865886794897472,6.567390242634388,-1.140559209225461,-1.2936882355389834,3.2929618171248065,-2.720560987560392,2.003001608885848,-1.1351930217216641,4.5710304162667175,-3.49226649152219,0.1740552002440338,-2.6935040955467153,-0.8121189327524032,1.8185507661606404,-0.8891168604365428,3
-4.2299992069895795,-1.037109463400319,-0.9862809734982703,-2.639715499958423,-8.493606866957986,-0.7280505812635765,-5.1369971433228585,-2.284477100318169,4.207016504027479,1.0320561405714543,6.588989387532875,-1.2970335935274098,-0.4263138409366092,-1.828584294048695,-1.3119986988703194,-0.8196553832159195,1.3365364138731344,-1.1002512999769851,-0.6995848337107358,1.368619712525166,3
1.6066496162250976,-2.929420271938997,-2.082431541208484,0.655018181861367,-4.639787384359986,-2.8207323785715657,-9.076775917911451,-2.050196883975051,1.2146295811877776,5.904723093475699,-4.550780758770865,0.8001437010555787,-0.5820322348489579,3.1540896898641204,3.0585976495849714,1.8660996242332692,-9.527948760032452,0.37657797722906805,-4.973412565875666,0.25817457766600643,2
1.7054091832130407,0.8152362153721735,2.27367693043658,0.6886737565743918,-9.714491810574899,-1.3151399234775853,-1.6880269681859543,-1.3361470600781056,2.635971509734211,5.012620363058959,-5.926879720027926,0.8513791539867737,-0.8964599257306636,6.522328361143625,-0.4377779350737534,-0.0671277493337917,-4.214466905658664,0.7143088837706515,-4.0805599604431935,-1.0981213410206152,2
-2.139532359265222,-0.8627420450809608,3.7848054029714047,0.8018963097515185,-13.359623335375295,-0.6562102023657916,-0.9907488101727926,-0.6932467268183449,1.5404842239900376,2.6167569950434517,-3.354060819399835,-2.9076739584979627,-3.0041014837660214,4.165531002695752,-0.5901960748815519,-0.2133278716860672,-0.4024273251848006,-0.23278819227696296,1.9833333720981305,-0.3577150371383784,3
-1.9036987187657513,-1.5639837422934186,2.8322903099951224,0.6401941454863422,-3.5771729513252977,-2.098526808640591,4.464817598911023,-0.00013006009711125088,1.6658985948497196,1.0557918491588532,-1.52343705506714,0.6893156110450853,5.610912603462101,-1.2620388236096383,-0.9807143782962922,-0.04273372510530359,7.361498080216136,-1.132276792787584,1.1833569504920136,1.0552387336607758,1
0.20049349978237196,0.13439320905526753,-0.3028302962003584,0.008676041825569447,-2.2339967400011145,1.742004091985701,0.6297687087561948,-2.739338078925062,-1.4260379771866298,-0.43782742545353504,1.8902109372570985,0.3545095857365481,-1.0109356300345795,2.7348486258568654,0.754123871295883,-0.17572929582468289,-7.3453881061656485,0.8274510840494327,-2.3320306857483013,0.03189158213633484,3
0.7153565843592591,-3.19254269300148,0.3438385965394608,-1.0691979935618996,1.714346408289064,-1.1459912618749262,-0.9396152675871837,1.112382410252092,0.3480867978053863,-0.45267245144193635,1.5450231956695444,1.0279335209031133,-0.4787567825435024,-2.1529890737907724,0.18403433955635706,-0.3085915214863439,1.5766174542397875,0.44845906189263157,1.9684525086482387,0.22418970382801603,0
0.8036017507107855,-2.334613142509098,1.095313451778253,-1.6195445938757005,1.2936777491995224,-1.4542579651060759,0.2847128963362158,2.9436566678334595,1.2551745141383632,-1.527673511876589,0.2008497116463363,-0.7964923056730182,2.8943492522557666,-0.602431134871028,-3.3399028558338206,-1.354297161408027,5.13034052270092,-0.7889631301337289,-0.16944526761062972,0.4178229935558582,0
3.7869512999063657,-0.09725522499267347,2.3720162579510395,-0.2674362157878161,8.379270380168133,2.441418820473131,-5.539049340276077,2.003684195243685,-2.863453902352234,2.8353831026169853,-0.2943571123512414,-3.067240951216074,-1.3820323417701226,-3.1683735700616356,-1.5918273759760444,2.2810574236392154,-0.7804581782299352,0.027496366595539157,-0.5156491726206622,0.3065462765213995,1
3.275025460491174,1.7156210686367301,0.8759464013373692,0.11829355436845869,-8.95982641155989,-5.732423550724457,-3.8093188373636755,-2.7582894323859852,0.8474163861712675,2.564176078411056,-3.6949154574899445,-3.8537865828741626,-4.254595205651574,2.4864986209747206,1.4199982332400016,0.09201299135099902,-0.1161463831220111,0.02147521576248524,-2.184190018844905,1.497703468671258,3
-1.2394479863451782,-1.505774981860202,-0.15244824356097597,2.188409470480316,-1.6696222638754388,-4.847441638639285,2.057052209055427,2.0518144676674828,3.831013431721962,-4.598564406130163,1.3741786423635312,-0.5343635923250194,5.922560132862923,-2.5684200465835842,-1.3339584275853682,-0.4670784718230585,11.553291387608464,0.32894947683816733,-0.276252973595948,0.4309961356971796,0
-2.212496724340708,-3.948100690104029,2.8458277245938897,0.23633300981270786,2.032085246856979,-2.549605802928125,-4.014326680486965,5.599154204213736,0.4764326451473234,0.8929255080390277,-1.2462764312192665,-0.6045783281437886,2.124501306615957,-3.1670303331361698,-2.534680882706913,-0.178689398791998,6.3521954442572355,-0.6180605125869435,-0.0321758949177422,-0.34842708534788586,0
0.46462108316362927,-0.17737268347259638,1.3722767246284837,-0.7066777937389763,-9.009798552158955,-2.532519712531628,4.674344737214705,-3.378695626066498,1.0862759767914618,3.1111646691824144,-2.2664255128443718,-0.5695813689430331,0.703280117216067,3.1704975054970745,-1.583771460123695,-0.19858554106973172,1.1714048598752433,-0.11364774931805388,1.036563731506055,1.4675404454041743,3
1.4357499203235244,0.9692954549839661,0.9159685255251246,-0.6993009436394789,11.27801885953419,2.2857914972201008,1.5905143359888785,3.460728124367615,-3.298188000064909,-0.5241368087558926,-2.515412117467169,-2.069751041942693,1.728114787758383,-4.299876679339375,-0.6724625223010255,-1.8773857678849197,5.558814397820059,-1.621758403535128,3.948227161487185,1.7214250220239466,1
2.0048424297979626,-1.7757463513462524,-1.983069527546248,1.652453373839492,-1.7614847296934013,-2.485491300757294,-5.3151465755966285,0.4395110806769844,2.6585525149094225,4.352527331287891,-6.011937791055291,2.914213873591759,0.11549299571314897,2.8308477718116647,2.234778448438637,0.4943839338212423,-4.15759977979821,0.10832136935408905,-2.651227876802916,0.7603204390432603,2
1.7011681166263828,0.36767567985957883,0.08357618587925586,-0.3693467267847035,-3.6135202824609425,-2.153502777137673,-1.0926252190691952,-2.2881174113031366,-1.4578765121493698,0.9541568443051569,-0.5976412316272356,-3.5848252918800103,-2.1719106144411664,1.05622220898079,-0.08652738356655743,-0.5918081946381001,-1.6117078799883675,2.146812893784272,-0.3705005534343775,1.3952707822171775,3
-1.3441318642547522,1.731609074781975,1.1786937811311669,1.2079455697522943,-6.161569697003993,1.8920516243512235,3.702873051949636,-2.7447611458311996,2.5641736346255337,-1.2950022330242956,8.93140795397589,1.3926815035103612,-1.1255096252052508,1.7202163577394356,-5.054700452294382,-0.3693402913986854,-0.3618461741754567,-1.3681648144569423,-2.5956340464446965,-0.6945944069912875,0
1.5165557322473142,-0.43400092027757353,-0.4975140441701701,0.1893038586204417,1.7161895931857665,1.167659976751764,4.516848150222514,-3.249226144572001,-1.9927666034581075,-5.167489414677494,8.888742511183505,0.8242223003609491,-3.3879580134453002,-1.7995385575026703,0.7705969112358048,-0.7122310746618156,-2.3318544962394046,1.1564840551186344,1.9537855946982652,-1.23403225245565,2
-2.4583494254617397,0.18352797752486438,1.1095534208915607,-0.07808209771573828,-4.155212753542266,-1.1787985146342297,6.7143967398131785,-0.8245227568528875,1.7111472878963012,-4.12363713646125,5.120712598099405,1.1455824164252544,1.8146424742033709,-0.5767282248922571,-1.9807847475416516,0.5148516811159259,5.90334643185792,-1.480675391857008,0.9380017272972822,-0.5283622790157917,0
-0.6442870283425528,-4.140031802860866,3.6891904326926315,0.06582267995480498,0.03671689081092245,-0.5426661227806189,-3.776055231378837,2.300980650480598,0.0006672679282240246,0.4187407405247483,-0.3728372958038985,-1.5430664008039625,0.33158137754519723,-3.886740050901212,1.5362096509035785,0.7380554120730056,3.9284128477763187,-0.8115996148578879,3.18075775424891,1.1331495367689026,0
5.385633584669577,0.8135894255055236,-0.4833109287427547,0.23221443642071832,-4.129441210651388,-2.48991938194142,-8.596451140202555,-3.5264915344020853,0.41439134296354063,4.634662010812088,-0.839604080373208,-3.0762293694369913,-5.46519420055119,1.581944094893472,1.192581119844292,1.231009310580642,-6.3177967887371285,-0.43194403490172195,-3.7420681113234813,0.35864685803978263,2
-2.2675204282313537,-0.13003419652295078,2.619339384671763,0.09399310661286796,-3.0435966251355495,-0.6846552739397508,0.6475899906137541,2.0205135746183562,3.127177734199095,2.342398421578705,-1.6693833120563935,1.9572035440366808,4.257474347609761,0.5150375175987156,-2.7895778011807097,0.23809264467799757,4.89554813665276,1.2191159888502974,-2.4380407659403613,-0.6531661838118012,0
-1.4808299593114733,-0.36736235388603844,-2.4509000009374042,-0.14741672371430772,-4.177182281643662,0.8130937420515987,-0.4591015263211909,-3.342487077714907,1.2513899193215645,-2.497299021349791,7.543644436691952,-0.7076646151445116,-1.4995828369074973,0.008040954792284838,-0.7258852822572497,0.038645145484579646,-2.9229567527284486,-0.31710603616642263,-0.30289366041265664,-0.43738476382806546,0
0.4621363568977761,-2.0169336142291696,5.14900972150068,-1.7791046780916322,-9.507154866375007,-0.27841700584113327,-4.762485468468453,0.9175655940579093,-1.192613850497981,4.347971735327775,-8.508972017212713,-4.263703098434963,-4.242862858885995,4.332902690252826,1.9041772075308465,-1.564850637587621,-3.842226449739827,-1.7231952305910865,2.0426415279832826,-0.5931315558395736,3
3.1234827182084084,-0.0014739626463748934,0.7307044687216706,1.1381668841565056,-6.332916573024676,-2.122689205088115,-4.979116988069866,1.2388495748313124,5.2177526784668355,-0.1846956805222033,-0.8276696389499075,0.9251484230796716,-4.182776116343014,3.011085992642924,0.029823527151104035,0.6642352057132971,0.5640753446042197,-0.4155856754567791,-1.8239506139655255,0.7379966371758337,2
-1.09481009846973,-1.3441482701168417,3.3483977829433504,0.5134081209875093,-11.289660946776666,-2.868455488956304,3.065521843888315,-2.730543292331028,5.425946752525272,-3.9242714911709062,4.793425787604252,1.2264704180925419,4.218587583039362,0.47266859879622025,0.710293504925466,-0.11584061693094792,5.629757682158313,0.37449230311424564,-2.6365617456923114,0.7771764057656726,0
-0.228767220633888,-2.0938495999736313,2.753885490729438,-0.6299060427037885,0.020525370452451678,-2.090446317346576,6.042508197395292,2.5306375371847682,1.5886153085388468,-2.66509700626443,-0.1880220338002842,2.1310829498182042,4.694594142688931,-0.5532433212647324,-2.211105049998328,-0.4097836774922467,7.941308489850256,0.5868750103603017,0.7241125793369391,0.3717439093839975,1
5.383262096057852,-0.4981620621643935,-1.8852715806307716,-0.7575950307147912,2.4562504392147746,-4.844282906520995,-1.191195381255857,-1.0506230901926779,-1.8374870932869216,-1.155399586263778,-0.14886144152461409,-1.5500959624700128,-4.260542344495098,-0.6217781311982664,1.256364199768885,-0.090291568901179,-0.5593952980954303,-0.722291764752667,0.21402792184495611,-0.0370590227197124,2
-0.2934431078713382,-2.0517743295479884,2.864583403920198,1.56156758506569,-2.492810788203846,-1.3368349130067365,6.532898623388263,1.238708452193169,2.202597132267816,-2.2565843281382296,-0.7302145581341823,3.3529874124371033,3.197200033668188,0.33347689930568847,-0.04141870966512928,0.6185239710746582,6.050054682449358,-0.24943827309476763,2.1389093742169365,2.3597304097668728,0
1.7950369931942487,2.0327694949431,0.9881990551766007,1.812846458861496,-8.841644282979539,-4.186928442883376,-1.7587873192040482,-3.9818156950931662,1.723406088511751,2.5434284479970675,0.3637387556671033,-2.931725497774244,-1.8038316109933226,1.201018231448171,-0.5254062966484552,-0.6311593951920663,1.186097898178699,-0.24672817771028527,-2.823848767601087,0.04695633811470317,3
1.7097952836635784,-0.767141383348573,2.5213950918459833,0.36234186588468154,1.8213468472099632,2.8382059460920672,-1.6937583300226722,0.4265210801103303,-1.254564969374866,1.083782621489217,-0.12648435857702972,-3.737160871584792,3.1032454887821714,0.07800154517004332,-2.93178144177931,0.7110101102218915,-0.6697385926842974,-0.21394629985162605,-1.539283740135156,-1.0300202457327365,1
-0.07250602469572454,0.9816378987279442,1.9206770915478384,0.7516665626179194,-1.6664047478486033,1.0854995680551836,1.1317411650033204,-0.03237578381420292,-0.3635503240823734,5.912092755571054,-8.088757257906085,-0.7472823375755363,2.7963000529130886,1.8930057920932533,-0.12808181236511418,-0.19496617960274862,0.6073987544622699,-0.11179225672219169,1.2128161685717416,-0.6599357432214621,1
1.2443544012050267,-3.0177851104574267,3.0083123205472138,-0.926891852970634,0.5108639964999846,-0.317251949099721,-4.315522175408578,0.09744156557961214,-0.9046173153944933,3.8100636176386153,-1.874178092208249,-3.5370449082383764,2.566029307122222,-2.8829899183765075,-0.2476881555938828,-0.7082133787031154,1.7867869277078317,0.3569979930295506,0.7618681702270131,-1.5804516996912006,1
2.121352730076901,0.4714963889115471,-4.968878344035877,-0.5049904126106127,7.019058536402212,-3.478624997952808,1.6916482966473925,-1.5021441890378713,-0.6702826745902253,2.693892137137208,1.5003591857272096,2.8054451091576516,-0.9893211999368221,-3.3810402601390153,-0.8782740993850386,-0.2441817716122971,1.7779319635710964,-0.41477203852669436,1.3865052518604144,-0.32490374948230094,2
-0.6913330259110501,-0.4111092245463174,3.0914602279015098,0.01849742033915436,-9.843595732490185,-2.787744069072857,-3.52766006477122,-0.44853912097349724,1.2903234035007276,2.269381252581736,-3.3259605130478787,-4.339704898800422,-1.7193860719512088,1.3609900685362573,0.24369343878829386,-0.4576453008368647,2.369886849583865,-0.2722546133443472,0.5228597782215382,-0.27616924014010485,3
1.9710561405747762,3.5616071700928043,2.00361675404577,-2.612763087981893,2.2253656899976932,0.5679845414836477,8.215341603991057,-0.5278361502866535,1.121190665564085,1.3541546763112302,-2.729036514524451,2.9779178816777025,1.3712566663054373,-1.1896312114196452,0.10214598232355687,0.22965731280779583,7.622108594096804,0.058892330327058484,3.7159693539079357,0.9785572955377009,1
2.9843612732649225,-1.8862520454348914,-0.23338476273319375,0.32429075626234777,-4.4090696772726545,-3.738709601843288,-0.5407606268559962,-3.4524419844667134,0.7302408978805007,0.3272824102854919,2.82275755696806,0.8352673368565094,-2.990872756367459,0.3180205828552807,1.3288598880247124,-1.0081163197882292,-2.283338409505122,0.9776153132823449,-0.7202693755037073,-0.8253600737029718,2
-0.7853665988293759,-1.7452748852792022,1.8529024098832543,-1.4552528436723449,-8.69192345863862,-0.6816467454874415,-2.7269377252524136,0.7196148744077613,0.31373460018109367,2.626743897237337,-5.883927021158077,-3.5630623455513226,-1.6324809934338922,4.426369758661991,-0.5398643611840301,0.7595782506517088,-2.123798146243599,-1.0911290342569888,1.3649737173333703,2.7204643461524323,3
-4.164689455594716,-1.6110356488658182,-1.070485896802143,-0.5707624596101843,-13.414454124395672,-2.4922350111746248,1.7336193584916606,-3.4409879467119056,3.3951231244901203,3.1150930537878425,-1.2012327496549566,0.00843798483720093,0.5032467318941991,2.7979683364727967,-0.07182123089910619,-1.6828396046475333,0.6132053598824914,1.8052466626272978,2.7349027215003696,1.5493958980854783,3
1.6609387048423394,-1.015350539938544,-1.6323133106934602,2.76105596651758,0.15642773527286902,5.8134778467418435,-2.816864584125803,-1.5969125586190596,-1.1362580516295897,-0.43880303588045244,3.5163715291991555,-0.89107896831534,-4.14861241157787,3.2818598692041583,-0.8041733017998283,1.1638604444144443,-10.868896052443485,-1.070521304574119,0.41368065562529766,-0.5519766938887396,3
1.6040418970951096,0.3288247656960579,4.112212674674204,1.1795674079317235,0.8184469856336134,1.9929102189309504,-3.8974071840452327,1.929760861124136,0.01626739394207455,3.0662966272194394,-3.804293162174098,-3.3742309672390993,2.0364205667052553,-0.5037020337750165,-1.3291219374650902,-2.3526390101935664,2.158374842059124,-1.3326470644863682,-0.9784364300323616,2.158886379707368,1
0.2629968226625081,3.0859705741307204,2.298469410779365,1.317522241973222,-2.699293793404112,1.4104316227407916,7.402003381259876,-1.1158738068795628,1.341932752114233,0.8513592021210132,-0.5746127203306015,0.44795315348850795,2.0855421923031723,1.4115215670021222,-3.1462159890230668,-0.8849366815319398,5.201998110589918,1.5675953261274023,1.3902618420986148,-1.6935715930484896,1
-1.2557250478758637,-2.3350322174805926,0.8212831260372462,-0.45376535028420467,-1.1543136186377188,-2.2869868291834874,1.0973646373071793,0.9775749195120118,1.6090504338236806,-2.5355185833490896,3.0902203231527605,0.2846703533440127,2.5485333558406698,-2.1214558060016024,-1.1631498636890492,-0.05374118290622152,5.3373447443963284,0.06846807707050838,0.17830621043725348,0.7550737317968852,0
-1.0994866885310237,-3.5897876368170136,3.142682071000446,1.091518256591683,-2.6747189080248233,-3.3736869453668357,-0.37191934668727883,3.5379379486282483,2.6593737463957834,-1.709062948595853,-1.9214907397328067,0.16815996889200746,3.7659103700021137,-1.4051849884790888,-0.14197893032372444,0.480823477896787,7.91317531709683,1.7855237354807911,0.5643323462664113,-0.05555380272270304,0
-0.8459447844466027,-1.8903455348211593,2.6213952900908377,-0.06005485830131774,4.087234810012244,-1.4585268082563174,9.358189498437948,2.7728511654373564,-0.8631688522667127,-1.8204462061836935,-1.414661685338682,3.6046688929276436,3.46597370294978,-2.3720358957625405,-0.8858530069266085,0.2096392171497065,8.607145222186716,0.4748016173397684,4.59295121677891,-0.9112061986223107,0
1.6413717178502298,-4.4622156542985785,0.9397306904676777,-1.0616269454591876,2.961133840716837,-4.57170491867697,1.3145869658124967,5.607639132267941,2.3689123836358594,-1.1710326315641988,-5.634522184852688,2.666271963005192,2.808805863400765,-1.2489627882712908,0.12207833108315347,-0.4345911478260124,8.86815189668764,0.9847208482486919,3.34957666530387,-1.528938905350083,0
-2.412270663212603,-1.6353108382061214,7.802796118221959,-0.7544132445807141,-5.873466299402789,-2.942906730650426,3.1631127581422875,2.1346903910918176,2.364392386189006,0.6707912519739132,-0.6376202201293454,2.743748659007509,1.1402897202899869,-2.6863779133874033,0.7126216339279603,0.1376278637080844,9.92749490983185,1.4010465079946839,1.5654072573757931,-0.554901019088634,0
-0.4088427142722748,0.6433324038588304,2.796083199194276,-0.39240358614984155,-9.00643203118518,1.2695480752190549,4.046752476399306,-0.7512834441895897,3.3672570555080865,-0.26468083863955116,-1.060871611509333,3.0115043097518415,-0.0007280759739884957,5.681052908939138,-0.77602244612287,-1.1609228867073902,-1.4611652710359266,0.7169887620979339,-1.4319761848992218,-0.945150652478587,2
0.7805533843715216,0.07034950041035337,0.4664367311098414,0.2029184588077459,-4.339256342595025,-0.1152274355301568,1.826322123410246,-2.4984097267974157,-2.1221310402522198,1.2820211444626772,0.279851217014986,-3.036790308269933,-2.7555251667875704,2.300139260385829,-1.861241670792607,-0.4795417401505855,-2.9590378502771078,-0.23369477802422,1.4004231255176776,-1.2642647747830886,3
3.4087934502674546,-2.8294154453064566,-4.890059875874053,-0.11518412374586905,2.6777540395670467,-4.781584692145612,-7.563494597645202,-2.4219411555964365,-1.657405511646925,4.3231351697605005,-2.1520257636546107,0.05214291455591047,-1.6357764065132658,-0.36863465354011726,2.9148823341849948,-1.227101013088154,-7.867028309610873,0.1645190320621318,-3.2338542500152245,0.7733121741531247,2
0.7327968689643525,1.9833727171908158,2.805340630224903,0.24158220958257215,-5.427840507182853,-6.021227873386904,8.201855763113086,-4.084622591524109,-1.22185164264341,2.9308048874425197,1.0061827786054303,-1.8216738356950213,2.288049433768055,-0.8574271638855966,-4.312608835979972,-0.3952569261456209,7.621795406893098,-1.3711853979816164,-1.0787456486823346,-1.1091649370438668,3
0.3744900544538907,-4.703219344101724,4.9362712455338205,-1.4217454504578617,-2.1436624974699523,-4.102654707687823,-2.568828855698558,3.8819841203190184,1.8356073943490416,-0.8065406569785603,0.15159839945073722,-0.28361318152903614,1.74553872349541,-2.118865136913793,-1.6081257225499024,-0.13703575949483018,6.882902314651331,1.5926899825085863,-0.9347002427423563,-1.6824372693115777,0
1.3722297719212928,-0.8544896928180319,2.027058688040696,0.9191939366621029,7.554271252366889,1.2435758838312658,-4.440621693466852,2.655302247333581,-3.234148296337127,2.7864701904421754,-2.5994516326349437,-2.5591093108485574,0.3152118102170769,-3.3289620784245457,-0.26664485619281386,1.3385027181385938,0.4154316253096154,0.9880237432564568,0.3680647114221298,0.3778025938636361,1
-4.165344618238375,-1.3441006236805189,1.2294703258401871,0.3855760361110734,1.1828472305690227,-2.4928638390626237,4.778048290730054,4.3323813083019935,2.3490276365251974,-2.3907306438847487,2.845101496594481,2.8149130262006583,3.814188813855729,-2.885114134432164,-4.568150590976428,1.2399193978519047,10.987024986540238,0.7006581545926325,0.9817556853639082,0.45854175384171414,0
0.8708291247719115,2.2916667302116887,-0.2665689070139503,0.9322973875647977,-8.648829214575992,-3.6613314921968607,1.2957436429899367,-3.9786216669259513,0.7820836665776677,1.7689469251151038,-3.0476090918276895,-4.483722082006646,0.04259066319190197,1.7679942298149016,0.3489867691513884,1.800514113293599,2.769659943925889,-0.13874290053309707,0.619740736392539,-2.2618241667132812,3
1.6494228168957847,-1.0306332432587921,-0.15680092917537425,0.6014835793148635,-6.771315641920797,0.5614626352693115,-7.843989200861095,-1.2592793623444478,6.838105204298284,-3.4376180855157172,8.937541557697893,0.5108308732824256,-6.021017326887472,-1.5266532641472326,1.7633719438509505,-0.4742828067009447,0.3625851987211152,1.0145126657198835,0.29862316235444,0.7074228333522768,2
0.6207404857161016,-0.33706952611223207,2.5586286667280724,1.6114245524237512,-9.869748709383055,-4.949071422600333,6.0390185609921,-3.489839981219892,0.8524603841988999,3.3024247182710593,-1.1726352183664948,-0.2260489309705902,-0.35243788466189585,1.976404903187011,-2.23958966843272,-1.8340351453763033,3.9529690186173787,0.4176488142331811,1.2770457840621854,-0.19526735031174824,3
1.6613006422618497,-0.5538270170777098,-2.2314855982146167,0.3131118928619725,0.6885471716055549,0.007789817476970828,-5.236648823218678,-0.49860220138344435,2.159718153868788,2.0686223360730867,-2.490888233964808,1.2253871221612713,-0.5698405891341705,-0.33894684516921303,3.575739190117247,-0.4207401948519687,-2.384291458374867,0.802828911919192,0.1299307897312867,2.0819080686779188,2
2.1155156188489435,-0.41972691413292007,-5.262819147738057,-0.22329036101291488,9.226099300045725,0.885508834676878,-3.14562749431916,-1.3383993690006684,-2.7927250324607837,-1.1154939612423433,3.821809895758012,0.6727019926365518,-2.2592969839173387,-2.5872043648463525,1.9368572021614896,0.3690233661249759,-6.325170196289704,-0.5750769552707934,-0.3782488693175392,-0.9566895978471752,2
3.904259916859721,-0.42399404007699937,-0.5060889519527514,-0.6843984343738323,-8.238383474758836,-5.331649738386585,-8.614650407272432,1.6075026504038634,5.958400637842461,2.2707133581684,-5.893873353193516,-0.337558205719958,-3.1763989566915045,4.335118252079036,0.8691220185572679,-0.6447515474604603,0.36194820678245804,0.34552798316675154,-3.6606304497326376,1.1654732205666274,2
1.0552908258696712,3.1540460170091986,-0.7048815482405981,0.07537869059273444,2.8182084349688847,-0.313196917646247,8.00484017268956,-1.497129007595278,-1.896014104501862,2.154568628138714,-0.5957204451821126,0.40521879670573835,-0.5550394998863832,-0.49795923668627184,-3.205266197977765,-0.29056220955176154,4.027800242904152,0.5451288375914355,3.4357414725419626,2.5163758563176217,1
-2.311221880045267,-0.8080763719755848,2.5151067793026867,-1.4051980361664616,-3.5999855677244312,-1.2721297593181924,5.526889159519878,0.4108140593294929,0.8698442528785463,-1.7174592719890323,2.402070053866666,2.4631433391940165,0.332579970015779,-0.1534554032959965,-1.2774911699124192,-0.09561077918303074,4.224011898490409,0.6458666683322314,1.26939278689658,0.16880380992407706,0
-1.2284461330553236,1.1510730020832287,1.0177054709653546,1.0013299697080194,1.4981363619335362,0.6391669484948865,1.5352010826617974,1.2583138882027813,-0.6514540885707031,2.181712939035105,-5.653675819784143,-2.7173263765933813,3.931945848782703,-1.4781437970494038,-0.12796841953271354,0.3021225079297454,5.817331953892594,0.9977527504875963,3.147928284432347,0.2650730507322819,1
0.6349918033277493,4.075757059296873,-0.6820789621115066,0.1467319545727764,2.736133310269631,-0.8307057260128063,14.356013558832272,-1.508071320824032,0.5018207926229827,0.15651861002420886,-1.6219210278659628,2.9821368573147224,2.070041879570521,-1.901537660167482,-1.664450945373468,0.5165562497058476,11.497590862760235,-1.1359842668802274,7.526307666927529,0.11014261367498923,1
-5.22703406167128,0.14945454843959616,1.6582033981281992,-0.5402662492199259,-1.7376487560026366,0.2299325745611518,4.637688166854104,-0.7525641719428919,0.2934016589625248,-1.4944326349430472,9.88258911740045,2.3099441280438384,-0.8110295125856268,-3.8145240848397557,-3.6318872356756677,2.3370023110440217,4.58880301533534,0.30202512752728417,0.9250891116382249,0.06932690490054684,0
0.16436283694916765,-2.0747646943981874,-0.5828529740115856,1.911988238197481,-0.12998194547223255,2.4434466298815636,2.2513388271336146,-4.131898519963185,-2.2481191484160705,-0.4599921368038167,6.9673044821536205,3.107915140516053,-1.8712558191661346,0.9864202918358433,0.3657215657004842,1.2309673207376572,-9.70625172855042,1.0133464050919923,-1.53441318791802,-0.7087996258703197,2
0.48110959761471905,-2.0576662774831314,2.735905370219511,-1.9460273188608526,-14.928966037233554,-1.2312712590643484,2.0954484700750506,-5.394911689317881,2.998657955203135,4.270085895114504,0.08428608775048037,-0.09845087340632497,-2.4425056471238173,3.567955842370639,0.09243198313542167,-0.5595564682221745,-1.7733181965426095,-1.4263750911681818,2.909419491984181,-0.12929401053600606,3
-1.9124519634271278,2.4353333685697227,0.4358671025336742,0.157451526837732,-5.4361463382940185,-2.2779833734176242,14.926214899843247,-1.4315220891396527,3.5917246162308856,-5.216493127857248,5.466923190681244,6.005694003031257,3.3879110148010936,2.800401136441908,-4.559391232238234,-1.6509805566552327,7.6419470488942345,-0.7253491649120763,-1.0347542753443513,0.9944720132749436,0
1.8514179220324107,-2.2248357690168503,-2.824341251484664,0.09982230027338715,0.5551941711133097,-1.5226279847604882,-4.339343440964055,-2.108060662426093,-1.0581791708241024,2.510703397960663,-2.6345111893600075,1.2721325267333492,0.12579352436016333,1.6969954587818954,3.510798371963039,1.5367673287837036,-8.561841876696281,-0.8796884854821221,-3.071954240224016,-0.6337916352789867,2
-0.3542102933215572,-3.2874436039165627,6.148720705691076,0.01519729634865994,-12.755606045465509,-3.9031759204965812,3.5890573832572477,0.7352355933003101,1.9436154121457268,2.6321418989857586,-5.445371006607325,-0.17214608489209415,-1.480509610085716,3.570953515564763,-0.9245150370806596,-0.6423182098697088,4.702935214622772,0.4394135171192805,3.705962155687009,-0.3562272580922101,3
0.8648713472398012,-1.9848264308974297,-4.75852156491584,0.3490836020637719,-2.0021588024374797,-4.729197424891035,-6.61098126777248,-3.3150056313012395,1.7177403010356453,3.4673834239328913,5.677442558414635,1.139906735952565,-3.331146032026321,-1.5151069750721455,-1.0465791261788588,-0.21452792427399503,-4.231297512615834,-1.3942326078661396,-3.391131271580984,0.34483430937361104,2
1.516618198302668,-3.046198431766539,2.173360730854908,0.7273696132530876,4.001274552146239,-1.2192586608012599,-2.4810884119842975,1.527106095526649,1.727795189700315,0.12871457743660542,1.7424912873020764,-0.5379806623065104,4.743847534006468,-5.384735815948352,-0.48842205168357533,0.315980931617266,7.201044787309387,1.0611206775426054,0.27134255225076487,0.7995321610673949,1
1.9196239235182944,-3.4890782522229564,-0.9735448756836393,0.3090811241147051,-2.725197642487961,1.9344381768347754,-10.053330758814175,1.314476332614586,3.261554559320478,-1.2692831581767137,-0.447567619014413,0.808045766632678,-3.13763521295773,2.68143492102628,3.9791163216399426,1.284280450983013,-8.114234596178294,0.0729243963262389,-1.7494416049773398,-0.7405882922742913,2
-1.6927946540571206,-3.4748557670345233,-5.464407396471023,0.29896061338695956,3.725589983807543,-0.43727520074279214,1.3725441813258323,-2.0581780249300716,-1.0453971080368012,-0.4273191116918902,2.7013855335815053,4.84727923805534,2.6658789782878327,0.02761632812893855,1.8029256641280853,-1.1544728408541798,-7.1524050441271525,-0.49659606393840017,-1.2445239999575008,-0.4523680846384656,2
0.2929123848170483,1.5563744238624966,-0.47033437646173615,1.4507956952925893,0.6136087705745,-1.5065578923610732,8.09417853181148,-0.8238395849188223,-3.8342336623783244,3.556261163238172,-9.90147593276346,1.7032091031490133,4.1314209898505165,5.411816796366658,-0.15089350484419173,-1.4046116711553498,-3.338142264479382,1.7692491477211685,-1.5882920608466478,-2.184979531188523,2
2.2331147001720804,1.641015106502825,4.230208398414668,1.1094885622446091,9.13591608063011,1.718242491583208,3.5182505250125784,3.4510036371770108,-3.2449579298171543,1.1376431401260017,-2.5103666129432445,2.1103884829719197,-0.6553591010877335,-2.0828167529896953,-0.9314030940889566,0.37244517518931264,3.0385940063032324,-0.30280789971841426,0.7527016132437406,0.40567675186961755,1
2.1303047814391776,1.3366848745632973,-0.38270909409611,-0.8543273775917434,1.5891401841111328,-2.7666322578635487,7.581430117503325,0.18038549023009653,-2.152294606768085,1.0316929349392772,-6.645956401609307,-1.0707266072396826,4.319666121276514,2.8988451941580946,-2.8302580785912985,-1.0371168199996268,3.394562665757736,-0.3507582210036201,-0.07517996204945243,-1.5852700788126293,3
-2.25595755939285,0.561737175876428,3.1104502418152418,0.7294185467742927,-3.4039614166383654,-3.7138896387118026,9.81001060732996,1.3667461221181463,2.4110717088082967,-2.918708611695035,-0.26069243732759584,3.79929228979898,3.405656230786005,-0.8756736506293745,-0.7801265514521077,-0.018994515252840388,11.387021180389882,1.4145693720798038,1.8987977333938681,0.6786152455503763,0
2.5840109685423718,-1.9353681156112654,-0.8813768108838954,1.3919716568452027,-4.076233012571904,-1.1778641683199216,-6.604789410420642,-3.3846371462184415,1.1637757325027165,0.04666662503472341,4.359580822940697,-0.9029668698696587,-4.307720927738348,-0.28168168598048227,2.7592749739881564,1.3635040196975414,-5.867796964472902,0.9308230597575895,-1.6343646971885484,0.6125606837741009,2
-4.113690971322038,-1.157297310698813,-0.6925471246292729,0.2904021374361527,-1.6312756605131367,-0.35203369258227424,4.901122933468374,-0.2381287819498299,2.598766451821115,-2.9861736915351456,6.90625981459923,3.7818870748836457,1.3573270327483227,-2.638144990160452,-1.3705770575470826,-0.3842010047704921,5.217321660056464,-0.5147441368134572,2.2916877420446724,-1.1017420180435937,0
1.1501978117884306,5.38915717882732,-0.8797638776807979,0.2628492051357941,4.34549697458115,1.9981739243852088,6.344577811520319,1.6392348022980847,-1.984727159052742,-0.8716113726747299,-1.6947853724835649,-2.5499065808127206,-0.11235455830900998,2.317807753280045,-6.05349793464481,1.0401551926846966,3.5677918296599813,-0.20812204496826753,0.6549918088844541,-0.6616747659219727,1
1.7173578176488842,-0.023576584152960267,-0.4829031328612682,-0.3887939351360513,-2.4645835962680813,-2.22999956054461,0.2941497772813477,0.11949868988603285,-0.024488682476871082,2.5580215589877784,-9.202866825785515,1.743379542991295,2.2037187004570304,5.495485065990724,2.3482745427676632,1.3115739222497815,-4.482638201427276,0.2922559574348589,-3.423733026509363,0.04729141856058733,2
4.448427821322369,-3.2306118915241546,-6.269755316239097,0.4927909283872339,5.114853162378688,-5.316300246659212,-9.398955110369307,0.12613789649568674,-0.3390031892772205,3.3835942606565936,-3.088383441486807,1.1058200965062772,-2.259391164265856,0.20350739846797294,2.166368697457485,1.0739449929787475,-7.226444133242626,0.11414591877328002,-3.7351760721288203,0.3688734894074934,2
0.057424293075650557,0.3428961368699912,0.44908019711165315,-0.46581422247538096,-3.980747859946333,2.699092499540827,-3.1365782914413893,-0.8563368306664666,1.8641268460305493,2.894340483529768,-0.12546914120045638,0.20486627955603853,-2.3125886310806085,2.2056974639821867,-0.47464477239529,1.1471292902715273,-3.941914109600939,-0.8150876532577804,-0.1180808883741511,0.868152611213691,2
1.6758043621651924,-3.922912097219715,4.0956870029864305,-0.05132549384914269,-1.8767915131059814,-3.2335617403612713,-0.682002310912903,3.1022873763049708,2.760922190838561,-0.8441940029917656,-2.937406062533657,-0.08087556645846217,4.573858725624559,-0.8681987196746792,-0.34714929458290245,1.244047392118782,7.318132239581706,-0.4313581368719318,-0.38304428633337917,-0.7218381972624011,0
0.8800429256733101,5.890343501339451,-1.793550566413968,0.6224965394732128,3.5822946213378484,2.3533620578761663,9.096792199151597,-0.5784122099772471,-1.5045098304828923,-1.645950498148995,-0.4504180083556278,-3.0637757677588597,1.1130699449230192,0.8236684924863984,-4.897762819339722,-1.269101721731983,5.969837293920329,-0.3418235654606893,3.5210845148063026,0.2779832770356103,1
-3.826538521149247,-0.7111097543454383,-0.741632691176747,-0.2815208581375611,-2.2525852315518944,0.7432907609709187,4.348643087027389,-0.7012793805454896,1.9843504626565447,-0.7702597387849561,5.449493904838406,1.9666468007759397,3.0913808539570575,-0.6846434259575243,-3.8976560714417694,-1.2586115330972405,3.048880812437467,-1.1339697417607841,0.3830504510258186,0.05835071269933361,3
1.3592082893767818,-4.756214107382995,2.0690675909443232,-1.1792545698392913,10.78886538734554,1.3970272066855502,-9.602370172834299,4.222639740913666,-3.182473770009496,2.655190891803235,-3.381020232572784,-2.6538769926272816,3.797194448445535,-5.345091863537107,1.8995257185042402,0.6401878224903124,-1.0293345537498215,-0.9479352895177523,-0.9096552605477455,1.6164379006973941,1
2.5044152331324403,6.20385831929144,-2.5445461419102293,-0.8711730344207845,10.056620308196903,3.1236830305897274,8.411444848728333,1.7660987239974069,-2.7296244290271323,-3.621083584084707,0.2841729853095863,-2.6526627033586507,0.21860942852687804,0.00294029915630567,-5.633481451054378,0.3460639979000641,5.723346796303607,-1.6642321881882414,2.872902708401724,0.9798875945685572,1
0.21151804097393145,3.168523159019576,-2.5730118549620977,-0.6310528925206929,-2.5653262274637925,-2.308383840992832,2.4983694644014056,-0.48391153335147874,0.01653568597785693,-0.09091958214368856,-5.767586401404601,-3.8631522934270324,3.4687775118240043,3.5271040497481576,-1.809308514623151,-0.5334558173890478,2.5332262577101057,0.5847530155068312,-1.4581429961038075,0.6402729252127458,3
1.2735992427526879,0.6370921954937661,1.2385263843269856,-0.5848691060082734,6.570142572698225,-0.7399819088984669,2.1017189847832345,1.8001020177089437,-0.8972485988244479,3.788475837295279,-5.793901831265868,1.6317270684109046,1.3180770648354814,-3.907117233202947,1.793892165155338,0.1072791129184597,6.532080838931582,0.845818055223318,4.515768339908343,0.4639780298262559,1
1.7047361616134187,0.7261559898556964,3.588317220514146,0.4997412692306569,-11.962742374664243,-1.4419439760735842,0.1377366464424862,-3.8904046184777017,0.5980508992737227,3.420866551968503,-1.2960534961657781,-1.9459112933741416,-3.0018232389464883,5.12877690857446,-0.9974198487080042,-0.6673703346058001,-4.146753306433908,-0.11546171431357823,-2.5570864799494264,0.0642653716137157,2
-0.6434270155643169,2.8635832608818985,0.6576555270462039,-0.900187624331102,5.937413280020676,0.14290684201197723,6.443960994480398,1.7097900537346462,-2.8182455730272613,0.7342483432260692,-4.852644151020386,-0.4230819890503029,0.9943345999263078,-2.5904456319045326,0.21210025064635407,0.6460030941292586,7.225715829287581,1.3362337003593017,5.397168793645109,1.255536011984254,1
0.3811581193704312,-0.5860082703145215,-1.7883884976358972,-0.55784114221789,-4.3153332604939365,-4.077624081285304,2.172305588653826,-4.862931451475598,-1.3327864752655403,5.585256500903981,-1.5615838385099314,0.7226396719998217,0.8142057802248637,1.619182201892933,-0.5045298706758274,-0.2629343752735557,-3.6940514933960604,0.8210155410088787,-1.770346213910341,1.9127975855824833,2
-4.121760504543182,0.10808802026503228,0.9588523080136653,0.6307466866555212,-9.229782890316114,-3.8177731278320257,0.6837909134970511,-1.283614203173917,1.8187248136593093,1.8524038288646878,1.6789741895715722,-1.7007575886336233,0.2841337690885588,-0.08904061906869165,-2.8816313762884156,1.5519935321744154,4.784619557766425,0.3257265145978078,-0.37577335721289207,-0.06658574033879389,3
-2.0827422145211223,-3.197100194855087,0.9540572418910529,1.1170294883627985,-8.072794242277542,-0.93533908188442,2.6070016832629674,-0.8839480039929093,1.6027211161395711,1.187804111110422,-0.600882848738734,-0.3996807677292744,0.405354870263839,1.798770219524203,-1.3954911702234578,-1.1014925644982552,1.486247433528906,1.5361507237389416,3.940126592876097,0.8132937997809931,3
-2.15860910783721,-1.7495008587831116,1.8872055198672077,-2.0097754517950306,-14.010280495556636,-1.0307482160900123,-8.59952742124592,-2.7619773330088164,4.086371770977169,3.0206257795625815,0.5403943732114329,-3.6777166614578576,-3.9925992460698487,6.466140637373385e-05,3.098650839438236,-1.141954353065851,-0.6924461130297087,-1.2962989699366414,1.9702076624000189,0.17894605435649097,3
1.5599844012821458,-0.9378557518101861,-0.6394413431881276,0.2295918261506412,-5.146168404663326,-1.8114270017617196,-4.654395700919325,-2.6690719928950895,2.266288873976207,6.6909252244633635,-4.312602590212931,1.7677950104435407,-0.151234914874518,2.271202449931889,2.0664341107852966,0.7884500050066416,-4.863730205904349,0.9714218861273929,-2.444052060326527,0.3624486088378581,2
-2.9705875576824625,0.07009665129575793,-1.6479684040743727,0.12736873877327487,-5.099794435871149,-1.6309688466787433,4.114969259715411,-2.289278236164421,3.5892056155809287,-2.990386613330303,6.232113100536045,3.581786369184882,1.1542804822423613,-0.4911145763317031,-0.17576988539672822,1.1492101411939692,2.889616719927666,0.7215749457557646,-0.3445346804312175,-0.6790925674132892,0
1.4964655514005503,-2.2338202441727804,4.473040377999704,-0.01481297335856981,-10.305069723806147,-3.627863336836965,4.5140993301003,-2.2909368641698244,0.2624382245329022,3.7449995976745774,-2.505299508849894,0.6250456274757776,-2.9949675204528234,3.144192721956893,-1.0244972829363137,0.39173568964366073,0.7156839578331445,-0.558485160641208,2.493171438055956,-0.5125583402954741,3
2.456688001676153,0.9493036195427491,1.8674059192283092,0.6619899979639446,-6.763732332445376,-1.2091336017998562,1.0807642394159258,-2.842675045984439,-1.8607283254604106,0.09343880202012045,-0.03853600981442743,-2.7939057295379004,-3.5123000890547504,4.739660033589254,-1.2566220120014258,-1.3128586084520446,-5.319055649214133,-0.18778440761907225,-2.7382936048775934,1.7040842891250483,2
-1.3553476062096692,-5.680307173376818,2.5772654939976225,-0.27829169046749463,1.7997884414560155,1.75073504242893,-9.733151355207356,2.8554361714293996,-2.3528975182577363,3.192584044476074,-6.185136857127462,-5.814041816377538,6.882948447095222,-1.108204281216148,1.2254396768389144,-1.282794754386744,-3.3259448270462566,0.9257654261961412,-1.9983430050684823,0.7307487092591488,1
0.7387581974974082,-2.5821583651933766,-3.9287905942550236,-1.6835300029732756,0.15723528942448103,-1.2242183310346366,-6.383420780770179,-1.720887133009591,0.5083791318298809,1.909911694768874,-0.12926429879386164,1.1702606963914595,-0.39297824985066243,0.5238067437681608,2.9075078789715185,-0.9375295579981454,-7.4612399063733665,-0.8933026096470915,-2.5485255355409633,0.9395667638923093,2
0.24015729888931325,-2.7128617236069203,-0.839407037393007,-1.548894101695797,-1.087775525391174,1.7660171995892369,-1.1438081791798405,-1.9681688985460228,-0.09016215222372903,1.56979233022928,-1.1947103391843854,4.395540855368013,1.2239861226686295,3.274160011734819,3.453036248796097,-0.5069275744017473,-10.218937248198344,0.10912545276536152,-2.991581339364788,-1.4724800970934258,2
3.0075931454934524,1.7451340976839993,-1.6213793200769135,0.333230467300123,8.916129635194636,1.5640945887344824,4.113672278816754,-0.26461575374799673,-4.4264997623529085,3.192819625164742,-4.0525754259283335,-1.3422978860025705,-1.4086216706781038,-1.8701530769970272,-0.6016454590186601,0.15542222520074386,0.9286895581037419,0.16709084592073142,5.926515829561527,-1.1036247239349846,1
-3.9181201295563524,-3.5719180012695384,3.5668734663120336,0.962414054170193,-10.22561248365773,1.6860161584261517,-0.14301526903998107,0.7776663836948261,3.1810239291411277,-2.280682195485974,4.56774835572548,-0.028935139219277373,-3.4412445694793177,0.5095184379369204,-0.5780399372354766,-2.396424950277559,1.8680050849142984,0.8959166982326064,4.905914841768443,-0.006401936496103408,3
3.9268972506244144,4.0970744668975065,-2.7981684102565327,0.5801534441242598,12.184549718490102,1.904440682514884,7.300076101989101,0.12603368893128608,-4.434673276900201,0.732039316640815,-1.974571420762551,-0.2516468613557079,-1.7903664300992608,-1.843594927284382,-2.0968488949530872,-1.0085687066084232,2.5681555834935152,-0.4000556524093581,5.278268032380691,0.18317844598052452,1
-1.3220677719981158,0.7878792441005174,0.04681175393196613,-0.5223577309720151,-10.968238857682216,0.3625543373779323,1.4387291036615915,-3.141189051584435,3.8417294759945744,-0.4862025700455108,6.205330214612288,-0.40451261904936464,-1.649668898621953,3.8010638617723056,-4.539287430416794,-1.4571458261086447,-1.191757598544038,0.17487875880604883,-1.9656854734612668,-1.1894356297167576,3
-1.8984910001105746,0.9552828348685205,-0.3411787469848373,-1.7200727322908453,-2.137410981772153,-2.771577175759863,6.227726168107564,1.3897869429253376,2.476054646240603,-4.253486186626322,2.372944207593133,0.555527037416122,3.5046627825511947,0.15536942707203028,-3.8367774441461604,-0.4770516919944948,8.678543664244232,0.6673225189843374,-0.35152929052399995,1.0895588236927098,0
-0.5074836883782936,0.9707238547653589,2.136098180053825,-1.6598773205069615,-6.937273207628007,-1.485608940293344,1.5040422946913363,-2.208132983071626,-0.13509866908222046,0.7012501065726143,1.516126515799279,-4.039245306840824,-1.0598847201422843,0.47408195698517175,-2.471869267781905,0.3596296154333933,2.809559012754658,-0.0908241175753617,0.6908400384095549,-1.2914132662785618,3
-0.2765135755642705,0.11474721967485868,-0.8443823073249178,-0.3890669288983542,-1.487038787253167,-0.10196482966689269,3.7608848053410595,0.12183866670862242,1.0171509005669852,-2.3099007259593094,0.2603680516610401,1.5278813799120001,-0.00130345020469802,1.7202551074569943,-0.29164410876535585,0.19970935621897654,0.8629660788332355,1.1959401646844683,1.2262745543563836,0.8465662441054618,2
-4.808969959822218,-2.3101843910214352,2.7328085374281796,-0.06654540203483157,-16.140475645072122,-0.8459375311607767,-0.10823095292998242,-3.0072091693890015,6.206313274460932,2.3069986881429894,7.294854379605309,2.171515785015884,-1.3873175927339942,1.5318463828033244,-3.3921163518145647,1.8047143732832946,1.4042676495262958,0.45795502483189887,-0.3064119250211197,0.1584827541152012,3
-5.0339688715367545,-3.4652454297828172,4.668512218111886,-1.8604963667687426,-19.380499790566972,-1.6436517113783546,-1.5508643377266256,-0.18078056569068846,5.923545949100639,1.3996815010196568,-1.0223915936843453,-0.5828170796587083,-2.563761754461664,3.0182421133078097,0.6121394407188863,0.0375842811579285,3.680978075851517,-0.08817001555559807,4.273178779441555,1.3466160886376712,3
-1.5510360382118675,1.6123435922978406,2.9541546386764015,0.8478219987732908,-3.385056338055362,1.395099911364722,7.327296853894688,-1.6761121740798526,0.7027055803286938,0.36300965402677177,3.326807937932683,2.841035816991293,0.2585450713664976,0.4641991637611993,-2.3697569601328183,-0.4556045025388133,2.5692501425094574,-0.9518014590450429,0.7895818520419963,0.4854751950926902,0
-3.1280002326688097,-0.5081225536704872,-1.994428306025307,0.26620531238892353,5.840318404809102,-2.6579425081364496,7.546995096899432,4.28365535261797,0.035204077570897274,-3.9867470887008083,-0.8942125352746702,0.5478459607041628,5.371317156759617,-3.261500717659937,-3.128402408584408,1.5899738499574083,12.256594387670381,-1.3936310905992289,4.466470082425312,-1.4440701747938907,0
1.6396241102302935,-2.3785936349521646,-2.1634962264457007,0.12543790026326865,-2.807141097919291,0.8705059580368961,-11.438937013601468,-1.9728867937891361,1.101805360108378,3.744221698125296,1.615333526235151,-1.8224667670201278,-4.460873842667808,0.6208561743336062,1.6054845516131095,0.7790011827586268,-9.279290320655743,-0.9353979684334627,-1.9407407073461764,-0.5539095111735072,0
-1.7741299808759443,-2.528077748400428,0.03959562856208576,1.2175457674167869,4.382288099073459,-3.7690207715012622,-1.677386578961193,6.02210355780459,1.4411259351769303,-1.3383141931231315,-0.27519556349449237,-0.3743874042495454,2.2153262175336845,-4.041015719425001,-3.4330509327206586,-0.6147660617705136,10.311702339362718,-0.9760591858685231,1.4822573021947256,0.28348253305942994,0
-1.193322928190577,-1.3878824143091584,3.010680912600187,1.3204230229772282,-1.4716529294271947,2.651030329827924,-3.9338297662084467,2.7855397048641724,-1.6919329629801398,1.59945976973095,-3.689148385892062,-6.144082997325217,3.7447889788574065,2.4906537836727995,-4.269115241935859,-0.1562607277665812,-1.4091647596475014,-0.4898143552733762,-2.388570442130182,1.3569100274228707,1
-1.7503048498706626,0.12727462312204962,1.2950767922729718,0.38289978573293226,0.734830908951212,-0.8448407990579381,0.36662468699551615,2.3595267604018284,0.10178282328342325,1.3046026505871544,-2.193442021423138,-0.5038656019389802,0.016079981034235358,-2.0937543979890654,-0.7362779426908579,0.22180473920770608,5.7042401448640145,2.190104779124827,2.9209228817800543,0.00791833987300527,1
2.4288054857247534,-1.008445851345618,-1.9760586482527327,-1.3963610015759012,-1.88719902237509,-2.3460115745031516,-8.939252257884295,-1.233228361320505,1.083249204755652,5.061818976583783,-3.4379342576972065,-2.009550618501211,-2.8737261660668865,-0.25884341781512465,2.322957186020635,1.66907943022468,-3.3817951052166277,-1.1543464852016496,-0.5260287414810995,0.009546317565053372,2
1.5609767278299065,0.17054273862797875,0.22851190984867986,-0.41350645972604744,12.284321568607545,2.651269163258598,-1.6133033677349402,3.744133555597302,-4.022470484860557,2.377103143758174,-6.8394166735499535,-0.10848871025671603,2.0378429715444426,-2.399666144834807,1.8532310949166897,-0.13178037092383388,-0.49034971043319064,0.17542182141307158,1.5411352204625417,-1.1067270910836886,1
-0.21732415335109856,0.264519662355281,0.4040990473932552,1.3446843754471787,2.7361824110772788,4.099203551930261,-1.9386501681466974,2.7723727709379977,-1.9070981959866664,-0.8689547630195684,-2.697643635294059,-6.167781271556217,4.122499026996272,2.1844873828791744,-4.389880035379218,-1.7731679378107978,-0.8886321771867567,1.2011544059282955,-1.3005799424276545,-0.6848101548964002,1
-2.9081150856005897,-0.5930014293683663,5.424858024775984,-0.9666137828900424,-0.4755866853934682,0.4524811529637248,-4.7065478314218,3.96839003959627,-2.949207296927524,1.7127624503773855,-1.767146800803591,-6.261976163816728,1.429899989545477,-1.287956581740701,-3.947146724157053,-0.08388585723589304,2.8414628223343876,0.8727352006941278,-2.283181955321603,-0.6107526322989276,1
-1.2809472058909668,1.347243272518913,-0.8235098827070307,0.5210302745974392,-1.4892466055981406,-0.10472668759256365,8.31239787651899,-3.4616946222043956,-1.29874774376529,-0.16447645630391228,3.1889027540473145,1.8909150463549804,0.836444133772329,0.6687159970044736,-1.7791493069633786,-0.5016430788381222,-0.03174596729485765,-0.41150804374681904,0.9252168341858416,-1.3456474195912242,2
0.12080628480736766,-3.3434864829542876,-2.740498670955245,-0.0571863940234866,1.5278130175144142,-0.960645603522986,-1.562578381684451,-0.26011937658691275,0.9095648840460818,1.9094592388087714,1.9536120872474498,3.96103605354077,-1.3650376967750233,-0.48052538308476334,0.048577314534659743,-0.8743238146756549,-3.5051937997393363,-1.1401724817996037,0.6653274666281934,1.466286421296742,2
3.625229205489942,-3.143319173651041,-0.04069926446773109,0.3871355503226446,-7.644167378242168,-2.186324345986021,-11.813309604655759,0.9214905533589537,5.26677235153627,1.613578000349105,-6.3240855279953765,0.07693490441312556,-2.137395602937883,4.193920425798643,5.382203513425399,0.5142606576831439,-5.5089052723863725,0.9457336579929739,-3.196272597788303,0.44668978196865544,2
3.964934815190266,2.4846142042864092,-0.4761590000789033,-0.700671848173171,4.3500005630344605,3.4601401795990534,-0.40278876903554245,-0.5492465541304337,-0.7806860565266727,2.8786044653406133,-2.8306146650225505,-1.2541772409336576,-0.08604847942658433,1.4013109069212755,-1.394630538109459,1.8670774948337752,-2.500392921746654,-2.0946443283127842,-0.035005533488488005,-0.9975926117967777,1
2.3948507596822837,1.1791047405997501,0.6777481483553568,-0.6184020107349876,6.2829490244349975,1.6182130597888136,0.5177973952416433,0.7705434237985649,-2.501290136918943,1.471782490113459,-0.01999525449416489,-1.19175254710941,-0.1221213435019739,-1.031280630441447,-2.638552100974853,0.2996449766567142,-0.09103466390110211,-1.9842314083272687,-0.3569314525367475,0.00012305487093427022,1
3.0717743228400254,-3.555181572532551,-2.3236726752008354,-0.4128759930200047,-3.9240093646260727,-4.997287720394912,-8.162889613075023,-2.212170976457129,-0.34791224594925785,1.5968334218118265,-0.019872639363935383,-2.474320930101849,-3.979107782445117,0.8557024042912554,2.196252047983025,-0.02495858534590337,-6.324870615456296,-0.18747648815775403,-2.3147819826900395,0.020153545580703335,2
-0.9868657514528305,-2.5362347717567304,-0.8977466425401436,1.269745986393268,-1.30649763189653,1.1638169302606323,0.13309329062297717,-0.07912841332770104,4.101597625195023,0.9273292219982673,0.6371744153255392,7.273262894136222,1.3972295908952832,0.864306016258333,2.4602243531108234,0.7530526123633149,-2.510360985189402,-0.9929774960024166,-0.16055909630760024,0.6367512660303499,2
3.0877334635264533,3.9601635333673464,-0.7989424085555457,1.328294707443032,9.617763127686034,1.6030792623226964,3.043447475873936,0.6043672975168339,-4.636307282892366,3.3429594838400414,-3.8845245493221134,-1.9440956449254603,-3.3366036777793897,-2.2239857383813377,-1.2638256880337642,-0.17219261560848756,2.0314725661542856,-0.33268272115922265,4.85649055723669,1.0570616142199167,1
4.303610644986426,-0.975549146028408,-0.08819776460328033,-1.748298360781634,13.919770665795845,3.5575099581504266,-4.749309019299955,1.9448192994852178,-4.7919751335376635,4.764619617507586,-5.202743270663753,-2.0578004890576187,-0.5525549886295595,-4.550847618989566,2.1003789742652197,-0.1317022968931482,-2.154972819186872,1.1980588331770237,4.10606158179069,0.83299067076347,1
3.209676292110177,1.6288961710537184,-0.017562501754980753,0.3426318965414549,-2.5212570230389977,0.21650818119334514,-1.3357195887175382,-1.5212220029125538,-0.1591435506160146,-0.8777504553512374,0.9226468216487486,-1.6056321701800602,-3.769572100782996,3.087251861797393,-0.48240133529685125,0.6928677138560301,-4.279731129603811,-0.7472373797356012,-2.2261217836035865,0.33979384202687707,2
-3.518116926826102,0.20428691384944608,-1.3675307134445958,0.3118669158454754,-0.296173454542816,0.3091476577018444,1.2888455433870538,-0.6992928558472387,1.3977796578893484,-0.6514550267883673,8.870833342114455,2.0855818047040255,-1.2924433881430781,-2.711816237288865,-3.826022279955294,0.8536630070653789,2.061751771938311,0.23748399180216492,-0.020680325743909433,0.43025301660559856,0
0.8142538411422526,-0.13624083622918648,1.0835639468447846,-0.22794078592272754,-0.6294445821208371,-2.4078425863492603,8.60117236208271,0.9383134421524716,1.545132466727568,-4.332130785836737,1.5518702638619217,1.5890581094537337,4.743276070278616,1.2765009071247735,-3.8663315345604263,-1.1600373698625195,7.061067987299966,0.22674809693284917,-1.0581251808564107,-0.2775714733072315,0
4.0340106185115765,-0.26818553764263986,3.0096459352589795,-0.29986623395408774,6.5030615137216445,3.6657370739995523,-11.634240490059062,2.8894875305186205,-2.4231352762278666,5.236128281191671,-5.144998812951602,-4.012894764700933,-0.4752294073173826,-0.1427686626194451,0.02726122405211706,1.134232446706742,-6.299329253941917,-0.7183070572867839,-4.503538771159118,0.3159154751732698,1
-1.9629886286331004,0.9757651961597973,4.3971873251507265,-1.2668873687989686,-9.932660377107897,-2.328925141295568,7.607760356148343,-0.7521469519613553,5.191361706446946,-2.3078444194552317,3.704439714670855,4.036806025119557,2.868503685698477,1.9645444568258372,-2.8466840636485378,0.17458827752600908,7.6167857096607205,-0.6676882828147466,-2.531500538587065,-1.156301432174818,0
3.1226904597764236,-4.426331969491262,-1.959158967749038,1.3338389241453312,-7.268664718884119,-2.3533404001999365,-15.83279863634505,-2.1290563415220376,5.553924926048692,4.276965365682118,0.19843231508427803,1.3364113521991776,-3.754682260716011,1.4413895852520584,4.9685115117422125,1.128335679727951,-9.523880853637518,-0.11645809616997507,-5.022133228152752,1.5211342947396844,2
-1.2733224665944576,-1.490084416596156,-0.7695735559469998,-0.8152961861439483,-6.800313035886945,-0.6249941685416647,3.6110487746013504,-0.8323064663019138,1.4753022154214734,-1.171652544512583,-1.061130739133431,-1.9309296848098672,1.556767144161808,2.9891635346180667,-1.9246907434819376,0.8195894004286605,1.7554936980996774,-2.477503629379048,2.998850655497955,-0.5290382218586236,3
-3.8814863774062487,-2.681649858302813,2.3759408258192267,-1.6193408691895903,-11.88464984906768,-0.9793523388992365,-0.8482186248510913,-2.665778860101658,3.369909935647322,1.8644092970092494,5.717976703479671,1.3981011529576999,-3.328094666997237,-0.40704894735952757,-0.40042085262654603,-0.28377803576779626,0.3983550379532217,0.8769956512715757,2.1384525261470086,-0.1195449456906255,3
0.7442550519666709,-4.82171074586442,-8.05898123411649,-0.4208239912706114,10.692445186526518,-2.653328224638,-2.980900098264193,-2.8980183451998833,-3.498720209556445,-1.4691897582830276,5.399497545922091,2.8627287863277853,0.40708994519318153,-5.496675358593658,4.856183458878608,-1.2200302355181185,-7.031082457879311,1.7272030956714506,0.4989221242137991,-1.8193143560445137,3
1.2785136939640298,2.3845304572026897,-1.5597280715632307,0.43023379769841974,2.036922580381035,0.07569134777430397,4.09586933461919,-0.7338065407233763,-0.4136202462575793,0.8295759728032793,-0.8952785109589365,-2.8169808054302345,1.2200615046152126,-0.7565945881769433,-3.3329071801634704,-0.9185288906350256,5.274850436443993,-0.41648426363985996,3.288517104257629,-0.7124304044342532,1
-0.43142000375521705,-0.7143309637565378,-0.6858184388399691,1.4694095296832657,-7.283490313136399,-2.275140890089306,0.3110378946368246,-3.470746445463461,1.0629499100523228,0.164820740836221,6.8854839692102265,-2.0575955793801954,-3.2757852644846652,0.1807249628280776,-3.6735850785720974,-0.9934801403012754,0.04199311276958138,1.0400901571891041,0.2302078902563296,-0.4469360708663671,3
0.5981947706580439,-2.6213034169646336,6.2534851268471545,0.09891640938803896,-0.933769652709809,-3.1109735993416656,7.001266795966204,4.007661379909379,2.609557310699407,-2.9655377825879317,-0.45519192299499617,2.096717995570563,5.559802570007646,-1.5197956233704202,-3.192148276886101,-0.14365920964836287,12.901587008359853,0.46652687896637174,0.8644420290557141,0.6121253521488509,0
0.19556430967968774,0.21295861305039887,1.9296259098819772,1.377838319504804,6.141747409237397,2.489885131792846,1.4190442938501877,2.261472892946448,-3.392083572372601,0.8201436540823046,-1.942506025787797,-2.5435657871692126,1.3450399709787377,-1.7801144048631683,-2.08815412058659,-0.3161767721303763,2.134410448742787,-0.903312267349522,2.2910139633717996,0.6621395504936523,1
-3.5747936058788303,-0.09528653772085671,1.7113024576795868,0.5920777214487154,-6.446108396490415,-2.3898057999626445,-0.4011221802343264,-0.40644971792402207,2.009579429718718,-1.2871118603412153,3.3142341513032374,-0.11587892246303788,0.31216704235849724,-1.1202545155374617,-0.13575883523237642,1.307287922136821,3.7479349314151027,-1.298715991941237,-1.453818974254117,-0.011891411161768305,0
1.0135711026890948,-3.5259517087511156,-0.3780227051257159,-0.07076599460925197,-6.743940483628924,2.985104057759217,-12.650908824882515,-0.9711569467965169,2.602709502941991,1.153493582235496,5.2966088249828625,-0.7443131082383712,-6.42599930836419,3.590253358728724,0.04235296348614992,0.7193182829335186,-13.078788873430842,-0.011948122404462046,-4.366437825559735,0.7863721867800723,2
-0.4923598901455202,0.2540165020398393,0.47352561947524774,0.6514056481734375,-3.861915700841025,1.2784573389191491,1.7939564935729315,-4.103533872611301,-0.5776417045900453,3.0187282578873798,2.4511258935221294,1.4657227178840002,-0.8194293209904281,1.3870380593072098,-0.22942662484314602,-1.1481523301513525,-5.227963670216863,-0.5912947837090388,-1.103508402060465,1.1360661922473547,2
-2.811974105131748,1.1832907907368235,-2.709974119088541,-1.5591027743376638,-9.318922539462346,-0.04898935079673139,6.556024890320209,-5.559045654988372,3.0401925907710883,-0.13644561175354997,4.899711023502954,1.3213327647427877,2.0238417552515204,2.7784550620246486,-2.429189545324278,-1.5439813064787988,-0.3231433017878895,-0.12449605370809819,0.23505833257750264,1.1527508910882642,3
-4.381780881816315,-0.9270262905197066,-4.491283274313803,0.2968814960997085,-2.127561323245117,-2.388545389967592,4.2315558617120965,-1.2649391181995515,1.572372290475436,-7.360296976101827,11.072937273503555,1.9500273806840789,-2.5390900774641603,-2.6905031078348287,-0.9090973282008681,0.2040093513708996,3.421137267903754,-0.9207033396866707,2.8119735035662523,0.8553770810259596,0
1.9109190803874423,-1.557131138427722,-2.885547355655329,1.5432420890800496,0.020824390983673342,-3.5978403750346506,-0.8426881314096625,-4.07756591279937,-0.09483163025338648,2.5512183540545044,2.548686101335628,2.0400653717976365,-1.0925332518968336,-1.7635364042258423,1.7593197135092602,0.25284377211153547,-2.790849500098949,-0.48883045412035586,-0.6585060075703838,-0.4787336645910249,2
1.8430594696915614,5.327379084188561,0.8497988031153446,2.1620801807409196,6.799229078562549,2.4388452097868116,4.631805684498742,1.5373519127202984,-2.443441175462648,1.3649742924273287,-4.002474698012603,-0.03331570809053397,-1.233802831872448,-0.026963492173340153,-1.40145230004309,0.2705399693578785,2.9160586672528916,-1.840254653257505,1.75551411731876,0.274344774888692,1
0.19909981084072848,-1.933446697333102,1.7354832692036886,-0.2276012297894855,0.8852576712654607,-6.883584692710739,4.399250513743535,5.717271344929971,2.1885108358381298,-2.947524283480738,-6.583682884450174,1.112003833386216,5.620079108620642,-0.6324149940032953,-1.0697666041117402,-1.5913824131580943,13.193585035271923,-1.889362204707217,0.6921919964069376,0.3672747809945995,0
0.6317318550040464,-3.3380556134252775,-3.359890536619279,-0.4089563572198086,1.3113663389596364,-2.8489245421014298,1.7364245095468365,-1.914421443904482,-0.04245465338030452,-2.399003806804336,6.650800955794549,3.6414829371733046,-1.7162351711661676,-1.216228595234493,0.01214332723161582,-0.3524820465884508,-2.6789561691484365,0.10798671063893102,-0.0031228414831170337,-0.9117356788111819,2
-2.057291548075869,-1.513000337049078,-1.234940442047554,-0.951267688212614,3.8777435032522294,-3.5343079814156866,2.358764927033727,3.653726070434348,0.3232682171789325,-1.919230333199192,-1.4669413869063734,0.5124670275540498,2.9890285218240855,-3.1576214784708547,-1.0507168895249732,0.6693094691936471,8.687176186193431,1.239861200947702,2.741276222241106,0.5378410736607816,0
-0.7363113124951177,-3.3935701349302416,1.398645460717323,-0.26881061174257165,-0.8510966048555533,-5.268379520470528,4.47297658647574,2.20002193201079,2.856239706471294,-3.635007873736718,1.1600125750514338,4.035100129098196,0.9257229995460889,-3.7884176166000643,1.950790882960522,1.2348339670139743,10.501344911503987,1.229233955682836,4.395731248101918,-0.42253130948399986,1
-2.0595851152282907,-3.006424064108873,-0.8190154683422612,0.7346197071192744,2.558505937214826,-1.30006189565685,-5.201461436491989,3.4157039542108008,1.4321417325119552,-1.4210305740044833,5.320427212421858,-2.2933452670801,2.4290961651484237,-3.4186487127926006,-5.140647898445734,0.20888811631055626,4.4531247045952265,-0.893406585093258,-1.9798925513495078,1.2203429772001366,0
0.49347129039377546,-0.7590366892156997,2.615416553459901,0.8398256313139335,-9.43314176223715,3.7552578271022887,-5.243820478826295,1.5737251216380717,7.953979236866701,0.23283728089514089,-3.1664876284606,3.8050789728141674,-0.742629056044173,5.302378545019042,2.9965129465324645,0.004814950511856435,-2.7408312439779072,-0.14085208804392002,-1.2944622591563546,-0.6537865637126828,2
2.2882260551689244,1.256586218650521,1.164115992195727,0.5551202666544675,5.308291948027071,-0.5454044206974269,4.0977520501628435,0.9758256944264379,-1.241474303377981,-0.4689865177850612,2.114487172608312,0.5689927147734826,-0.5552773306154017,-2.0643377247925128,-3.237130030295968,-0.1024996876836148,4.620892394123551,1.009788345047935,0.8019759838962622,-0.8909520341831287,1
0.1084064872156334,-3.847685756764996,3.8214900701211594,0.4093082310044664,0.5259426528538041,-1.9229282970865964,4.165684957093198,1.9732787193023218,0.40211565947308525,-2.5350550670673213,0.7419719337546232,1.5893993260934638,2.8604970846359485,-2.679818525582647,0.22471520772284514,-0.9110625179043068,6.896312610985657,0.9460444703644726,2.8342373829902288,-0.21375757699917197,0
-0.04400770795447362,-3.0237119075926593,1.3807243227911188,-0.7707850460027027,3.622216030847802,-1.0644541238735827,3.0263535227335647,4.21164070895316,-0.3633076848700689,-1.409331630919142,-0.9487911186435102,1.244840514486567,0.3999213318889905,-1.387912137983192,-2.266504217324249,-0.062423293033543346,5.502371085800398,1.404302289827988,3.8996267046161575,0.4935550838254577,0
2.206017112546054,7.272983500329602,-1.0785496126307845,0.03557182817581173,7.500016622428604,3.250735536325106,7.144852822315026,1.1353526767808402,-3.304079483029561,0.36884250082835823,-2.434157105300864,-1.835736834476496,-2.4303558659786626,1.3929037761171017,-4.850926050689024,-1.9789852230782194,2.8360648203553653,-0.3710907237057701,2.332650043391397,0.4366059912640178,1
-1.0111656783913365,1.5578272570493228,3.508265627792859,-1.6982369421888497,-7.291852410987614,-2.3515701469416728,11.404556789149634,-1.1598914672412861,4.847304933676858,-3.9574477544231907,3.253836518992432,3.3503116995261144,7.226315266761912,1.8396687638735734,-3.915779855900102,-0.2684898596883967,10.23126983430699,-0.0222621896151464,-2.8418564027587556,-0.4973607919744184,0
2.1469973570408625,1.5873816783680508,2.017104108506798,-0.12497063688131373,4.6674996044362675,4.832692009943153,-3.013259060330814,1.3605824703566436,-2.917438573759451,5.546521320463661,-8.671655367238527,-2.644360288648903,0.8003631610798502,1.5149534697263518,0.7897936988111298,-0.17710656720460444,-4.071603884023688,-2.363278223127534,0.7901111471268307,0.5802076812550175,1
0.6768604097231292,0.15327055395701628,1.216437040635365,-0.1750826847856251,2.2685731780729967,3.534206356911312,-5.03417448038556,2.2523154900683062,-0.819420002632861,2.858933860860843,-5.841365912452103,-4.351833934091509,2.9100283619273886,1.0549881502234588,-0.9251289558400466,0.598957945656158,-1.3635149447700674,0.02950025870028932,-0.5840811261648564,0.0814203275853181,1
-1.783875384156087,-1.0975510785654425,0.6911918701025609,0.5552107877665946,-9.336762912370542,-2.6770729106095765,-1.9863648551700108,-2.0769473147080992,2.1034638500184917,-0.12064567040060736,4.005184178947126,-2.8703321922088474,-2.522954130963574,-0.387936233251176,-1.204540601945646,0.5351126855925138,2.310688334772402,0.10029953147728403,1.0280430571322896,0.9440292047350465,3
-0.03108884785008348,0.16311507358410227,-3.5953516063182427,-1.0051291400162774,6.126479734061639,-0.6972252849285264,6.888999253529537,-2.362920150685043,-3.1179709198635464,0.7416542036877752,2.1991955144057225,3.852287045144774,1.1978116865018942,-0.7922867783829428,-0.9851881624892713,-1.7989611472303169,-2.5327993035445187,-0.9623792917926665,0.3811737128442192,-0.34153433092605945,2
2.845550659056796,4.07698702595694,0.8670529608060089,-0.08440110437809184,6.781592011712383,4.291964282817281,0.6734323170378844,0.9672853151255082,-3.28050336628647,3.4686807993193063,-6.709028779181109,-1.778347375661239,-0.6345876348867003,1.0798698527893795,0.08585604558499016,-0.020039782720029466,-1.9611661353104604,-0.19917320752099718,1.2531168832248583,-1.7681867608556778,1
-1.2896615335901789,-2.2191900628607155,-4.137865239579787,-0.9018049802055758,0.8754166939363047,-0.9409863813600926,-4.024763672670118,-1.0677770618734104,3.4519781244503145,0.7885547903564046,3.0686436935640122,3.3529073549761415,0.3014523680979453,-3.319913837454146,2.810124216472611,-0.06946553474850989,0.08189917421651698,-1.2109039020835537,1.4248970713252183,-0.7658146999402815,2
-1.7698564535257675,-1.3274408229839194,1.8997213638851067,1.933617534612549,-5.452718724523985,1.5986272940570743,-2.053505246797606,0.8581459616485647,0.5867156791501492,-0.218605682492639,3.9794807428681187,-1.2701396827622529,-4.32939816672803,1.8461011713797153,-3.4580340028160803,-2.054237488908266,-2.3530546954657896,0.25925771065567643,0.37042194180101595,0.01440204370851548,3
0.6938196642327408,-0.3173955356946103,-0.19767640582915225,-1.1456623229825649,-1.374987746321734,-3.2230858657622186,-4.209646230701879,-0.6715501758413109,-0.8245402018542967,1.1180216247337555,-0.28809543283774025,-4.39712528801669,-0.25763955041796915,-1.5942211843670444,-0.40433157313940005,-0.43552967992716335,1.5495888146128844,0.12092964274968865,-1.1788401000635362,0.48627319240906386,3
0.48315043171897043,0.3214012262712098,-1.67071653958595,0.8303687042894683,2.3855167614246975,-1.4704158073951057,6.559204973382933,-2.21305720270791,-3.010433422806955,-2.83365955293958,-0.5337193290515182,0.6429651100725413,1.6981028454951468,-0.08952425000192554,2.467219514488984,-1.5335356187771982,-0.44595700183785875,1.7068495812407072,1.3440139339992871,0.799295318824017,2
-2.8263257410810807,-1.4728949817430872,1.3936294048429436,0.6746759298801382,-2.1314764142532945,-3.3469393783624133,6.610572978100899,1.5279291353844786,2.176993235389781,-5.103756451650259,5.604136865996834,2.83782212567671,1.262083292401382,-2.5088961029237344,-2.0383345695224504,-0.1774740884123157,9.370001947409182,-0.7930728171948959,1.95731170302747,-2.6265897245139516,0
-6.177637847442117,-6.478145753744183,2.8432677022537574,-0.47889008049195136,-15.325035849557493,2.69163217665399,-5.873529815686119,0.4268442852846701,5.857818605858462,0.4335822084497801,5.282151227077838,1.365422293264217,-4.58969335369035,1.540588261181219,0.3666262195879808,3.1834339182751634,-2.7318721256213983,0.42564577159914807,4.6884046351983,-0.788429126734895,3
0.5334361869470285,-2.4942771233453223,0.9399053382459599,-0.08073532104187643,-2.8071067123797935,-0.39848807833266875,-4.0815260724316484,0.1422788250673197,2.114982437399411,0.14206924086418748,3.6799118362597234,-0.07316280390202712,-1.4853522109150408,-0.5335425276591271,-1.1870784769724037,0.9015165142816337,-0.5767847955520138,-0.7592721496044921,-0.8932203796013063,-1.3412036929023254,0
2.1995659082957952,-0.33269035771993916,-3.706704077107103,1.3858781003668577,1.0454511160330087,-2.6720274066471044,-4.849729342450968,-0.8784425004043526,0.021563954995741152,1.4340314216734042,-0.8695372205737495,-0.9829384231365501,-2.1252741385512004,0.19045358023765235,0.8286582658858305,0.3099524706394958,-3.11305061079684,0.09772817162775364,-1.4277487664823332,-0.5268607106517025,2
-0.6822591936807032,0.011541009527330504,-1.4273699157714093,0.7626108804987939,-2.0589549553345097,1.4411655041666704,0.05098314891696134,-3.8869392963956604,-1.5425670065247568,4.346935528694427,-3.670618251530629,2.853486908518886,3.2320507273475108,4.390513220812702,2.7009441698607803,-0.599049749106682,-11.21937120575545,0.04516783061610709,-5.254653075109266,-1.13567747122816,2
-1.7925064168036169,-0.04315024914203058,0.5175113249990513,1.2242982848562467,-11.805777745933906,-0.04862689458548952,-1.6487405602446572,-2.997341605292547,2.0226032279186024,1.49149442534176,-0.38935106784151846,-3.833610010816439,-1.2630352605147537,3.1711621241801655,-0.393040446722867,-1.4614217465946748,-1.4919457406026506,0.6281442203822553,1.0453046813432156,-0.6260598459205134,3
-0.7795330511991714,-3.633912709824022,0.8140089918764256,0.9749844341928189,2.7892310334112977,-0.5704589405824652,1.3486016540296937,2.2441359625608417,0.11153763070003886,-0.59685461503166,-0.3866854459358048,2.370662201849189,-0.5748798123521648,-3.4209054902927654,1.9784777327221916,-0.08799424784569565,4.141812736045973,-2.2467509439556443,6.017232519490802,-1.3108914399721663,0
-0.950719718386428,-1.5209941950110146,2.678180123648281,-1.1248283909758114,-18.780045705170505,-2.625829216671918,-5.906296172857354,-4.93401006459224,4.503653764356885,2.825939700682131,3.1628637606403287,-3.0567770634599216,-7.048391419850784,1.7138738070011124,1.8321589478125397,-0.0022778408687663017,-1.4672597718978853,-0.5187445268315181,1.8690992096531462,-1.9160526401362312,3
-2.1801832229300038,-3.2149628244861947,1.1036459023854321,0.6036463661199082,2.360513045865823,-2.465535184661103,0.44310003957398175,3.7847241206120144,0.5499713252101339,-2.6940784605918457,1.7736842158001076,0.015571003158685537,1.965245785357811,-3.9903092943431058,-1.3539908557730471,-0.20225952849293358,7.912382248944875,-0.47588261352084915,2.489490786361766,2.05301162400888,0
-0.4355804691171128,2.542000175292476,1.438860678860715,-0.45967464351212917,-8.848063365185714,-2.7997177221354037,-1.4889277813603532,-2.340400992675015,-0.029456502293693454,2.543789586724679,-2.0447555639814317,-3.219689456947523,-3.1061607363055272,2.65109001157784,-0.23970412881459513,0.47482552762204816,-0.8089606571576198,0.591974871864409,-2.042310283743524,0.8621516381879861,3
-1.3504745223138839,-0.03431165202275688,3.9584885291440397,-0.5194491892510879,-4.312883336293073,-1.9544660644993033,-1.1568567326049501,-1.033861241565321,0.5222215195451163,2.532851976614129,1.9811083541236443,-1.6142184142900418,0.10651842199277439,-2.9429723248641086,-0.9136243987232423,0.4540281696213166,4.725419883731081,0.6485502035748631,-0.43989551004756255,-1.0797875772401162,3
1.7485627021226342,-1.7024834016823154,3.411552299814457,1.5594603667315525,0.36704533553359614,2.005029735668419,-2.5491234139450833,-0.8893256196379928,0.9094629834489525,3.8346339385913666,-2.40702871094609,-0.3746645846034842,4.096835128200833,-1.803384217255996,1.6752571116655157,1.7220956880944078,0.5663850005752639,-1.039688944140981,-0.07024504519596819,0.38367622915664745,1
-2.348075720905723,-0.6160465000632432,-1.914558192524249,-1.1738650552773442,-1.0910749343353745,1.1442909967440147,-2.1858168311349746,-1.4366017659583945,0.1136301045967687,1.0465728353739197,3.749044578294654,0.42791996927148157,-2.644494942908579,-1.3497505835675931,0.3217253568676095,-1.0154626260364303,-2.7793111889298663,1.8761402076818212,1.6158929754166023,-1.0673185830543928,0
-3.1028913276932695,-2.4195523216286725,1.5301580915965771,-0.06424873618608622,-2.1675997962858804,1.468254588688234,1.5606358914822722,-0.8264766857335468,0.3804335496346649,-0.5936247967620348,4.786018192370033,1.0702641407770186,0.4344942114320053,-2.330278962373135,-0.14346180257600571,0.05414116123232685,1.0736722550945617,-0.774682187050541,2.6734847241928277,-0.020466724909825356,0
0.43673962777435704,0.04563381018260482,3.07246770662335,-0.2969982074725518,0.428392067768844,1.151241324636572,-3.096577768224772,2.775655139527018,-1.1991830369414838,1.920124319924474,-3.5788632717706954,-3.9186736865558,1.994084272608011,1.4328901521625803,-3.3811540626293946,-0.2933188682052779,0.3569971128897403,-2.24809519277107,-2.6601588268056706,0.7874940318864571,1
1.468472097175388,-0.7987518707565742,-0.14358071417032825,0.5262952543866487,-1.843732510847487,-2.1379587428254125,4.4098166738740066,-1.8460915474497854,-2.4677986912059664,0.27492201618164014,-4.00115765606738,0.7844982426747554,1.0101583296775782,3.6647303446524617,1.3544291089122351,-0.2865368927957898,-4.1286086941929065,0.3181415619717167,-1.0969706683150102,-1.1278636815703542,2
2.433443306948165,2.8397133975955033,1.5293505014794553,-1.0560351842648052,6.081098532133219,2.1357804810726817,1.8310865013961275,1.325175745470974,-0.8959071813542264,2.257957705388748,-3.651174602501915,0.544888354153692,0.32975390870786536,-1.2526730761597145,-0.156267922309981,0.034114653677361086,2.974199175272915,-0.005090897581514398,1.5446691667551604,0.10293064847879732,1
-2.998911155787665,-1.6950939131723282,1.4521571739060224,2.620345599983932,-2.31135997980599,-1.9780371783210655,3.562858643104023,0.5778803160867917,1.5154431123160976,-0.793330941418515,1.4813954842074293,4.043637837411071,0.43637950174035556,-1.9623811319196627,1.3711229906676308,-0.20624409497419843,4.464920560484136,0.7494795235012255,2.280000285599484,-0.6807631806102802,0
0.1618085426944984,-1.2164252377077942,-0.3575360899666824,2.4789695433994137,1.1584290201164709,-2.943145708746391,2.8410345493724427,2.6836477362307436,1.1209985837830305,-2.6326729922914103,-1.5084525927199708,0.030992196527581672,3.577096463123708,0.02986082983677596,-2.1039444750480003,-1.3711334106862298,6.178721461277903,2.0937908352902785,0.042129041195671624,-0.9898686929153012,0
-0.20437643710983777,2.159992723556172,-3.461292625113655,0.376996025123544,4.4054845918319945,-3.2214696728464625,9.114535624915362,-4.695793354517756,-5.0237403063600325,3.2349370719369435,0.6960925728528714,2.1025494852675104,2.0667416150204105,-0.6483162396919799,-1.8830596789441314,-0.6087271337666639,-1.692125025026118,0.8241913590387195,-1.0977417752427068,-0.7324643866003517,2
-2.4842794723085366,-4.204594014201639,2.328203639975163,-0.3747588489392057,-10.916902086767658,0.41586171109598236,0.7292559216295773,-0.5254122117039732,3.432457491199544,0.47070256565171986,3.3586356130976744,1.8234236254325813,-3.509194043862045,2.266343783234891,-1.4625485804291862,-0.40962652275339284,-0.6796752659534299,-1.1693384273079759,3.9595101687191527,1.342712643385247,3
2.178242296757363,-2.1527414600985635,-3.700929512373031,-1.298293396876651,0.5255766333573011,-4.246277287388196,-1.3758047130884101,-3.4679387839857063,-1.5992622642980345,0.6028390873515704,3.571377716935277,1.2369697697986952,-1.979431476681565,-0.03520129869072752,0.5934004676964234,-0.5253472019703571,-6.0051610008532865,-0.36424766780857437,-2.9629191978994136,-0.024555670925075348,2
-0.4276298266421573,-2.3866695415757335,4.998358933802017,-0.9607059499118257,-7.76046571096848,-3.379387542831381,0.44866360184716253,0.43330142819902484,-1.1688244695280319,4.803161742791873,-4.522768923483151,-2.123000276516985,-2.487145145462854,1.3878138122126265,-1.6335873298965078,-0.7288816455038859,2.126008412067129,0.39117459457277953,2.4273143858583293,1.3289720912464893,3
-0.2561115303935937,-1.8108471962704242,-3.2265209732209987,0.620856589632886,1.043009245599946,-1.3223262166103007,0.6816087588330505,-2.575099192353023,-0.9349346364479434,-0.6615555024774271,4.540021514295592,2.68469375924833,-0.557450940137089,-0.2197465946884265,0.5693361955337222,0.26007935181505776,-5.185067047301479,0.860168903002055,-1.665617741207374,1.9200894204264596,2
0.5589319983507663,-0.7975679535136861,5.770201043492319,-1.2767775363839153,3.3246548243941727,1.4679612843582115,-5.20193778072783,4.7120325476279366,-1.6397428248331187,1.8830995807505078,-3.419739623448568,-3.3691720698365373,1.5128176082995202,-1.4263778311133148,-1.9324283057559692,0.15518473804793037,2.4197195442777577,0.7881346436941644,-2.2502068725699793,0.22480248929562452,1
-0.8413003881867875,-3.7137964310337264,3.777531646960698,-1.6761793909474167,-13.250937142175209,-4.2801892885777075,-0.9423639644338718,0.397825881006733,1.6263397157102433,3.807517245061655,-3.7412713500738075,-1.2309753031710222,-4.5372157042281565,3.895817831524998,-1.7041482435129538,-0.27311234228787656,0.6902716796125343,0.45981269116679185,2.700913720113699,-0.10452560873507832,3
0.6995261138672706,-1.557136649827742,0.4623601130879378,2.0424608730336464,-6.33590321385056,-1.5541417425856143,0.44945834173209986,-4.311497686297681,-1.028161778966358,3.4746455574495396,-4.078005997203784,0.9256484718931355,1.7813442319388058,3.92014070497148,3.3668929885311294,0.13236394953644345,-7.658824154605863,-0.4900497813724008,-2.9390845891976483,-1.0255178767302484,2
-1.1640839242261736,-2.8976109003953403,-4.793745671245837,-0.10886381860080305,7.029410997039965,-1.2638410386854633,-4.4024994069978725,3.81780119137002,-1.4919617895431698,-0.9583135667093433,-0.9332432108463091,-1.9003602710637493,-1.2005375687968005,-2.8645953942845974,-0.5442155185961971,0.10575217868244959,1.1432367167808792,-0.4295929456565029,3.934184124318074,2.6243809004653476,0
-3.31285618036126,-2.2314081283736,0.8898521694698347,-0.23477336644485744,-6.31539106721043,-1.2490176611448802,2.9876852982563697,-0.026829799250603026,1.2038522723342164,-0.6269978375479681,1.030077540974867,-0.29069776799336,0.2061970214824851,0.21572779462403324,-1.2369937139050013,0.7693456103101108,3.518616399265553,-0.05346743573879348,3.6727532921261408,-0.1609345293287546,3
0.2939935574133423,1.2272941229329057,2.591270726567769,0.03768234868289792,-6.685552996727611,-2.060421736054245,4.949214810459743,-0.7965934503968737,3.09834644818341,-0.36493656463163093,1.1097692159436732,3.0059029999723963,-0.028325795363773887,2.658555097205324,-2.0260528259331276,-0.15144879881220152,3.3151346502505965,0.8473004805742326,-1.9510405048664379,-0.03507807072000761,0
1.04850125776909,1.4205885210992297,2.2213536415831894,-0.4259697662192166,-0.8512348457469149,0.7202675440735468,0.15124809060980096,0.18750465602880784,2.932838673370474,3.428011403169019,-3.5650318285468967,1.271603496729099,3.1395239838986804,-0.3499009561448496,0.09747281336249447,-0.3339666667584794,4.298114776703176,1.1092403679253597,-0.25594784000814585,-0.09764031328343173,1
-2.7582507388469635,-1.3956992561708383,3.3637930274134105,-2.4070285957820063,-1.6480496739339643,-3.580812321182116,7.108770578857415,1.7163404531455153,2.192900840775885,-3.166815950201917,-0.42165740136444374,2.798034603205041,4.352720475736607,-4.1128850464281985,2.0024547929089427,0.22618965994562834,12.886567220872589,-0.8462108184543038,4.248486683030084,0.8506873246896567,0
0.0633651946605478,-1.0568227275133857,-2.896259229693414,2.329180931171699,-2.444310000608885,-1.181017702051004,-7.416310181787197,-1.22220597550073,2.964090118520927,3.8876727694113775,-1.0916814339368226,1.2091754082423272,-0.6699602777366209,0.21756010363710176,2.0837368941045256,0.603272060870603,-3.8712064197281686,-0.2952643409458324,-2.086960236204088,0.1888627540922593,2
-3.21001712715673,-4.359117703811695,2.759139524876104,-0.872344827373172,-16.18171478380842,0.5983473200942317,-2.6451673058409235,-2.8923362593999173,5.5031706818634305,2.634240461948054,2.671450959517546,0.7035437374090776,-2.489070515336329,2.068306437907382,0.8938945270737548,-0.7886050043984563,-1.385306456632867,0.10515347828682546,3.6687535685458106,-1.5916229434926827,3
-0.4219887264994657,-0.19139337027833192,1.7206682798131125,-0.6409414492642758,-7.6172255258236365,0.5724323682569217,2.974079856762919,-4.391007604879777,2.302842547401319,-1.9332801842750809,6.77958397788362,1.08847532079982,-1.2355486182721802,-0.02995092275441258,0.7855818909248553,-1.9481142023764133,-0.1458692833975658,-1.1632817122682675,0.6095171468528833,-1.1027974854936686,0
0.5438571004241484,-1.6663217114601274,-2.7699561384989844,-0.825560424396514,1.1858991853901635,-0.7039182071746329,-3.9557472227275285,0.7373528089462571,1.9067082332720093,0.07085796584987913,3.0593679521464936,1.5407794481235595,-3.226538029183889,-1.0789189225741405,-0.4718817790366068,-0.8189348507772521,-1.09377534827486,0.3519487264106008,0.8618446544189546,1.1091357023728556,2
1.2313526270858972,0.9586091338834062,-2.15760818635632,-0.45870993330102644,-0.6572753478361125,-4.008882302292765,-0.6286394641849956,1.23178074717572,3.3476438229896113,2.714647631708297,-5.363313962958999,2.686774200817668,0.6877361389838699,0.9586983887442287,0.4250467994892171,0.4724913814655786,3.9072594682822928,-1.24623152424569,-0.5375266028674328,-0.5232994128655081,2
1.5476758171169203,-1.285659511428495,-1.1964306581755593,-0.5403199550085914,-3.044101496832078,-2.131871303930125,-5.412971898278241,-0.9515199425830645,2.7590798958756984,3.3089942257168765,-0.5592001713337754,1.5550160572565763,-2.3005680824582404,0.3950955577288522,1.279257060435134,0.7779292517363771,-2.293206905232318,0.11224813784000155,-1.284032072509543,-0.20204485693889312,2
0.39664341083074883,-2.0939964971254836,1.0823337516877014,-0.5622084220483275,-5.516921687739603,-1.684432718370088,-1.1174709486092582,-2.530887289830776,-0.08601940987884071,1.5446797056961503,3.35008390344975,-1.2838639925475404,-3.452571411848664,-0.2845829561677702,-0.7391159267184397,0.8810825786274639,-1.4688549702480118,0.4066731911490211,1.3042394358199088,0.3589351074693598,3
-2.9262864909325708,-1.4886790822632914,-0.7987450775290381,0.8240282844308259,2.314686014208665,-3.4560110926214826,1.549589795332929,3.1430402822713575,0.5774912932464555,-3.2946584475806375,2.55186840754406,0.5945968349806923,0.14994403737990236,-4.2420186383291725,-0.9136213573952773,-0.11816086704843243,8.51364875366954,0.3375063794863457,3.1337908682485645,0.979465191023909,0
2.9077501259200957,-0.773408057139418,-0.11078567851405241,-0.5274041750085541,10.1493907057985,1.20096790908658,-4.4162885578386115,2.9469309369133763,-1.2285323155371861,2.669825017395848,-5.016209282130173,-1.4108087280654187,2.5834051448902158,-4.018849543899465,1.4050929042094618,-1.6095946425032448,2.761491799219921,1.5026492216700915,1.8857092306767071,-0.8218897053196192,1
-0.689749054376616,-4.015748742635084,-2.8291309122224604,1.9785911289941707,-1.3775054354404221,2.5356478218436127,-6.675594042381669,-2.372439420383755,2.620717880734134,-1.6339722099498522,8.763193067586174,2.357323149533542,-2.903319014909041,-1.7676409323144204,2.674419539207074,0.4756496589088045,-7.354419178705323,-0.319331133505843,0.07251342137787464,-0.5811467085771074,2
-0.03320602909830406,-0.005750184463231722,-2.121036619843513,1.675925126683353,-3.2050899021045343,-2.398129835186456,-0.9428466304519992,-2.990849600283801,1.6756042858499272,3.7752884652225545,-0.4195712692568042,2.6642559852260437,0.689553255227302,0.9848362390217742,0.8641184970282629,0.16005496213327775,-2.812101231367876,-0.8059089045297965,-2.670545386532395,0.6579725382621514,2
-2.347779015989026,-1.9166871497686768,0.9283713559223732,-1.6538786000320556,-14.530512822772144,-2.318675761403059,9.375844114100742,-3.514456117888803,5.4879827867693045,-0.12962167149430193,3.592483032333692,4.151353322000411,0.6725091921433934,4.2517275682257925,-3.385646345800688,-1.8000303928315362,3.6242010334839914,1.0706421398398702,2.719153980066478,-0.7217108680904613,3
0.8455387369216669,-2.393347548206135,-0.41442741983580744,-0.15165992216852248,0.650266541218348,0.7073035047330181,3.8672045082778532,-3.001266722582555,-1.7179197681247818,-2.273099771564309,2.7754175213434094,3.4045796829258803,0.3200160109409247,0.5004780132358303,3.4671023954873736,0.11424991915200487,-5.813867273562297,0.7852486400246139,0.21194480760063272,-0.07950166803898079,2
-0.4241829213316173,-3.164770368538378,0.8021975899916194,-0.6849212744959627,-4.350979525891327,-1.0856874826759224,2.748364254727913,-0.6182426045554796,0.3527121951285419,1.7085613729353815,-2.791627427273506,1.2299318780923953,1.1214661416328902,2.020812378970547,0.21544084488610715,-0.5519789211308319,-0.6727195819161293,-2.272451717097593,2.4635815302426334,-0.27749562437764874,3
1.5253721600132577,0.21699143514058084,5.583459070535673,-1.483124255616004,-13.360927438834304,-4.776841506996787,-6.9148006335052745,-3.467307400304219,2.0058785750073493,3.5291749175029463,0.5530313189683816,-3.774371586089069,-6.97211563853749,-1.001533806760019,3.2510847020108877,-0.7796950712803001,1.5772414740105598,-0.19035362589337249,-0.4967438007178093,-1.0485022927811989,3
-0.6529636067264941,-1.5708612102973667,0.3163653702970677,-0.252743590494368,-10.296481707385817,-0.3422526083254742,2.8701736070542156,-4.266271294745412,1.8436363010776247,0.18616913456552742,6.129997916687568,-0.07269667009866687,-3.2915775183577063,2.474073633412657,-2.7129387234718187,-0.3728144921531983,-2.31327022254315,-1.1429617929678018,1.659676781296967,-0.2879349562011742,3
-1.5996985527218537,-1.138306876106315,7.365464823064745,-0.22405316796308686,-6.386059360702798,0.3916723743649373,5.222903492671163,0.2700443840755451,3.0275573549575254,-0.5282990266201122,1.8510532594703488,1.043910383455903,5.258365712475076,-0.8749189533257261,-2.14878326807834,-1.0926388346423177,8.355045943630712,-1.3801238797347277,-0.19325814017407983,0.6149086473415392,3
2.145139028645355,4.194184336866035,-1.6477609799016695,-0.011088533503246375,7.985228320476666,1.8639917912154662,10.567585923412858,0.7546169633077086,-0.20508034195599079,-0.021945258784010546,-4.006423548928585,3.0506851004257904,2.2021113754890527,-0.7516110963985045,-1.0077618973619442,-0.09800092225981173,7.274777811765964,-0.04682446541123571,5.690631423696901,-0.9984746287202415,1
-2.91546266654609,-1.0883459736933256,-0.3601268720804207,0.34972676414856796,-0.020274858839081575,-2.892405580550526,3.3723138553090553,1.5919765498489977,1.7849354793249408,-3.6614152053850617,6.148929179065499,2.4886207771997206,-0.14854159413243773,-3.2206875276689217,-2.239586174458632,-1.487224707557865,7.225700839664433,-1.1341810097997216,1.3822092801443462,-0.04923951984063078,0
1.7241496118760793,-2.954512983350212,-0.21906626218942926,0.7577008413002029,-6.655130498046583,-0.9016659523262546,-8.735719662238465,-1.5885507256240303,2.930836413535596,-0.7462017399035257,3.957844133404328,-1.1019665293377465,-4.888304571628806,0.7668415475767846,2.3447514644832324,0.5052862299320218,-5.316981075658035,1.3738229827901292,-1.4870125675411596,-0.5446271920694887,2
-1.1897079524344916,-0.9411065565918499,2.651114360341267,1.7337990341370537,-2.864963449767519,-1.2053375422500416,3.260345266483573,0.4539405623060784,1.8695538290166827,-3.477463146184222,3.2322056433476387,-1.0943485133164974,3.2756836672454086,-2.0763406175428143,-1.4541317277459576,0.9100771660235525,7.859128348995162,0.6157420833970998,1.0285230121169202,1.3604183878015916,0
-2.0823258388809176,-1.1022465655097415,1.6380365420132534,0.3694158162498746,-9.00923079331658,-0.5100125049409558,3.883100985427628,-2.610303095525406,1.760016974746459,0.24481490834983144,4.5443375469500475,-0.3176537269079973,-1.2355849888181487,1.0173472630674731,-2.9671478627644667,0.9999375223902929,1.885168328665305,0.3931842319354487,2.3121011820575132,-0.371289237815088,3
1.8837056997294614,1.5006233122366657,0.9678632629179666,-2.008801495570681,1.1983935192702153,2.796911904757206,2.1171886570364884,0.9540447368292175,0.6499563276052838,1.5913884338638216,-5.193431054976764,-0.010513028825346993,4.1286874608996404,3.4770828645582674,-1.7963483269050378,1.6214525081520348,-0.4407999506409868,0.10035544608675968,-1.5842321289831962,0.3822596165483177,1
0.7446998196283072,2.2829588698340872,-1.6613120116580127,0.18867157267344742,-1.386629940502169,-2.939114313921695,1.974367230528862,-0.24350929058411697,1.6872152809026857,4.023871714600912,-3.409995920188976,0.84123793862426,-0.41019379684611346,0.9450299309264121,-2.542836856705187,2.255156294513093,4.041809185679721,0.2466727099088533,0.6476396866902552,-0.3220740593245931,2
-4.712234891047318,-1.2969558375960886,3.6066366021020313,0.34345907350462324,-15.840505877958805,-3.081033953093084,-6.7512732113846425,0.6349371119187417,4.221839070206764,1.5273904908549278,-2.553297744822742,-5.704669004245433,-2.515023380637918,0.0815779331791675,1.2459168769392854,-0.8526321383248727,6.234005075307167,0.34396942710826184,3.139087913713194,0.35216761450330936,3
3.3949810711193367,2.764817944003248,-4.984621728608786,-1.3280285570314605,11.504432675308005,0.4211199115273754,8.112999479859674,-0.10344449393914235,-3.5453451505736027,0.31358417840691133,-0.44909750360153905,-0.9696090213092292,-1.4900748436586166,-2.68054467731581,-3.7731865269987814,-0.8495838905284986,5.0980375058323375,-0.5294855571652911,7.633666995053169,-0.03050666624065749,1
3.5718566091000845,3.2964411220991856,-0.6752863308554917,-1.6998065234745101,8.342312451402082,3.303394425130075,0.34610791393675366,2.814295806583624,-2.5871402725780235,1.4173978184109863,-3.63206678313802,-2.228726154017432,-1.2054411822120565,1.666666073695998,-4.169575348298478,-0.32017792174173204,-0.8673750486116797,-0.39019730437806904,-0.03037068434067436,1.6928892148605446,1
-0.9273588263438028,0.9324738959556016,2.8855879358910688,0.6618690189025913,-8.17330062771096,-2.3708227996385887,-0.6982621222451622,0.12488245336978432,2.175569356807723,-0.6095283493398105,1.4991219478049367,-2.6541117512455434,-1.9882276168400295,0.8544121903526373,-2.3313158521932382,-1.4138048452136391,4.5922568367177075,0.5079503789831874,-0.7332060818978401,1.8761071753953098,3
-1.9693627876346036,0.23902225293543888,1.7627010968251122,-1.6811633581033236,-1.525231629665626,-3.53001291699108,11.482296169068041,0.9191658329726455,2.2810213003990087,-5.2106902600980565,1.7331839991618796,4.472162813849197,3.5734063629495543,-1.7535790533066073,-0.0694311528814171,0.15384532167798443,11.711240496530705,0.32147833530758796,3.064672905242092,1.1627229196543776,0
-1.3617767918701107,0.3677908188937675,-1.358680438472424,-0.33699626345247885,2.201951453320508,3.3157644394400667,2.203085688908901,-1.3165958929782673,-1.6165907150437153,2.1141916570848034,0.06003817903288806,0.7567540689309312,0.17020642595891666,-0.07677875527996547,-0.2550960939839877,0.06535036172059665,-3.011788566221214,0.6768372267629816,2.594343765946815,0.17388048445607077,2
-0.2363107629019061,2.4993037714371176,3.464243083913655,0.9145130980341019,-6.637932920013002,0.9452490157813518,10.95711764785053,-4.077704813900896,-1.3784623871131116,-1.1906497975956007,6.279765119355342,0.8706688799716336,-2.6888604237221223,2.846361996948187,-4.641641384509207,0.04900712891881668,0.015557877319869389,1.3424764267692635,0.4515765601424995,0.1600737473540913,2
2.807457920245411,-4.709462280070541,7.975316689824762,1.454370152260836,3.5486635325896847,-1.3596199536880476,-7.232937200647672,2.9281632167757827,1.4331046760126127,3.0119550054188915,-0.6444310677787198,1.4158492479688318,3.131986064165062,-6.521591850459846,2.985138299267057,0.6014103947437404,5.413072809877265,0.851453231028983,-2.0383399091199887,0.9212661089670002,1
-2.027686625597445,-0.724749644127013,-0.049066897957157574,-0.41084517180512076,-2.4910729474522113,-0.2770210573581031,4.873959382660724,-0.4216329232940117,0.9471158540960931,-4.869025722177879,6.698229213252343,0.031311918061866395,0.35302777050946754,-0.7261436124291556,-2.714337359854756,-1.4270986909370476,3.8183851957943276,0.16732008356985287,1.5173399209994605,-0.018458810289453426,0
3.660064478034573,1.3616919401060243,2.3648435395318197,0.8917442927530582,10.15445776085912,2.5257271560998866,-5.228609466235144,3.7695382193686453,-3.133169758934511,2.995743670490797,-3.8701216014800672,-1.3207573989473955,-1.1160298502963775,-1.4901439332315545,-0.7660082068107481,0.6330945237528776,-1.735582433326427,-1.1692010232694812,-2.335478343840061,-0.26584941308612575,1
1.0798275338864385,-3.185912550379925,-0.3105006494894569,0.4775373419965464,-5.6243795636402325,-0.053555532150967755,-5.68436516941228,-0.24535964994298798,6.383804794400016,-0.5426106171630742,3.325256903754459,4.460082012381081,-2.5633643538063966,0.7347846799663497,2.701691256317094,-1.346230816362386,-2.257319003111154,0.07877969219431778,-0.5639839807444071,-0.1396216472524977,2
-1.0218688603813844,-3.2995812152930206,-0.213322786069569,0.8750252232836752,6.77671595276521,0.7248290048781221,-7.404222701365551,4.021962359770031,-0.8227550917199866,2.915695192791548,0.12595079815505067,-2.4381438027926823,0.34438375236913155,-5.039941141716481,-2.1320853357005207,0.5192734974998787,2.627417986997546,0.6801271750618841,2.286244371488534,0.37102787790352465,0
-2.4027462045827015,-1.470878257236377,3.1042001580065373,0.29671707042424206,-12.88995694104969,-3.0112645711885766,-1.8891696019584492,-2.270678142314069,1.5911259098501567,3.4145330530750124,0.15812675844377239,-2.3229090231075586,-3.2604999757597524,1.1487732197589873,-0.43973748669855905,0.5093030578808664,0.9505798095088772,0.6781026259677756,1.3551923187027581,0.36743060343278616,3
-0.01016714245198469,-4.339828904676122,-3.8932644946894643,0.2527401351754789,0.5156965425243843,0.3374297865076503,-6.842220250101876,-0.5247055297036659,3.677219290870168,0.9796619852969848,2.829756835317109,6.052171413266482,-0.25057321675271216,0.22893435630039782,3.3230595736096986,-0.5085802895707142,-7.896705483778086,0.9322844001118085,-2.7446543802429266,-1.1468686512488215,2
-0.8450140005176374,0.712165481421245,0.4439504445793425,1.1796844936508522,3.7068471799286646,0.9309681931004401,3.0823525432276235,1.80857496678841,-1.4728690030582257,0.024400913159314364,-2.836557010974287,-2.9315597413240373,3.5043988862424515,-1.7795005566041473,-2.0350638945049253,0.2731852140913214,6.043951824483059,-0.570425812639361,3.3850082215091457,-0.18664781035123837,1
0.3703820847601862,-0.5283302978653123,1.9607660060294128,-0.4265843307848105,-5.5549962685599175,-3.9775103060739494,1.425045129381302,-1.6250425088330116,-0.2058911729559283,0.32574967290571966,-0.6527241577555081,-2.993620716129038,-0.46419105869894073,-0.8210216315625027,0.10421835463006568,0.8922558115060931,4.558383520594326,0.05200253785400539,1.6974052428064406,-1.269209525572502,3
-1.203569425014463,-4.017968226025847,0.2107465914836728,-0.7769250348359888,1.875916973224003,-0.4829353377449225,-7.09419887122301,3.228826066137227,0.44024982752401964,-0.10656723123954825,3.101528408149455,-2.831351954311709,-0.42835656743046147,-3.428263836124825,-2.469668424766004,-0.7770386858035955,2.076629295889113,0.7541067526703427,0.7386933797249807,-1.7563987118345603,0
-4.8893696279581675,-3.9060317509985434,1.263628231187838,-1.690121207614631,-10.962290681651888,1.3699835634420277,-2.7778742860575822,0.7390188372601112,2.9402213082740785,2.7169871181193317,0.9358399307618173,0.4797219388030869,-2.129468625496341,3.592081975794807,-2.744702730983051,0.9565367094813999,-3.3387861608330756,0.40833737890665034,1.6819822554248138,0.40918201682878047,3
0.9170152797488909,0.461804122911609,-0.28399117434453136,0.33915229865041974,-7.025123765453986,-1.8317747381739111,-3.585994804342335,0.41644772286269993,3.3975661336571408,4.835253335143667,-7.391297376031772,-0.3834113361160205,-0.14643070815862536,4.683466860778097,-0.4664157301895011,-0.4007430878127829,-0.8507158021224266,-0.8290528393811237,-1.4597302691297738,0.3961508659734124,2
3.125112112409737,3.5984497662073776,2.933165244423236,0.9925568919138317,8.747617285608907,2.6489829042419073,-0.2701421498383184,4.616295903704669,-2.7790988527610985,0.705077778452328,-3.315647225217463,-1.367195393483549,-2.086276794623735,-0.024904322562002923,-3.1927025604335864,-1.1263778436949428,1.850403795402844,-1.415964452633154,-1.0774418586839039,-0.7429528606226071,1
2.6634348452036933,2.4690827332953096,-0.5333350149911746,0.7699094249540664,15.028351991048956,0.6862618148667037,4.605890376551196,2.6653940468601665,-3.6972272323654463,0.20447528639756873,-2.3483327502912146,2.7405183266231012,-0.2523632084374825,-5.206131320812503,1.1679158041899815,-1.2675515059309246,5.198150784664701,-0.35000603060415486,3.8793275482132676,-0.34871037918893927,1
-1.5196617970684643,-0.6210653388044,2.6317159645849264,1.128265698178955,-1.7342321826812663,-4.735258850119758,5.38746322699239,2.8340766340653185,2.8700996184688856,-4.423251649451625,2.8284432063445935,1.1721747028628535,3.426526901906752,-2.5849404023532374,-3.0263923132872574,0.4948260207117803,12.903196439877242,-0.5193677110823623,0.12016906857606036,1.1333765723184925,0
2.514632184615093,-2.0224165924113504,-1.685301454525096,-0.6847037561953645,-1.8285768858555813,-2.4689570211511196,-4.581586334615764,-0.11063369395437395,3.034763942794508,-0.07311323599146857,0.8760248075162018,1.4424987595969907,-2.955664643152245,-0.0481705022094745,1.722053153109821,-0.8717537977581404,-0.8416313940435859,0.16057160876811946,0.042234677579624735,-1.3162648201014429,2
-0.6142472243341188,2.3484397059416033,0.44761546379659534,-0.04674373416386434,-2.491412336042813,-1.6159688085587,1.8618774795101363,-2.9556750727897265,-0.26787300799924174,0.43730017698126056,4.095212907629012,-2.2284929509513534,1.1734889373650899,-1.4052114810993643,-2.62063584589047,-0.05414216712711256,2.8475800325179903,0.5239020065454016,-2.353142923930489,1.7971448018381924,3
0.684853860170542,-3.967242406590518,-5.2816320685336,-2.0593959595207587,4.851762849381611,-1.0240866416052283,-3.7467564589459577,-3.3079820576136174,-1.2537797915311861,1.21643639245671,8.331195198941497,3.6326342556177336,-2.7216148115780205,-3.0176383781904588,0.6714954691915967,-0.4316856999315637,-8.421899000531266,0.8256301846090882,-1.2829606114993024,0.18800351304839352,2
-1.8864502861962569,-0.7408287747054745,0.21789298260080914,0.9143461349525717,2.676660695085386,0.5317629186719885,6.75403374428995,1.49433232011955,0.4000395786639863,-0.5644876445491844,0.4272307569120869,3.632435279525993,1.5971970807262659,-1.6545000054162877,-1.2292707872520574,0.7283555133270138,5.3283798812299805,2.32784124294786,4.5261155935015225,0.8200528737110482,0
-2.519059860027942,-1.581535472952404,1.782088977878968,1.1072585499312386,-6.604390164132234,-2.2313617653454223,0.6662930549223554,1.6715666688194855,1.8790835982717662,2.4109464385666515,-4.586087388465051,-0.46233288778601855,2.1938169173391406,2.205044563718838,-1.887897661568399,1.421247525758152,3.6098337097730306,-0.8621024879207937,0.6520078884276785,-0.9871025980590088,3
1.3026929797147537,-0.33065709262675314,2.669239418698498,-1.3876868495782382,-7.061134843193225,-2.51266627895017,3.4078962185653925,-2.335896973233519,0.22312940013216487,2.9293644066785998,-0.6960337412360992,0.3827375449799184,-1.1804090934856688,2.9286342913926244,-2.2188804851680928,0.7094048171416073,-0.38257665165747845,1.4752928493183481,-0.9221324160733526,0.7800008320640236,3
-3.3906945513047972,4.285547838450059,-3.920262155970644,0.7067935059306063,-4.279827931310979,2.4486464367627865,8.890603005081235,-4.465265058122581,1.0986695003817148,-3.490221384629547,12.75114588970513,2.9842454730066423,-2.01507423322935,3.5469553876296627,-7.496208503440901,-0.1806838921904478,-3.602075616882365,-1.4736993376276717,-3.299996214693252,0.24178834617982453,0
4.540130396007488,-1.8446480259154907,-1.9812066275520528,0.3238785804065378,-1.3872336062652202,-5.840778325399681,-3.853768851989014,-2.0435358419375924,-1.340771551788535,2.6601968211245834,-6.751916410536262,-0.3762982842584568,-0.2816999621627918,2.694621308132628,4.222990568908745,-2.3806915877657264,-5.792138611588861,-0.7461590126612023,-3.6384202916278636,0.9527532116769146,2
-2.8924656673988522,-3.6523787028969545,2.9034509821644177,-1.315640653178425,-15.19248488921062,-3.13756680197641,-7.8763476629883735,-1.2178798097926236,3.5321676534813142,2.928508340373969,-0.05309801160754961,-3.1986886769341876,-4.727942127178853,0.4254451820750681,2.014688160194094,-0.03087619598188127,0.2776850068083943,1.184253464560505,2.3227980609460444,0.5130164578787142,3
1.726831098712042,4.526976806814786,2.110189248442939,0.16080274302737832,-2.007123963114322,1.6080377912228858,1.8613101368596652,0.22028719597381174,3.625313072423824,2.4478863009199414,-4.232810932554055,0.56870382146725,2.01702715357114,1.6313449639848416,-1.0294061152840672,1.7845537265441862,5.1933503066281625,0.6274352503185865,-0.6583486078367646,2.38043916047016,1
-1.2189729810496024,3.655822745616039,-0.39614902538775176,0.9457686862437302,2.348613485381585,0.36371237212941065,7.299731961772473,0.4695303722089649,-2.7844058082808054,1.7888276101595684,-5.869519631137226,-2.1733595975109563,1.4071589575417733,0.1626956339426482,-1.7560935393821473,-1.0932899655067536,5.493374992120466,0.6418494855523148,4.857102481539508,1.7065244722114994,1
0.752175854660822,-3.808081454629557,-5.094447203692974,-0.07790469361674755,2.3118582178183047,-1.4490712805899495,-7.051832651786598,-3.2806453155579236,1.1786138672180095,2.4758708342081523,5.894423071456948,3.569661601762227,-1.7911904559022378,-2.9164724715790684,2.669543827884091,-2.010875819751927,-7.496515090281266,1.9209214347751724,-1.9048743510906112,-0.35077757457491393,2
0.4926473969624867,4.933312879798352,-0.4907514893878955,2.193314956887976,8.700051090634533,1.1580539993034613,7.311800574809625,1.7695878708082362,-5.0686912595931926,1.118288548640689,-3.977949198833347,-2.240002363796174,-1.9904254556903291,-1.8270220464486449,-2.7316977179500164,0.22590424537286122,5.66974710729454,0.10066603857423777,5.773681854225879,-0.5874428017008799,1
-0.0655293539816193,-2.2163438930677586,4.521145303347232,2.0779316416048315,1.17334213811773,-0.48895979953627045,7.6126493726614095,4.170055590589693,0.020729278689285424,-0.9601975983876205,-2.5517706751161042,2.9647255180822567,1.5166707322153765,0.21321988155501592,-2.7351969138084558,0.1480211853186947,7.217755777901222,0.9792626280144526,3.9569451227936847,0.9585931403453417,0
-2.259073834613963,-3.886450606597952,1.9849395063598207,1.1210821493512841,-10.129093228894975,-0.831450303236242,-8.219660657076028,1.1206300560726885,1.1994307209724382,5.233232906776826,-7.736702014968257,-3.3851447540874267,-2.124007997567168,2.9656222742846596,2.4170297920193535,-0.11033970737795651,-3.5113692520582807,-0.5636384644669592,2.350361437429173,2.1870672847682187,3
-0.4062275707208154,-1.9186006939463405,-1.7172336583258332,-0.5405319682158043,-2.9254728605938682,-0.47843654039472794,-1.834044890854336,-2.7690459131269263,-0.39477085250557176,1.3581919332366608,-0.8296384983387525,0.5790082429161844,0.8156763853865634,1.5820926680169147,2.8359523613911675,0.8010022040223803,-6.329500737812881,-1.0517411145664881,-1.392992569258715,2.5143050953794197,2
3.208956559064155,-4.784048758389277,-3.4166827062600924,1.1840863691239818,-4.403963035901778,-5.650551551543893,-10.370463956963382,-2.225208443499124,2.092562617975636,-0.9019218065357424,7.541761393468642,-1.0323507887715166,-6.800286328307946,-0.9454641639935129,0.6387652705411787,1.5522649143548657,-5.627120242229909,0.18206048792960433,-2.8973177046314698,-0.6215879336540222,2
-1.0071313026343856,0.19597574676644203,0.522953887624672,-0.131197039677944,-0.39592590018209456,-2.5898749910274748,-0.7838523445129776,2.7070425868250068,0.3310579826697111,-0.44679912666781685,-1.8420170033580219,-2.268329150186393,1.0869420509937107,-0.44925146872518196,-2.3774149464969234,1.3437161939475157,5.323460616012384,0.5362151214922827,-0.47360127462485124,-1.5556940310074727,0
4.489414407142027,-0.9566645557038145,1.408847009625279,0.15069870414363876,-7.822054811386637,-2.1264909486549706,-7.4270384938589125,0.23199569024699374,4.33265879688756,1.9864187069222419,-6.309548998822114,-0.3707345837927791,-2.662365860625404,4.632472479023576,3.3882954581198277,-0.5687088432346852,-3.131757381043671,0.534548246817713,-2.5166004022838875,-0.79540678579317,2
1.268156384509962,-2.791406499123404,-1.9093001667893765,1.2064946195219846,-1.1523490895628548,0.7526185393292577,-7.771534903367151,-1.5467928854170951,1.6428221307049946,-0.39293616190334824,3.5769207491446195,-0.3090836605558289,-3.4156119549688384,-1.4556946327195797,3.5510485511836754,-0.21070807002833594,-5.199878253717593,-0.8109068465995815,0.5867410916965223,-0.443114210476917,2
-3.0362674000556904,0.6551614470375764,3.4004172523233733,-0.19049934530989546,-2.139617890765424,0.8747727382019646,9.601191505407245,-0.18866669157074023,1.3717813976651618,-1.8274838651515326,3.8868196585103,2.838244003846129,3.881884011142403,-1.2814173564582496,-3.086517453222386,-1.053315526083957,7.733167991032987,0.38229044060488176,1.7943495516427932,-0.5598825186026908,0
-1.8100343284051295,0.39434238572021996,0.6947080751533877,-0.6226149919058904,3.93731497359656,-1.392738567669081,4.461382762685025,4.623479403543425,0.9643279037603862,-0.9056698037305668,-2.180611075145637,0.1358984399349461,4.616579242419219,-1.8075238261372581,-4.483121326256522,0.17787261953183472,10.712400555244303,-0.12586555117518589,1.7559849698581915,-0.0056584518627058955,0
1.760001467331964,0.5913025204285505,2.3313020262970032,-0.16764206575612908,7.334204357216106,1.0798075994274408,1.2410463533728389,3.0242354047662885,-1.8475930157499538,1.30991178524867,-3.9650296594283327,0.29959755438482616,1.252513267359657,-2.1657040130048095,-0.10634569603332866,-1.3611897453584512,3.8039467158853704,0.17859142249567553,1.708874145375262,0.1814217200612839,1
0.8566786484648311,-0.5959957711065935,-2.036414194959435,-0.45415313447633643,-1.9320244378773417,-2.1054261203048483,1.269227520058241,-1.486798510563517,1.4524073834965547,1.703382468367708,-1.8048783903489773,3.80379527340995,1.2453301639084255,2.881254955587286,0.6372105417647039,-1.8115819034540712,-3.3672518540766756,-1.2359734321636822,-2.768624702237216,0.4056537845357631,2
2.4424546427830345,-1.0672620735788176,2.0521610886126136,-0.407280055961312,2.9820213046906168,-0.32679578830821465,-2.195486484496986,0.8434026517290384,0.25182642774960273,0.09859904712639489,3.3063132581330668,-3.8879324149304284,1.8385031930275029,-3.8479911452061075,-3.806857804708546,0.17029868293509492,5.896772149496868,0.3856239133074636,0.1352614676802375,0.2047854467848715,1
1.3665217763577822,-0.287158272870248,0.9431891201087126,-0.09147500109559381,-7.045871741875651,-1.6837639872858814,1.1687016417700757,-2.529448463401189,0.8197885411795899,1.4011073205082152,1.6696830119487907,1.5075202757950998,-2.5226161682409467,4.442235229326538,-1.981255047210896,0.9515077265732047,-4.937603864021884,0.24512343016769847,-3.620734998836042,0.24360654430410586,1
-1.5729932343576483,1.8687831240040123,0.9035203515030035,1.573963721433455,0.004036542918735086,2.334470318157501,3.7845594106777654,0.19716775162308764,-3.0277687818676124,2.9364637346578712,-7.117774449424914,-3.581883135957572,3.055477613084488,1.9895398734055827,-1.202129841692471,0.10686049821801953,0.6617273022437654,1.3834980548223401,2.7208686195284724,0.6106506649947382,1
-1.1995401090843982,0.13357886494847127,2.2949558969381463,0.27412900618376757,0.05468000882554944,-0.9733174143698027,11.46327483276452,1.2115083884096547,1.0949112887773444,-2.3378496696643856,-0.9534533641225187,3.625577025848344,4.983665895834143,-0.07681829510935079,-1.970345943097234,-1.0414893867543562,8.999974021460398,1.4031208151042869,2.8951357507740805,-0.2954331384976787,0
1.9376048542873296,-2.1335699401353736,-3.977688344321755,0.6164883747881819,2.2340688600684913,0.10919183644116526,-6.991779574746072,0.5511782444074149,4.797301968372336,-0.6643625711052161,1.7523681534440165,3.9886393546197145,-1.289186959969933,-1.3343229569196184,3.70138390193503,-1.5563489611406067,-2.2807127155587126,-1.605525230306439,-0.24094769206765299,0.02505455113290388,2
-4.025088284429984,-1.7404741016070298,3.3793961146637006,0.6529134763401087,-18.745243332567043,-1.5172234315409625,-1.7048940170088636,-1.5916882967637789,4.478067290357723,3.7444497011148137,-2.804825231406663,-1.4556586557476627,-2.338958778073433,4.950461560210879,-0.4472678133766522,-0.860766516994788,0.06589282408116136,1.3021822064876425,1.8056395079336904,0.26216315048365507,3
-2.9670527321862106,-0.5462072336212368,-0.6235887944061562,0.4988545596943527,-2.604626936812838,-2.1469554513374467,5.658360352820933,0.44380628133097977,2.7260571159118916,-1.6344762207746852,2.313389425285979,5.062830392041228,1.8647337989792687,0.30458370190843365,-1.237117051905074,1.0731672911525973,4.099855620873195,-0.0070597128706472384,0.05864886744696651,-0.7055252755467194,0
2.6899696741291685,-0.9156880811949779,-1.1056801790841781,-0.2905457122941441,4.256347497638592,-2.11042029235331,7.036363580773412,1.2002484815470775,-3.7536457398829177,1.1798623386417677,-5.875026282239008,-0.8928064602763228,2.5441362349621675,2.966694664222718,-3.976579928453396,-1.4128828151796278,0.688566535523902,0.6802095281705854,1.4649892315504587,-1.292158730622629,3
-0.37308639214074035,1.2194899369373324,-0.13432135997985162,0.2738245009018152,-12.958990209112908,-1.714044072559096,-2.792593849352018,-5.675346666347089,3.5170905646033797,3.1306880884829944,3.424773482394026,-2.8694810470283096,-2.067473331195153,2.0223426942160545,-1.239612460249452,-1.172634678932752,-1.4442141961855692,-0.40312440192513305,-1.777991038945065,1.1963150153043356,3
-2.256767871928253,0.4422501394778664,2.8987810994363628,-0.533116656858913,-7.106702895898138,-3.7953313591398503,9.058145104218044,-0.47372977012013595,4.158776821906775,-6.971397083921621,10.467517835230106,2.7243195432522676,0.952736093002496,-1.201646737289332,-4.65270956728561,0.7237607119254739,10.91718276075276,-1.0162678567278296,-0.957527356233749,-0.7638842566182295,0
-0.4504507895637587,-2.510651446863842,1.1323258657588462,0.07378217075283319,-10.012958601998237,-2.545024400941917,3.9448149067488534,-3.641257005815831,1.6398433341942626,2.3916659618012543,1.6612215386208484,1.1971393338183,-0.8668565679285365,2.5328016534460587,-1.7258119666401446,-0.39213920963673643,-0.6416579053986832,1.3760260127397765,1.4570923686595567,-1.1673651208250437,3
0.3518148392923348,-0.4850243714204616,-3.673101911454876,0.20253878380105653,2.8306427837117067,-3.617851771033862,3.7970464181799137,-3.3489445097190114,-3.46755031288722,3.9948723955222523,-3.496285851652147,1.9385889780852301,2.76174116339913,0.390360915281013,1.1684862872626067,1.302360884901999,-3.840064176082963,-1.5646228462820142,-1.1888539808086094,2.275315439430989,2
-3.0140827115850763,-2.968094225416633,3.269748488871068,-0.196800677335289,-13.004391130320018,-0.7258317318417896,-6.7839070020009045,-0.2179008778617766,2.0851011847051963,4.184216807694198,-3.9823682066858614,-1.8149700095902028,-4.175637742389496,2.6309937774219376,2.782068753479359,1.2615369842172088,-3.2967342662116956,0.5581135401190465,1.9766466961430005,-0.6274711504487567,3
-1.5860727945669881,-0.473522826691393,1.119926624416593,1.7147378468810295,-3.9686421939717267,-2.024796296908406,-2.9383635670783455,0.15312375628858588,-0.7141438290512472,-0.30884298584788805,0.06917816797724799,-5.126267541782567,-1.6987744248561498,-1.8107838796450042,0.006011666159003504,0.07278702215853432,3.453021047055017,-1.1813210090966184,2.1576809844198963,0.8930804653164017,3
0.3680209792295086,-2.92420988975462,-0.12820889616474673,0.13444536981641278,-5.70893388208062,-1.4029024376806953,1.4034929539329877,-1.1484280518326984,2.569404553459565,-3.8125277631895735,1.7822894310477486,3.800078504666923,0.20542936601507034,3.2936378989087167,2.717339719714627,-1.4388192975266572,-3.722248024953835,-1.7121217323324869,-1.8869131248631308,0.11244165936058015,2
0.0008447461363749742,-1.5137890125120796,0.9309045714486799,1.9992638177850637,-12.709754753172112,-0.8880278541898007,-2.8621474422360427,-3.3608645925524367,1.90553647560492,4.7043433531169185,-3.5073773900778207,-1.983141564222862,-2.795566430174742,4.794430293429861,0.7968231927398959,0.4063163841495906,-5.033143779824183,1.8029409842640567,0.938608917939447,0.2936505810635498,3
1.4726688513902997,-3.2205615341450766,-0.6403140775815169,0.5864062565027783,-5.507465455343089,-1.9532426305104584,-2.414909771664126,0.42210434929866025,4.381836988324844,-4.49056926182271,3.1405124196406122,2.0639929215875923,-2.5599819602333307,1.690993214687103,1.8501309458766901,0.8906271761901834,-0.5812165828624981,-0.28145990374150703,0.04097789908783489,0.0542715670288776,2
1.755395411950673,-1.6338674619125582,-1.3556582740213732,0.3112031016073407,-2.116930640400711,-1.2908866994456756,-2.3931362240623932,-1.4617386588503107,0.9645869166766208,1.5794023675351019,0.9183070232926579,1.4202733748647456,-2.319925635762716,1.4418098411107991,0.28273390786557795,1.1988825147900561,-4.294209598419425,-0.7638492050792441,-1.1244454175235186,-0.5876151463050064,2
-2.562094965189286,-2.1248139392114145,-2.496683408491902,-0.7413108943096858,-2.8036671464671294,0.26986770499720625,2.2574120578533217,0.5859556429433757,0.6842581317603,0.0533659433845326,-0.8185617780129334,-2.710837474189729,2.927482667893892,1.5482725624667466,-4.124758441255507,-0.1858059173909823,2.220631061396299,0.18229774786200573,3.6041216009473827,2.0993798111828843,3
-0.22871444701284038,-2.8117762683147554,-1.185778624435207,-1.3491370897051602,-3.6414452732851066,0.29052782074649475,-4.059297954659522,-1.7572337302113072,1.6953657306890113,2.1799477879131253,1.7986430457979878,2.018169568549678,-1.520829760461221,1.152372432147244,1.1969154263617494,0.9011732395322491,-6.030171398363553,-1.1680615595667678,-0.9602729181283791,0.09335456674002232,2
-1.0170438448957464,-1.3877780175507652,1.2950228852231838,-0.10780014859041188,1.7071468934346614,2.1521551348194663,-3.0391186334270266,0.8573624793651299,-0.5756165324037761,4.566801282760098,-7.678035599877741,-2.854495742622404,5.788710091869431,-1.6860299756192647,2.3045656960484946,0.03974424918683014,1.7108943941525585,0.7059910408427048,2.5613985686090666,-1.1957425970797197,1
0.7404449081083437,-0.076319650938929,1.3183499649878845,-0.15452472993274965,1.4548831535958524,-0.9355026561433935,3.46277163423913,1.9538547105612327,0.1603437683509743,-0.3456738998310882,0.8484039149573224,0.630437760795758,1.0461945738215346,0.43896261595607666,-4.623237597239222,0.182136194000205,3.8844557129847144,-0.36788081658261934,-0.6700823503066053,-0.7852692453090915,0
3.623582950322907,3.9437831534988677,-1.051033377387217,-0.16476295096300958,8.564593097854715,1.9439201694649269,10.902340027666739,-0.43419223179967625,-0.839628003760033,-0.2713252059904576,-0.9325014971675973,2.674333501266124,0.46343003483937273,-1.876322283252941,-1.6116820352489882,1.3221244241120005,6.972524052862134,-0.8959542118406261,6.19837843934674,0.5478899420409753,1
-4.565013777127934,2.026710851160886,1.5625705763864177,-0.8627942933660809,-11.970059992226831,-4.940031166004982,0.7135522612219509,-1.490271993017049,3.891813980389048,0.1726381983100449,3.0309127181945925,-2.744367267955094,1.1690878352661622,-0.5669129630052832,-3.2939651946113626,0.35492149875313733,9.001100270891852,1.46128401973745,-1.7907434261986732,-0.1691191455863507,3
-0.445834892376349,-3.003605197074239,2.7403579650913774,-0.24253906869816283,-0.8245295952972779,1.0831769087014824,2.7278355811678185,0.748151072005496,0.5429968729719354,-2.6158694433013165,3.1595610662849425,0.7228780242691016,0.4617407630963135,-1.656651993760656,-0.1568064070996793,0.5414510939081782,3.0567749149253562,0.5197537274490656,3.501946591420611,-0.23563875282441107,0
0.9896959287719278,2.2352392132581786,1.8877708484341418,0.49262449269952874,3.5263566831069904,2.153472359954061,3.2223001903505604,-0.0007501010427202193,-1.0673582450974388,2.0762261550325105,-3.554136867124055,-1.1887066859383726,2.0010920617861028,-2.0386850391550912,0.3959451551245987,-0.8513869748441673,4.6923301222762,-0.7107914943041751,3.594824906494017,-0.790590310513387,1
3.0718016261667493,0.678309090904508,1.189848017283401,-0.40699998268643184,10.39358488158035,2.5555183097353433,-2.17545535651525,3.258126546308782,-3.824732633807138,1.6674286456420575,-3.1455293580249672,-2.9384254412813196,-0.3733451294775798,-2.362012237689671,-1.6032382776317904,0.509995540981479,0.7708355787590528,-0.4381046694195834,1.4227354276685698,-0.6625535965986853,1
3.7648387343390093,-0.18971321140117747,1.8059560512735375,-0.4401901839121973,5.154916182820255,2.8389783004853,-2.797326316328508,1.8479208051677316,3.293254456659135,0.4712809774095541,-0.7744920636651014,1.5763973256986725,4.905094450245359,-1.1692557680172997,-0.33630094003324906,0.7460046522328675,2.394330244869629,2.8519618795584027,-2.772644253272636,1.3456541362851222,1
0.4421400021298011,-2.6514065712586055,-2.7077527516979494,2.687774657505428,-0.41832385840101216,1.902193594980674,-7.619837847459259,-1.5283888816243234,1.875146711699534,0.19288604037833568,2.451973992486291,1.910671535471372,-1.2856551552925641,0.2568313655495609,3.9935305109522554,0.3944881954557579,-8.538090877473099,-0.5823046451734543,-2.048560752104166,0.43589217547838216,2
0.1615143866934332,2.0708547708575895,1.3174136708603468,0.3293142785518119,7.402162080136124,-1.1733793847139973,2.4561214213395104,2.9794906868407427,-1.622440718146756,0.1301624020826222,0.2060710497047477,0.83422767930174,-0.10814187597656533,-3.8086043579302804,-2.2182072617214788,0.8735459764173615,6.868932179372951,-1.2025299448088436,0.5809666599742581,0.3030688759974458,1
-1.7240996286212962,-1.6857328679170973,2.0838926562513023,-0.6827302191961108,-13.857174806983764,-1.7703972845153755,-3.616287443341984,-1.430367670670065,3.330772332336198,2.1222306918355303,-2.3176547863841175,-1.1894522601671964,-3.1182236191643,3.7654626924156673,1.6475115021207385,-0.5840305094617007,-1.8624628413469293,-2.072911298283104,0.6784165147587089,0.3796857113453086,3
0.16423922069733465,3.858270676727046,-0.8337603585731448,-0.0033705825603430354,3.902716079617908,0.9511506694566275,5.431669370372147,0.36765652044269803,-2.9753748514813854,2.3447224221224228,-5.100423893856904,-2.6284561941595532,0.9293279524507081,0.3819514170746714,-2.6423291638401842,0.010386405272113439,3.6022969520495334,0.9572487122278768,3.3241350811539694,0.2625778598974419,1
-1.1901801613827896,-0.37002752355731516,-1.1572893975513803,-0.23691260144408566,-11.060106502073879,-2.935068429363013,-0.9500590740020824,-4.731186366468217,2.8098775138146443,3.0068865262510105,1.219094926388801,-1.8496776198638083,0.06327944455456302,1.6486168186432406,-0.6526679733181161,0.4324124752062697,-0.3271341548211882,0.45433192072439116,-0.43390917271289653,-2.2918573452242277,3
-2.903195818214378,-3.5476827401168003,-1.4881975387323045,0.24771922143903594,-1.605889133768598,2.5614497193772223,-1.6107921142570207,-0.583682502258115,0.6501840616320665,0.4804050510977088,4.666263520891735,-0.09435073106484526,-0.2590300070992537,-0.8857913088562821,-1.7524235221603264,-0.7583931737893346,-2.6320103051829875,0.861225723466313,2.9010292381059615,0.5126229913904747,3
-0.18929691896898482,0.22970661912075574,-4.106868632283005,-1.4174527938526182,-5.9807061070342975,-1.1056126428363935,7.722793853643308,-4.4813042540149794,2.019052369166557,0.24055236082947173,1.3238661119206028,1.6702363855959717,2.925217387293579,4.439615326345973,-3.1255033747781455,-0.1682279953750622,-1.365326454009334,0.2991009577021073,0.2702702602976197,0.43157849892316436,3
-1.3470307509702413,2.436598308772223,1.6552436145164953,-1.7300208284728444,-3.091433769636039,1.11692721567962,4.065160719778528,-0.6623785266596678,-0.45384420847031426,3.9183958615782335,-5.12033177677362,-0.6509780647804753,1.9836372129726223,2.3397365368771337,-1.5969428420366754,0.86536188427597,1.4664401299077403,1.0765236114465515,0.9664084706946854,0.48145428381192523,1
3.473896273867356,-0.09447335130854206,1.0206188587640121,1.0088319540145758,-5.204784214830013,-2.2785500410832675,-3.1916768868862517,-3.237102946466413,-0.44056456178333203,4.256977399007933,-5.581114418991094,-1.1246742323636685,-1.142705769827955,3.0577418429043215,3.483782048497505,0.1843911750824119,-5.536592116729239,-0.17016507735402608,-2.496142698031484,-0.3860904628621849,2
-2.2515364233287354,-0.5554899159637585,4.007322546804982,-0.0325600269542642,-3.007598909859232,-0.8033650138733068,-5.392734771736985,2.105762687791644,-1.0709727537025993,5.270485586434706,-7.188537213050626,-4.945757537039953,2.1366145586463094,-1.0992851750773744,0.1679236390389678,-0.7118978274569489,3.1953801641917665,1.1463337251918946,0.2534011141177337,1.5571391538937163,1
-0.3026973869560827,-2.4732616820636917,-3.9542108840668626,0.653283440848822,-1.8295106188931252,1.336352593752847,-11.058933499560379,0.48273565200807034,5.104078520036516,2.9592709952167646,5.053112539170829,1.7110259645351529,-4.424080355165519,-0.3484654769714983,-1.4879983689332392,1.8298762692036845,-4.979038827428339,0.7943321371067336,-1.0619979051511645,-1.1826526309494467,2
1.7056748225752774,3.2098249676101305,-2.468804171359636,1.1660350062492533,1.3316743716076913,-3.2369415675255193,1.8935512101751715,-0.3543950907284452,-0.2774965926484336,4.999360648963007,-6.502584509317743,-0.3388940798059368,0.2842979111723001,1.1415761134624378,-1.750871102161228,0.7390320529073869,2.9211183997132624,-0.4276730854639729,0.2449411760705067,0.5632869049893106,2
-3.141609580580907,-5.626041402705621,5.687762102241816,0.8970449608082315,-11.834692094087691,0.0008811713921237363,-5.764496768619233,0.4984115842464143,0.271164330339547,2.140624240472831,3.100956436384659,-1.8610187702307077,-8.37400542718634,0.16264552875125315,0.2659344924398144,-0.8090595019651095,-3.021446173828005,-1.1890979164180187,4.535211946512973,0.9658905608921341,3
0.3406581576133425,-2.4140638468599245,2.231527354134937,0.5468210765186211,2.78541383608734,-0.636831336435908,-6.287476570007679,0.6752358471879628,-1.3622656016454797,5.426759409093634,-3.7304257206373403,-0.5055565878402843,1.8379645349360172,-3.0250030311987084,2.314934526544498,1.9835786800004567,-1.2194523935716057,0.022686438484168348,-1.2734958804602172,-2.123332810357054,1
2.1267385635435447,3.4069407150907205,-2.098445905815286,0.6552327603336635,6.683318186030993,2.6088200635921392,5.655799458503271,0.5729779906145238,0.45417189341607855,0.20555114762073012,-3.1291820672656874,0.8390879893146117,2.8782214926136884,-0.3293463853924343,-1.340038736164438,0.6690811122618989,4.666902728592104,-0.3422224905474185,3.3214822574964127,0.2258984317748939,1
3.1334746063146826,4.609077582888567,2.36650559424771,-1.3895956073642146,6.224082165833385,2.8885340526294447,3.4306162615503624,1.968974445616828,-0.40118445764060606,0.828035612638946,-2.7811609783718825,0.7313516197942671,-0.7362786716178147,-0.553680628841073,-1.3228851715218521,0.029281639856705483,4.402626233364863,0.21729050972467556,1.2222689395039779,-0.747293521076552,1
0.1491818286388884,-0.4990636426701639,-2.2508244688998396,0.5448213391197966,-0.8304994107218728,0.6031151681085887,-3.458768841666956,0.2992080911206556,1.6277344144955217,2.3058649735429864,-4.979758515823662,2.219633078133269,1.4851308091906663,3.4127496754775666,2.208187419525991,0.6964859017969477,-5.570879512050161,0.8825735070751166,-2.606273415603584,-0.1599079012476464,2
2.6068740571355455,-1.819037189579245,2.1820626344940632,0.49730910653752597,-6.17243128296645,0.17292738364656302,0.35540114481537793,-2.8811567449624036,-0.1399511768694941,-3.0193112947605845,0.23211838173907887,0.21949201444397315,-1.5057617762571596,3.6611644420589604,4.334130570568275,1.9470055144780674,-6.560980386223854,0.36591677852830246,-1.5208847442975084,-0.5898717668656641,2
-1.8786718598012655,-2.687921514440159,0.22087047033602625,0.9901736647844482,1.341152003371434,0.6818082391643747,2.0359355432991117,1.393397423665937,-0.20310782957158402,-2.6033186823390047,3.3683718650420977,-0.19598744209876173,-0.0042010802903549305,-2.740328248705535,-0.9004399599693494,-0.5751949200154678,3.7254393534993677,0.12485417099490242,4.768610068065675,-2.33433581935981,0
0.9640918470768649,-2.294202456406456,0.7287783337897926,0.18220207789274437,3.6734882554818413,-0.9870103209742713,2.3892134532283693,-1.3237174908744467,-0.11353559099695198,2.573959498677903,-0.6049790703924417,-0.7240773552295368,3.462123932092932,-6.4520729700666966,1.4946388474803123,1.2187102711423012,8.121961508391902,0.1459060310282214,6.891752027193942,0.16929505251193963,1
-1.841010586346113,-2.1776415787886796,3.915052529434919,-0.7531593715543616,-9.298896713541284,0.2791927976788502,-1.677656713067402,1.342799154546685,2.403511517973622,1.861824639460874,-4.153593617056594,0.2674789051431099,-1.7486270885271076,3.0617253039437387,1.2966083427384434,-0.3129799534228018,-0.17486854436395732,-0.1852767258705726,2.1233576722671605,-2.438379617751095,3
-3.372652404128481,-3.0827975262465372,0.9996848870543331,0.21437364764990846,-13.945465056264494,-1.7528557087160337,5.70898045837154,-2.9455630660187264,4.0830102555916366,1.025802417773113,4.571809082353135,2.6011365216406834,-0.7611219453347396,3.5614463284604954,-4.040417755027477,0.38776751866939113,1.0019759657860479,1.743547390939692,2.2880414880482607,0.4691948621363831,0
-0.3659790721416447,-3.226032311796536,0.5899872110856175,0.6300198195293062,-2.0655932771869034,-1.4841984384846207,7.365121475365999,1.6954558106907576,0.029858297697894276,0.6501340786723557,-0.4141859414729052,1.893818494532221,1.6444620689847071,3.348480681196948,-6.607419467930967,-0.980342216152389,2.1244303867478336,0.3142547140229679,1.8818480600213352,-0.11882549513904682,3
-2.964374879702352,-2.9403187983539407,3.7597733964594275,2.6567283494641583,2.909111710461967,-2.0414397808203795,0.8430298297630685,5.108932405625848,1.8426259490983439,0.827131507116849,-4.293569566645228,1.052455425311492,6.350112204078291,-5.46760109395302,0.5044947585436936,-0.5060502219433933,12.885536937323995,1.2819440226905556,3.8173276271194867,-0.00015677064726898063,0
0.7630718303208477,-1.4189624562718668,3.186918159674527,1.534448125403096,-2.7169292878736786,-1.6518372892125854,-0.7072231659008097,0.8631299765905144,2.5396908017008033,1.7518447890938642,-4.822290106855038,0.5524150768112008,3.6904198767448735,-0.7756058282493208,2.3236226280413956,1.3584476109827712,5.06671639009592,0.5303361189805131,0.5138054829993489,0.051888357835759985,0
-4.028451938307555,1.9933973383051202,2.8317534314013066,-0.9756712179121364,-5.708627613737898,-1.876862565114566,6.602055642222321,0.8126326996757368,3.7986045000117605,-0.9773686637364432,2.965517657927936,3.6323036993449453,2.2357100065375315,-0.2355406633262318,-3.3861631685562723,-1.7095556453239635,9.028462073585066,-1.2159669950518106,-0.8914120254428108,-0.458769484525782,0
-3.569365187309332,-1.1421720353565379,0.06333563699786549,0.5726986420968898,-5.394749314702902,-3.180949868380898,5.143101709521408,-0.006240702175919877,3.528497854332888,-4.495941715283545,4.942518874810095,2.765693235469515,2.6256518567462157,-0.7974353395742632,-1.1093258675990523,0.2423142574513812,6.850065970472211,-0.01693858290554884,0.08444654140595809,-0.19593066686601376,0
-1.303279262777497,-4.322184856308722,2.691458056669613,1.5730917201401613,-0.40184935956280465,-0.6576535113969828,-3.7963833502404687,2.1706248505318135,2.478525503441804,-0.8193993304593464,4.721727218332725,-0.04959581179726258,1.1425653385409513,-4.663044065043296,-1.007403367683004,-0.6774294787533789,5.581389350559286,-0.15272899192361852,1.482801841469252,1.5015948984991134,0
-0.08766691736121279,-3.6662647007169453,1.00409515544947,0.04312676211368586,-0.01436471146350282,-5.151866001928122,-1.7552967190291235,3.076111371785017,2.464386845709848,-0.8331076718819787,-3.9627769452247126,1.0190456364070348,2.9536797396985213,-3.2742584052605572,3.1032321528013838,-0.9351765960285233,8.305271230038018,0.9056231849466405,2.224616863812932,-1.8625886532292635,0
2.3146899225121986,1.5075985763806834,0.38786153030227566,0.42250464560406187,-4.29831433180367,-2.160522199376798,2.9208358545668647,-0.9010987166384422,-1.1188801937657988,-1.7087589185810748,-2.57831156729352,-4.586504134236511,-1.957930026038685,2.7922423466055726,-1.2463379323575938,0.19672724456222335,1.9997948451251284,-2.1037402990900844,1.7404254947987012,-0.9811045731885085,0
-2.1841835175683655,-1.5653326521636635,1.6867886332411466,0.05179367196298298,-15.415793631839362,-1.54292408074814,-6.414856951479496,-0.35066415603644496,3.4658246597910325,0.9181302040613475,-0.02665587151129559,-4.0072609011735345,-5.832358042944309,4.326171779398617,-0.9138311327264864,1.4835122474027498,-2.091476503400858,0.34539946599744475,0.5396530647522305,1.375613605590458,3
-0.7704817685364087,-0.19193182154674449,1.9055375612935697,-2.7373370562130814,-9.215257512743223,-2.0792932641163473,0.2520323896822982,-3.188426147963502,2.015644508124722,1.133167998641413,4.346146029383496,-1.5916070301230762,-2.624614194182422,-0.33661373624306634,-1.5166831213033363,1.956992599070562,2.3836514981090327,0.90740965194817,0.9499213631079673,1.423386092648631,3
-1.2630692609700978,-2.401366724409645,5.987547089374987,-0.3182430347853099,0.4684980470541453,-0.7785630246681094,-4.439687446369916,3.2442585490525913,0.43004460570995917,1.3252376161834072,-1.9463976674157584,-2.696126760902051,4.497944551821725,-4.579850238119925,0.398511440297334,-0.3920251269028156,7.397835223851718,-1.5207062416856847,-0.5759652022416619,0.1317674922588548,1
2.55631043250562,3.267025345023969,-2.538039183211301,1.420766381505891,15.283617836761156,1.971642167949998,7.742145644596594,2.21911653281957,-6.719302030775131,1.9375747749684824,-5.285716987509005,0.20275404692291787,-2.6329246537133675,-2.691061372375619,-1.1790099292095817,1.707203084781463,2.7121089789404658,0.06192917142296958,7.942080330340074,1.399626176108607,1
-1.0026664193320676,-1.3069637395740552,1.3281347744533367,-0.09207542611249954,-8.162555934494135,-0.7828743651490142,2.9277284184937993,0.44725532280634117,2.7314999182655875,-0.4102339601574636,-1.366869634952564,0.09390510065869706,0.3157980631732169,3.9413084755167773,-2.402203827279185,-0.5736425599565578,1.871367129712289,-0.1277230329920415,1.3174557008480243,1.74708721858461,3
-2.380147387166206,-1.148900433936911,4.178151572347314,-1.1660143893757533,-2.6017078684440174,-2.0470326748386363,-1.532520325730347,0.16706813517145225,-1.0816647005317117,2.9986758401090334,2.1129331155474382,-1.659549340754689,-0.9210502056702728,-3.718282001586745,-1.5541187569283046,0.9095121105888697,4.18769121833904,-1.284177486358534,0.45031599207377604,0.4864863982101155,3
1.0792764357005395,-0.7189070062751303,0.1672131477420693,0.9019618736923466,-0.47472809876311745,-0.6948788895437726,7.175761392382905,-2.546748174873158,-1.2825216299499322,-2.158103446368845,0.07891697671865874,3.158639506338934,1.3044272442738034,1.3642936694156664,2.5204898507860163,0.32774783605321584,-1.77959932185318,0.9107707034518423,0.8069384259902002,-0.9612880262813764,2
0.2947224733832139,-0.7481132621535593,0.5870167072675936,1.1700913320316522,-6.0579089372742345,-0.20751858785309119,-1.2563349825365933,-0.9204362491405813,1.4388429843554271,4.3788332373692,-4.7208618103573885,0.849005690299383,-0.15605684837613443,4.263125574274268,-0.029308051652534806,-1.2634982091223164,-3.9927744598026647,0.09478594604127795,-1.0622519438818858,-1.2994851469692845,2
3.2948687879441896,-0.18086676478955366,-0.9204375271470628,-0.8340755628790394,1.315524609442845,-1.3841064589818706,0.2996451990441972,0.015020339557483275,-0.13371703826910886,-1.9851226373462474,1.9763683284578486,0.7211843999670847,-3.9076912835282815,0.6894992354845791,-0.354128234784298,0.5262824669744303,-1.1733258822356725,-0.7449697436721131,0.14764354431392435,-2.6092486553441994,2
0.3714887112974332,0.9295311831357203,2.4841997757425918,0.7646018063566358,-1.4960997567344916,1.1505776395699099,3.7836155792806525,0.22907496864447308,1.987068681047936,0.37194134025015857,-0.4741587701654901,0.3615881311608695,3.9420272585945395,0.7136136537034354,-2.6804539157815386,-0.1618464150221221,4.578723179154131,-1.6189349121880192,-0.47801035989803164,0.07770513369589119,1
-0.2541187024759477,-3.3431733068261584,3.115773255969155,-1.3411491273491123,1.2168808691744857,-0.9068731282286064,1.2136344679242905,-0.9597292986880438,-3.1386036111514737,0.983452555696889,5.504140534968386,-0.9331906628454654,-2.682489005641574,-4.737527251355585,-1.300972849546792,-2.1201660905908137,1.7398974104870941,1.8495155760421207,3.695890025615721,-0.8354939530448533,3
2.757978462511634,2.062893631774785,-0.527420384528211,-0.37231643692114397,0.3848786980045639,-5.064052907352886,9.232505032479576,-0.47243078997736887,-1.438131570843204,0.23309305396564173,-3.530672991631549,0.3114068035218842,-0.5353215559949988,1.2291566951111008,-2.6539074842155173,-0.33026499949790317,6.433425548768441,0.7032017113403753,2.5746247980540535,-0.8060959403123713,2
0.59793011873436,0.023412432858790133,-0.7872122465475825,1.7934755356405916,-1.8413831693627598,-0.8946130433128255,2.1004264900854723,-1.4563290164567233,0.4776008247182043,0.3143792879850582,-0.37196669772609003,1.0492060836905952,-0.3547280366521042,1.0197582322084737,0.49862460448609114,1.0239249198590923,-0.45458781844744695,-0.6058392859762839,0.7505746277718748,-0.2291817009448886,2
4.988220607958633,-3.77375635824946,-2.254938706607678,-0.12953974115212605,-2.9811832925073527,-5.331090107572589,-7.917788259448783,-5.272572660768837,-1.3117067447229473,2.5481528382656355,2.560704321705544,-0.7329808008344756,-4.329958214297166,0.14037094130950334,3.7805299295863186,0.15784751158917742,-10.124126457206122,-0.9619155105972037,-4.472556534990849,0.794441108992728,2
3.077125734160991,-0.7471301155052926,1.4445204642481828,2.11123901880055,-2.148853749005663,-0.9244025080400731,0.23791642272405245,-1.2404228474917396,-1.1273296924648424,0.7493821507876561,-3.7394028564585606,0.7625655363125788,-1.3786454251507756,3.1511498594038754,2.753323389574195,-0.30663667405374767,-4.9148021927929575,1.1657078411024464,-1.338475572230264,0.8641378186458483,2
0.26569683483146966,-1.830256877407441,2.286564838984848,1.0492606649689424,-1.794747536426949,-1.5823773922379571,-0.3206745046470254,1.4812261096486896,1.2162048217955643,-1.2445297704373384,2.2527862706065283,-0.23859465332241991,-0.8381948417826459,-1.125364918976697,-1.6373795140864682,-1.4767233836910358,3.8639267868439746,2.1919731714389608,0.6073729341318596,-0.5114730692800988,0
5.851449288902934,5.548907264394785,2.541432097112348,0.0439135020424954,6.9111497784826375,1.3051465553919002,4.659097707038153,0.9815561386467939,0.9623607166695751,0.2495911180691328,1.5787536838349325,3.5002956271158276,-2.8798330255208184,-0.8773681854815462,-2.8687002803911863,0.8420940669579214,4.975576380274887,-0.9466806449943213,-1.2442742022479982,-0.40883259262498955,1
-1.7097646815573964,1.6008304060214473,1.053798952269693,0.2870690437124435,-6.421522346754869,-1.5676988837827386,-1.3315301966247688,-1.510778104587761,0.7035940001187092,1.0395619339821596,-0.844564851534827,-3.945434703713844,0.17642166557026662,-0.016479283191071836,-0.16509848443407993,-0.10173353533375944,2.9057184777359457,-1.3956127962365588,-0.11582213014826137,-1.2653881211962996,3
-0.6698041288935488,1.9525566572787507,1.7103248544113683,-0.271422711192989,4.2275948777530505,1.1446403602606383,3.6155189494029654,1.3364430588937006,-3.5089925388523326,3.5339036240875488,-6.3407915476290455,-1.0875599431831662,1.82691312121481,-0.4831327204675979,-0.6106246530093008,-0.05413537655089634,2.3257447277679257,1.1575942566363542,2.3217307377322305,0.23845833327789742,1
2.0945796429198302,-0.8654825440608035,1.195993443841377,-0.6373413732148533,-6.96999971398536,-3.7911245870925967,-1.3286974681798984,-0.04795706566801261,3.437758102852929,-0.15171092161244548,-2.941853138169359,1.0289567196731637,-1.497153564920561,2.544050363347183,1.9400242614753695,0.10484974159382826,1.4792077599227933,0.8418423100043253,-0.8302240872891752,1.52612719620729,2
-3.7626588387374498,-1.3349977169779774,-0.5843517188229799,-0.7402895368592513,-5.638058641258414,1.667142672017767,-9.577773340231866,-0.6527289447257447,1.4432288762741874,3.739819507305835,1.8750383282307526,-4.314459598616262,-1.352047001270139,-0.9752034095353443,-0.9069494890147911,0.32809967083258557,-2.923275636962678,1.1328519858396253,-0.2501897880533126,-0.20043392253271167,3
-1.9535075186707949,2.1097661569010904,-0.5499949714577745,0.9209749161571599,-1.2432595061790401,2.223106134097231,12.332981651674539,-2.330620713808483,0.16062698020427835,-3.868660896525561,7.950196172660753,3.8966531364441352,-0.8844586369868495,1.0858660457468097,-4.23884982316712,-0.13588414606669152,2.00417196993126,0.8760243380191018,2.6810858570110394,0.19438983859663922,0
3.012575695299886,4.552247930774824,4.038030523556454,0.5379075419978648,6.6786806232946265,1.8353001955502484,5.727957010770559,2.8214153856937094,-1.1266182938856404,-0.004997003833461244,-2.22685811906845,1.9385695503181273,-1.3593477096681048,-0.9132442279779522,-1.7564254580809888,-0.014816292460495279,6.052167328957058,0.8882712116950333,1.0684562163285223,0.3205800776114303,1
0.4821361804991796,-1.1905882360728803,-1.7389841859844948,-2.2252072689576394,0.4172368670112352,-0.19343675872960175,2.0511015801780608,-3.733307658339591,-2.199421026889728,-0.8981426823784866,4.793415205343504,2.4223833094743448,-0.9361466035562689,0.7254162655869932,1.0708581186810948,-0.049296378143422706,-7.408885563860016,2.440511662070256,-2.424284659175549,0.32459344420121894,2
-1.8338388817302227,-4.947314354542163,1.1460991789346173,0.31484719175183135,-3.4201909676575757,2.332506918710204,-0.26345482280357424,1.0800101537988684,0.08544544908719987,3.127149383978537,-1.835318500356119,0.7925093566714208,0.1933293687593718,2.3849891106603947,-1.8125937195452329,1.2685431048039548,-3.8100545027097614,1.078583577994432,3.3992845549205635,0.7640335720719796,3
2.736359594596887,1.5167250210532053,0.9334609692086631,-0.6952836888446954,12.30985146916565,0.7671187200263355,3.0280587710784674,3.7206596714407967,-2.0480111079566865,-0.8676534441622441,-1.748430507627535,1.9230734515018102,1.3073699655761497,-3.731488389080661,-0.49746203709895176,1.1659540372027664,5.574390671689462,0.13840811136757827,1.4047584380084677,-0.13442033425783254,1
-1.723931077727073,0.6991513513878322,-0.069413998367996,0.32942439383600136,-4.674079079402367,-2.6897459230040965,-2.1180787987459997,-1.5859494924301503,1.5901938666561712,-0.769486375751816,3.343661016311295,-2.9836431605563405,-0.2188166275229697,-2.6226756187543585,-0.06621347221016105,1.326358729083182,4.708812471476337,-0.8268497308401207,-0.014983776675487448,1.1889511750846185,3
-1.296369326442861,-2.889690027988052,4.045239535722558,-0.5226029245750656,-13.029929252802624,-1.7923592435563096,1.4857798816430212,-0.6275772138002398,1.3621737037812875,3.180699231992982,-3.896479832866631,-0.5841519929170658,-2.4884618639204366,4.813964304854673,-0.943626307102237,0.019410973932356447,-0.8538252418635625,0.38362666766001585,2.543249089893661,-0.5681288011785729,3
4.081403318382932,-2.088359989291784,0.7117482081932658,1.635001733914644,-5.805867732815453,-2.3724287310169583,-8.527056449616312,-2.0699959501296563,-0.668201040706907,4.596389088080455,-7.377704045351826,-2.943629488629259,-2.350088892834715,3.976560288869875,4.463033013234302,0.5283834890397071,-8.872410422177172,-0.2649222482610717,-3.095698396352006,-0.1266445542835714,2
-2.32663495261775,0.12764169796920877,1.0716282961561734,0.4886001937453581,-4.423742655441082,-0.5662503029400697,6.020077557018253,-0.08309590674729184,2.796315240145276,-3.1606606122477876,5.854212020844501,1.9714341621411564,3.365263838223635,1.4571227497596757,-5.29627313885961,-0.47774217877761227,4.287635222680588,1.6706391583258917,-2.6705828700128422,-0.8604148829005365,0
0.7769620867054613,-0.2675124776276394,3.1614532119084453,0.0759471360613155,4.05352776863458,-0.1958293414340755,-1.3941914210149218,1.4982425806769712,-1.3913498153838608,4.4951558359802135,-5.098289560258112,-0.21801010421502687,0.633929058399433,-3.8614323513236553,2.1572605275359957,-0.028692388044620012,4.246465987927088,-2.2975681036844526,3.042233480500658,-0.2653435852640591,1
-1.6032386515711328,-0.7017710324393394,2.3290120062220074,0.04157676062014189,-12.714004021057525,-1.7605802698406035,-1.665669965348239,-4.753129317189017,3.192476829189899,0.9258692136665401,10.768463927283046,-1.2512225831224162,-5.576659259461769,-0.8685854339643533,-3.096642693164298,-0.3905792486713143,0.5323892715003429,-1.0694964047198718,-0.2845373468011836,0.02340758294069926,3
-0.8871234509883364,-1.733104141823496,-0.39620103589506983,-0.04720352075153966,7.1437269927443285,-0.5966590308408647,3.2436354773577634,5.059577457776733,-0.7377739797842682,-2.5447798512132733,1.9704037479382706,-0.3761671820782797,1.387980957712306,-2.9781887214180047,-5.599813588838828,-0.655514639147548,8.052005130746553,-0.3678109583696349,3.4472442169598727,-0.28643608611767146,0
-0.14377643921661742,2.1401069635537446,0.6048382084793348,0.5790164786347226,-8.254373663638232,-4.266717100324405,3.863160325646788,-2.862481002571752,0.5391519792912604,1.8365890799512052,-4.264215236748927,-4.484130699499553,2.816491024740356,1.8450433256109497,-1.4543607084893904,0.04419451297334373,5.705531120739872,-0.8755005868696728,0.3660434464396616,-1.3568870541877724,3
-1.5184219146132119,1.0585868646049756,-2.265701840553054,-0.11089299723893983,0.7352354189591271,2.6829632316640724,6.547910395695716,-2.2040410714848386,0.04162450926875394,-1.219831110337133,6.938486516912896,2.9705299285869753,-1.126584549018688,0.3896742033912055,-3.6227434219159296,2.6292382021284117,-1.3596821469467915,0.83589415114035,1.715846405478601,1.0846399127791726,0
-2.58330513538907,-0.3098702968678011,1.0443767944911424,-1.2542565234605985,-2.1330058935872382,-1.123478220220943,4.232421106532721,0.33634707720558277,2.2884388078267905,-3.1526434982685707,5.118120813678967,1.861627051308971,0.15933550743001534,-2.9018626492467887,-0.8639290894699598,-1.2076536059757257,7.434417007783946,1.7948205850855177,2.8962255661896554,0.32270163607566404,0
-2.6601312591486828,1.331706868846148,0.5626739380237407,-0.279159393258717,-1.77085060843371,3.463738673945873,4.1886780016181655,-1.2857327573662936,-0.6302754783047453,-1.4393640345693357,6.153467212971547,-1.0841187957669622,-0.8489950460173037,0.02358349666389814,-4.113836828880742,1.1144042164012784,0.3064621944366839,1.144532878860818,1.6144429683128128,-0.6224709567788811,0
1.9639273136118587,0.9757580283082752,0.5085007046458099,0.8138229320235352,4.735254975178285,-0.2247886856945851,1.3971494689770436,0.5900603030293405,-0.4355331237794594,0.8175412524548507,0.4498105543273815,-0.4721632878597911,1.141550897849783,-2.4592646711523267,-2.021625531173321,-0.14441516475678473,4.356155277792389,-0.3451027205952538,0.6297232473014472,1.0762912853130053,1
0.1819005002034093,-2.4233387168314495,0.24881839442056886,-1.1288591772622074,-5.501426666169818,2.122129677599327,-4.1281490038535615,1.2491454581977481,4.804582613794556,-1.9794837025161227,-4.242046454159066,3.089224859700506,1.3948210998117614,4.358621837604595,5.3720074982855275,0.7530561766231938,-4.572128367906428,0.0445512046377328,-1.075215895286865,0.14524415559888912,2
-1.7038784192319147,0.9311964102178081,-1.2455825093485515,0.28800209387326253,-0.6693010585800462,0.7385903967478167,10.993957756865617,-2.397131710890464,-0.6069202539725089,-4.206759263383549,3.250451153305817,2.583155091909978,1.2885407907814492,0.3018968652397551,0.11798543362451053,1.278103503956293,2.4521206235530117,0.8786816503762953,4.082367116973454,-0.018840300672472405,0
-1.104210356411583,-2.4991797276472236,-2.7607142107710194,-0.4894122919115758,1.1092464649159888,-0.9895371648835627,3.0093078520921743,-0.7176329613959439,0.9991233657067597,1.2852631489598856,-0.6902426074286933,5.520337229554203,2.437079113362291,0.5251599081702284,1.2427420799310163,0.16543221786821302,-2.0335398511673035,-1.2402983064876714,0.6066680616728113,-2.9047017738365786,2
0.1644499961192547,-2.674563874445598,5.7708702705976584,2.08552697237257,-17.238964113247665,-4.178506345618226,-3.7098541131629648,0.03952566828459836,1.864335095380764,5.302567650738826,-11.28523134909546,-2.7736115362843625,-4.433102405443867,6.1589406116078305,3.4106818288618883,1.7853138458336548,-1.1292550640613783,0.16077814530858084,2.4975377999674406,-0.20094151076524527,3
-2.6908429754712637,-0.4307384518186592,-0.44056924940280373,-0.015490022116927378,0.28523593969742667,1.6953438000432879,0.4347983980984774,-1.2561995265532309,-1.6146631769092892,-0.5238568890028479,6.4465063901115345,-0.5130592395183189,-2.3363373340087574,-2.1641910442670103,-1.7223645298178727,-1.2314353114312526,-1.547073462152405,-0.5987316890020711,1.4868965138159476,-0.5515268242807339,0
4.033527393477726,-0.6640658230114846,-2.0717653499444872,0.9793286445289388,-3.3488999278972478,-6.000460697434642,-4.800291504513368,-1.1526588784835436,2.828186163458094,3.791908755865563,-4.136309759692262,0.8544979699960198,-1.7374447559666553,1.3551850468354623,1.5311028904943746,-0.2411877677453281,-0.3021969260610422,0.13527618247321996,-2.3976475880010417,-0.5003766085517818,2
1.9028006702709306,6.210801486693303,-1.665776422420934,-0.1868596818170656,8.904000006609134,1.4897657011861,12.745334901421142,0.8002348589209702,-1.6953081012063658,-0.7626504176860252,-2.5961494973868993,3.2714554268027247,-0.555945822421928,-0.6125373792210719,-2.1184556761304094,0.05713676058342749,7.374402635931068,0.10950876285485489,5.595246248084372,0.5012957886384521,1
-0.6616370767486783,1.5592505962775873,-2.3960431555956228,-1.5379932766274664,1.889274262339406,1.8739821786273763,-0.20101661629042833,-1.6342643379251458,0.7030363983098517,5.505255513674262,0.08269500892810164,2.3742671132906574,-0.17489543253168538,-0.39400753692459634,-1.6336203975479888,0.7603175568089878,-2.0600710663652384,0.8758893065889194,0.3891310427899901,-0.7782737095205002,2
1.961583666929792,1.7160093715178992,1.1652933118081779,1.0264161759931218,4.655617423472579,3.01976058522398,-1.1020325226235206,1.8646717076608208,-1.858459266488717,1.82435599017621,-3.7196260005411506,-3.06879935275229,0.8480841756975497,0.513198846977988,-2.1228338662253448,0.3740388380893003,0.028070554522327058,0.31857052237092287,0.15236902909075511,-0.7242185660961863,1
-0.4996344976306728,-3.433195135157645,1.0655906318501276,-0.7372932280493669,2.2934751311843766,0.9651005611796143,-3.269079274152474,2.1383464281591644,-0.24010880655870315,1.6994944078514376,-3.6019469091649396,-2.840771175383491,6.895463337400001,-0.9011052135373976,-1.2342878903217744,0.22053849264506253,1.3069088273504734,0.553271537988068,-0.7873437201202771,-0.29436517152181574,1
-0.5565114508578437,-2.190303833944833,-0.041796886607958106,-0.07040085206148038,-5.345908196659159,2.6563077449187813,-3.9689873452749813,-3.75196112430767,0.7738567765446619,3.5249959249468623,1.7661566597646419,1.8701303235911968,-0.8044534928186016,2.5810692103548183,1.9569132549321675,-1.5297565279685663,-10.420740486949162,-1.0725598314718134,-2.5932129524560708,0.562557552469593,2
1.2608427095986305,-1.0073580669191133,-0.9935522439546005,-0.7253006995189046,-2.869365850030839,-0.8624610484618825,-0.8145081384932884,-4.281849824969244,-1.849106328629075,0.08173818460026694,6.714576813768194,-1.2852862660351985,-4.238096395536743,0.17453997083665884,-1.1050197288712167,0.4836285079685815,-6.028677005128292,0.08672712931790558,-1.2248203685504069,-1.8925048721760847,2
0.8668349496530461,-3.2511413913251577,-1.3616623626782243,0.25296993406175927,-8.380498801733653,-2.3769933866606503,-9.292195566585821,-0.5937148855227603,3.842478408099151,5.715377123483458,-8.14131368795747,0.7504220580408136,0.9828450852059656,5.1243661403767415,3.5196087867588024,0.7037563582281527,-7.359239104766634,-0.37816825825797823,-3.8777679392503237,2.715768937120417,2
-3.0450841665715194,0.28447552136836385,1.0774975631664256,-1.241829371431121,-6.193522075998736,-2.477393913033091,6.546776601732884,-0.8169409564731633,2.3291280023883387,-0.3608368533088444,0.8934352264160973,0.6463239423734617,3.297832437073842,0.05303299607214762,-2.6595258396423187,0.792100908750765,7.64222823134354,-1.3010773798518223,1.5883047539402213,0.4017496245846287,3
3.597768021900209,-2.230165718648011,1.0677505614782716,-0.07722180734575829,-5.628208386130311,-3.870039481213654,-3.379784789045026,2.1803039682726966,2.704357499547245,0.3823382452518862,-7.676526442423708,0.21778216501888048,-1.7967533432039027,4.563031554457785,2.279028938828805,0.6822873489795119,-0.49185419862183133,-0.426560697233475,-0.5504510737977019,-1.624859541165034,2
-3.4073095202803763,-1.5105726075974375,2.5506468178493007,0.037528848547784766,-15.369148231821109,0.7616261058591709,-6.504482620584314,-4.025846634868508,3.855633238910399,0.6777351889895838,10.019565291382584,-2.502785393704997,-7.384882862484702,-0.1262622666127462,-0.7600283627836478,-0.35821049719766634,-2.884749802046376,0.18795341951623026,0.6902125186262431,1.23797374544544,3
2.112921391379959,2.194789223596625,1.7410425876715827,-0.5484291241186665,6.76186292700554,-0.6621717817897501,4.967845600782515,1.28312077992038,-1.9233033607075547,1.3948133250821855,-0.8545996842965868,-0.46583732629238406,-1.5312500915971103,-4.642421774333371,-1.6749104011155527,-0.2094030684940781,9.003697363659107,-0.09890668677035269,5.639889722134342,-0.7132582683169144,1
0.5558201042347124,0.8272622485460572,1.0831012524394703,0.45905499446742276,-4.823913658732101,-2.166493248565393,1.6613656267316548,-2.4075904053823036,-0.09753912043585333,0.790691457613085,1.6809538545047529,-1.819490149381205,-1.1923398355375923,0.5161480779482496,-1.689168633550457,0.09407453213116035,1.2890054605177157,0.6901877753065322,-0.5207269478983902,0.6743809084543171,3
0.9873965907869291,0.7244843679320114,-0.44839251919192247,-0.39978822085083937,-5.090840924171124,-0.7217919438963,-0.6178866815253937,-2.2641511209677803,0.1521722654440889,2.43374322973484,-1.5877897825042184,-1.2091069964201688,-1.8474468417666112,3.138160480079007,-0.5425451075364902,-1.2315554653272682,-3.5495088014565668,1.8536995434306858,-0.9477013577992528,-1.4923864568169232,3
0.970596450982994,3.8214712739705567,1.9857690100314784,-0.9668826683326862,5.667262084825109,2.026017911066676,7.432202776400139,2.106966154543357,-4.229712159543947,0.8813331041267838,-4.486128414240956,-2.2118685244221643,-1.4768638537890695,-0.13943217096845695,-3.0254887684259306,1.19562181921029,5.025626592039985,-0.16185363990072882,5.205734817991881,-0.8745211135316282,1
-0.044095927499037346,-3.3749750429016925,4.248056383878513,-0.9466267525569398,4.292410154966206,2.1956065949207106,-5.568069117762517,3.0461074643044856,-4.547264130053609,2.811980893200303,-3.223496547112106,-3.2010960632086656,1.8240741394037756,-0.5283939558994099,-0.810721607930047,1.533879961225971,-4.662751694506346,-0.7161099450803411,-2.524505793285794,0.4423595074883226,1
-2.854331147416532,0.5869163373718325,0.410738313043042,0.4064313888247452,-2.941768240476466,-3.002387695189758,6.907332875186056,2.2401846438640023,3.732404894027792,-3.181366200487318,6.092918387233241,3.631551764509929,2.6163336379234288,0.9485148376291752,-7.797093208335758,0.2637119616620167,8.200072232673921,0.3884879182410328,-3.1251233750320906,-1.1041609270916755,0
0.17933852699252073,1.2149871041115667,0.1392485190972348,-1.5322701251274664,-1.5675395365804536,-3.325052632536824,3.3657377887824578,-1.6752383480588446,-0.048660083293657674,2.310804400007532,-1.038757012656018,-1.1781537984297852,3.7090133119122526,-0.3113409319806142,-2.799979307721294,0.6656146664955179,4.486076544958755,0.5318234333634566,-1.7541838933587157,-1.0342791550967787,3
0.739029014531324,3.07524685491739,0.38905405904113266,0.009748046881403714,6.4145611136416,0.19135838288012041,6.227859453489573,0.9140838661935771,-4.708848868428479,0.6905598193419329,-1.4522364028327273,-1.9688238506502995,-1.4636862218880071,-1.4056581385421347,-3.2448583243045372,-0.0411459417730128,3.789074668684705,1.2290922578047287,3.292685855464468,-0.9349253062166538,1
-1.0683926940975028,-0.5592224640093917,2.3474285566654274,-0.11126089706175073,2.2580624600236114,-0.4882173660969108,3.7364156399808124,2.9041128870379893,-1.786660426606879,-0.40262235347702957,-0.7008918164186321,-0.003468369885896827,-0.6791871064488113,-1.2230796387196747,-2.434902537952759,-1.4904694033346533,4.7415601892627866,-0.6985896032416745,2.9910838322992825,0.23775421849806472,0
0.6021682075010075,2.6050128420213565,-2.6152793780757295,-0.3914986731932932,7.251667094478397,0.8107030213547924,7.123256699611144,-0.16531064139135276,-2.845240221067423,0.8591439740185085,-3.9909050914098794,-1.5142234603057534,2.481692758258374,-2.0401235291951356,-0.9321479342522915,0.37433617671253,5.464541102152014,0.4549208133138943,6.040251060085506,0.8505951075591021,1
2.930613631974854,-3.2176383923785994,-2.6495955423282016,-0.6454207915307477,3.0815690241994917,-1.4434374180436012,-4.898039806181513,-2.5894396625437164,-0.26468658918843846,-0.8598069962154278,2.073355712088361,1.6162279717676897,-1.6463324753555195,-2.9915995203838333,6.463296404560571,-0.6743696295696282,-4.987858005293282,0.6284928614393884,0.5083015403342308,-0.20439751978980497,2
-0.17755143753879254,-1.1516978672543963,2.658987821378498,-0.532739389725167,-6.924168595241255,-3.7461212236146446,-5.985632313569813,-1.2174841731960064,0.04562530522182029,1.5084162595718633,2.6205195706047384,-4.262987967922841,-5.248686781504322,-2.3215634482643854,0.3795015397069361,1.9193979971159174,1.7035677325816176,-1.3622102846108828,0.4672437900769817,-1.2154844321946734,3
2.077303109398811,1.0398717221027296,2.445595280232739,0.2960134184756356,6.368438941259407,1.6563713459810976,-1.0647719550200045,2.3956859642212125,-2.828947876182828,0.8713159310885372,-0.5108033294031291,-2.6112480434217047,-0.12174631583386164,-1.4778972012098264,-3.0058756080186093,0.831762597914756,1.2889642243056458,1.1752718876880068,-0.9225903702599223,-2.0197219574163503,1
0.054792115398822894,-0.8293336339146447,-1.6488318711056196,0.8679636874135729,-0.6432805718180942,-1.3600979311605814,3.0516863593045254,-2.491034164243452,-3.2120750715798274,2.5408941578199284,-3.6402665640072196,-0.09796026474176878,1.5220432896955551,2.5377486233247994,0.518641032629711,-0.52278550887315,-5.099543576214566,0.5536457842364676,-0.46650341885642144,-0.9880575685508731,2
2.466465870920124,-0.6528032721024649,-2.1015965523751765,0.07625823962375397,-1.4378798333274427,-3.7227047327320633,-1.1773663619211465,-1.0125510231376493,0.43704030470991295,-1.3631182208669657,-0.5086713835589989,-1.039403007197023,-1.8218940651750724,0.43158056901902875,1.4400413282766562,0.52427076573835,0.09372429589058873,1.0101127298885981,0.14895532811136514,0.6512285517574312,2
3.2609017346383036,-0.6177897363707786,-2.033517451011528,0.24058526182647944,-1.5381693908949883,-3.8802436837165395,-3.188497575755561,-1.7180702890152275,0.949896495936544,0.3797669405768631,0.13496411375052728,-0.6206237759904094,-2.7801867662356656,-0.1347786212272073,1.5842319188613034,-0.15275008235466217,-0.849365308805815,0.05241488282083097,-0.607666790365351,0.9465577494079545,2
1.2013271527574345,1.0297785330285167,-0.23549187117855452,0.5055572726991213,-3.901874057082567,0.46843161973429526,-2.7337326251476055,-0.6816977364590711,2.577413700138175,3.858348635231589,-5.017310041448296,1.8954697365466775,0.3885437494132544,4.089583660396762,1.2014736480430606,-0.7196500803747374,-4.174111043698017,0.6480457098112679,-3.0397371202441765,0.30273128717726555,2
0.29303541152011414,1.0449034618869986,1.0704900220829965,-0.11018719359214611,-6.600556504798855,3.1182954238135694,0.3782582181011273,-4.275297222881408,0.3909723249460526,2.987786814338414,1.7769177589479204,1.0712426049351254,-2.41758877587918,3.9943697419150266,-0.11213311339944854,-0.8162921660792138,-8.144485735117613,-1.1039135331636605,-1.8940105266734801,0.2834725072556046,0
5.281700960004017,0.9509516226974961,1.384994321962164,-0.7316014791767855,10.774276379676653,3.371508488128578,-2.993681293997492,2.9590736898192356,-1.5958740771059132,1.979594991482085,-2.413667233252564,0.8712603288576402,-0.14502695460095283,-0.6153948534293154,-1.1090733762568177,0.7081440551239812,-2.2608659014333288,0.008495017376672222,-2.227347746394331,-0.4563707907920377,1
-2.1789396000433054,-0.13600243778792231,0.5180992062746144,1.230619844438311,-2.0352842096402743,2.5213366152234586,-0.9265308439242154,0.6089855427335604,-0.8216841182773571,0.5196078108271508,1.4137555099708907,-3.306614046585538,-0.4765737640832306,1.0106157597596184,-3.650190580569537,-2.1731186051478737,-1.013859378451339,-0.20860714369090347,0.8186201073037421,1.3336261871083388,3
-0.5607782436950686,-2.7319258420579593,3.4892350591331143,-0.05224085914030994,-8.574181239383654,1.6393037931599466,2.1498081464367353,0.31433931283062333,1.4675655029488068,1.69734363339616,-1.5912142389999528,1.2309357142558883,-2.1932768931592648,4.91792653922357,-1.8917479214178199,0.7846885920322508,-2.8360148643873124,-0.6840129905611327,2.242030827702549,-0.9891160917615585,3
-2.683991817988762,-0.6534486736756039,1.7375326366588157,1.7259579717603675,-1.309270412069583,-0.9368778888423746,2.728050396268058,1.614377911231876,1.2964499928138724,-0.6941138111012987,0.5027438948066111,0.4138802341471979,3.0071425529548175,-1.601720415954648,-1.7364436510988215,-0.887314365439144,6.542143981414726,0.8917642799146199,1.173299055308693,-0.49163491358584543,0
0.6902565143768844,-0.9120070455224902,3.938731263994549,0.9231661713210024,4.496644022495003,1.282166652015185,-4.881506607196824,3.179624467887998,-1.3918223554328533,0.4483459030389638,-1.2002741804740549,-1.802944120434045,2.1389243976734953,-2.1212502470326045,-0.13658400087755718,2.6187288208686534,0.7252605670163569,-0.2643833598497234,-3.1567545166337765,0.8729568659267387,1
1.463166919814106,0.1958612882492068,3.7066873643027063,0.3137587919397917,2.730989179380233,-0.6180861513064944,-3.668520648569654,1.932232555318162,0.7534273273724912,4.45445037889597,-4.612541399794186,0.6742784517275502,1.4371054261422183,-2.975891310027643,1.714500995689907,-0.10024758989863526,4.1499983998701495,2.8237302742788892,-0.5328412409132153,-0.4030497888544533,1
0.7155014349966109,-1.0356532583905032,-2.8576848617814816,0.08574387874657645,-4.736955367780848,-1.4896856450129614,-6.724333174015007,-1.3214498898495917,3.844447568773294,1.6291514943555214,0.5214103700800221,1.6969225649969577,-1.133847762016845,2.5328038654377805,1.1838329373677676,0.8420918310885884,-5.421053977011666,0.49303004754904073,-4.320517045482902,0.8273151511948265,2
-2.7319216730987046,-2.3230967881941607,3.8495778875176665,0.9076087563075925,-0.8334789231125933,-1.1153409447195337,3.261538298409868,4.370883961881489,2.5793626605509656,0.45966653199078533,-1.4057757956615746,3.375654649801877,1.6067282268984102,-2.1955714325319287,-1.5559416417236078,1.2436175678377877,9.407810173341764,-1.0409760092942055,3.9501745912701987,-0.6906783050345754,0
3.2730473337437336,1.6043285238075384,3.8509674281688966,-0.9051886057917797,1.897238837478075,-1.5855222790467636,-7.416025140765371,-0.16781239276978166,2.2936710228883146,5.467810615512814,-0.23288068149952904,1.631751791826375,-1.1102343948768225,-4.3675408891919805,2.1342243421253957,3.536531654873366,2.740554130271942,2.927645235868831,-4.16940174127398,1.39189247873682,1
2.9591671739743144,2.386653861469374,2.170621972518213,0.547267016312372,0.7880265413221154,1.9454146302550832,0.35660895997453657,0.8058504629593071,2.616912160986834,-1.6700251530278725,3.520478750455186,-2.4546549932468347,1.588064191918024,-0.48227898394179747,-4.906365819449569,1.058361880246356,5.716598736343042,1.2247839845092354,-1.6954124084629978,2.5853841120501024,1
-0.6715644508569886,-0.34115546806920394,2.9252778503574604,-0.5133408767381371,-2.6615534848825533,-3.0574038305088704,3.1313095346060904,1.5983727887420396,1.5189591859177187,-2.0050644311782997,0.7335312274111818,-0.365256195278858,2.647367165247496,-0.8239701006502315,-2.3970184253470386,-0.08089014718819436,7.869319377650688,-1.3777767923973276,-0.7829847410234732,-0.5548126328043629,0
-2.037558785263417,-3.1048531667409183,-3.753794744497097,-0.4565332023262666,8.365898855386112,3.990097442291608,4.256461700561276,-3.922369283004847,-8.234199101318561,0.006870294781815334,3.382939501612589,1.7114538122987082,1.80956946450737,-0.5327389818292125,2.0889183251210226,0.837417509008852,-13.43744864518628,0.40825770601625455,0.5255092143720657,0.028662942020531712,2
-3.729341306931644,-2.2981466678612947,-2.7142192591925105,1.643407137747976,-3.9217319775362594,0.7156169941347721,7.085943222400737,-2.232783605055953,1.7885604986899275,1.069950768740502,4.865843722442072,2.0718033121545587,4.253009940772106,1.4502887360527765,-6.2181301862650145,0.7490347978772707,0.9625423012779893,0.6024599808624941,1.8721914216586477,-0.3731314936823809,3
1.3604440613436306,1.0629297594759624,2.748064725706154,0.7750550727479952,1.1269241157492387,0.9136680678976566,0.3346588602860998,0.3929768085030543,-0.9584083298631257,3.1268951610075915,-1.9893550834246678,-1.776934209369922,0.23681966341272398,-0.7577506143752027,-1.9830691658122095,-0.35112624498489575,2.4057645141782973,1.2653426286639788,0.7562720134773592,-1.2199149768910265,1
-0.8698072970612035,0.1948397367915704,4.315150433483048,0.8054061133164855,-5.537367401282222,-2.860458049991027,5.495800616868003,1.6398108893499268,4.082931676645456,-0.679209795464193,0.051567177972465274,3.0109107979625325,3.698729252141158,0.9820564000419787,-3.2731251555544096,0.19392775587428454,8.909993985617023,0.38583571438791964,-1.959542790594857,-1.0198956514977724,0
-1.474686529395297,-2.872841795741948,4.94686747389115,0.3875918273064956,-1.7016041822053676,-5.865609342359315,4.865084344594779,3.15072259273452,1.6633227711147964,-1.28621668266119,-5.597884418532801,3.0409044186476164,3.5785521996334797,-4.159829363900789,4.648594351032278,0.6912550377652942,13.208379520483554,0.8430247694161512,4.818592770354632,0.2691997967043428,0
-0.7618547046867059,6.4472510226724395,-1.8873648405182761,1.2876528773991947,3.7912704633172774,-0.5697438804863504,14.024998475461876,-1.3020922559540722,-3.168323562205976,1.4092729542083622,-4.464133668121313,0.040805402731128204,-0.8751832275360196,-0.974924063491257,-1.8518995749926521,1.1603678217171407,9.009844687130917,-1.5747273583726038,8.466335136767345,1.5943711881644536,1
-3.611791543236598,-0.7515079308757219,0.3604297047976861,0.8043867823525098,-1.3009357095941272,-1.8196308289979606,0.6577035445353849,1.060250138993881,3.098215824573964,-1.2958184900096623,7.735873639539844,2.1143836542321965,0.911910911460723,-3.712658421511738,-3.911530584936732,0.4670593545708863,6.926768632480461,-0.7922234617203057,-0.7611497118818229,-1.417803360554182,0
1.5336283839802314,-0.27214223050926134,-1.8718496258180806,-1.2784263406781873,4.422058163440958,2.249946510816872,-1.9292118096362147,-0.5920367874935972,-1.9432140005873755,1.9920787524521861,-1.1712251942186462,-4.5013239977507515,2.67398508326798,-0.8930363385604178,-2.207715007694913,-0.49233304405855705,-1.067671751938524,0.10945266806555025,1.0910819917779353,0.39229335111101776,1
2.9493726044029334,0.84303034876378,2.7966073449969526,0.2512582610566239,3.6176692125774585,1.484435997405175,-0.48625959656170864,1.6232535438051885,1.3126663588049352,1.4867458504847035,-0.5077753617365746,-0.44621037349202275,1.9991286570447966,-1.647780086338252,-2.413741800445584,0.5489984976655381,4.697568271417961,0.7483736725592421,-0.4439024034593706,0.8137729805832676,1
-3.1306700414410944,0.640972352655421,-1.31543906307198,0.06271380898291594,-3.31509816399266,-1.1855986581269575,5.8176380925198545,-1.1814218228586468,2.1595023975566954,-4.241081916229153,4.6005882733366334,1.1390076039271684,2.1282600810064904,-1.0145024980048611,-0.7973488015353426,-0.5251506527596319,5.656858634535354,-0.9018445685352869,1.680796993236212,1.4716694130232464,0
-0.5846891173024064,-3.3706596164808844,-0.4055380128433801,0.6761102937916447,2.2581825443288635,-1.3154689643376405,-5.957351183017535,2.181648480821894,1.46305992876815,2.2118695838697056,0.31969884026858747,0.5852583885361773,-1.0729228062975054,-4.1229594682181165,0.9281471923638658,0.8799524810632625,2.580848300782036,0.9255233109024362,2.566045699771066,0.5558251736336192,0
-1.7972803006561042,-0.5534229893556549,4.229478995011277,-0.2968835857359305,-8.581720864404504,-4.129622445338201,3.119702203909629,-1.8156574721298249,0.32358323508936837,1.560826574339502,1.7271226117789888,-2.2836476325788433,-0.436848825554946,-1.4518262059039824,-2.1247980940622684,1.362324949014687,6.799483716831188,-0.15064339610845887,1.5443912770857793,-0.5621483893811725,3
-1.9417545000320535,-4.089488231196254,2.755051090891274,0.8397346679891476,-6.358945670678398,1.3480941213092272,-4.718372856643757,-1.7108933810295404,3.1744168394059935,-0.7077581822079868,9.999022783050355,0.704060874414556,-1.8027789767772346,-2.5668959602678365,-0.6611201007618074,0.296817479233046,-1.3018906814395739,-0.7586611522279293,-0.5314465389524381,-1.2020834255003308,0
-2.6590778094214906,-1.1890700906298894,1.3016074124120087,-0.1319268896084457,4.330218845091042,0.9890370723233093,2.2766518755194456,3.4077193990822248,-1.764562878550981,-0.47252222540472,1.2446606926679238,-1.1676661398777202,2.1895380250941745,-2.407237892455319,-4.378357197008018,0.25142178590159747,4.912514418432708,-0.07278008158880336,2.036574028542004,1.806391680231676,0
3.6500798285547535,0.11583664535418436,-5.305663752006293,-0.7836763706454257,5.683822207484879,-4.903667501610858,-2.7307032084060268,-3.6511134608284275,-3.9668670384537355,4.732226679915076,-0.0675256097544268,-1.5623150911212638,-2.4532035898322135,-2.2746612279259146,-0.08171070014560788,-0.14141431205929816,-4.177934991126582,-1.2865605882590192,-1.290138996231481,0.3076377087627688,2
-3.860201700856219,-3.526755193335014,-0.38170617936948026,-1.7455130534651084,-8.299716700463097,3.9648522404425353,-3.936085116922333,-2.0045918107017457,2.4131256009901616,1.9843929307142631,5.9070577168685725,-0.49611076126413256,-2.3262362481952703,1.4795307506749094,-2.2530284775788196,-0.6489172727996756,-5.961086468380345,1.5088737961295315,1.9670057025800807,0.13141143066236224,3
-0.8935496744382343,-1.0048583396250306,5.024690973798317,-0.017878892310776044,-7.170270306760128,-1.146932058624439,5.244401091273081,-0.8778037081164262,0.3243026039830692,3.249194906876502,-1.411721084207403,1.806315262757701,-0.03820348557662934,2.054097798669292,-1.9996928303196642,0.8833834339091055,1.886989584362794,-0.44190184399764426,0.8709002905916149,0.730973808253535,3
1.5689369378508002,1.0498393612738366,0.277694807720652,-0.16006540354518173,1.368718702720832,2.0773985435259625,-0.40982464368355553,-0.29458685089687564,-1.0814078993200127,2.586101900056409,-2.6890209446911744,-3.511448820353982,1.7946474444744935,0.8164552167977064,-2.428840131278829,2.193608772597702,-0.15538769342896852,0.5434367549207172,0.389375236668273,-0.23801837918518098,1
0.6743677097660816,-1.1629106072358988,-2.4706927512949277,-1.3465250496228147,-0.5288211824970787,-0.916494632305601,7.925485933577844,-2.808760675634791,-0.23837820479357252,-3.4667218526856165,9.590140156173677,1.7825110964946758,-1.410237335473596,0.4833266269040084,-5.526412136648881,-0.5168823517014675,0.05489163698572771,-0.511290776748995,1.1962202114838825,0.04144692013958602,3
2.2996611879239377,-2.1751201350082825,-0.4869564173534563,1.102125708101381,-5.835744304023606,0.5501740248804272,-11.618815327098263,-0.2907331344631321,5.900908016330222,1.774387436118613,2.0865165055962067,0.42874919126205835,-4.911080006405298,0.4520840842295707,2.362306065516946,0.336173927260473,-3.8171259277258254,-0.23735407953762325,-0.9471566789045885,0.40220306400226313,2
1.1597505911256518,1.2590996775297894,0.30452848364348784,-0.42677228087866587,7.926846055284639,-0.19300115226041892,8.489635726990466,1.1827316149278781,-1.7783862849571732,-1.3340984391730721,-0.04978251813163749,1.7328815460616434,1.6848088095104778,-3.6623327954701197,-1.24975245328394,-1.807039611117684,8.093823869045599,1.3792187245366272,4.965939793976559,-0.12892211644700136,1
0.3184499099406166,-0.28184184895094244,2.1449553376821107,1.0373621174833967,1.7463709185497305,0.7752987859163268,-1.1717829037949539,0.5036308335049517,0.03703218145668852,1.7371604772142202,-1.4949387430534486,-1.6296751869121362,3.176477769208683,-2.432646767202713,-0.0027094950877555313,-0.6063843230428307,3.52706302739294,1.601578754257833,0.4863586920013193,-1.0469375911810037,1
2.267968005826071,3.931410226633151,-0.19040294449483497,-1.0072923277418502,7.296800669188619,3.3791247646421945,5.210974825054576,1.9547585031320382,-0.5436984265285261,1.0774117726455517,-6.410335617478523,0.6431827745216352,2.581830404108392,0.4398716864360195,-0.5384201732849,-0.19629974279657111,4.163712708472305,-0.7947949065987112,3.1291651574295694,2.3768993329564596,1
-1.3495228046882644,-4.120201287960461,0.7495324986792959,0.3055419412611747,1.4978042133885696,-3.135078500527813,3.050990675573916,2.7382424745795193,0.2813862344715583,-2.8694183860921902,-1.984767570127541,2.392493858842771,-0.11610780278235255,-3.898025833186902,4.1514694692291325,0.11993610217871076,7.334895747081483,-0.509147934563185,7.495697037571183,-1.395549194700143,0
-0.24272563749269027,-4.416679952824083,4.135976699332767,0.8887467215456054,-4.7765272506951435,-1.0441114813023187,-6.781473153437854,1.765350029577732,3.6139977449225955,3.601393347888933,-3.887386063037123,0.04068954217878873,3.13672560600813,-1.1985895009155154,2.2153760543240506,1.5393663028842566,2.492678712563268,0.08121213732536764,-0.39498683578824534,-0.9135549117157787,0
-2.8257978641202905,-2.646874798627387,3.3685467798048023,-0.9305120665074942,-2.3919934288398554,-4.59771208076568,6.803650980567667,3.986208419975949,1.8970973848388344,-3.5664187773635514,-2.3765945804775166,2.701748611664111,3.948920461347842,-1.4812638970962813,-0.010741147579452104,-0.7615573364668129,11.695059774861509,1.565280458096932,3.090127624402393,-0.5702722628945416,0
-0.8338938545509329,4.499058839163263,4.184666074650053,1.519654833974771,-3.860400522170612,1.7277580568932687,4.682949443126889,0.8192609352906819,0.010667082477760603,0.8675945136313481,-2.1627651790258655,-3.367365580185959,1.2137409972842557,2.2374106275708647,-4.865745642271353,0.855081449418037,5.664444670296797,1.1449115873259639,-0.30506747110386057,-0.15419006801250942,1
-0.478097354078179,-1.0302611457402266,1.9102845648525109,-0.4688093979762362,-14.547548175488618,-5.07515246358475,2.4417197037258087,-3.9390177339653007,2.010734985457181,3.2889537695593587,-0.42366340352630655,-1.9667957327780945,-2.889287583907998,2.800149279198117,-1.7119093809166124,1.3160777571127416,2.2897684198208514,-0.3589801937965196,2.0469103743963983,-0.20177707247723647,3
-0.8634774698644478,-0.07761501755347111,2.592960015111431,0.038412762868914714,-6.643234269112271,-0.1693179427013891,-4.588132946388087,-1.0964381139964776,3.8330784330839607,4.42203061159899,-1.8576448530076448,-0.22552266682991196,2.4742111890991474,0.09154976075572918,0.6538247402691688,-0.35344077308923394,1.3968679283364798,-1.1150847773304218,-2.4291260657071136,0.47325875712029225,0
1.829771881985934,-3.2149846293495945,-1.036295583472549,1.8072699661499456,-6.583924562655361,-3.1183430978841478,-5.339607367798178,-4.0640713325823885,0.908046155935645,2.5148932156669543,0.4512036715737327,1.6909306087589617,-1.1917903202843292,2.992816786665782,3.250393494251851,-0.3823123413620135,-9.74531479580372,-1.3918318396805016,-5.35341381296784,-0.0041207848409732205,2
0.1114021404139558,-3.144581944994485,4.111221791884112,-0.8091288985646569,-3.9297557314501366,-2.6392792157628797,-1.3795838242062342,1.057465530306213,3.23542411832726,-1.0846825698804061,3.1145531681422054,0.2527082566288219,3.5197807770215706,-1.8278279684634895,-1.6570996765937185,-0.15872686885329557,5.827380385048179,-0.5258477638676445,-2.650205632758277,0.662841769223382,0
0.5348386573290729,-2.432162826920125,-1.705388894593471,-1.119587657687547,-2.929321720372029,-0.21081124141016416,-1.972732731997146,-0.251456656503416,3.738583837280448,-0.6881908725203174,1.6742055384854087,4.67997675111049,-0.4771615145178578,2.4874859355416143,1.2243549327465024,0.3824390699730584,-4.300756393883788,0.6121730162672395,-2.1157942770979705,-0.2539945290537975,2
-0.7146280374096677,-1.8196989358069708,3.322357661766959,1.592985832676025,-10.772848825150744,-4.250088358357203,-1.3994822935518165,-2.6790887484025276,1.9081329893143033,3.2381953691876806,0.8439657818111104,-1.9381956619025182,-2.0822413986313277,-0.8691381363500192,0.053196370674604365,-1.4011783869301009,3.5766807631196835,0.9399281556396815,1.494428878380669,0.5164228042166285,3
0.6136856985526736,-1.2238749880754203,0.29922328133122855,0.12209403251346027,-0.414238418948658,2.542558572451543,1.8186982525430007,-0.29367834775302515,-0.15487455932046434,-1.5226131492382051,-1.4458951090431418,2.092115613276551,0.23827994320887935,2.5515057316762384,2.5315401962849835,0.5524938583395987,-4.5272591369615816,0.4370511986010468,0.8583140187471519,-1.2904505648265217,2
2.7724693275325056,1.6236241515841465,-0.6191149437259288,-0.4038733993713496,-0.7292970438563008,-3.519142512451006,1.821699018663613,0.42559012933981255,-0.4639283110444974,3.6163861690855668,-8.377802204979028,-1.181091742762356,-0.29744917999132436,2.423919554797008,-0.48949918608696597,0.9782524184030041,2.5911082973188333,2.237225074435425,1.2284352170470392,1.564760673525323,0
2.4251298453238386,1.0435482503397902,3.412818623476982,0.6165010407834722,7.005787177230202,1.3594091421536678,0.20670982517605724,4.235775750700951,1.3184598385116897,-1.4774611196877747,-0.38915485524171084,1.4736748383946767,2.6781746253666388,-2.402342966059365,-1.5394010228294508,-0.9768399153964802,6.519763472082106,1.1196510169859355,-1.5468376214719424,0.26503404904066225,1
-2.136817015807543,-1.3309775092631844,0.17443047321582061,-1.0849213054775788,3.2041618839721293,-0.9758557241093082,3.567730515100021,3.564090754874558,0.4640479659713317,-1.0251876993319298,-0.08381869562594878,0.6665109727911084,3.1698809328059783,-2.012058491997654,-3.5726830716474085,-0.7987724577183707,7.551059153359286,-0.2902544433444301,2.4987878688961116,-0.014436018759578981,0
2.0991816866884916,0.3876378078759992,2.1705852779049053,-0.21516087319502553,9.954001438823568,2.5488574476268733,0.5572523871512086,4.3529438693765545,-2.3546689413842676,0.19069008932102638,-3.3160384856134577,-1.0661666753678833,1.6104602261520855,-2.5629091092828267,-1.4760842192519128,-0.7417966281604467,4.186586499573429,-0.25979347408192577,2.168263601664952,0.21644850949344063,1
-1.2223282666751425,2.3040061384002213,0.8543580590884416,-0.18701174251865926,-3.557242510841437,0.03903877311691528,9.547126006556407,-1.978619159796919,2.118739862392685,-0.5868303714257301,1.946082883520145,4.779978613113056,1.2545141655994698,1.471570109171303,-1.4040296378547406,0.9676444577050073,3.6531966194244854,-1.3386932374794216,0.8994338224841405,-0.06694600763319891,0
1.1899246656956077,-1.3861933017500228,4.758286104429077,1.4330326200963683,-4.645336533694551,2.11958703993682,-2.867335823575007,-1.270556648399225,2.046861999571284,4.791799000655999,-2.9082979052452367,-1.0371676328143478,4.402368871895329,0.8498684555808733,0.012240880913179764,1.5908405694101995,-0.495143032555893,-2.2093498180726563,-2.135483277275722,-1.0473166273632875,1
-0.25276443951866745,-3.7151091743929094,6.45264450226704,-2.314407091298903,-3.786008605606527,-3.414355479517643,0.931350219662762,3.496260157877851,2.68630695709407,1.7903674345505598,-4.654179546264418,3.2189409157300313,2.0492080833598956,-1.3039683807335762,1.414816986759328,0.01702027062294713,7.89197037470583,-0.8046520281764187,1.6620136934872578,0.6688008353642385,0
-0.6995209812386379,-5.5806013537323,8.599775073418478,-1.4564300388314206,-12.058426634777543,-3.937098660049171,-1.5350950582039748,-0.07085742410199192,6.134191920036265,-1.7770783232953282,2.507933125183995,1.6198907815060821,5.395270202517761,-1.795851060846519,2.357808938149145,-0.5320018754998522,7.884877988133129,-1.2591794202018396,-2.7385601072954366,-1.9501122379867444,0
-4.456419248146862,-3.374908225235685,4.894974632201544,0.14957284249147923,-7.418113569806427,-2.0590146944131886,4.1966034125954375,2.4706183113259077,0.5448301754572331,2.783264948692253,0.36454219640328445,1.0175135057798688,-0.4685068218818549,0.7756779198616268,-5.627593441552033,0.6576607943638086,5.3212874751364385,1.124831534569204,2.725024101314987,0.7742136085105723,3
-0.6010828768466988,-0.19555061694170695,-1.5159398468398697,1.3239236741615308,3.520597045837704,-0.13271699707115991,-0.29140418439726296,1.1196134190044462,-0.714434322689212,2.0313648171537544,-2.0196162365471046,1.0168720675854492,-0.699512201280291,-1.4310725118624024,0.3412151051883183,-0.5843192198258019,0.7588461350809107,-0.14745648849836274,2.4636073780193897,-0.8793521056946221,0
0.6606199338026735,-0.14362688588629235,-3.2426694003423635,-1.6243103578082445,5.71498372596475,1.8521164246059179,-0.12137449664753422,-1.5864525474234807,-2.866474624703022,3.892286095739039,-5.786884944870744,-2.8123319627874883,3.6921883542222926,-1.6874630225227127,2.005086715451716,-0.7598104855081098,-1.2569156660444252,-1.109071296138618,4.14312804644393,1.4273222851780358,1
-3.806393221018055,1.3468486310441796,0.5586192523308455,-0.23243834878877506,-4.856118273007685,-1.2959165269572035,4.770321342821389,-0.4151302661865923,3.2986049648980873,-1.473685578524965,6.264104356764593,3.0652874501524074,1.4055148989841637,-0.10039401067650444,-4.265274567395114,0.4216684975703332,5.192814761920232,0.5064176961986897,-2.1010776564385627,-0.47258203671350335,0
-1.943778799392795,-1.9204335512457305,2.5504304704345637,1.2858135840737106,-13.260003915451296,-1.5738999125507522,-0.422421767901909,-2.283628958832608,2.4341876291175732,0.9195092690656536,2.780120149769614,-1.2875190269578505,-4.088997669682239,2.403942606024625,-1.1647667374816952,-0.5280342499531765,-0.40233749789623435,0.20094487773114475,1.7460655155172617,1.1465263047816299,3
-3.7822917940501055,-0.43169451341091736,-0.0637741054140093,1.561107295575107,-4.170424394629534,-2.682618708226241,-1.7347049224099236,-0.32186083798075393,1.8504527767327965,0.9146858472210955,3.8230021484344383,-2.5986594360055335,1.840568754781608,-3.1583953628087484,-3.164561870663028,-0.08895610394643635,6.407040619028483,-0.4924486467024807,-0.13546845140899588,-1.401155092737511,3
0.2833526711693186,2.0926298284135636,3.012919129026381,-1.5583738322793752,2.427927227952529,0.6751395481974672,1.1604637079187625,1.6684922573115348,-0.29112984131689723,1.0820918667282025,-0.6932285599265541,-0.1250393400217753,1.123130387386156,-1.218068753570423,-2.0360395720168096,1.0749619272978252,4.132236868808356,-0.36030844843204296,-1.2144079978633155,-0.8294174893138989,1
-0.2310353095969666,-3.488215964731514,5.642505744140081,-2.4032285918779293,2.2397340068007003,0.21557170228139277,-6.698062813745602,2.094932551976921,-1.6677855309770073,5.417927419222032,-4.952218333132483,0.66519152943164,2.912894168937315,-2.5700253383222345,3.2835446589650554,2.2454220534886216,-1.9946699150517688,1.031462513801999,-2.8903028479837505,-1.646602811376552,1
-3.135994766977758,0.522666774463975,1.114335831172346,0.503175456998856,-0.7053237091586522,-2.848132761158894,4.604047129972193,2.9042886908202767,2.047263104838159,-1.3150723849312946,0.7816593144902095,1.957665129148578,2.241075426985367,-1.6406028624878384,-3.243011483500945,-1.4323533558887906,9.6745115216353,1.358618539843817,0.8052234121326313,0.7766463098556433,0
-2.7329716480528017,-1.872395252857352,-1.6462012851197265,0.35793227812345724,1.8557906996197266,-1.7640698806408017,2.67230055196468,0.8328570854453308,1.4008221799788396,-3.1958360994919843,8.684057177343874,3.3094771901823137,-2.546295146738945,-4.736563195990718,-1.7975196478382363,0.6747339831104918,5.538706145620323,-0.07289945915915559,3.7367977253593665,0.9915126520227832,0
5.562164106540694,-0.2335597758930441,-1.498769369204056,-0.643041664088938,-1.2639502741200113,-5.219271143948702,-4.806790757759217,-0.85757728544409,1.4487916061425878,3.4739284881657193,-3.5381754679031845,0.18447758636193345,-3.6211316041484003,1.3660744430344185,0.9066071713909757,-1.1871335396243894,-1.4294683567943882,-0.9757710245787014,-2.2213900683502983,0.004567553350116521,2
0.6650761154356138,-1.58684232725932,-2.9753797864936566,1.2456308541934398,2.0375561777833364,0.5907976227930749,-3.8782625320841917,4.417462658136827,2.8677038103289214,0.3790382351804582,-8.39270095208067,2.7401617438507553,1.6070548088822147,3.7835355887640505,2.203429389401465,1.329301492879721,-2.3286343116280026,0.6066890210461968,-0.024113625968515073,0.5350188686960713,2
1.12960996540656,-2.533505318568624,2.3792412785068655,0.04810314820012888,7.024184115633146,3.46539523356901,-13.134513167738195,4.355095436922203,-2.0143292720435184,3.812265853631007,-6.799990517058454,-6.582182546853193,3.8788034933188977,-3.036887759039825,1.6704978130159973,-0.9829947637575661,-1.6520910245749605,0.41298125241533723,-1.4058874148602456,0.03206850919870138,1
0.014617691887242268,-2.7041347382127734,1.8634073475199278,-0.2873076878663312,-1.6570706617917508,-2.114662608815271,-4.132095774599943,2.312198147684466,1.7362792412494956,1.7902501077288213,-4.029666835150816,-0.38444363197912557,1.3021885197666299,-1.0404915007998277,1.473588388255823,1.8835170729953161,3.1803836014490248,-0.32451932033938935,0.6869204729988037,-0.7685165669797679,0
2.20335005556284,0.8672253231976083,1.4779967769632847,-0.337330690094997,1.5160245381416362,0.8852341561007271,6.2260220894577545,-0.1558157073490638,1.3661683135272118,-0.7415416357631361,1.3365219425601973,-0.5601692372873545,3.655453790811478,-0.8928582821189504,-4.109853951559623,0.35328367141552297,7.310937915454528,0.05679653887129763,2.135317708323134,-1.0255972763453396,1
1.3556988011115914,1.7293117892899872,0.1539589738146927,0.4152521265530699,4.423192118607566,3.989211108288508,2.814903111334251,1.3072749014198353,-3.739038953961593,2.8550482973034748,-6.858313986523036,-4.009141454373964,1.6586156952253113,2.5137409674389892,-2.997312414276064,-0.35145975274357955,-1.1830992698719864,0.1777801338919257,2.949892184501399,-0.7366403048809433,1
1.9975289721656084,0.7877489560024122,-0.4617248200910329,-1.1196523398592617,6.395147161459562,-0.012978752154113371,4.4371089744167875,-1.0648265166578628,-1.532666876074242,1.8537629308641854,-1.1882836368771443,0.680881268411607,0.8895964863334624,-4.239276650457539,1.0418335480530785,1.934256247755625,5.095412034629187,0.09346010806084408,5.343068224574,-0.5301764562537652,1
6.261332883751901,-4.150955986074561,-3.438110214786067,-0.27900293466151405,1.2059591257184146,-4.558628002341544,-13.27215197049168,-1.334453584063858,0.7582036539758864,4.902799521686282,-4.838615635665075,0.20949442550887576,-3.2830189414176014,0.2230940443145044,5.9599209012723655,-0.20533518378803484,-9.098201122407213,-0.41741188143926033,-3.471171052684986,0.16916497370931682,2
-0.9007241251267502,-0.1822424192646792,-0.21824159410897503,-0.2141425889163906,-4.057401565993864,0.3347898139694221,3.4644199249462893,-0.4024062774540327,2.4741402921034332,0.13824263421103078,-4.017214525837371,3.5542282522221877,3.0278157106056223,3.6553145609735616,1.866627059697452,-0.7389775096119601,-0.9357953638423456,0.41242984562764806,-0.2859949335058849,0.8958539015207245,2
-0.4098783361394581,-5.88519390205826,1.2400743806265502,0.05741356072007187,-9.176491637489477,2.2284750380127463,-2.2988162712913764,-1.0245408996070169,1.7619073056137573,-0.6725766747327704,2.4285841223092044,-0.871699833226935,-5.283398472974454,2.2901980285988754,1.1458610016953217,0.0848999753812093,-4.832605806807783,-0.7943871752460151,6.564792896893387,0.8145632020538126,3
0.6726979040209038,-4.747150471997205,2.6450349842831993,0.9333391899629211,4.989460103005826,1.7059340089109178,-6.738921801262472,3.147325681410085,-2.1886434924928633,1.7964779802457762,-2.9997573249412763,-5.765111168775304,4.659513881100519,-3.5080371094760867,-0.725257492922227,-0.39804929883257534,1.5474729042099375,-1.248167610160914,1.3411463694428674,0.35102651434376314,1
2.9497644344828586,-1.0744167132662619,1.0724502301294696,-0.691475180172512,-8.30423571829516,-0.2716003627696042,-10.097622706190595,0.7118770580876919,6.521823836410967,0.5008415050233854,-1.472056359253157,0.15714117920549509,-4.0616552863680315,2.9457777230395075,2.9435298741425067,0.40233973015672153,-2.447008877224786,0.8535492233030144,-2.1288097798161814,0.17330773648608377,2
-3.3497733287069673,0.9321022711334979,1.7946006254746567,1.208666715382928,-6.7389122667182,-2.199565130709332,4.529514286002093,-0.4056598024009127,2.276638356134109,1.6835237312628473,0.3797095278237847,0.795848949832624,2.734380126409658,0.9604302429669147,-3.814471084528515,-0.61123408219872,5.811329871512556,-1.8787313213257182,-0.8457477581870219,0.7568184050789574,3
-0.32475001359058053,-4.650671284812326,-4.441037327928755,-0.6493401823266832,-0.8556780405422996,-2.2042613749156663,-6.86343584569069,-1.1050836128775994,2.9854681470186852,4.901583401505196,-0.6806104553482428,5.027233112177582,0.6502102526024065,0.40226209083192943,2.3379304263309497,1.515127059235492,-6.874363757414444,-0.9371326868908677,-2.3680784913383865,0.96070995311007,2
-3.850244720416805,3.8034297480283006,-2.9063016438314713,-0.6859529254992673,-1.3554986323986133,-2.3832909190638727,8.208615952435487,-1.0829589395488952,2.2474835152841774,-2.676927970678041,5.680086933321605,4.071844045221532,0.18908342770608022,-0.9705838958518255,-2.975315064524773,-0.8139173388487111,6.642532621158051,0.6188755164948907,0.11801588110847527,0.27859233483701573,0
0.15111483259961078,-1.1646632420142535,1.2472240690893444,0.8255389231674295,-2.4766080180895744,1.4595602454743988,2.725928086139948,0.01740174065019562,1.5387335092483108,-2.497404684485054,4.875454097775976,-0.12218559234767823,0.7199493434952382,1.1778471743623316,-4.041006790662866,-0.30907923894350625,1.2041180404680856,0.3812138743848172,-0.09428766065629102,1.4499641908623555,0
-2.7461492619775676,-1.6043219433151317,1.1183532427302858,-2.0481454683038454,-2.7245671357353936,-5.721907823829852,8.119283399038338,3.184150569422038,4.093051424042139,-7.765772333557312,2.997068447224134,1.6776743610140241,6.55773296808618,-2.0173975184034854,-2.711226931690561,-0.3146421758635465,15.189585773398594,0.900583002617879,0.5979542337738915,-0.914481092483763,0
-1.208405583675066,-2.8407477487811077,2.508439569530873,0.5564213188236213,-1.7614985537865104,-3.67121584238248,-4.880882959052763,3.532569108457953,1.6982895286600939,0.6061794070704778,-3.5640662646361205,-1.9083467187753396,2.7611018142017074,-2.2791732199738024,0.6087078221513695,1.1835020235419498,6.426806480477987,0.3910083851962531,-0.3812649450821597,-0.9415066802024327,0
-0.7674801231576281,-0.40921804037884746,3.0772100083958307,0.22649295862750257,-1.6754719641667064,-3.744231532025491,5.401495323094077,0.36692424362369147,-1.4613657032585454,0.5258285957360583,1.0952598010746868,-1.0401773451749745,0.8230741197658116,-1.5291283510975537,-3.991553797154552,0.5281592620972155,6.965556185567452,-0.2849035974847795,0.9079122463988172,-0.5922557504863658,3
1.8323741254353925,-0.7055012288224581,-3.7315050483808507,-0.04227802333458509,0.0303080075367704,-1.7235270427449296,-7.843257401109717,-1.1000052631479682,3.783796072739894,5.864011082860841,1.2114522254190239,2.0521780461126125,-3.1432306170455346,-1.5274104658319816,-0.4814423272305619,-0.26072738922437744,-1.7774940326752984,-0.9858397172648165,-0.7568153485035237,0.1014240440026861,2
2.0230521380206508,3.0673700689291827,1.011045595616091,0.9652640005860594,2.0747538068102664,0.9340269186263616,4.227024588472549,0.1831637172313254,0.0491978799569579,-1.24224647019707,3.121951331989241,-1.314885993140988,0.4790891078949774,0.2272246804338669,-5.458284758567126,-1.0066132621516803,4.158271006141248,0.5570684662950766,-1.1820223668983831,0.28396359840125734,1
-1.32407572215467,-0.9338220887981943,3.5689532558810617,1.8692538310680837,-4.686724659970692,-0.6962115838275008,-1.0530287935626117,0.6446745439807322,0.5833352237264177,-0.7018631040530878,3.088231377017913,-1.5770109825307537,-2.6114465162254006,-1.1596790544032407,-1.2636829275143526,-0.305518974710549,2.961389106992077,0.3318228066525445,0.985735676434094,-3.200569926563946,3
-2.6186496916449356,-2.384731628733679,0.12254636801956331,0.734839430207506,-0.9427457783098662,-2.4214434836123155,1.7274977228204456,0.3510187591187337,3.010112866070626,-3.035024375680519,5.551248298190054,1.91383901385653,2.9525960589407343,-4.548581169958945,-0.08849856203490503,-0.5849044402828787,7.903329283927218,-0.9257832358664522,1.6706452504594504,-3.427655528304998,0
-0.5686534404081279,3.0279362318681797,-0.22877957801732118,-1.6148984184312964,-3.3918950610956258,-2.753506915550906,2.4633991511530096,-2.436662470624686,0.4235827283164332,-0.630210418100118,3.745717570326651,-2.690491323420118,0.3843925298521298,-1.06404878780907,-3.0126318610698357,-0.437596679826203,4.917767411733391,0.5652432124338672,-1.6509620050762814,-0.01139324870834868,3
-1.4511457750830048,-2.141072057317261,1.656644604974531,0.3496342577353137,3.260304527330962,1.1216595392053046,-1.3204855879949122,1.5843851874917179,-3.7222361022926522,2.939557332232483,-5.502790240521503,-5.088963294047675,4.109327977178754,-2.342736703097925,-0.15973766987097116,-0.1807273008372769,2.095429342720094,-1.0471545743915383,3.4210204706698044,-0.21561003768566392,1
1.8003909216327736,-3.0559875474940505,1.8002090818494232,0.631412661981995,4.923278183271958,1.998846929771093,-5.721745275845976,0.17839241105111858,-1.7122671770341409,4.409337359653442,-3.713495527344873,-2.767627220319265,3.2467939697241786,-3.8325209452769355,2.4950053734883086,1.1561431262116262,-0.6621826243711405,0.5149178699504232,1.925525564647597,-1.2029024289499468,1
0.04736437185132503,-0.30140224379121117,1.5041749563272564,-0.5169000680365495,2.282191801018113,1.209853762376064,0.7718650935676701,1.6485377007126765,-0.7609813043510945,0.7735644586895425,-2.632031236427825,-1.8106131935035936,3.9747622984934257,-0.08929947806929528,-2.0010470060569805,0.8074554219267825,2.3621705266327577,1.6302684514561843,-0.18217784342099064,-0.22949322028603933,1
-0.6920062596921749,-3.123861101126448,1.162154224020129,1.2586582184231674,-10.73580404298199,1.4328650447428486,-2.3911012748961125,-1.0927269871080076,1.9098095800469668,0.10665795318262705,0.44150504980752564,-2.249935247143578,-3.9769256324998086,4.186064002841327,-0.3586193465710197,-0.6117299783135902,-4.435378198404356,-0.3919585407672948,3.061500213058547,1.248347265348947,3
-3.583769061112169,0.3078642562929279,0.7999068274032165,-0.4348435688460894,-2.8992215238713412,-2.800670715417171,2.4193766965826677,2.5581240918880246,4.190465558777133,-1.8025038685303618,1.8724817642164848,0.8716095325442297,5.1662710924098345,-1.3490279323682344,-4.076235741495925,-1.562325869192201,10.402186870612377,-0.9219880363264148,-1.705389032537425,-0.7548368840905327,0
-0.8995412499062797,-0.8078241014130814,4.056125362533196,0.7893347729815176,-5.331093075537856,-1.2516933946189754,0.05631143887493292,0.4349748461319818,0.07961304081253284,0.5991158413784645,-3.2011107208117933,-1.2436185334509662,0.5373424496575261,0.6766890714888398,1.5048184613345876,-0.8151666709601995,2.0805500183897583,1.0958907812082344,0.31791008594433157,0.9023217515009514,0
-1.7889587847257316,-0.698472860099475,3.440213444944535,0.48237791930626245,-2.011940858749613,0.6917453659972765,-1.0088681732051235,1.521277200027074,-0.5414539327315775,1.956749494557698,-3.210231056830928,-3.7106101227215182,3.9111199195868114,-0.32828208659754776,-1.8835765676994694,1.4890589812421102,3.4142210148854257,-0.26801625657978473,-0.07768793279932562,-0.3120349225521079,1
2.892777722529385,-0.7229584504789313,2.815226600193343,0.06755325901896322,3.4001897335997966,2.5550083692562047,-5.290505536102311,1.9479388082515636,1.0654022219600678,0.9519660774674839,0.7039885311094041,-2.088309949331953,2.768283799419505,-0.9453164050563033,-2.5182155837411733,0.3457522699455762,0.45363181385286433,-0.6754151045057822,-3.618276131128488,0.48563846750982853,1
0.39666357882223835,-3.7016786070749674,-0.07641140812851366,1.4948401263941093,0.26286753484682457,2.5697664511918044,0.6391963021439052,1.9084755230245753,-1.922197580443696,2.0675881472715028,-4.977493922569236,0.9827678252433465,-1.5909702019123082,4.185458610122215,-0.5277951161511393,0.03250702677631625,-6.592238209880663,-1.2171787554975697,3.424544976675928,0.12944129076332936,3
-0.7377692673481029,-2.826680041778676,-4.034790196838577,-1.5910344145364745,3.590101521958328,1.5346719563008722,-2.3458335028969333,-2.612374189500118,-1.5829780601742276,2.883017371292504,-0.9793522275012395,3.705305963350581,2.546523803851089,0.44412761844468385,4.017341241982722,-0.4103851432113735,-10.288098603799863,0.5178645279899932,-1.8365625821541405,-0.9427907282078164,2
-1.272159010893538,-1.7802784849060622,0.4085168712847902,-1.4314087326522125,-3.8820932548297873,-1.0639331359703257,1.4979318800686838,-0.9450583426292845,1.27449490791254,-2.729005640594056,2.280852489302784,0.4118957598119888,0.7119953458379191,-0.4665850128515713,1.5306180752544236,-0.18795025552204306,1.5748518042355957,-0.810512523132182,1.307948236479728,0.16332465474110114,0
2.9721852668060986,-0.56038778703813,0.5935757183321066,0.6569641043543296,11.257665645417552,2.3398016272264472,-6.759386830474529,2.8841957135553775,-3.397368497157677,3.7242873853585423,-5.862850905598157,-2.2042632543988807,0.9523032240424378,-3.6419854769483373,2.5099085888168986,0.4686516880409241,-1.4697735097778226,1.27121505203703,0.7158695374811626,0.3708281262654612,1
-1.7977447714582269,-1.6542269088496646,-6.295394803460599,1.0639872285115697,3.1730888332182334,-1.2719503898260016,-2.483078870873168,-3.5963297973027126,1.1057443162247411,3.7969005501487385,6.192731802353321,3.357564351225849,0.21229242162181028,-4.255970629902221,-0.22285752819260285,-0.36274805494336826,-2.488392084115189,0.6917712354296518,0.37091703404274146,-0.13033395895020516,2
4.012985198592752,4.630242872790391,-1.297014803492686,0.30008045551991636,5.555604801879659,0.24663365109773094,8.184263768240738,-0.6750380271982608,-0.6637904259481221,-0.684175719579458,1.7270493534892843,-0.4559202985835318,-1.5941043813104354,-0.9197895145562152,-4.83428340977421,0.8566434746138281,6.714428923262971,0.1774182393621818,3.4921871337035895,1.9249790305605117,1
0.19590003004591328,0.4672978017772963,-0.3972440669852919,-0.6206812822726833,10.579639933604984,2.544915132001078,0.09574846683715096,2.895637669656537,-4.655703827469054,1.459930140775496,-6.633063844856711,-3.516485948928473,2.743745721667495,-3.395410428200889,1.244756431215146,2.0261345205956793,2.703594444455224,-0.14107097203364713,4.844423200902401,0.8332179377799189,1
0.5685382220231247,4.946450211569028,-0.12253853649906166,0.08483242565692106,3.126217049727382,2.541028285912147,7.679666122490617,1.7134935431303515,-0.5623156899598248,-0.8138867585238558,-4.670108532152562,-1.3953929392101911,2.7796732992857986,2.4279853143542103,-3.694476276049101,-0.25229653561492676,5.42653452905178,-0.3725023540169865,2.002183039925941,0.35555720625605364,1
1.893518531539065,2.0477927121301334,0.7862433801451785,0.6738877844087633,5.154526297616801,2.566389163776953,3.4457651467316053,0.7632215048375036,-2.4544283919186354,1.2968962697739173,-3.536961816479671,-2.829997260111533,1.577915510768404,-0.46294874227487437,-2.065983188054947,-1.4668259699385697,2.8748165501274903,0.037972653873179475,3.1154135037709114,-0.29843141636075693,1
-2.979242561602143,-0.539613544883855,3.140603742062022,0.28277987674718724,-1.4898051792803522,-0.36235184038461843,5.493337748904735,1.4980773627023256,-0.7174089542609834,-1.1699117699612058,2.318190423500284,1.8803311556042384,-1.2255719348659628,-1.1182981915773087,-1.8868202077426646,-0.6934292426154812,4.466269785263171,0.22122524080794348,2.7671045093987785,-0.6084086494201553,0
-0.22692751762296348,-1.0218003946597085,-0.9497654172620563,-0.016333751034792537,-2.889173335482814,-0.24492241793740965,1.6764989716882117,-3.6805453616030435,0.18525585531616517,-1.3268539373223818,5.76102895886042,1.2745385466140506,-1.4506193893953672,-0.5390907200728123,0.9228100017170162,0.04413220571989503,-2.759133655149887,1.0668464622948386,0.29979496176621434,0.7883816955471025,2
-0.019828865224327252,1.135917124119366,4.220540342638439,-1.5248276316855953,2.2021223040506666,1.2997318891977538,1.8431590743243045,3.4322558368369975,1.0238999020547577,-0.47593560748053165,-1.4397013100323328,-0.07259607959074255,2.7967304226022733,-1.3591554984531018,-2.188579339565687,0.301429578297333,7.207076957189335,-0.14203244035668217,0.06936629617260803,-0.15293549993787187,1
0.8188359836026586,-2.1210201103017736,-0.4426299411962913,0.06624511435588262,-4.098761531839734,-0.09488782876677249,-2.479919999331926,-2.7751479995338,-0.11894401975774227,0.029947270374099277,2.086774508732705,0.12486979202584769,-1.903809367709937,1.759681356543152,1.9221800785177248,-0.13988351428623302,-6.8120529353814145,-0.584789295607235,-1.477294851174838,-0.024687249227655094,2
-0.9732838640868433,-0.8767932273669403,3.698009997184827,1.157770606094284,-14.944063631965228,-3.719844648946554,2.5451410566839714,-1.7388879725989157,2.3763406755507583,1.1987157996773463,-1.0489342850701862,-1.6344176884957604,-3.664673869004484,3.8957590952774677,-1.5252450642386008,-1.6459666066037992,2.698447062378942,0.907149317665678,2.10163600307345,0.3485320869999536,3
-2.7307588019362425,-3.501973637741869,5.580069119465678,-1.0484699893448555,-20.056617250763857,-1.66102401766928,-5.284020782119342,-1.7672816110939837,4.450031147367636,4.023153676808018,0.16138677969909113,-1.1490015057330558,-6.189487961323035,4.024889687065819,0.36208563502092317,0.9662988530697841,-2.317657156084465,-0.7740803066888763,1.346823178902191,0.15661633650659762,3
-1.4414914902397025,0.49903858177933613,1.3465921889220136,0.8418231670397884,1.5789241174541022,-2.955122992414478,4.239933375485895,3.6940404566619107,2.2468712306369816,1.7120938587306198,-1.1896579414900728,4.585750036055753,0.4612811982196209,-1.4696189664136574,-3.3978835911018326,0.6569210323526465,8.851655018338821,-0.20427501072102375,1.187823060850099,0.3004741944679497,0
1.353948163181655,-0.6789612614757635,0.964589746324604,-0.5908192120306093,-8.586288491338848,-3.5308903242744427,-0.749593124669433,-2.1331754505415867,4.7771122705692495,3.390771882524718,2.0673899207821367,3.4931072733432162,-2.808106908999948,1.8242347482834977,-1.5003412834786047,-0.6679719180899266,0.6625234866783484,0.5839917869430012,-1.8425888295491828,1.7739904229535686,2
-2.368942631424158,-3.921334800778764,1.1155478036343025,1.1913797186138702,-8.008548285961327,-0.6522063588024576,6.310842932775654,1.5195703279388608,2.0805537896105957,-0.3852697805885761,-1.4938345404669966,3.0310184238497455,-0.5694203653419379,4.856762507223888,-3.030549870225207,2.097085551206828,0.7285752868771055,0.20381833390973617,4.212771474845198,1.270169727560179,3
-1.881977211532892,-1.1722834040544687,2.907955473165385,0.9630293861642395,-5.501430893417327,-1.421660948367512,1.8366375850042196,-0.21856987412625584,1.29752804533861,0.6835177872756804,-0.17982735299726413,2.465220532990993,-1.026057352378131,0.09443158979722388,1.5042223810608153,1.0440838688443583,1.7865801576935063,1.1613079458683726,1.2462186361505865,-0.6601587613821377,0
-5.210060784300683,-0.7227955662203144,0.28316884112773466,-0.8262791287145932,-12.004800998364164,-2.854908538687466,-4.592677907913797,-2.034681798038754,4.689564148446257,0.9679549502802081,5.035864027829622,-3.4481072653027915,0.5056492520276572,-2.071196547680651,-1.7275473043521314,0.33032969908424775,5.618996616174416,0.3317000132972381,-0.13154005596316365,0.9767863865918521,3
2.6160958143902064,3.7094982450181044,-0.36278136195881316,-0.6232701159900031,12.640202377795049,1.2895324889966517,3.257839747852152,2.550610726427718,-4.6253402648482425,2.4834927768121453,-4.279813716901763,0.3997807197695298,-2.7757615263524555,-3.115415271469376,-0.48906051350874147,-0.7454164491108947,3.0644401187875845,-0.7012810931622577,4.0627363950652295,-0.15206162051832056,1
-1.4416448769092616,-2.3356048521931383,5.113211548287257,0.07434575564982325,-3.850693797840514,-1.9605604699612076,0.5363993020601501,1.3226879375929064,3.4122397316750406,-0.5238042698685584,0.30552096918154364,1.0882776111715442,3.477474918007358,-3.832241644719556,1.627025755933536,-0.36782817114706295,9.572376881193215,0.3601553046177644,1.8432045378087851,-0.8435392391301706,0
-1.111904083514938,-1.7833499305507767,5.264112646846957,-0.38818864765808114,-2.6252651241550184,-5.058003241474189,5.846906175055868,4.3304340146533775,3.0094802003692154,-1.3447485895432443,-7.3598945380416385,1.9664700463760614,6.27050568144648,-1.8395743057707539,1.6064682160663857,0.45932259905221073,14.923621463029198,-0.8577969791329284,3.13528107303643,-0.720504258457595,0
-3.6633693101717486,-2.975662934248482,1.1111823316491156,1.0608360585682186,-10.78805125586548,0.020160527043638465,1.2835969326768366,-3.6102719605936624,2.3865070697843134,1.0844125661019082,6.339963886500384,0.15706853573171542,-2.3594821876157575,-0.4102523301023786,-1.104366043305439,-0.8969775875339154,0.13190515023781552,1.2313489462597484,4.017211696058886,0.6202457727272859,3
-3.556686970843749,1.8817250774062262,-1.469536141494419,1.1284888883891497,-1.2867997054706428,-1.5364151841488178,7.815420842514645,0.3177403059996382,1.8725118409383386,-3.21149592000451,3.96948608068861,2.222607018896731,1.6548410406762708,-0.8765084330245719,-3.3211976218837282,1.8872134301648316,7.699746890838744,-0.7683929477727645,1.7754135162202889,0.236156406987923,0
-4.758589690310462,-5.071239524251083,7.827584539858702,-1.4446417919727086,-12.230159267017692,1.4313006062933598,-1.7974918222794536,2.335430171483332,2.271866563735566,-0.4076735330532717,3.056789820167866,-0.5588372096419931,-5.0739062135440225,-0.3045528389178491,-0.20679945294011937,0.664549619941435,2.8317003824204154,0.8154188595444919,5.8326690349677595,-1.2886937983250009,3
-0.1359862190758243,-2.897749346718024,3.6609091088380765,0.2701816182104555,2.5553012359171636,-4.725078748953797,3.803816841084642,7.579705952007224,2.1463658146603692,-0.6461331181996199,-8.373401395185622,2.065051066095445,6.075285173739365,-0.8343836228232421,-1.9490046986256102,0.7562008106610872,13.27529727254028,2.0193716110532445,1.8400220799357987,-0.3935495157473804,0
2.8249628655181915,0.001986444560568179,1.3514505962990333,0.3192332094425468,5.394775585026218,3.0048007214186465,-5.823761546730872,2.391898014959363,-0.6475776301878508,3.168875075459027,-5.899501853122524,-2.9571331768887226,2.7098589482605497,-0.32491352197393764,0.2865503610053115,-0.3257930008742093,-0.947146038717444,0.39123278685117846,-0.9753678670628458,-0.6828450842467145,1
-0.22799897360691856,-3.0912498518853537,2.857334137621337,1.2758984940957117,0.3398214322707865,-0.33770278807591314,4.708296858983895,1.6687110038822226,2.2662313214676013,-2.0097327934741673,3.279962976074609,2.417932349649993,3.046705505898288,-2.5941632184396184,-2.228643470442109,0.2151404628615487,7.680977734544358,0.4692137015993424,3.0285870842628713,1.512038814094032,0
4.304539295579808,-3.0008212001782915,2.1948699285166757,-0.6825514712772067,9.541681621706687,-0.643025548241559,-4.290838151655566,2.1404802276057793,-0.9690558097306414,1.1132120262751428,2.4213628904777655,0.7442387164027924,0.341938722544717,-5.785663897146092,-0.16368034294765765,0.7832390373078713,2.5482939526756208,-0.202358246458179,-0.4765279999477703,-0.39494423070908447,1
-0.5210129800908008,-3.0518028949685005,3.088380582839222,-0.2279662700537921,-11.091936860313343,-1.675745600914523,-2.0652317111483645,-0.30845753114488517,0.4719929040286889,3.7358339371286293,-4.916224966162637,-1.926258202787426,-3.953160798190584,4.10377651171766,0.4098214587845326,-2.031747836930879,-2.713030543027626,-0.4254781306237845,2.7764803020391398,0.3132674864923491,3
0.09432419474456588,-0.42896323001744463,-1.0025670463964502,-1.0872422116539195,9.611764871849031,2.2643808842884736,2.503464293934086,1.2313931333927137,-4.177802418887733,3.16814312707253,-6.015835685911582,0.469155346483602,2.666137256323042,-2.4193446252222666,1.842527113760089,-1.4631536599623,-0.09802025933755891,0.43194822313905895,4.553330502910356,-1.2880046249931334,1
2.7810092076787787,-2.7559060275810854,4.220517690453571,-1.0897921163939,-9.83392595140546,-2.8975539147132023,2.979331513796513,-1.8680176154288086,-0.6681154398807587,2.9402485777867686,-1.824743692218416,-1.9143225328407931,-4.500445851620375,3.8725370080986465,-2.510366486543635,1.6896547635169814,-0.8031514737263382,-0.021384966320825972,2.8844812175454995,0.2166884529023424,3
1.8563594623780628,1.8514325234237652,1.0610526737675814,0.9817433412314975,3.394359885629547,1.5261843981603163,-0.32214104160216467,0.40476023532894556,1.5432208771346496,2.1091701356415875,-4.431128849872546,-0.12833503537128488,3.7323791349191624,-2.0383642546770306,1.9208862837512362,-0.9262469818090034,4.727069862368401,0.24023692415031392,1.2482576122009377,-0.1423358383510799,1
-4.44004181405373,1.8354718688543477,0.44488104619051516,-0.08128405123786019,-3.000766149155836,-0.2959407435231707,8.060000207225736,-0.649313216548034,2.3089425979396303,-1.9856503217378056,6.766779084170186,4.256761238131254,-0.03201472965459784,-1.5118259247009038,-3.1872843567913485,0.2461924382181747,6.51165786172067,1.6431862702990703,1.6905484694566313,0.7200136557275078,0
0.9549224832092214,0.6556774369925207,0.1388127836746318,-0.2502196293462603,-10.704516280866502,-2.918271329777717,-2.2892925633312906,-3.5839217572484277,2.4520443361857116,0.26535373836265275,0.043750457709778,-3.68597891993041,-2.8172139322583267,1.7457863692575424,1.4020626920022843,-1.3672926298430033,0.6037068068100123,-1.71290867439842,0.566401537238103,-0.24515071152823573,3
-1.3303739862810455,-1.8141920257152364,-0.35679843368730313,0.3246238742502759,2.7356546712491676,0.47348106588452876,-1.6872567327056511,2.5744197153270028,-0.5465659949043304,-0.9266251481980844,1.8710747724218706,-1.623059464734708,-0.2822267871419535,-1.9730194099774288,-2.4686127862510205,-0.17326412410434758,2.2237500082609634,0.5611168958119932,1.9510381926887552,1.9998285955346222,0
-2.137266003880987,-2.037456722006665,1.9761675094227535,0.768199900254481,-9.116535707986763,-3.4568436978881083,-2.770034166165166,0.4908747713326722,2.3298562584959,0.8688423552905417,-0.4187449100831215,-3.1932489173567307,-0.8091464768887439,0.09042436589635416,-1.330675853568393,-0.36906012620263673,4.577087976220763,0.9031842135383261,1.2981716048430019,1.4251955572098265,3
-2.0837181709683184,-6.48166066415823,4.531743966539372,-0.6110260790203119,3.0002475470023753,-1.66886423076485,4.029217168587002,4.561761656499314,-0.48918652369080506,-4.399708181491552,4.226412097753597,2.116938005553695,0.6423434365907575,-5.752496262248165,-0.6170604623832701,0.12729148254837966,9.314161112814622,0.15080876862502166,6.471478877360534,2.349800648793925,0
1.753853219084202,-0.7930433320343393,1.1772501419297283,1.144027583951444,-6.809593676089626,0.2964826869062198,-3.9256553574346813,-1.2320429227309901,4.575541973845869,1.2379958004199467,-0.43725169845361017,2.6414724750481122,-1.7824874710846377,2.7629936869471443,2.5218966240562355,-1.3149110614558837,-3.272228955758925,-0.7243742113677075,-1.9302182875375826,-0.17411308848140947,2
-3.1805779314565363,-1.2881392993355592,1.8792453684243864,0.4569204641757125,-4.348178311799242,-0.28102956897568165,-1.0936181998012127,-0.42657537994099015,2.714332215739308,1.649996144031975,1.067391435221655,1.7151433363936572,2.090642548604712,-1.945520038011582,1.2292754515019282,0.8226395350231324,2.9702749364279164,-0.8139959450130251,0.33800338475708425,-0.686812733680816,0
1.9360839976660802,1.1236225498210826,0.42213186293072913,-0.18281328577054762,7.456149712553204,0.6320881456350319,0.5436056116124184,1.8469046619234923,-3.1074645052525107,1.6919375757095163,-1.9003143275524375,-1.343385171674663,-0.38956625824750124,-1.6929746918448638,-2.080871058531118,-1.3425515584797523,1.4273194855347533,2.066489219939673,0.8436153151259893,-0.26795762483678454,1
-0.43032856530280705,-0.165319067586021,-1.3871181124031038,0.8463937675331519,0.03548430343996728,-1.8574702081125363,3.6800099565981665,-0.0022657173894815585,-0.9888624664062018,-1.21737877581667,0.48391070123040464,-2.5269896149294446,1.5526370090879609,-0.14597969704963232,-3.279570473869632,0.4330858901654283,3.872244898284655,2.801220725090388,1.7566732908313443,1.8437410301666197,3
2.8909606776457943,1.2565267455010587,2.7326571073427735,-0.24445036148448482,5.394796129850302,-0.9897219074777461,5.911010325342435,1.1196002692561655,1.3299920617588947,0.6135607576216278,0.5464129344189811,3.560259144675935,0.6536702100160757,-4.30017586499324,-0.870794897236105,-0.0144519616005268,9.994147877118495,0.41505613953510345,3.544448919705361,-1.12888400720613,1
1.010649863490685,-0.42193592737560615,-1.8844094315927973,0.050874000790418525,-8.204777900417673,-1.0683828365544545,0.6199339040548574,-4.794009567014259,1.9444995440044872,0.12377406206362607,4.361842158433235,-1.5759476476651724,-1.9397959133975906,2.392630469561562,-1.62100372480118,-0.8145583466492806,-2.751251169476514,-0.09036479785120491,0.08644010344492425,1.1154019885569977,3
-1.489622650757105,-3.90557020731817,0.022010878760486907,-0.7536993715630421,-0.6804460592342443,4.130366218408861,2.7120897322531032,2.892356704360092,-0.3517392481445043,-1.2522570967876736,-0.42702531794615484,1.5629541288225348,-1.2923274156399969,4.025624362115668,-2.894774333542181,1.110167163913629,-4.284055204586086,-0.2594280549703663,4.1677717898200095,0.9912018856555244,3
0.32711874169811206,-0.16867384795722073,0.7722395589227462,-0.9640586404705984,4.766614325563602,-2.2482891663801534,6.823899732287579,-0.1787184174466332,-2.36206175570668,0.6169952950197809,2.3934452886555646,0.04244236215594066,-0.12195595245116286,-4.957090459244255,-2.663482929169489,1.1719163825273087,8.231510573113738,-1.2885211933853244,5.392364055319223,0.05623976191145425,1
-0.7960489865453734,-0.07886651459632477,2.7368133784426636,-0.022610053667901843,-2.6651085285593252,-1.289583295355735,3.018624100205704,-0.13623639091782547,0.4493799968251819,-0.47311094458193514,2.0302339523521447,0.885857607781145,-0.8388279081738306,-1.169375257848643,-0.7043414116550831,0.05853173245617535,4.009275433579503,0.7958501517831325,1.1582975013666792,-1.4898608422274942,0
2.062927977743996,-2.7798480539923656,4.299768140868757,0.22503054069502465,-6.273431339705206,-0.17267179337929006,-3.5074042381278727,-1.1991478348172535,-1.9381909237416277,2.7487195690623087,-2.5799234950497025,-3.3641186885150627,-5.644472249545485,1.163705393390665,2.321747949008363,2.0863889592849056,-3.926212343479981,0.8540473359834786,3.3856408711440795,-1.0733338366060194,3
0.3813283455888934,-3.4182881353027232,5.406544348246472,-0.6473295417091344,-8.553420213862964,1.2076221163183742,-0.631600631037551,0.72219084538379,-0.3526838463831321,2.7147218624706433,-5.7394737245156815,-0.4692187031679822,-4.497019372478114,3.886329493413171,2.3229497116843056,1.1217172758942275,-3.5641621689602783,1.4078195094895174,4.648844430260098,0.3919274963225484,3
-0.9793764453447542,-0.7708351609089852,-4.051342050968339,0.6616537667157233,3.26718163728988,3.7151152304226955,0.028151068199334914,-2.080770022746527,-1.1915751293299732,-2.795247962025547,11.680265805312496,-0.6150215173610736,-4.8053408887531255,-2.296222660431208,-3.553173054584946,-0.5956637016725386,-4.1834486704800105,-0.6865497441781847,2.985474624124423,-1.854136477154648,0
1.6823930808916001,-0.7998848806214207,3.180411077333642,-0.9357820054958538,2.6184017562303303,1.4501151697366035,-5.207760235032138,1.689480419628551,-1.0213552996922703,2.0065682048623676,-2.6687931340635935,-3.3815951240895927,2.3823737848784865,-1.2607972731428636,-0.2180597211885955,-0.04953456368520953,0.134357069037555,0.04580325589272744,-2.0622720467778417,-0.14454298469873253,1
1.094269558648865,3.559496281713016,2.3342308827253575,-0.22512238185449351,1.3479467365828675,3.408616288836253,-0.666310328638879,2.1434765197145946,-0.10337871236195295,0.25713275153435555,-1.3483285895439188,-3.3729029375585196,1.0977352001548804,2.0478324827872894,-4.5119869297604716,-0.9975719166230186,1.3043191345065204,0.5202291191911176,-2.8403928159804885,0.7222999706240504,1
-0.4125330670299008,-3.5469813280918205,2.954847929735199,-0.5008128647598523,0.017640647128889245,-1.1541126548398506,-4.997958928012079,4.128143757187735,1.376301164312286,0.6012786937392742,-0.7027841254640294,-1.5605316899484394,0.6323083173189729,-2.2095307283986854,-1.6351339374589506,0.6467820855611467,4.628003422500302,0.7711275687567691,0.711423078339191,0.23585808107660516,0
-0.611159365441416,-4.465789704198693,0.6511046518854631,1.5429593341734984,-6.48969212259914,1.0078338563332987,-0.2190229872508834,0.18547244329561519,3.951645458113344,-3.4767203309878076,1.0989516785116873,4.898651473574531,0.4679210699124918,3.8868179305834194,3.271151817238769,-0.9577057727840447,-4.904937180009897,0.16802284762738695,-0.6759170131379404,-2.5078995007056726,2
-1.2250160191216113,-1.0230258516052646,5.414029406739916,1.1840859383187636,-2.872786961027778,-4.3527622447047785,9.448105930759068,4.041587210008282,3.526732016035017,-1.4906289849634764,-4.055983093394233,4.739712040858554,5.6115044930716405,-0.2817007859013305,-1.6907055116109226,1.61492552532736,14.01325903841344,-0.008874243144477798,1.5179520939996567,-1.9623644820534374,0
-2.006823032469911,0.09621904192361574,0.5873221148313065,1.2084060493341344,0.29600327814884697,1.7464955071316828,1.2207249766029211,-1.000138587867835,-0.9681218493571082,0.6907059222007459,1.0085120639494418,-0.5801835335197347,-0.04525977652906987,-2.4444779962920866,1.1745179233866252,-0.36516508141544946,1.2994427710755567,-0.13231491652930216,3.528444852020556,-3.1798702396399805,0
-4.191889308258192,-0.6707976469884857,0.5083896400044944,0.588621936003723,3.9879381015881723,-0.13305591576367237,9.099884120638283,3.238486447703112,-0.8944887149941163,-4.326101747357229,2.5606875559818865,1.3049390169609314,4.32210337778989,-2.6429925470612785,-3.8674996142669524,-1.0975471896093472,9.29752849736058,0.451647941971666,3.7535441944673327,-0.6941870693037439,0
2.8408110293189868,-0.24468938143581798,0.10439272456374016,-0.45854242224378766,-6.948651383943738,-3.1774692768628228,-4.244207146447176,0.13669017455488297,6.432901676823862,2.4416478667285277,1.1047653225351806,2.660648499878839,-4.354460603874889,1.8482053788641535,-1.7163108222067667,-0.16610519415723066,2.0377550218601677,-0.06413598206776334,-1.4242875087598568,-0.3584453722498637,2
0.5419737188717667,-0.4627889096484248,4.541745558393502,0.7727913909009846,5.048788884180456,1.267113114192453,-5.409779333471579,3.798176488910005,-2.5463296249391654,2.290845685519836,-4.442666814652716,-3.755761089062252,1.347884702195981,-3.030254656252911,0.4129793018071397,1.631533727343083,2.5474710698750433,-0.2887276878147827,-0.3832490189729649,2.710492444283034,1
0.1897320507713307,3.627794556713173,2.539056610879832,0.5091610428417079,-1.1509464429422946,1.3271437922356164,5.222973279382295,1.0045269379564408,0.5117728062448903,-0.3001712241438863,-1.752989820728245,-4.035808894954233,1.5778550959290736,-0.16208290813297288,-4.234773495049753,-0.5829272147243936,9.206248494193709,-1.4884321698284368,3.4654346140360244,-1.2495070625211753,1
1.4687935387375628,-2.725418374024331,0.276476145027861,1.1190736219277155,-1.0256896377774032,-1.2055292234817867,11.652089264582182,-1.1413552954110844,-1.3559508363810213,-1.3139125888470358,1.9616503621586323,2.4604107071258428,0.9098356651206894,2.665297815700563,-4.893586077639233,-1.2946445621307656,1.35626884607825,-1.1660467432853188,3.619523634877701,0.8829912732693621,3
-0.5392289069806576,1.7794039928614778,-1.4204364928270743,-1.7316185218489282,-6.890698685490548,-0.6223365606402712,-0.31368567490329874,-3.043987090117655,0.6378215079043237,-0.6176172637454913,2.6046528179415342,-5.569858995960226,-0.7839027551907594,1.582423327411548,-2.8980344482104807,-0.2752225169152691,0.569814125635482,0.2962788881397917,-0.053259472891572734,0.5140948314654686,3
-1.72584968057869,-0.8684767823760897,1.1746945636635928,0.05066888308115394,-12.658484244643608,-2.6960293043629475,-0.1856080575028864,-4.50654198863379,1.1633325583601473,3.9538817299635203,4.031594895375536,-1.9792358967439143,-3.785226147592405,2.002153549452666,-3.3758415790774894,-0.16018813911371302,-1.7455863257587836,-0.1881402835433118,-0.12857604331298766,-0.3151676727745332,3
4.045438667558303,1.5445524998597817,0.8689445254344512,-0.2914632301462852,3.5366498981023056,0.7298232039381883,-1.5199254664455368,-1.6315261689878295,0.12004156248133135,4.865445625552724,-1.5184268885218104,0.30397393353170554,-0.7902049905520232,-2.13622847856362,0.514954053542221,0.6247919824646136,0.6882560367996092,0.7447954411312782,0.682644512986026,0.36286543630478385,1
-0.8831724900457014,-0.7250654812228436,2.8399856030831465,-0.1411368772097719,2.3578767533515967,-0.537619041234842,8.437183848222164,0.9441542017618132,-0.560918544545906,-0.33637829098745553,-1.9221775585735914,1.7661523969114845,4.526526852214253,-2.73720351801383,-0.26503754251955103,1.872324524626361,8.685898020683595,-0.3402503804598156,4.64485386635212,1.0683465380037895,1
0.8586100188141885,-1.790247734896987,0.644408416821157,-0.4278755281955201,-7.828106575856152,0.3340387622701977,-3.3236759988009537,-3.666339374808478,3.806947704083648,-0.12145622060891959,8.526578152675697,2.2875179099619714,-4.466884969177793,0.753987208690815,-0.05876244279565834,0.5815463140538143,-4.688917153768408,0.2845215366204252,-1.9115234103852072,-0.5986169248457645,2
-0.009197383956130123,-0.7305841294616437,4.479290229309331,0.77069965184161,-6.518553851360992,1.5304829543495466,0.14866053533348011,-1.4287412178513597,1.9839779864508507,2.3110470543964983,-0.28299662066141124,0.9209981492696302,-0.1681026573787252,0.9915155629294232,0.9156629249621231,0.1756412695628192,-0.14465579579579066,-0.03620980207558466,0.4767820542297103,0.6542183060287722,0
2.874103798538824,-2.6054021833561194,-3.8134226487156853,-1.016731169875682,3.019677900643604,-0.7426627851629,-10.277955525012,1.6497460116772347,1.4591820536720495,1.2833713604825019,-4.035507715476417,0.3268783887350546,-1.8513859790416731,0.6427554638398045,4.126657544040903,-0.2954451747198853,-6.105443945407114,-0.1745657874593428,-1.3571449375753877,1.195640663895099,2
-4.731577035735643,-2.5607943641987507,-0.8552905517656249,-0.5190675566211265,-12.174745686324961,-0.2434566417480062,-0.029373609474899327,-3.028088649683915,3.3227747890646704,2.5930298880794393,4.1803367284940425,-0.7918815824263921,0.253102685137063,2.199555340909492,-3.7826037487597386,0.0020812749058503185,-1.0752590355931124,1.4474909154599351,1.2163752313039657,1.5630329621983847,3
1.444083823525491,0.03200217362699931,2.735465217742393,0.025469343796856055,4.688767190058159,0.9819735128676808,4.4872046843906075,1.7835428853871609,1.8046870471097334,-0.16211584411999636,-1.4221913042704077,2.4848449762996587,4.957686693631697,-3.014734718857159,-0.16963955178192003,0.18941090600475194,8.36202658528561,-0.7409049314197562,2.2562867478016115,-1.2018286022711977,1
1.6171500800852,0.6246580482250925,0.5444906323690613,1.7228190754418575,-4.705819571562441,-1.7580593932788768,3.3756359605127235,-5.127661898481064,-0.24580476286856312,1.0858619479113112,6.32032623018812,0.885359279585992,-3.3582920767549833,0.11088258020626807,-1.5762630811757683,-1.104718373163611,-1.9231178744104498,-1.249282557197003,-0.8428659776575907,0.978129457799822,2
1.360717472923227,-3.8901158485125493,5.844847214343519,-0.3493659598831202,2.149536362241368,-1.9288356281004562,-1.8864786607078001,6.009856044193272,-0.8609671921549995,1.223428940891924,-4.6197815640982,-1.586084077793029,0.9132914339093009,-1.3464438366984341,-2.523552053007008,2.3476493875881523,6.1957164536073925,0.5434236092876236,1.2832259236460812,-0.4138561868599434,0
0.5422876332494813,3.835017952607416,3.033207436903459,0.553335573294976,0.7996360812945601,-0.4020868413327543,5.009471055141281,2.0155047259449863,-0.6171505948030688,0.03084547433419016,-1.119675355474944,-0.9023690167041489,-0.18857740792971378,0.6820900343128695,-4.610392306338791,0.9073450078788112,6.33051882269093,-1.18146108671505,-0.6192124273219899,-0.5513785580646275,1
-0.4320268131796626,-2.2052707511700604,-0.75299344437606,-1.566901408409166,1.417453057298531,-0.821207353373778,2.4478577315703323,-0.7862241306567301,-1.2579989661784845,-1.7208586183889079,4.502229136097766,-1.342630195914416,0.02659822173739168,-2.8841873394301882,-1.7055072364307613,0.6674842531609496,2.698836898507079,0.08597319385843098,3.4211791617747678,-0.3737690930065105,3
2.4394878581652124,-3.5638529252765645,-5.045990466213266,-0.02128316513627655,4.679803537577792,-4.687040130944938,-4.130717680919114,-2.7708324597653027,-1.2435182292813924,1.1656614947621389,1.3786874846921002,1.512439481553218,-0.8145555368626274,-3.8558375289071987,4.539795505162197,0.3687539918164805,-3.508093416836962,0.6247357392366756,0.2911709464342451,0.5891196582113375,2
2.927671638539911,0.4418955481682876,1.1924701566105986,-1.9587149453960822,5.962284004663818,1.5068938362720963,-2.424076297272392,1.2882818825378883,1.0642147236923738,2.042365930184628,-1.7805076461579417,-0.609288387586788,2.1339226874934343,-3.6923256746619435,0.4414209409577339,-0.8193785293864873,4.717719449063852,-0.3923387777253255,1.5473136731906032,1.735286119480504,1
-3.783887979035988,0.9136356682838671,2.4068616761009327,-1.1137145893307667,-8.460035422491863,-1.1991153276448558,-3.1652814231651516,-1.9259635164103215,3.2335971152829868,0.6873816628258518,6.4988414287339245,-2.4223284712911353,-0.18679602365637082,-2.7973288884491514,-2.005126560696514,-0.6263647560620992,5.028881506263142,0.9077699988682759,-1.6533297623069014,2.8714753773600035,3
2.3476734757404962,-3.364354948642919,-2.3857202267431337,1.6788731225014373,-2.498045485705127,-2.7190508701447116,-7.774594962185491,-2.4062259319007113,-0.2540040609342946,0.13466199832553039,3.8168111057113916,-1.0257184087156692,-4.45432792296646,0.40944830680566446,1.808879404101549,0.6486120249838769,-8.138149760842103,-0.9857721362719459,-2.9829288392743676,-1.1411981309941746,2
-1.3654854550591689,-0.13263877763234766,2.4148979507293964,0.6578407990469988,-12.257509352363968,-5.706303612223058,-4.073586954957597,-1.9219335727946498,3.1869555096645126,2.398675302051444,-1.2339258137062132,-4.30915132427922,-0.8409053113923938,-0.7741696190342333,0.6384333494478476,0.26164755049755056,6.20160553110719,1.8221990712884963,-0.07840512211688067,1.5130320377707929,3
-2.632734980074911,-1.844069228086414,4.483406884500118,0.23512253120707965,-10.550050823274775,-1.714355803149008,-0.5067034338319508,1.68457205319105,3.383909655533972,-2.0765685570427497,2.5111853498798036,-2.2254480752189716,-2.186915103218474,0.30793444740534603,-2.218579014891034,-1.4332498962271858,6.587383652758292,1.404428839115885,2.323134221834735,-0.7374900016141628,3
0.09164197152649667,-0.8194378741447567,-1.5204869344905125,-0.1931404259034415,-2.8645684360973402,-1.068302920007996,0.1457622160410869,-0.9172251005244906,1.9275677438931687,4.376191706367276,0.24648616633246867,2.96382393555848,-1.3264635392615751,2.1751590961608627,-3.0504291999766164,-0.8199338865528,-2.2298276883623136,1.242162766179297,-0.7174211742032479,-0.7016494338294175,2
-3.7092937199790024,-1.1828428133471793,-0.4092466623094584,1.0270846972235659,-1.8737549689950037,0.053345468372503424,0.7236108366329254,-0.3893104323658805,2.4109681322853307,-2.894969583704839,10.820212304110026,1.1475959658530823,-1.0414289777684904,-3.842279551226876,-3.3706847555773747,-2.5835193568450343,4.324170733055653,0.5957090626280942,1.0937107282378136,0.2642512699082058,1
2.4430940315411833,-5.868477980801908,6.517618332108546,-0.15767558463058026,-7.691247282144656,-2.93757681798337,-6.048261124368992,1.672085045863128,3.7091784434379114,0.787427057861338,-6.179795710983161,-1.8615260630223913,4.475021499729011,0.15452445042332497,4.1922993640870985,0.839322355713954,3.797417617744075,-0.829867998479049,-0.7757262968311736,-0.1783695923664053,0
-2.2648146996338467,0.4570785564237063,-1.7482526214343816,1.5180415669880156,-0.02296585648682464,-0.37680142509745385,2.889145654179223,-0.04795611565537161,1.64302945759796,-0.43825220971847123,4.085452484685783,2.293394524909457,0.376060545868222,-1.0115632417365876,-2.863278111177916,-1.1481194663020629,2.952813887725428,-1.0046240659096013,0.5848053986704648,-0.05360949106868325,0
-2.5895266239333496,0.7196042064979644,3.933379226709078,1.000290789005707,-9.803220410696024,-4.750568657985212,8.307904684306527,0.3246982339028375,6.258071204812353,-2.2405786708472673,-0.03294887441283064,5.290815793256192,5.468850666641982,1.5193651750532826,-0.9895189718337156,0.3263376613142739,11.060670547607664,0.03374040393854947,-2.3798866077222853,1.667317649025928,0
-0.7835518339580928,-1.8429339195471597,2.0385350328401666,-1.179796241541408,-7.207705260967909,-2.1410959414836688,2.3594039230434705,-0.40123874892939315,0.5041507382848186,-1.5248680538650294,-0.7561951438580594,-3.459274531470315,-0.9375577876639776,0.20082673849105181,-0.13692298567296834,0.7968421547466801,4.95624394718588,-0.46911059815514117,4.934810033483963,-0.12284381329174432,3
3.032355595330989,-2.1528422104726737,1.4400530710487205,1.9266308866610824,-5.143435925204452,-1.4683676340612277,1.5305074087700123,-4.257445531693648,-2.4057434205893276,-2.444485581225889,-1.0596752323582674,0.05806973529076909,-0.26299749091271085,4.006668427255261,5.2708813432879715,1.8698814523881473,-8.880535596457282,0.8143021697351979,-3.012691031412401,0.8215858416800379,2
-2.837354292898365,-3.905532182573505,-1.974273385412115,1.0100068037340633,0.84254706181519,3.896012129514928,4.227176887874254,-4.061006571161693,-3.9545784578088683,-0.6083358963900438,5.175801292529551,3.445684213703119,1.6774855027664182,1.668917699706041,1.1542183697762716,-0.58094546796205,-12.245160676329155,-0.7923303105255789,-0.42143588134450694,-0.050135298432069486,2
0.48551411227891816,-2.856528616004577,-1.2868410756295172,-1.8302562104126654,2.8818555385028737,-3.072036094146613,-5.62422070506085,3.4198835832194416,-0.022337629278279758,0.5139800028008548,-4.8199875806206185,-1.790923110341482,-1.1160801358777706,-2.68514033294708,2.6743983539572844,-1.1172636989875397,3.320280703090752,0.5311508203085539,3.5789988187940924,0.12687474079670522,0
-4.000234845798548,-1.499603190062666,-0.5378168152555063,-0.43394632083057766,-4.840513518158582,0.9068464373986385,6.913748031775483,-1.390453852783499,2.5539300696996445,1.0648615834977133,5.494549356934943,3.4335344405552326,3.1275327281844576,1.3755408598912966,-6.198174265873034,-1.6014672014061502,1.9187914835981335,0.36302926566519744,0.7280023932700875,-0.11291381388827956,3
-3.3084799205261164,-3.2306631611547214,1.2224723264238981,0.7492788001422659,-8.368335755474975,1.4148642921873553,6.159668014756379,-2.1879970676426823,3.108980028390219,0.5338678260224622,5.0935146458842135,3.9981275223496238,1.0362949910652501,1.9872745003973717,-3.07530738012625,-1.3059082511945022,-0.030492781973127173,0.689308949758022,2.7206308953204195,0.8963876161298779,3
-3.312599924256782,0.03557278634058636,0.965619493645989,0.7850891007532597,-11.51439440034982,-0.42864609895552963,-1.9127665498753978,-1.21398173527489,1.7844179491604042,0.5083855429262397,0.10790979776341657,-3.988328128226668,-2.0304757694877624,2.7736931750638956,-1.3061240506645018,-1.7136254888785274,0.019316213009146,-0.8333051559192486,1.0353648748361597,1.6532113149685608,3
-0.47788331119359895,0.5518223944517731,2.312271816903962,0.6149196865579771,2.1367369700074685,-1.4302134369652362,4.775468980040493,0.17936081851638308,-1.288605908940102,1.9265237403635904,-2.1618480012169017,-0.4373611443448723,2.281819250396415,-3.620584285573596,-0.3104791936351712,-0.4365663362449632,7.879132863371584,-1.7829929021300304,3.9050049624216263,-0.6501700398540698,1
0.690317142765396,-1.9112229249550818,-3.1521340331715058,0.814937282693293,-0.7331540863167152,0.12859305493351147,-7.557270398597166,-2.091448018015804,1.0612102285557927,2.9372704788968713,1.5090071716942604,0.8431333864812295,-1.773814577274205,0.2573813782948995,1.9457272741211162,1.7434299129269244,-7.8141630587863915,0.9986750701833691,-2.524213383143703,0.2545003559276465,2
-0.31005619689394215,-3.202194991331626,3.6727061845946993,1.5253550836582002,-3.283776829770377,-3.761489237728579,3.9067207489864164,1.9746229399089748,2.1238625528506763,-1.058176255687325,-3.222494675530931,3.0102624895379195,3.518764623364505,-0.3260390968136253,1.5065602051625988,0.1151993446996325,6.766987271637424,-0.5735974236464758,1.2554247062348067,1.0803366482547827,0
0.36002204583723474,0.15303795301528833,2.0488478543822595,-1.742393167018158,6.216409137700683,2.228875922891385,-0.3896218030193446,1.9376569946214086,-2.8530793865026203,3.354066862917367,-4.588915255152782,-0.910354851412043,2.011316490752815,-1.814776344230389,0.0704115630144102,-0.834428467676373,0.7226225466921682,0.042479972717485215,1.331526057417955,-0.29279023106488006,1
0.02940589056939369,-4.0015380992618805,2.1470944734866197,1.2971344548031731,1.3062001523151263,-1.9525069641736965,0.4283138070124293,2.947238601299723,0.13187068376633104,-2.0442136051699813,-0.17611543691585682,0.13411342863052922,1.5108115089378098,-2.1818181975192252,-0.07365424335887716,0.43051347952881786,4.869035866984026,-1.2582926205241107,2.339109805708502,-2.0911247003690248,0
-4.844450505345927,-2.4369759876944412,4.4461982949445,-1.0669408507472449,-14.490978445364002,-0.053737956854574165,-7.94319027328072,-0.3675033784428068,2.2671846822545603,3.644955919075865,-0.9264655295437809,-3.6622233372421436,-4.878276859539989,0.6171953276920967,2.0423724762239717,0.3732929742127611,-1.0294637384269096,-2.1362980260354023,2.6529437982231174,-1.4368245886017912,3
-0.07996355167343872,-4.781102516778435,1.7572426580419722,-0.21185120810200678,-10.449309576213102,3.6738850838672845,-2.470565040830456,0.10123658289033144,3.6111628609837694,1.920035688745994,-2.783213901465194,1.4113488087019488,-2.78881085959949,6.308345237295802,0.7085026476578755,-2.5868384943050375,-7.127420139463787,-0.49434571641363684,3.468113034836067,0.3307819306091656,3
4.7563316504070325,-2.00004808210688,-2.636978091022898,1.3040711395979498,-0.18210005405598081,-2.3454805937349597,-13.191197562500646,1.2570205816104254,4.465506407129167,3.3089319777209107,-1.219651292400984,-0.32337637653960805,-5.802679247991323,-1.0327498616715354,2.1437410362905482,0.7523516753977502,-1.9602177216156267,-2.6496862844375597,-0.2857547656684227,0.868466965328946,2
-1.2572590190880817,0.2271037299319527,1.7289596201390527,0.2885451789049627,-10.19148513588544,-4.891555886588496,-1.170983502812229,-0.7075162579364522,-0.06693540835476974,2.30225545131991,-3.218422405735457,-3.562218427758262,-3.054012990107852,2.8300459630823327,-1.2395991069214785,2.20295155170782,1.1493469852235991,-0.9572529343475981,-0.6025742184143854,0.5395744544491703,3
3.7533930968460036,0.25727239285855563,1.1458077195718877,0.24719601791474932,9.625660803142726,-0.25445824633751535,-3.252530444449717,2.819902904099697,-0.8864030539557993,1.8443524914261293,-0.28810031753082427,-0.14249432941853968,-1.4452388136395133,-5.06698568332383,-0.601085307803794,0.2266371932341416,4.654477419036772,1.4448295108561842,1.3126253679806354,-0.14862816347112628,1
-4.786713557149018,1.0237345220653675,-1.394821363286384,-0.01621093988476035,-4.780436581943112,-1.913422331868806,3.677999379252694,-1.2307792533858866,2.995886940084275,-2.5057065850834976,5.747078507643972,3.0372804133018434,0.023166041022164352,-1.5828027351216314,-0.32484475546410785,-0.4807556850236828,4.708826701126075,-1.0039231502429298,0.5794083563367308,0.801425275547332,0
4.437656120706306,-2.4993717366652195,-0.6917478967050223,-1.713307612549941,-4.6223457322242005,-0.7198898855605519,-11.743872918416653,-1.0950701504983877,1.0426667505160805,5.229137214800404,-4.713661751502071,-1.1793933129527598,-4.0118221469204265,4.8463293127314735,2.3860507121492978,-1.7760485451267083,-11.964061058941795,0.3324973885616917,-4.9057173526834,-2.059650060768275,2
-2.6459871238086023,-0.9571785606547152,4.186369059548875,-1.6531778397702117,-24.960197106612114,-2.467312283611762,-2.4301350048839625,-5.916583314682713,7.460025316485035,3.081216585698434,3.3421297162263435,-0.049704671728479255,-5.464484567139634,4.171520179672811,1.4365205299628006,0.9145022753809691,-0.5123772669521919,-1.8825833377734538,0.7464829145591309,0.026230613148542938,3
1.7920157826987806,-4.134735878542669,1.7895470361046448,0.11462641769862315,6.819216007631563,-0.007318897680167469,-2.9823245900948074,1.4422031636834423,-2.135429819004191,1.6019255791126212,-0.7717597866726255,-2.240118416498979,3.145137347553288,-5.278549244231508,0.6128477759532269,0.8231200259464726,2.962626821806567,-0.41370563587167286,2.625064242495974,-0.4355108998758141,1
-2.5430227329354835,-3.8235176873993377,-4.423005428920881,-0.5763586601396682,2.456633312123979,2.680246806847818,-3.3897310513991705,-0.7903700085163141,2.6639176630160337,0.8173220568506565,5.97970604535479,6.390222227336164,0.22281234806748174,-1.318743382572146,1.1889829854024174,0.17044048766748704,-6.638222571927478,-0.5744524016847867,-0.2401768098924526,0.21047016236064578,2
-0.8357083649959343,1.1593227354521858,0.9135654237339206,-1.1210051587005592,-8.768330211995648,-2.614261903792224,5.107516580303001,-2.186874751817415,3.952963742043505,2.4389589555447744,-2.92481154848913,5.17861206017624,2.935356582947907,4.848073451057482,-0.14943003059198667,1.1519640893455976,0.23591453346489885,-2.010886352574182,-3.7520231883021586,0.9897879189038835,2
-0.8387448838577964,-2.9516400088460566,-3.633077027315805,0.4679840036226987,-2.311381187672176,-1.4705478380841466,-5.942435202194232,-1.5737895529979347,5.6496056346909125,3.3264801116072107,2.360487690853018,5.794429583888586,0.49792659680812235,-1.4182034328235007,2.7192093166312055,0.33794522012154016,-2.388960073998303,0.5627451053062571,-1.3532766752060983,0.7241302164604789,2
3.543613963616284,3.525902179443786,1.8944917006253945,-0.26971031102471027,6.630694454345681,1.1175130434462233,1.1531803608286173,0.9970081303091718,-0.6324833572111783,1.4563923870871998,-1.0093715736949267,-0.9931622522180771,-1.4139417289525604,-3.643969162556761,-0.7198545077074429,0.9999728306429334,6.3735223187011405,0.34474457819095483,2.6351752001679136,0.8980806925781035,1
-2.6750501501421002,1.2439891099337252,-1.96084729727556,0.27810534449101165,-1.397070033881317,-2.336770645282784,5.517089490430435,-0.20150693960524335,0.04613209394935902,-4.246230650422664,3.9794959474399394,0.7148733002067643,-2.9516685288866165,-1.5891826616688165,-0.3133373230799168,0.712191778000765,5.237448378724678,-0.9667097215323089,4.126340219952585,1.9340919702848542,0
-0.3166675473856613,0.5640972831949007,0.02132082926626988,-0.41681564031146834,-3.166914323696636,-1.6071663404756298,1.9972790286713544,1.5295386810803868,-0.3463302418147651,0.34784895247602465,-6.351108194663653,-2.8139943634910383,1.2635175377066785,3.2682377780043095,-1.4481014022343648,-0.048561758765393453,2.406827336791405,0.8848340058585874,1.2302910255871613,0.08017183229004728,3
0.12540488630845203,-2.261241978621729,2.376926333818132,-0.2642756028498596,0.15810121580385586,4.5386378034635815,-9.24438579745093,3.1212539348859227,-0.4382938717644841,2.4890151992218508,-6.825688762769692,-6.967326023137252,6.437407661674058,2.4670909102502727,-1.3622087285340398,-0.8517371057758172,-3.8144084948968544,-1.3900237215730304,-3.559904000713146,-0.30865365672311584,1
-0.45272873121597734,-1.5620721992592979,2.9916792883263903,1.3987773250498419,-3.147329850057004,-5.3053108938308045,2.268963226811209,2.592683012737422,3.094318774872086,-1.9061765976497616,-2.5550086533769556,1.1909709225659846,3.948704437063639,-1.4714611343195914,0.46244488128481964,-0.14593419520458695,10.386378832213998,1.3285418523493597,-0.10444376418165913,-1.3016467067193902,0
2.688137186255099,-3.1489301518777557,-0.4673756350045676,1.2979568402350443,-4.080250792916112,-4.4055055158279774,-2.9132362104265144,-4.765984119662633,-1.3424104893767614,1.223910988655762,4.757140759133999,-0.043133777532158746,-4.116918684107685,-0.6084859704706584,1.8641281023817298,0.20060318533111612,-6.043255899420677,-0.383820551282421,-2.0738159101730407,0.0066317298450791675,2
-0.16686360170651948,-0.4323559413087661,0.6221834939334654,1.0200303208663026,-8.234314566736721,-2.8852725618329567,2.4963730494940535,-0.48157038641937655,4.507937744137671,2.061119079183464,-3.189313199029002,4.438446770770874,1.3325559909072107,4.5479353234892415,-0.4749006165388112,1.1756048994600996,0.6921521967176171,-0.42135729973858116,-2.2712821573174526,-2.328211901677295,2
-0.2779788214618226,1.9445775576915372,-0.40539431952404925,0.24145929860010226,4.338501523521012,2.2735013207070796,-0.637442461146011,1.333928845513213,-2.6845638775811977,2.7989210805814366,-6.336837117613455,-5.123751034904784,2.329865758176868,-1.026058798641733,-0.730627568894954,-1.6273604836286648,2.522039225882681,0.9865668245806246,3.338696490337203,-0.2773394565404712,1
1.2875656989564135,-0.8261012793527027,-0.2625380174245553,0.755081016713762,-4.862351546845034,-2.406885316284618,0.777107463651315,2.004455675070418,2.903813333659774,-1.5691343365356323,-6.835898469725315,1.642701627797246,1.253658759194551,5.353536299438434,1.627883044177011,0.9126716623317382,0.08588193881225219,-0.6641731946484933,-1.1137885193069912,1.3484609442728737,2
0.9709044451125257,0.346088207373888,-0.25875153413495666,1.343576642959254,-3.192157248643043,0.17891234687483393,0.44746096101558336,-0.4524950705626941,1.7547262447911274,0.36596377071950403,-0.4659648878538874,2.716571249449974,-0.9089233862293131,4.019649460966991,-0.5556358986486754,0.04274951253058462,-3.9829090512744316,0.6502516881832844,-2.902773753761184,0.9456385553589497,2
-0.5600719089672264,-0.4448289195519336,-0.56002324289643,-0.8012277491562728,-3.708477135869634,-1.4197133256435615,1.7760984136464626,-0.189975092410144,0.8645912857961954,-0.7239410983430896,-0.6816364409110541,-2.0118920474159885,1.2536721161153728,1.3278585288525258,-1.9151241209658771,1.193748126590254,2.606687598687667,-1.5163050175558739,1.122641070511201,-0.614420461823467,3
-0.42563742022041684,-1.699500533128753,-2.425191761281824,0.8216070855285851,0.7468112111470707,1.7110273850899982,4.099146700710548,-1.9270280339654404,0.1225881866543439,0.3522293160675942,6.233416107197731,2.5069928346694743,0.7978171883522234,1.1263029338401278,-4.981087422432275,-0.35255602616029874,-3.368805831603156,1.143230896696307,-0.19930234979650185,0.5438380869217144,3
-1.583477164603338,-0.6764815029542913,1.644592529255117,1.6875020666515121,-7.926882722272956,-1.625548761395687,-2.1162497737650923,-1.3469285702719105,1.0908059387977607,-0.40516229363071354,2.9057355907111444,-4.236814731861575,-2.091860216210698,-0.6396248527575743,-1.15915275152522,-0.42068324681978875,2.7279087721019644,-1.1392560410228576,1.3960413007365413,-0.0673196705359462,3
2.2063913527359666,3.4975910759287734,4.002763543833328,1.1168653801840323,2.2003674951328707,3.9709664692830784,-1.5130439260386825,2.7281731718214877,-0.13928539621553426,1.1263833515116877,-2.7625425340856022,-2.5257748650131395,0.6703000509566647,1.9831765933860925,-3.4230220003107066,0.7574769101535811,0.8297117498023198,0.3101168411411064,-3.160061363549381,1.2905416619222692,1
-0.7604681897404466,-2.089030746330684,1.8212429226341071,-1.007257917038587,-13.876709229904916,-2.7060055261103253,-2.830955907696116,-2.302251497778597,1.1404267509093942,1.33153678404841,0.9354048797376509,-3.3019395977168577,-6.811279162956033,3.3840783691692,-0.40923197467685013,-0.29914500165828156,-2.7532479745623517,0.07957702062960995,2.0641506306655724,-1.7557893840060181,3
1.5808748165738664,-1.3137673248750725,-1.3117876413919634,-0.32539135500987365,2.4056863886222186,-1.5278240168761466,-4.482669686050385,1.8560643581901222,-0.6491354895555492,2.009756418645985,-3.4705402724173173,-1.5586377299670007,-1.5223804155643457,-0.19744558523593803,-0.016199977744788763,-0.2823963202979205,-0.702016441644475,0.04412991539286865,0.6608504839583498,2.318742267071903,0
-2.231110751601796,-1.442858303142019,-0.624813820130222,0.9018850682078121,5.1092060591982165,-1.229272146412198,6.050166561343476,2.23895148148441,-1.7530908642960843,-4.306998334978852,5.796239273603164,1.1722573898769562,-0.442022796326075,-3.8075634969158583,-3.2764172841777426,0.13376734707099258,6.300102183590377,0.8562264445972516,3.95053322498267,0.5043796726601891,0
4.924982019621321,-0.8554655144237975,-0.4117034980125833,-0.6404240467748387,6.73379110907352,0.011382611242968022,-4.566271470211823,-0.8892981765960335,0.22661400947272958,4.065966796209155,-0.5625181433845009,-0.020984301413752737,0.06992209450584785,-4.327766027622694,1.4759961184049364,-1.5089596426327243,0.8690756963127104,0.009631922849120933,1.102753319328205,-0.4833648790382507,1
3.244330712866404,-0.9314373172054768,0.8694503889065719,-0.026062495017210526,-5.693942178688654,-2.8230336247560914,-1.8709351469515973,-0.6290489149051898,3.945995809757801,0.12746138955904063,0.12662792208515294,2.5903954831674163,-3.01536286077161,2.3169930151467595,1.0243072062325222,0.35557968877036583,-0.42040241987433213,0.1846273060771695,-1.6351010944715803,1.2388810655106928,2
2.180949405385585,-0.26920813915743613,0.8055296809997388,-1.181249665382712,-5.527978469162652,-0.34093787135674813,-5.391698126040433,-4.391224469630629,-0.5274449425687349,3.1349644000709596,2.251467886428504,-2.775328168607363,-4.431485775432538,0.4128761020374361,1.503394719833934,-1.8633498669260653,-6.143542199490798,-2.434474117427104,-1.37337237694945,0.22533601792424673,2
-3.407519392478965,-0.98182255480734,0.9329212065109194,-0.1488159200272403,-10.53531623729874,-4.060881771371049,1.4186392542004371,-2.9300690216427756,2.7189055096564183,1.4538377713753305,2.101316503816202,-1.4601936888237472,1.972001451877131,-0.6606407641261045,-1.2681686059266444,-0.3522037310984569,5.258482277299075,-0.21508459510370603,0.4526392542758402,1.1507057264660183,3
0.7193693975900746,-0.6774545045576867,5.445766969494327,0.07240267231624782,-9.647431991228764,-5.64135638431166,1.2054610936217423,0.31202510361291624,5.436463180417512,1.791657693203066,-7.60389383245086,2.540592244894034,5.677924993270695,1.4004009925110066,3.6192968367466345,0.8492500865931712,8.370468214274242,1.1882167565482367,-2.7361322122518392,0.46426399156397974,0
-0.2587798788286042,-0.8676119478685539,1.2405007863481148,0.7001376460626499,-7.411882249247655,-3.1013612743623984,1.957427239163324,-0.780970327912593,1.1495400155682354,-0.2450699458685066,-0.8756704896530579,-2.9999485319491344,-0.3105559596073386,1.1022002696274125,-1.611167584933141,0.8005290161606844,4.546599283180759,0.3703089775637704,2.353651820427581,1.4193578030127094,3
3.604620099060109,4.164573059140875,3.3204766991070103,-0.34654893770977147,6.0676003226,2.45144465472426,1.428219371839986,2.846102703487911,0.49194537346420053,-1.3793863224870155,0.2814383989257733,0.5196125267506757,0.3705374489156583,-0.238067429174607,-2.910189065399686,0.401096751340644,4.111970807241896,-0.12171297901523384,-3.148492900233484,1.7601274643449267,1
-2.2651086041581343,-1.0144526735964052,0.10657246148718857,0.7429476362271353,2.283780840119033,-1.2747429604965779,1.9701687998592767,2.3244945970521944,0.622708166161722,-1.060352971691521,0.20844455220766794,0.0932277277273652,2.847837814662528,-3.1957934212485,-1.2071993563362464,1.693941703681118,7.366242335483718,0.19062804868205002,2.6359055136899108,-1.6060222134727555,0
-1.4701459528982177,-1.107307386876443,-1.682606308466508,0.06742419563284036,0.7205416863342184,3.0027904442440803,0.07073235989408062,-3.4317382747445127,-0.8201134009649595,3.391864644220762,0.7205952738086008,3.651853064074,1.8150384532902781,0.4583517105201069,2.6067767285379384,1.0156120592607458,-8.109238077170145,1.351234430541888,-1.0209406749150418,-0.11100935825912285,2
0.10185360013998657,-2.501787646647328,-3.593931922961588,0.4826481102242441,-1.9462662060377272,2.8911122189238445,-16.387995537545482,0.8181837515675836,6.168119971387709,4.558204842166225,-1.7246399248743078,1.840027030874208,-1.6100451619279097,0.5932912405379928,4.459073483647147,0.41514856566103114,-8.295554953987445,-0.5445277372903362,-2.729322059527843,0.9466778881396078,2
-1.3712899524480102,-2.4549897222665056,0.08636383952155291,-1.7940560232190466,0.29490996637784833,-0.386632753020123,-0.7267091638345665,1.2229721852448086,1.4681296320102664,-2.092138517918735,4.039058374905853,-0.8174001747796167,1.2317051835354864,-3.082168800784661,-1.5147753317442232,0.6650266167215868,4.726768675406765,-1.2238249378907575,2.1544381200254206,0.2715143155249684,0
-2.3800249359257855,-2.740159760280709,1.0443651090272603,1.196683674339657,-9.915679371529981,-4.009340400397478,7.3675473790826835,-0.6799215680700458,2.2321861753098355,0.8892487019575441,0.2804218367825378,2.732727572679123,-0.19092186341171624,3.3511136807112187,-3.7732946424036333,0.4349204852788254,3.4795364085057776,0.45881072017932256,2.558518736731743,2.5179017938558204,3
0.3831464638377966,-2.5130705462954452,-3.827577271828095,0.6345173001303898,1.7692407109228747,-1.2819851695730042,-0.1482758800151869,-5.4748626256406965,-2.029716390861134,-0.7262999122192966,9.483653816635584,1.5934600467709594,-2.1508895749086134,-3.2527241525430948,1.3689680215255764,-0.9678771451273476,-6.215298031685374,0.6113143463986984,-0.3760858650337753,-1.3392353489031936,2
0.4646911946804363,-1.3962848352058965,-1.4950729608276827,-0.7805327581828939,-5.553868224125611,-2.1517600500490315,0.14560815106970193,-2.958362661008449,1.2567864232118673,-0.15051804026181892,3.3346960878158995,1.7612036716780308,-1.2006660322888971,2.8058365248591643,-0.5513877563451959,-0.07491357844998016,-4.883418356912857,-1.0520272692267894,-3.123338913460313,1.0497824723762552,2
-0.2603225484947773,5.020527199002875,2.0020761009280457,-0.6113939305158616,-0.37828944759069266,1.2082965340464131,7.4498479996955576,1.3662729788324512,-0.03979610041338577,0.7132533035988246,-5.334439971645897,-0.9470908051758141,1.6899198128286466,2.0799900353781315,-2.8645682580715,0.3256647209107891,6.839920582936947,1.35793746132566,2.119409509915939,1.9878209114670056,1
-1.2271634955082777,0.820039149974432,-0.9386289940086838,2.846985448754231,-1.0110025100761106,-1.689452995752834,8.320402902395168,-1.216239275477871,2.0647305625410435,-5.7706214889709155,9.644372187113401,2.135926896249232,1.305585118488936,-1.5516750631564278,-4.519750347153949,-1.7376200172511338,6.901112221432558,0.32344682997512875,0.10578665679401378,0.8875138519469787,0
3.2624959560171565,2.021171960273617,-0.44735148792933166,-1.7194910222429907,10.805895784909449,2.37456640854877,0.9810735928269751,3.0497269675945056,-2.3097326684154846,-1.0918507066613121,-1.4612253297958357,-3.085825486609798,0.6890728793558023,-2.838927031906648,-2.5531543989546903,0.5292911325047989,4.949949145015244,0.45023723475834404,2.9623561493786896,-0.39509275653911635,1
0.40621736718124424,-0.6935430324452168,4.764574606067574,-0.725878625344111,1.9619346094956984,-0.9851735890094626,-4.663170116465091,2.334788023928823,-1.2875495478124328,2.9513069854089355,0.15041205129235027,-1.5357836143251857,-0.37339949601834865,-2.914433506617908,-1.7664528908864374,0.7617875524805855,2.3212845763983285,-0.890388486164336,-2.849881562586208,-0.6272579914072186,1
0.7681151901908434,-3.3285769950510415,2.625698227128286,0.8431433523124976,-10.37245986719498,-5.326386177261741,2.069369677910594,-1.1016447164596008,0.6598042430794976,1.6388170036332008,-4.715109489953849,-2.166038998435028,-1.8063264212025183,2.0161750555962255,0.9212672486885718,-0.5962042974037324,3.476372297020744,-0.6077552098996957,4.477135345161786,-0.21464642044763177,3
0.4773622280616716,-0.32611525265442287,2.366042209092708,-1.1562071998537613,-6.675391266243011,-1.7926068429990376,-2.6032292545903055,-1.1492295067846232,-1.1875618880755887,1.4281538316584768,-3.228935498848143,-6.132840726975999,-2.332850025944718,0.5532690756435525,0.8616319559492012,-0.3992074590507505,1.124820782244888,0.17573662658750355,2.4044747056163764,0.5520148698287258,3
-1.834022906879185,0.6459392890482469,2.6843918363385164,-0.8252982988286389,-6.998874783745469,-4.297987180120189,-0.45062717294911353,1.5579056374479303,2.973746425431268,1.8951861245332307,-3.063519773701288,1.894102693408018,-0.25238289824487503,1.4996437102733462,-0.3672040252788944,-0.24438025042233152,4.4241293542629645,0.18969099524243158,-2.5890471869869147,-0.0036568029911966345,0
2.9796213261480844,-0.994919103007943,3.62744986507002,-1.4124271344499437,-10.896733231734862,-0.5838114538828285,-5.019921687392737,3.604078107373239,7.151567662587524,1.0764117084482232,-11.64900693853186,2.9694099593831744,0.11801368631087028,8.90714943367945,3.692169130970359,-0.17181983609253446,-2.0993852475744537,1.309107520853025,-3.40528115925357,-0.11996649910854745,2
-1.1798066915249095,-1.3252765538421745,-1.0116080736781417,-0.5974356421217754,-4.897510000883569,-1.6490045009502117,2.8462281221393044,-2.082485959977286,-1.0266909202570766,0.14577364752871924,3.0564575164370913,-2.1357073019993553,-1.6382200743929771,1.271293139341633,-3.5370034865280737,0.7207248784516294,-0.5567753338039131,-1.5299147611414732,1.7994663705307514,-1.34030549732504,3
-1.6794236883950662,-3.028777334597452,2.711080816692217,-0.8865896359104615,-3.596032205323317,-0.6989347881338898,-5.547179604832534,0.6577723356948957,0.648836531745547,0.4206340568228091,3.459327112120745,-1.748239064816457,-1.840371916896666,-2.4550980283816815,0.017912115911026705,-1.7407625850096013,0.5442248526027704,1.5438288305213863,0.04204047376789832,1.2384940523479142,0
-0.3676007207144085,-2.740954539339473,2.6035691410103885,1.1004447242600397,-4.721978068894132,0.1426008267461527,-4.823592390940773,-0.5032623615285958,0.597355037645351,-0.21169770323761616,1.9607210466523164,-2.757482707914686,0.33348071952614555,-0.22994528522459645,0.39896394202460694,1.1896897669429274,-1.671303019996045,0.19797991337486456,-1.5511431282357853,2.7432036702123757,0
0.21065918298271957,0.3497822676905935,0.08215979824387776,1.411064664325658,-1.4711594532934866,-1.2714917247096507,5.122038270201308,1.6048611902192467,4.040013747608032,-0.5974145806442426,-3.4894013370270933,4.805071785444751,1.6592473062051072,1.0806165978827464,0.8928166419681719,-0.361116466068305,6.158319840371046,0.5402508828569852,2.7163439045012256,0.4236789893652055,2
3.7264169380451246,-3.3570094836200415,-1.9424282003598359,0.031780820091937584,-4.452636474115461,-3.409972724960911,-10.109168969483886,0.09602759028119068,4.89171064237168,-0.8421549449016141,-1.897525049490175,0.5953334794646602,-2.457462871790134,1.0575588254711534,5.50210606763161,1.4355084489081587,-3.024300991183743,1.5178153241992565,-1.771495072064328,-1.7854195573178386,2
-2.318236797503695,-5.213727117395301,6.715706645650325,-1.4385181525446897,-14.62561677955006,0.6543722693406822,-5.907454901766084,-1.0855904031279897,1.514662074072989,5.344133405234672,-3.2772994954288013,-1.5930052110056199,-5.547366953967558,1.3027408634755098,4.106375211526588,2.045722269285987,-3.2583745150299253,1.0022818023225757,5.528885789607843,1.012932794138331,3
-2.283919282372893,-0.14794483563116012,1.257952903974607,-0.21825988640983623,-6.548957506478542,-2.931753095698088,0.211512853907092,-2.9757714998346287,1.4405890717394467,3.3363914392131284,1.6148863010774048,-0.4679516668826036,0.9497310737860234,-1.9329043143453846,-0.2691098256659079,-0.6929422624880038,3.5177264747185166,-0.16201495587299197,0.06328037183106128,-0.4793069285362946,3
3.602196700581815,-0.40947956441021693,4.184872594109379,1.365142966601261,8.27644339495875,0.3134623622345807,-2.5933943286254726,3.6809068751621314,-0.2271337428666147,-0.9466754140051461,3.1481834920473983,0.6118263137174944,0.45800100375214126,-4.138023522590768,-2.3459904170610906,0.08817880285877568,4.537712428769317,-0.6455083114002861,-2.986136290601721,1.306434045918939,1
2.167871082497464,1.1291857157601874,1.5029540905579917,1.5326394676495383,3.225332119018858,-0.8577165712534685,2.4791395463882444,-0.724146686619755,0.9978579450065621,3.438220368831593,-2.9381400842656427,3.352351932939905,1.571974648475831,-2.8762471901644995,2.342462931025535,0.9942042661042613,4.681597942800521,0.17539541152252575,1.7726823685204458,-1.9844090176000075,1
-0.5067860767996994,-6.0988223813503915,5.47144071736381,-1.9628952065399319,-0.09361220408582846,-0.5319047179282522,-4.38692113448807,2.463598509924015,0.013483859015712252,-0.3175339634195866,0.44710205688742416,-2.4155209247613,3.332214800606101,-4.768529744905548,1.4019513489800572,-0.19632155243586794,4.778011326013411,0.24758097646822325,2.021333804717043,0.9119337691114575,0
1.779143897201342,2.0230982880865076,-1.3265970865151964,-0.04850807952213789,9.786458443748922,1.3889600247581468,5.707237305630734,1.1276799967046638,-4.560934012180924,0.020405234774468983,-0.8827199892969643,-1.768958322971946,-0.22980359802896366,-2.047313581289779,-3.2184666245841536,0.3391585626647325,3.0330508124402904,-1.7832419039966647,4.1345922542116895,0.5972736873011977,1
2.113181168425485,-0.9410841143406231,-1.577535531334891,0.6060426796910358,-3.795178767965512,-2.1578648972160837,-5.111172185450477,0.06061228111225048,2.907763642706943,1.0513418786785096,-2.7117218727116414,0.7206189077101429,-1.4372291238852015,2.93304695978088,1.482270521084975,-0.8377896238985154,-3.1563816640048747,-1.8430957723733188,-2.5648666144718097,-0.9875329267320844,2
1.4392877437390776,1.9371737721903872,-0.39413117290134014,-2.163660250456189,1.6456842997986185,-1.5807485323010875,8.531274849637256,-1.3098859130380673,-3.0016399791201134,0.534946907375312,-4.5647440790150915,1.614617340693171,1.737612153895875,2.8536292568228885,-0.25034407494195654,0.7391550720119806,-0.4862458982461313,-0.8829479628617175,-0.0851603870984079,-0.20322587516564822,2
1.9182946631935662,-0.2965808006530366,0.7186368427349836,-0.5124794965435998,4.989363311372773,2.9297314865280546,-7.50739064986794,1.0281561679097375,-3.2559541718636527,7.563561847587152,-10.362832295972659,-3.4902999370932033,1.111147141537379,-0.052375130639295,3.02090231617496,-0.47558593246390446,-5.3558709284167705,-0.45464418049025607,0.7265511084005957,-0.6937948210352283,1
-3.1397237155309776,1.905298426345869,0.7062726752043895,0.5056643028193335,-1.7982413038406988,-1.6423851768123008,4.315299400231185,0.617743086896423,2.198756115438436,0.4949628169255771,-1.1000702756663652,1.9937771732689433,3.0819120162106346,-1.5229903517630603,-0.5175799691198485,-0.12445652284259297,7.888385934768824,0.2722767812109982,1.049375245360377,-2.1033005497426394,0
-0.7191224627492825,-2.120427339779016,2.7204050975382725,0.6191561224171671,3.9027766830583253,-2.909881271077644,4.427571175041725,0.9911010967262748,-2.168417080654213,1.243175230456249,-0.41110017334110494,0.5830768350880071,2.2692512441380828,-5.360776183562788,-0.1609876598004072,0.5708051779029949,8.083286659482248,-0.8538642677526315,4.099638105816421,-1.1818102911132828,1
5.1102745897590385,0.6869393044358585,1.7719726421122601,0.2935050194419702,-7.326104815555373,-3.544211469370266,-4.713555221798106,-0.7592463067919163,1.5101626004008317,2.203740726922191,-5.870497777465182,-2.7028270586561844,-3.8676480841792924,4.6540877193330905,1.2947547870156533,2.9511965979446035,-2.4059757037359697,2.4751157457985604,-2.73247446238084,-0.1825521626694995,2
-2.489235581501468,-2.1769633390703627,-1.202616553836627,-1.2187866231239033,-4.15544165688479,0.25214444446047835,3.2443295648772823,-2.9722571417982078,1.8507200334724478,-0.6795235002067597,4.697377579756853,3.537679012687452,1.0519743045018721,-0.19794119034139057,0.8905600972483467,-0.3427899010227776,-1.4406259259353364,-0.4041906136129543,1.3682643929169682,-0.7227061357027543,2
-0.7131429794585831,4.0029714013809095,1.5101408936254876,0.7053845700316035,1.3127798715353824,0.5338801165689679,7.157821437105461,0.951660949859568,-2.8471447349635266,0.360633836392394,-1.2315664064907896,-3.380877986581977,-1.389688940261566,-0.20479455118289835,-4.93352549911206,0.9467065595253872,6.623608912714375,0.6835931668103592,4.082537289391577,1.9792947878821974,1
0.9970738426213585,1.6064140349689322,0.29295805037163203,1.6734676076029986,4.105389220630242,0.3025580092678697,3.1915929479606318,0.569330187656321,-0.3565669647194938,2.1695021855421874,-3.2840077393834566,0.6484970063828097,2.409814796034631,-1.330109666451733,-0.6563512470569648,-0.9411167450740053,4.254351367428442,1.4735817353580956,1.7487227851638985,-0.8155784324726731,1
-0.33348425578174634,-3.8095796550096455,4.6918531649374,-0.9112242732030087,-11.833390963412961,-1.4127458333567118,-4.1512578502115876,-0.2578860690222815,-0.47732864857055946,4.63017126573871,-6.443446115684592,-3.2351333476524093,-4.909280175387055,3.584943618932541,2.142046835791947,0.06515315854309438,-3.6457222470334814,-0.9809518549220426,3.623465298358158,-1.1566423039656377,3
3.03217348424152,-2.7974165133259445,-0.6909651757005688,0.5412208862254689,-11.680318465560479,-4.064700302113081,-13.41688102127911,-0.3241130903939835,7.005037834097646,3.4586857761393746,-0.4346845077981717,0.6411324951613404,-4.993777746871385,4.794067266410002,0.453808819919299,-0.07959596046369898,-6.278203311139506,1.254313832674685,-6.500841574886342,-2.554263594145092,1
-0.7921520420952919,-0.6424202010456304,-4.382716344428955,-1.9462531930006357,1.1925018357992696,0.20727488126409943,-3.708499986239975,-1.0718697292538482,1.7495167282491593,-2.735430297585235,4.605848127087326,0.16946055148453087,-0.9181261215194532,-2.0966353475480246,2.030716909743086,-0.15206625052425007,-1.3682535697707683,1.2568012493966925,0.5616632219981985,-0.8884028757433097,2
1.1691939001095573,-2.7956579221542537,-1.3491858398790815,-1.4649395790270194,-3.019980666326849,2.3979167503388092,-9.227469268250042,2.5629149423355257,6.658606121229969,-0.7951610016083737,-3.3325850321177173,4.9072029191766795,0.08858587539600804,4.005231285166987,5.161615329526971,-0.6789938834695043,-6.613401056853358,0.8191217067447008,-3.2556992644658305,-0.1314827859216935,1
-2.156222366052936,-3.6463738208384453,-0.38918484099286554,-0.9023954846402445,-0.6413428585049042,0.9455067453107024,-6.315060095780945,-0.09719123998048618,0.5049514340715149,0.6107360744408648,4.213439520736801,-0.39130187351960544,-3.539754591153199,-4.08750092040693,2.488472055787341,0.6064921081313653,-1.5259474831028512,-0.9536984332384353,3.8195521820133904,-0.2649159166814195,0
4.042502077514364,-1.5101683244668642,1.3119153056945974,-0.2473881820401827,10.445533031507393,1.915137857228102,-6.109227469661107,1.9997122881533842,-4.317559120925465,5.343503898737784,-4.202848692273599,-2.8863790350123626,-1.4725868265265971,-3.9337702014831284,0.5584985873737887,0.07658680731384016,-1.854268467787332,1.3398642629170834,2.348325479229582,0.49847831460000436,1
-0.6010094687411227,-0.9126886212597597,-2.3396062309412455,2.040279142915153,0.0166820032940648,1.3193944147604846,5.619720352008036,-1.8444668034400389,-0.49075154233220086,0.01761276801881695,6.1387878846688535,1.6536428159762941,0.5608223350916699,2.0936615601123343,-6.507936566506324,-0.2956187890864324,-2.9108685024866046,0.4287236723872409,-0.5231047328115379,-0.9688004025877751,3
-2.263866100874198,2.0611767908100624,1.3496117816818212,0.20554342053911084,-4.540770051748683,-0.0191076504497798,4.788341202827535,-1.20698444183152,2.6322221103269494,-1.391832998755657,6.050627255456767,1.0771578922289107,2.45518823514149,0.5592422390548433,-5.063611395785055,-1.0322736333158675,4.354717703496551,-0.9729362321020011,-3.0475422960349783,0.3855640216451009,0
4.07956626720682,-0.6387462399743409,-2.0594040845366455,-0.2733164712061782,-3.648002295116704,-6.9761736472394436,-2.9657176302936956,-6.498631878413919,-1.3838372346052075,7.060168146841763,0.3283705949586951,-0.5003934834749098,-2.7278118921622516,-0.4663405734246464,0.6631914130622188,-0.9095022020204969,-4.677079037500695,1.588252910067787,-3.522624331011069,2.0607991929342138,2
2.3271963621251786,-4.452553536458058,-0.49899757885198026,-0.7194071878050143,-3.119683142259746,-0.3756817874381111,-7.1342732004222,-1.7434534975924376,-0.06270183405700736,-0.22193874345132292,-0.9435245703881147,0.36245527101468245,-1.9232220387414256,2.173965600233038,5.657349459554904,-0.9451218452463962,-10.240253286229809,1.6311937569501251,-2.253252966961699,-0.4178524925254557,2
-0.3476092494348575,0.5815953508681178,-1.7834458328536882,2.1028840709790892,-6.362106310253375,0.2777143149778811,-6.774735128903794,-3.8170736423685345,1.7310078100162443,2.438371102546268,3.0118494695578875,-4.28029327757509,-1.31367288627188,0.23431116203941205,-0.39402022605705556,0.8077684792261496,-3.5703636946254624,-0.7777690059554415,-1.9338209819992858,-0.531124126337735,3
-0.7015105665473454,-0.6128641122903014,7.083707853924764,0.7641443125351484,-17.411697260917542,-3.587369467729854,-4.6966500900780135,-0.8701099663703926,1.8459152627006192,3.1168657093095904,-4.2450771312228115,-3.9090560760323885,-7.192805316659131,3.2254647574242417,2.4409243552829456,2.0800502598993984,0.7580490220516022,0.04909981066704361,1.3724880859059914,0.6133439566185207,3
0.5761869465727303,-1.2259834808011054,0.5248062194177621,-0.20096225046460006,-7.549761322007602,-1.4337654547113157,-0.5598970193887359,-2.800160133738949,0.9616996873413648,3.5110600325825176,-0.905200453972399,1.4594260979124543,-0.9064959734680123,4.43231621349432,-0.5759609634462592,-0.03460352975929649,-6.149249117864093,-0.11022639329117377,-3.311539244799401,0.27498052218665076,2
-0.2787642888367561,1.711846941525085,-0.6304767833122433,1.359596800504632,8.159213777035983,0.9324952246887017,6.583969437586867,1.8202334615526408,-4.223351583606053,-0.16320402069881834,-2.649537508369806,-1.8553807464749599,1.4771583075138577,-2.3214770124184323,-2.378105267850965,-0.7964689397711578,5.346417257232531,0.6170284968695051,5.0895805904659746,0.7955158642768044,1
-2.4912838761712512,-1.493373568817867,3.7174613647127273,1.2922341745522665,-12.007708042072158,1.1212878101764967,-6.948520281454769,-1.971683129817575,2.6898332534555855,2.521737327578318,4.204022335654529,-0.9650677820155924,-6.4340754606375015,0.6885528832611069,1.1613176384631219,1.2078187518842378,-4.033762171069071,-1.152821355888307,0.1623579101774244,0.8933748097275014,3
-0.6637473363804334,-4.073725651800316,4.012930114408231,-0.41321827028470726,-11.438095419322575,-1.9872057630867404,0.4021574843311382,0.40072055814852026,2.7085036598806864,2.1162692236297747,-2.3812783346705975,1.1133344672752497,-2.785546212686839,3.5117341904098467,-0.3555300705818525,-0.5679876890702067,0.31866851854787254,1.2367918101036277,2.8697548930633276,-0.3671865329571741,3
-1.7275338645901852,-2.9418379372359613,1.9146653490468097,0.9290714344440588,-13.910361336211944,0.144209111821344,-2.847431888426444,-1.9935621912048327,2.6653247291608295,1.0444431713166327,1.7500956334654478,-0.6347713569096785,-6.015195621609413,4.031501390325456,0.5050468106675876,1.510624419336162,-4.867990639021179,0.43350860971091937,2.3782739089809883,0.6391307908408096,3
-3.492928733905066,4.6102157998119715,1.1087879844700963,-1.0008711524087812,-9.574647433809643,1.1404094967030949,7.396092578717054,-1.2289154625547765,2.896640580705117,2.067854678233416,-6.593931604201697,-1.8196585616356369,5.804271388342899,5.124345232687732,-2.849383647124578,1.2352047009960347,5.706450378489555,-0.25096119262920746,0.640756351910714,-0.04855221869102847,1
0.8627380708404555,-0.2937877335150054,-5.9075850579953,0.7735178126692621,6.716426446109983,-3.0312135179594972,-0.018298796566833996,-2.173387646444426,-2.5244785039902675,0.3826449794433213,3.6325478409239538,-0.28046572482770515,-1.341348076847032,-3.924663615584375,-0.2544016028366962,-0.0440636089692948,-0.4647705694252755,0.4744506159508581,1.4725520745199545,-0.21688533584491113,2
-1.9770548026264536,-1.4346279361463654,2.217539170142798,0.43211416532507396,-4.414600165983781,-0.4592190061566248,3.3511787454416138,-0.10753718029547765,4.061024345569903,-2.2190744487481266,7.508596154181965,2.9084659837153843,1.494112143520314,-1.484629974067811,-3.384562828339432,1.8717478592398793,5.782245031269612,-0.26609554303275906,-0.23177975931646988,0.2722317474079267,0
-0.22007838941675772,-0.40660143348782785,-0.985447131975413,-0.8190916051136449,-6.510258846754628,1.8475204944291495,1.0630464789981033,-2.1842771090902358,2.4405544816571743,-1.4571636873486362,5.354772771275943,-0.5467623633715184,-1.522310913813288,3.3113298459675455,-3.580793034973789,0.16619007103119254,-2.8976022628761453,1.5819061766556655,-0.295334577613096,-0.5315360548744451,3
2.3860662459795483,2.1619367260168083,1.6698168105403655,1.3498605220145055,9.079800162263084,2.0934758197214878,-3.0362415524436783,4.167448949827388,-3.3326505840789737,1.3355041615650405,-2.9607876278295553,-3.30150509950418,-2.030707120841099,-1.886654109629019,-2.372780751968471,0.18002800588019297,1.7564170039770846,0.35072128523956925,0.41481182638030567,-0.18257293579481626,2
0.005255540700207728,-3.516361604491856,1.9276598436808483,-0.9716820360110637,-8.435649693068363,-0.9381601871137621,0.4712345438473833,0.42110587969968605,0.9627162331897132,-0.09050039247832675,-2.4978178375629185,-2.2194827794635414,-2.0654349869602338,3.3749126500151903,-0.7432375301708902,-0.17226353824702229,-0.061266905319020216,0.11628693834929589,4.011259118626327,-0.15627034532794687,3
0.3202704646829859,-4.433485958397648,2.5891828009218276,0.021458174227438107,0.009184427499275451,-3.103458112052648,-3.4720678470303863,3.8770020750791043,0.7713223246073599,0.5618473723854418,-3.9033462144773856,0.419197740221929,-0.5992215870030846,-2.0741773139648143,2.082503826776513,2.191833140756291,4.222902892026785,-0.33284192922068656,2.881981723115026,-1.203293303222857,0
1.032698395521237,3.121252765042139,2.5043466951465216,-2.6970574847848896,6.9782361600663805,0.28413525261671135,5.391193021612211,3.425273002108494,-1.2749693319639284,-0.736513887604803,-1.081472585995545,1.2825799277230931,0.44712370564792236,-1.9107473980470442,-2.938980263703729,-1.072138285632054,7.417719416720859,1.5630278272551164,0.8527070151550167,-0.06583164244599705,1
0.8348102117458395,-1.1655080757591925,-3.310736580151771,0.30197249361175416,-0.05253115929387215,-1.925347820640566,-6.673227203173826,-0.7186402398194243,2.9499325152413793,4.9917809099150094,-1.962570099827186,2.46680446063365,-0.6565217549295914,-0.7214974874903577,1.9237153977505947,-0.7842767815900054,-2.419514283376219,0.0073751916896656515,-1.2058745115410525,0.3856849214579881,2
-1.952043633835141,-2.722014732639275,0.07346638311471354,2.3713080440145835,-1.825144051606556,0.7415387284962027,6.435233447641118,-1.1705236686374114,2.100586366849024,-1.024550972606984,10.238505160277796,5.009513725339739,0.5170407149167526,-0.24931802587047036,-6.332844506310124,0.8779514673786032,0.9226855997259242,0.3407198451812973,0.16305761734842528,-0.1404540791892007,3
-0.9203290421119643,-2.7914072718359924,-0.6721732188399727,-0.885170161799122,-7.359851316124213,-0.9743451672710439,2.687086986482865,-1.3552159645501616,1.972444118057978,2.8933678200048427,-4.271320637817514,2.2530289863031627,1.7647557813133434,4.659376358703212,-0.07975111614322805,0.8542097212224434,-2.7835669361518396,-1.6227634519854741,1.3373858367451354,-1.7864949633589287,3
3.2657544368152847,-2.899198425044708,-4.0716091594919295,1.4868271983157422,3.199823374040881,-2.6965862585994325,-6.129969157421835,1.881733254691691,0.5871139081829984,-1.0823742039228064,-4.108053148727657,1.5194872223445246,-0.9239508251368342,2.1545094859524854,3.4665577137265142,0.28579171635728673,-5.7493907331257175,-1.7417006056444133,-2.454531138714674,0.3731289973656975,2
0.8801162255246817,-1.8098404629305538,0.2580225096555937,1.2836010675873242,2.889699940825628,1.1246844224030172,-5.27860668838993,2.8915703578871645,-2.2629899677386165,4.379135566106974,-7.076775925822105,-2.368708054421493,-2.8696144525246248,0.18926703096425723,0.9798119333516042,-1.6401673312416813,-2.5531297828389525,0.3743780995040737,3.8066599931919374,-0.4002578225026004,0
3.763200546370585,-2.3175698383673433,-1.4409834142644022,0.06883207634969443,-1.231366510436836,-3.7314295764991465,-2.1426916448899935,-4.567138287971647,-1.8469090527421659,0.17176524667374382,4.010725742867837,-0.343784511913527,-3.6946243765308147,-0.8537777674031326,2.449176966370294,0.27788665725400497,-5.7245485110402745,0.924385697760768,-1.4147313048050678,-1.5808984483444433,2
-2.2389127714551402,-0.8553086369776306,-0.1428967120056608,0.6715745645136891,-8.004791832987108,0.6131456113834499,2.5269925062261303,-4.9922579070986774,2.369821324751142,-2.9059570652268336,7.873529757431603,2.4395708975338177,-2.449637986395112,-0.649805799132293,3.2071393555869947,-0.5341892077775119,-1.9225603084864107,-1.701767091158809,2.0565747562598835,2.4845809842450635,0
2.893817598755482,1.0116623191287104,1.187610508667106,0.6615166212776474,2.8409879209653046,4.329151209044173,-7.690927274736134,3.3759560680565404,1.3919319990495924,-1.0907495570313284,0.3334721665009851,-6.762533145640877,3.0999453837480315,1.4971822821391272,-5.736717178850563,1.9143640484309277,0.08007405202423254,-0.5354037031561784,-4.91833984620634,-1.1200340574690621,1
2.6400774014463644,-2.273548211599142,-6.498450139092043,-0.9984361297513487,3.8477649418034505,-5.137691565325926,-9.602656054951266,-0.949663500211845,1.3922762634826111,3.562043488093883,1.4263421663991953,0.0329794454236052,-3.230715029890569,-3.664198711938583,1.2029520024381744,0.35608110497652856,-1.804401437260184,-0.6666028057828834,-0.6463117823780091,0.14906971318256199,2
3.475684921549167,1.9826162679264927,1.5527204954111413,-0.29577127692116045,6.635844331434259,2.28316375297229,0.10369287669416039,2.0836854265911864,-0.03080665133507443,2.055687671247457,-3.0814535722195826,1.1695392604019519,0.10006212369218614,-0.8325398165477161,-0.6372441552786093,1.9769283569569092,2.0285748314008667,1.9132575102270912,0.4092694149429503,-1.5756854934891913,1
-2.259651217142192,-2.787965233154973,-0.9422220560925045,-0.7626926259947432,2.736192609742009,0.9566186962410113,-5.687725534608251,2.1012892850830798,-0.7354642352186582,1.5380526033936333,3.1140711181479794,-0.8089603394851563,-4.088775455183079,-3.744500010861791,-0.752472063990468,0.200124063950963,-0.5124747754401443,0.3039496665758532,3.7140481385511017,-0.7629480726497019,0
-0.9623917413133647,0.692332499761932,1.7511431941978879,1.393923413916288,-2.4499455855163075,-0.9606889617667584,5.261823271283683,-2.0863119963652332,0.11504198653118802,2.9759421723436343,-1.7903515837156894,-0.7644411771194902,3.071950822259237,-1.9528099280561482,-0.5930587428459099,-0.8121128774574677,6.444162381415053,0.13537689703186956,3.711161288702808,-0.07593154235347105,1
2.603340667546654,1.5548084949741439,3.39570054731756,0.7351687140565715,13.563758029555173,3.2442938318561856,2.050520455854071,5.5757847557148565,-4.382094053293128,0.2973220618969259,-4.456166015527315,0.4587072656982274,-0.5891082378570691,-2.92899923913437,-0.6539185792447002,-0.6007757755261639,3.5630854660592415,-0.2874052207529613,2.702284671723877,0.22909393606207865,1
1.5777445033730837,0.2881367855244805,0.6853264982612699,0.38047624713101924,-6.77033368215834,-0.5398802920466483,-6.90635967488704,-1.4491377684562576,3.842942822119991,2.311120305978939,4.250346487781575,-1.1271232910504065,-6.1418432398529,0.10897988272323711,-1.2870503021107078,0.1630456477546236,-0.9438337530403742,0.5024913022931036,-0.7534117712315025,0.23681886082897913,2
-0.9080883507432254,-0.6910884700879129,1.158998366902444,-0.6929957326976681,-8.541285055722877,-2.0758647782318036,-0.9688319103083401,-0.6292879876726285,1.502506873344078,1.4339057367861818,-2.7754605509524994,-2.628443148682493,-0.7925523333573301,2.3442327829441805,-0.41110609108111495,0.38310150633949663,1.3091614764747854,-0.16385386016324285,1.0944306230130447,-0.31154532611911234,3
-2.2125971413915595,-2.858450136955568,0.19910195466738534,2.6152666572921137,-5.979093814674716,-1.7529751613028803,2.5625385789975357,-0.02477986476170635,0.30492817635391223,0.38498699214645593,1.9891104887221869,-1.0036934980901357,-0.6257830105367082,1.7490919406966303,-4.4371860652091755,-0.35457780207536366,1.0551931678923492,0.13696211053934323,1.977165363158877,-1.907581997753973,3
-1.007508501266487,-3.9526730290404632,3.6503057065383135,-0.3901352775636263,-0.9674183304474556,-0.24680830524512265,-1.3809547243210785,1.9110242771965573,0.6257003395042311,-0.860273466141257,1.2977276313606427,-0.9250969615710916,0.5717594354741679,-3.543881299366214,0.7045123903425949,-2.635443085703137,4.948531443654815,-0.7835650316162242,3.7340755519726416,-0.6855829406863078,0
-1.360460483387876,-0.11513338610335389,4.665011467705909,0.5023841826262905,-15.050175808771785,-3.3294643131239585,1.2735027343894723,-2.424443602787888,4.424188958809731,3.600175594186983,-1.0735345715764735,0.10729964436717188,-0.880479962727584,2.4726078021279663,-0.9033614593717125,1.363597551834299,4.297317138606241,-1.2768333096760742,0.03179752609248343,-0.8027886811181215,3
-0.975691081952041,-1.3336024482086812,1.9871915650737817,0.4235468329650919,2.809724799213754,-0.09759631763734822,-1.6118213113441486,1.106448450125951,-3.282930007856966,5.880673577834209,-9.263392876632293,-1.7559599541992694,2.771604642405868,-1.9179521856256567,3.146070041753599,0.5326194927523904,0.7513413015311581,-1.6270903870942535,3.127524352296211,0.09817860993929126,1
-1.2983332619755916,-0.09947896307699589,-0.9993674603979437,0.9991480247422639,-8.331785123325167,0.6435463169438531,-8.163776857708477,-1.9428618588098265,3.099583020837054,-0.38204845391797226,1.9013419416135748,-3.6226012645005605,-3.2539898811836014,0.5658995118781762,2.6921504071271625,-0.18251829345491366,-2.826898896507783,-0.38457580242178624,0.046947591878601314,-0.258651841186265,3
3.996248649667605,-1.5790447291524008,-1.2382900865813855,-1.045702456094566,-3.9011652759448676,-3.9342800547828167,-6.815653979874378,-1.2644697713496202,-0.05061995350628701,1.8522382984544845,-1.1924337994723362,-2.42154745360927,-4.7155419157525,2.6006861082192447,0.36566141703423627,1.1122116325352582,-5.694961757658623,-1.6496648478048295,-3.031409673284549,0.6999664946117761,2
2.6906615404470364,2.1423908330108232,-0.03379847480361886,0.7301955440699603,-0.7355943566768949,-0.9970705543788593,5.038588438099468,-4.127414298295167,-1.530845501849583,-0.5817998571866607,3.621847872209751,-0.7317951551672844,-1.6560824599316362,-0.13307195583042097,-0.9981771022041965,0.7185169231098952,0.04043039073352742,0.613780268430649,0.15209859858043395,-0.23902328979822618,3
5.628838281244059,2.8267499960920195,1.2680618981070395,-0.5850305763529352,10.050043138160055,0.1656784397755815,-0.1080469093477977,2.0770822415367856,1.0937734119743228,-0.1859287749556937,2.5734749345333623,2.1543316430645643,-1.251942848619997,-4.267980180735504,-1.8069717837655794,0.055143845970811844,6.256509350313587,1.695223431777242,-0.9574337054065114,1.5491849658795867,1
0.5635531000283351,-1.1605369643510204,-1.496371885620248,-0.6835945038780846,-3.4194105037485834,-1.4033172777254619,-0.884954599929528,-3.8280732854439057,-3.2434498648556684,1.8462877348063849,-1.2838895879911267,-1.7180840515802642,-0.17296148539942435,3.3801463614479945,1.1717540776300976,0.5738672409858327,-9.200479970884214,0.11525825520081001,-3.2956457032705484,0.4108813422845754,2
2.8977402529680343,1.2252251235081062,1.0105215552604727,-0.5742154519063031,0.7845899773825841,-0.19384886939900747,-2.6321105618812823,-0.03530073422557445,2.353191907516045,0.4405669318747951,2.272138406103517,-3.405791145916148,1.3053580360204138,-2.561086162895604,-2.9938808616593353,1.474827768995568,6.130043446034329,1.6628933102161827,-0.5325805893338866,-0.9242775035535636,1
-2.720156789266249,-1.6491880125149139,1.2401671856500462,-1.9673063225225949,4.263992497567095,1.6759349751140467,2.808168458526271,2.20627476281646,-2.0937993673877116,-1.7756296469237633,1.6949164754189885,-1.3388861966913241,1.8194953413673547,-3.777899810573186,-1.3199693134796633,1.5516405281763492,4.911578806796212,-0.17165304392731837,4.635044689508211,0.3095594847586634,0
0.8148904488096379,-3.826770148108104,-3.794030331816316,0.42555598869187133,1.2402074235714011,-3.629099514607137,-1.537137752063674,-3.7650858318772236,-3.526332534707025,3.2342998394306957,-2.6845545597884186,0.8755901092052106,1.6623177166675593,0.23764770338784147,3.996339482775876,-1.0184579989092144,-8.364008675374546,-0.39464780228399626,-1.492186128847797,-1.124943555534476,2
-4.7412643734137605,-0.4036018338161904,-2.149205458215522,-1.6800373700314262,-5.618886665554442,0.9223871569367765,-3.480223269946465,-1.465962765318222,2.9190239520449572,-1.4462755921259531,4.741704200757884,-2.5956239903447003,1.1587633156684443,-1.8014431582436852,-0.015091855056768466,0.7208999102114342,1.750963859559178,-1.0344880035178852,1.1821944093705132,-1.1529631387015664,3
-3.4006247846173507,-0.7154351990046466,0.7534362734635283,-1.4798629821721458,2.7800303896958773,-2.820675644560314,10.69296179191654,4.940737484100521,2.643399614122579,-4.3093141573096165,3.540680326904965,4.566695812657697,4.906959173287921,-1.9362944583981103,-7.034268903614953,-0.7983686328937818,13.948083010742943,1.704794157624586,1.8829217126002817,0.7805434833369719,0
-1.1047730647556244,0.4516376883821456,3.05498205060542,0.28951190656551484,-9.45405027859126,-4.558346987726418,0.3187957367786362,-2.019047159546752,3.035034173921046,0.0011362175635643013,2.913692416969362,-1.773841534721372,-0.5914210551610805,-1.7736461714064604,-0.5345263841028538,1.0205976606308642,7.564698227198395,0.8094212757396516,-0.08078561397498851,-0.6499264153067887,3
-1.28016326284371,-1.1786155678484986,1.4754136276843728,1.3632901651657772,-1.4260639507246957,1.5314501587802094,6.529192219112542,-1.3263811169338289,0.7935698391171797,-1.9323586302537197,7.846265805063821,4.212146337331928,-1.650365853503179,-0.7986670239352485,-2.5004981702271456,-1.2336529387674924,0.923728870158098,-0.48015125660168256,2.209291124941549,-0.0492096920777383,0
2.7596369831072343,-0.6398192792808921,-0.8852977381321192,-0.0013452548733527171,-0.07863749837873595,-2.8248405849526983,0.5050819760835165,-0.13841620111297726,0.6369385087785133,1.6109593437757996,-6.459765864094479,2.370167247969604,1.0391353543548494,2.1381963392289633,3.2114071724552637,1.7465364967114192,-1.1096236599962137,0.5730280511176369,-0.5777271213203351,0.5929634179151211,2
-2.60702862954611,0.8266445384255374,0.9613473122640273,0.28362428865044575,-7.4001978023567165,-1.6275436859618877,0.8840751837054481,-1.3858872442061458,3.2440650098185637,-1.2106272195380436,5.95790577016136,1.2170138949874458,-0.0011258835412555346,0.8492497639774124,-2.8626192477498824,-0.26925578727533833,1.934286071150483,-0.19606948695133647,-3.695884176633084,1.0144967703228884,0
0.6652008945419148,0.2614690639287207,2.3267525861481175,-1.5878221416530474,-0.21239209506067408,-2.031695571108473,2.3608346087330077,0.7074202365076334,-1.9634138568345407,-1.4762009895081092,1.4050090212998696,-3.7179607456567285,-1.4976082590879671,-1.7433704097869747,-2.671172770733291,0.7744681887965331,5.499086791933129,-1.832237570605722,2.089379402863374,-2.5817391776343586,3
-1.8221747162826116,-1.1478323118990321,-1.6613591811990047,-0.669981938800031,1.6344849818058695,-2.5904188827467127,4.44584700800552,0.08440222338131131,-3.254982269190474,0.8863671058003821,0.8169957858080498,-1.9340005111301783,2.011986531069315,-0.23167901514017197,-5.263272255712685,1.036355880740219,1.8185865550203,0.2717070527230743,0.5531249219487852,0.21481277624312986,3
-0.5854849860028601,0.5047866867412648,3.08186547313599,1.5596647383309667,-7.481837292002978,-1.6144321341531818,2.224307381429918,-2.4892450899597915,3.181120672353996,2.303151800822551,1.558269754727951,-1.5767306284078673,2.7705259788163934,-1.287846240239206,-2.279178600267717,0.5002987690277763,7.317091893972044,-0.9619103738766526,0.7271901401058969,2.198402766491003,1
3.767213459767016,-0.5654489120157602,-0.9148472519431294,-0.23204068133051292,-3.8667925762019477,-6.23896563250482,-1.2570837129515948,-1.3449330017024057,0.8789069634949133,0.8250279906924783,-3.335988359067717,0.23287136207260795,-1.5469549345902227,2.34396774834364,1.5444003647019782,0.7792719316516894,-0.7072547636383225,-0.74860833418581,-2.785158886243737,0.7367734085016518,2
-0.8079045127123945,0.151933118548649,1.3922118446019978,0.6400706481446907,-8.42470292939553,0.9239727238547788,1.5115124505542108,-0.6608894686703257,2.5040144069460326,0.46671649457652364,-2.319808431183489,0.4143802650016263,-0.012396851235901618,4.938653294715078,-0.5394803829287773,-0.1775911286225892,-1.7093295450781436,-0.14427655844643128,-0.3136272911454705,0.3066706241324424,2
-0.1259439562956568,-4.559213121901307,-3.2947442263193776,0.4659601202162137,8.658462909404324,1.1715913639753803,4.394078856358894,2.821711119893531,-3.0000217295027967,-5.681245997535804,3.9536843174858625,-0.4414031314956879,0.1453707410425753,-2.4813366420333685,-2.3287737784407634,0.11707437506133987,1.5654632952100973,-1.094801205411699,6.709811116943813,-0.6504844860472723,0
0.20648500315553076,-2.107907815723899,-2.1796749550000114,0.5290540402483392,-0.019193057138913134,-1.3143991350990158,2.107258766448578,-3.731940939160464,-1.902848866612835,2.426280676537983,0.9781699281561744,2.9317978011519714,0.8204919397856263,0.8483115720776218,1.231370798619014,-0.6423989868410142,-6.561668087351869,0.1210855934028713,-1.3468123418216127,0.41132101641358315,2
3.196179929662706,3.4816716423166643,-0.2952162388014483,0.3969988240118958,8.80699433700585,1.7416394338594725,3.641169194069998,1.9681791507533046,-0.7441330972738281,-0.6499613852057422,-1.0294957235212974,0.5584310288709207,0.6297611084905941,-1.3734364915026565,-2.2254402272204383,-1.2887985140710847,4.52850779032227,1.3984964328033258,0.975480872098482,1.2171842328615778,1
3.286475248195668,-0.38436954595773964,3.1966408574067167,0.6852460373710546,5.720752798940998,1.7594007558200384,-5.981191440137621,2.0657854150550623,-0.1546873610508368,2.9633117870090078,-1.5504470592493262,-1.0713024977599348,1.0076112323210977,-2.760631088951376,0.015041143110622102,1.271542408612589,0.7369242848074155,-1.2672534126181327,-2.003485942224046,-0.24069964787718579,1
-0.42693821398513343,-1.68907098537407,-1.9424988189343173,0.16459804964689725,4.017775997510902,-0.9817678950031511,4.804220333889271,1.8103891984696294,0.08990106089495487,-5.131994533547774,5.896789393428782,-0.08848013671420873,2.1115128392179505,-1.7450101825720548,-4.951283260241151,0.07781134659300742,5.416659341845619,-0.21871045972518305,1.4672255489375794,0.37398055732219204,0
3.000036638964421,-1.115385469607301,2.6376080894186265,0.8050255667444349,6.119426354130011,1.6285274335666835,-1.2393254656312416,1.6498039273304583,1.7194023862962369,0.7054436723927283,-0.3508249449250242,1.7815251809274075,4.295320584445586,-3.428406851795571,0.6364406392557025,0.42630396366075235,4.198683348078113,-0.2360725378383668,-0.525306002637624,0.2584698708084172,1
-0.6347099171510734,-3.530667578371488,5.509675525224377,0.4344766511841711,-3.412880725885892,-1.7192762045034606,3.067408886636849,1.54037357259651,2.745762150628874,-1.4548657934357012,2.053321495385382,2.176794075108667,3.0713459104784806,-2.501378272640771,-0.4758853861386624,0.3672342793221149,8.116608222352458,-1.1195832538226196,1.5487103282763097,1.4990454810416698,0
-3.4466847619344803,-0.5913622730237409,1.9017622605968234,0.11674829321912303,-3.5834416137574427,2.0511253294271716,7.760317858665653,-3.2471981143684627,1.4363195355971548,-1.247820030218405,9.094390129882065,5.643950543673185,-0.8018710128887543,-2.088366831979162,-0.4878288898414841,0.8912278712918772,1.380630298875701,0.8146387134625491,2.8155184035885386,-0.3790646796405542,0
-2.0615325158182123,-2.875898043155379,-4.3887133742264695,0.07372189068492384,0.7883048717019661,-0.7732521733719503,-0.974840286231379,-3.805116589546758,0.5000568565108098,1.4330717848787204,5.758580154119882,4.233639790704952,0.9788901449078016,-2.304986073292112,1.8771264019496332,-0.6472860934039172,-5.259088420029282,-0.00950464817839822,-0.8299914640352382,-0.9323678520261135,2
2.75807567965917,-1.0809985791941188,2.4631014163961558,0.16988894821662937,-7.251968806218884,1.0147339555864634,-3.8411165687932973,-0.6925813214948054,1.7140276692220953,-0.008771378954483877,-4.230970870848808,-0.13254760859853598,-1.8504992142856282,5.566268922723845,3.5630664561342336,-1.5261587117482096,-6.937001019825206,-0.7709096944905972,-2.5139613788310426,1.3916826251599712,2
-2.6409848093994626,-0.7821311577624347,1.3798388837941589,-0.4702672954071888,-5.91525832581269,-0.8127701426907176,4.725729807557968,0.6400505033843316,0.8263027847599035,-1.4301387731802633,1.3743934171669312,0.14882329832773022,-0.2676514114421815,2.258566518901996,-3.4059707320943837,-2.455825731763943,2.632819889400722,1.6011753474045443,1.4558101089699522,-0.891509077663919,3
0.21668080391934708,-0.48991263624797377,-0.31688371039801466,-0.5598974677675107,-5.454845811486691,-4.421509143050011,10.137157482606126,-2.0222158300075876,-0.2732963916902913,1.2973972982469644,-3.8728899182424987,0.3579776730719051,3.355773485266989,3.44647430396678,-3.193592339232838,1.085389961099943,4.210370608224663,-1.5097308231844209,2.0339792908959726,0.5068693732713246,3
-1.3976454740527586,1.2670126366484975,2.9276983707170343,-1.2727270831691984,-1.0136000854024798,1.2241985257701968,0.8206825823927897,1.027118364545117,-1.170501466153812,2.4187910466129576,-3.999719068256558,-4.342362477041293,2.339536433583731,-0.8375357686491528,-1.7880359250683457,-0.9585694899146185,4.9591968199453405,-0.0868015464107723,2.4096658591541114,-1.060970993647361,1
-0.833745597638909,-1.6826141578332765,-0.9556802104069244,0.19040763415137985,0.4122732672055879,2.0455750142183957,6.3200043187695805,-4.826438363908379,-2.202881933343877,-3.216737779354387,12.22035287828548,3.9443973166105395,-2.3354929939000706,-0.8494167293834791,-1.2288441233636935,1.1902635735787104,-6.484055391828767,-0.004383541910870846,-0.15247716137204748,0.9010908393362036,2
4.077985952797576,3.0372441577639018,1.4532481364508507,0.7626601871662734,8.69134730325051,1.8501173887075322,0.9338860894620057,1.7320539903653585,0.3632146481768246,-0.2775795778103183,1.6488302428054384,0.5028380055904982,0.5190291647271105,-3.219223510518228,-2.297431110998194,0.656005854176216,5.451547008119121,-2.2261412791091137,-0.5051075470134552,0.804015662735865,1
1.8426998808669213,0.833171492539075,1.112676812281706,-2.340284455058154,-8.284489482639557,-2.1578621639052002,-2.066498168780887,-0.6508835812976511,5.9738404498064845,3.0148937253084274,-0.6782570658648394,2.7567344398842164,-2.553389104727345,2.8050819918133456,-1.0208797533529599,1.3128772943002895,1.744454600511711,-1.056955166969322,-1.7258271786014856,-0.6476387987427918,2
-1.621124384965848,-0.9007286508186017,2.722825801724624,0.4334842799789711,-4.63012192862987,-0.4733511656111604,7.758793233556677,-0.9845009047875308,2.8996417947796767,-3.9384229148832532,6.464132359783094,2.9848739779235762,2.781501738538126,-0.5581817294017216,-2.4790055240448554,-0.7200644941977014,6.209449391975743,0.9060041545055426,0.533877571030237,-1.7545464803403703,0
5.1756208095351255,-0.7825433555297326,2.4081633644933076,-0.00885440878909263,-10.494927009917417,-1.4728022985246871,-12.084248173132137,0.17737623646257838,4.9586464112510615,1.7137018795709222,-2.476637793886027,-3.7946111919883942,-7.218918069341381,3.8179059663668338,1.702855794640555,1.982834634914577,-3.1971455857853006,0.02453214559621642,-1.9331598359856415,0.881041819101472,2
-0.8467748669102463,-1.2889879843388368,4.342038141819835,-1.2637451820635495,-8.187010959172426,-3.0565459355557514,-0.4675780270440812,0.23221222912634,3.717532434624166,-1.0495645862827423,1.0423327641029594,0.0790406040010021,1.5285397494593953,-0.2554902207105283,0.17212301057550583,0.34778943674423696,5.830945068103161,-1.248030347735052,-1.645951952000908,-0.913868192187912,0
-2.178233942848713,-3.358897429731224,2.1436597805780324,0.5301843272519986,2.6661276472843096,-1.7831472275162878,1.0303506918353482,4.009306497423422,2.1930361938643324,-3.001657613007212,4.391640336365257,0.4335290220409488,4.041606221160475,-5.246543853686683,-3.31729816072969,0.15111887932093068,10.96647177350395,0.0830612574105881,1.8433972684033897,0.5724107364318094,0
-0.011000703761839592,0.6765609191411568,-0.1011675960045344,0.029018734725870104,-2.018277843398306,-1.65219437904977,2.4571657945684184,1.1315018673477735,1.6837636544531667,-0.26693368636402415,0.005313362781800102,1.5128285314255854,-0.7127942585243092,1.7897994022388963,-2.7881516194544362,-0.48883951759226496,2.5773751161812575,0.5024409019031453,-0.5065568644738316,-0.3860490822851164,0
1.2349309064370337,-2.230836756601455,3.2953927060277746,-0.6349324900294716,8.543722439916495,2.282812839180682,-3.6497975176865167,3.555613797022035,-3.317957323584296,0.7283490087289259,-2.2049634501993407,-1.3767718233439317,2.804827770535734,-2.764733550088249,0.2873309969732567,-0.07173955755951213,-0.6568491884101428,0.4604665044811779,-1.3020706563197249,-1.531903132621566,1
1.2640764941460916,-1.1199667685937316,-2.2825268695769347,-0.630635812690269,-0.09154298712550091,0.016140466278170118,-6.585288153769584,-0.75560999454723,1.1469267603246067,2.8006613662751376,-1.3006444143264426,-1.0929444884288273,-2.0881301200134694,-0.8542317091103535,2.1322688655724598,0.23032580317836493,-2.7949218436200933,-0.4098500416987456,1.2125733341324243,1.6836213390761687,2
1.9914728254982386,-0.2091577362105148,1.8997964276094892,-1.1938424765812896,11.931259708905046,2.5964915432870814,2.756637197185671,3.852247142109308,-2.091936738739739,-0.9110585552043808,-2.0378714905530666,1.0066847352903796,3.260749625570841,-4.1445297710408635,-0.1101744310999937,0.45494819575437484,5.450349705742222,1.8765501566398222,2.961562108421671,1.3809298264548593,1
-0.2710644526349901,-1.5367267005130774,2.577189408258184,-0.7634449289057037,-9.185642775587272,-1.4275534970915997,2.9040350892382194,-2.365486477779946,1.525353263075958,1.9051716546995832,-0.8153692738346451,-0.7996600125005499,-0.2004247698932624,1.8335812459300342,-0.6397723941218664,1.0766941254001958,1.7574245833233944,0.07280902022329813,2.562974581723135,0.0784094808867872,3
0.48210782421568965,-1.2176424530412426,-5.070800988199398,0.03991631120195616,-0.30344903828315495,1.5843100830237513,-12.998852473730505,-0.9136908611024526,4.75214502954444,3.673422372800993,4.157969261776025,0.9107261001450614,-3.540046286201506,-1.17736980806955,0.6123584413717938,-0.04117585978041399,-6.299877783377027,-0.3336231395541479,-2.2162672172391087,1.2287165695314994,2
0.09940831973233277,1.5444211171412068,1.9290550331372853,0.31519558475520143,3.377888596000908,0.11238214122300327,4.280372899370144,2.2384737171738798,0.11684132429606175,-2.119299249163145,1.7615397823144787,-0.9482590677882212,2.0533956922703216,-2.234567015846651,-3.8495554481781804,-0.22643297701376267,8.290635351837382,-0.331882223724567,1.1332727825316216,0.5801027466016854,1
-2.4700539827691377,0.9466192314249808,2.965717641458003,-0.16918842889948105,-0.601525371939949,0.9058757309090215,2.661107089202913,1.4386246061671086,-0.7985236247558406,2.031063714747836,-5.89981201883342,-2.07457750726335,4.3900216908461545,-0.8243803954905949,0.17355575335669027,0.12412973034652178,5.687955347601458,1.921497821301494,2.5487823692439306,-0.45958754593626006,1
2.9194575824934472,0.304554993582449,-0.09554023897279063,1.648638342504509,-3.6681534498264745,-4.8596546291093805,5.504310113215871,-3.4551151439846763,-1.07472618021998,-0.1660305389770118,0.27932849965560286,0.2556153841875266,-1.351956511668887,1.5954229701497982,-0.3408796108799772,-0.2330211994737598,0.5367882255363975,0.48150319477262954,-0.39809134834555704,0.8798075208244245,2
0.19014545081908252,-0.8362111937999503,-0.1257562889953252,-1.4827900628438395,5.078211490658226,1.0932452928172367,5.202282327525291,0.5792573731759487,-1.2240875426950009,-0.1209614406697499,-0.7259533644240068,-0.675556191056697,3.6038847828236875,-2.8046170985250156,-1.4768596291022396,0.5074337297775209,5.651744401202508,0.590320251675352,5.069915947336087,0.7609148171608625,1
3.0331040595510745,-1.578229550614585,1.3515586611919894,-0.12349510388267297,8.687322995915565,2.746312731008539,-9.083548880529609,2.6102291606329686,-2.150163351541062,5.302672994647585,-7.420412042455265,-2.106558012210414,2.548361678498598,-2.2680130012935917,2.960979447685237,1.2030605094455828,-3.4303813353506296,0.404813353695017,-1.0744808998527184,-0.15349713684475594,1
-3.5398005531517405,-1.02232049604089,-0.9937301569725872,0.7741413163443898,1.4884731474717754,-0.787978402712397,0.7883689092465717,1.8139722500465933,0.8497306563869262,-0.751667854816095,4.6170547895088,1.9388549326185847,-1.4480769890927,-3.39631098840902,-2.1021476191415367,-0.46090098446826944,4.436145114014382,-0.3667557656500116,2.6905640935496993,0.4904334172478775,0
-1.4741992460893445,-0.3245774865349773,-2.0726841223921406,0.27245330129251044,2.165137039636467,2.3241644846565226,3.6502172373956885,-0.9683556416777346,2.434473274258578,1.4868672021345777,2.4422656338914006,6.684474075125516,1.5774026403093022,-0.5766700572235444,0.14635018543560774,-0.5064380440082715,-0.8359533556267004,3.222928442485552,1.2808706545289499,1.419578908421003,2
0.9660005821084537,0.3814442634565989,2.6304298086014213,-0.7915442131196841,3.7351222444106034,-0.7150876695825921,-4.886504617823364,1.491070796337634,0.16141659364042282,4.2030191410694835,-3.483794262533144,-0.9660530123168292,0.48713918044066773,-4.959726473721309,2.2904854302060915,0.2590952031485265,5.162884078483661,1.5736901716218077,1.2671878677039126,-0.5731786762622282,1
-0.6698569033357971,-2.1941584014010553,-1.6795803280524937,-0.17524948640989166,-0.10606268048163298,-3.7528456203830665,-0.12995843639199245,1.596606307233574,1.6638242775592649,-2.598086726879293,1.7114313322837063,1.1925598715837855,-0.12702297543468455,-1.522221485223254,-0.10696719360676088,0.7303178001295367,4.06003320051093,-0.8823002245850418,0.9583675605003958,0.6485770987676422,0
2.154473196159093,3.323519576948868,0.42034009056491417,-0.6904741421912183,7.440418176415662,3.2827106453979713,4.8540783784947745,1.6341194647200539,-0.636197881171796,0.8827183427436279,-3.8033009225778636,0.0541875707029742,1.7783301445898574,-1.418890091007287,-1.081543695887932,0.8618876757412228,5.575424003013545,1.331481826457523,4.166295878910656,1.548665843194722,1
-2.602022622042148,-1.4732398763303172,-1.635327662497497,0.015003532142187833,4.494979692822195,2.2806565560406917,6.471006620669484,1.4195231768322991,-2.2905482891912006,-2.984982444015282,4.234121767981049,1.6698973151397238,-1.5300279732912156,-1.3757796474044077,-2.6431495589432723,-0.6302097861368223,1.1173989824698567,-0.10701049307857649,5.860121488863246,0.03492840360496897,0
-3.984992417974572,-2.0842091745830627,2.899102021116502,0.4867017445429827,-13.067108273046388,-0.8254259294316021,-0.41704066650390154,-2.0500456557829976,2.7435142783385746,3.5270060981725746,2.4442566248123794,0.49762123548745896,-2.2823903466184534,2.15059098916134,-2.068542535298375,0.26008314697446866,-0.8191235783721494,-0.5449342869040771,0.6685663949372949,-1.296269356317524,3
4.359841543935753,0.6990393737707277,1.300249089281437,-1.4922217293812792,-8.302877880278896,-4.597535899230155,-2.9369877829321647,-1.875853499219022,2.5109986756926648,1.223723772049397,-2.5719275198121814,-1.8987366233930865,-3.618973271661391,3.0965076458402834,0.859763627513612,1.712521584688931,0.18263488505804507,-0.9910270131750296,-2.1170649358289424,-0.5227921702426667,2
-3.6702395620884882,-1.0184596474022838,0.8263359153857939,-0.7296839491813547,-0.06681751447021149,-1.21190659717618,4.3501367802852755,2.2417181591139967,1.9447324723538533,-1.910751348878005,4.245342645847998,2.805889492446462,1.5733479952881255,-2.594297879274868,-3.224318554882692,-0.15937412838493742,7.669994667692115,-0.05293988521373895,1.8524486891588186,1.0708245171159447,0
-0.8182062639119416,-1.4801710064919498,0.47621474835011046,-0.5350477544986817,-3.9224822752828965,0.24551527842359788,2.4924639406758287,-2.5823343071173697,-0.8469313564546561,-0.6088976192000684,3.7705079986140655,-0.9007325561945541,-2.2610938064228927,-0.3999838539730878,-0.1973807839002908,-0.06121432783685457,-0.9081065655302266,0.1699642820361175,3.3628661911588216,-0.5167859306360175,3
1.4575728212206982,-4.436522426409746,-1.5480649795570898,0.8412949841156538,-3.527641546850177,-1.0895657896299737,-6.536089478347384,-3.6066235701497074,1.5029687153418878,-1.5946102531290092,9.18898256758671,1.1193556472795911,-4.882997416442654,-1.7797468967342711,2.690877079523502,1.1208725827926223,-6.949020882586968,-1.7359025369535035,-1.0633232302800373,0.4337892716377479,2
-0.4562902396829407,3.0573062198601795,2.0791517571477303,0.4982800699350757,-0.631902391837374,0.0009034038145292467,5.060377115627876,0.5521165166283908,0.8551753966541327,0.4812294098885951,-1.4037489285328058,-1.2679391942209322,2.2553692768168254,-0.8496061413674878,-2.7950622059252357,-1.0327988124951546,8.304432336450612,-1.191006072377687,1.8737759127455282,0.39396628787505783,1
2.6998570339055457,-1.339864900783335,3.923730038667762,-0.024113843171418108,8.08670540112698,2.702174267431922,-7.109652970729374,2.3409454983190003,-2.9583863113666005,5.33142744676252,-6.428894811807558,-0.6188338285799443,1.0978389364946124,-3.07531931205473,3.8637283252929957,-0.6664137106614183,-2.8665116702349422,0.5484544952248727,-0.6657080097798795,-1.0146457866943706,0
2.833964973192595,-0.002023995503411813,0.7620196484330264,0.3929716130968187,-2.9847098239722043,-1.9758679143246671,1.32709010262146,2.063715034108038,0.8230403481979043,-0.9553490266916627,-7.482478604300365,0.06129957937249397,-0.4404998417012038,5.2127168896951845,0.8662126778479087,0.05222747986488646,-0.24980649179263936,0.02158148298189201,-0.3907170883283724,0.8976852872972408,2
2.3491991178704033,-4.654455672523783,-3.6089543090316187,0.778212482371743,-1.3032857074295099,-1.272791713029987,-11.555928910040103,-0.5144273987109101,3.3383955641850545,-1.1677126973160048,4.021856697414017,1.8969732191922515,-3.784628630858381,0.15126626263692344,3.9144173638307542,0.6668832580373693,-8.523220949712883,-0.24499793234762351,-3.304628345581134,-2.7803823334109943,2
-2.0598186776939613,-3.81669041554582,1.3783722663977251,0.9458520366171795,3.942135717033373,-3.977734570144739,-6.086649430663164,6.72749012894255,0.35363321873046893,1.6752558003222169,-2.590781522556872,-0.22517707610540572,-1.8129158767996287,-5.072511559114516,-0.6851235621993514,0.3933593044592069,7.828319453606197,0.12307636799957726,3.3100122733824238,1.4795169297141542,0
1.3584820775763555,0.9129187489897514,0.08015082748730107,1.3034463001058052,3.749226576813833,1.9382696501349739,-5.984748647371983,2.0039020794630305,-1.205702391345431,2.4365448301773327,-4.358188004345956,-6.1559151907924665,2.1138265182415177,-0.753680973758396,-1.7467908821353335,0.25003096551164994,0.9036080528858031,-0.4023123411840358,-0.436859612964823,1.6476439522251198,1
1.662106585755255,2.448963210888774,2.0672045718358483,0.8192035182206335,4.682782505906954,4.534702739427832,0.9550189770179136,2.3669239784040688,-1.6396950881343049,1.2551139307704198,-4.93893096600669,-2.8511518877503854,2.4261004331672216,1.4043885314595093,-2.358556618200777,1.365281122986243,0.8843738362317511,0.028659457384663255,0.42626668107702026,0.05776889935774762,1
0.7164249862534785,1.7693605605690923,3.1360315789199547,-1.1880808098305458,-2.616702186532093,3.3962995032753174,-5.268707563472527,0.31215398321602117,-0.08583178600935937,3.8814118738155505,-4.091258809299373,-5.842506758050217,1.7080926357819988,1.6493690555780285,-1.9669224152289577,0.5038716203529954,-1.0040948015529227,0.3589227399291197,-1.9929943723864785,-0.798965004922108,1
-0.9202721157231184,1.1069759798485639,-0.3065610045737315,-0.7501222004544058,0.7703650635637292,-0.47203755655200863,2.9724666540484437,1.6351330762443725,1.3620118474292247,0.7524232946508231,-0.44853276276778914,1.0934337571155752,2.3561601019436087,0.581803778077191,-4.054850049714217,-1.113105737694444,4.252401068069713,1.1754260623468091,-0.6722674797394466,-0.711927057114194,0
3.6823250429547603,-0.25244232406805645,1.5654932639483419,0.07341419921499605,-8.066322443443418,-2.824467425206162,-6.147309949825311,0.3896327098565524,4.811663747730933,2.015825946721489,-4.058741380379888,0.022783019955296968,-3.536625893011044,3.5322827667556402,1.5545960727760684,-0.16367705785055855,-0.3629412087849653,0.19491805355516365,-2.0194289965271834,1.4455973886144045,2
2.223056950952938,-3.080498256353339,-0.08182101828647514,-0.17951759745279164,-1.8097169747002944,0.5848234425245653,-2.724419223372095,-0.9521347165785385,-0.654520812245964,-2.665390816787269,2.5475178847927578,1.2853704845190301,-3.153012699342929,3.0622442902493354,2.1477178586056556,-0.8675656669254496,-9.197753918027772,1.2622242120021325,-2.5426956299887085,0.35007921721565816,2
-0.03491701810270276,1.1938424876721108,3.991256150797715,0.002531936350243625,-8.964989628223227,2.450488881829487,7.990029197690815,-3.416600088500459,2.1098744148979898,0.3640707814049817,3.7736601033984485,4.294420578020457,-1.2724926603101117,4.854647464780546,-2.4267249900967847,-0.7472891242797818,-2.6209326849907026,0.9872396569704832,-1.12056080160463,-0.3978149274536403,0
-0.3020785996863493,-3.5862306200211664,1.7028361359783708,-0.17897602203862556,-3.3063424222699296,0.4992501976447363,-1.409704876117161,-0.629492016658042,1.761664831794465,-2.1627346829178347,6.947302710823534,-0.33507993589485596,-0.0804602038087896,-1.3447364832368556,-1.7246066350645495,-0.8435245009728114,0.3141399315696415,-1.0095982425915804,0.08108015638271171,0.41221379514787054,0
1.295107306763954,-0.39770124382140026,2.0111735467617082,-0.9751404666484338,1.7973362196528626,-1.4372405148210308,11.065647787848063,2.3198429690368596,0.20074994739576324,-1.2066462280951786,-7.1744088962765336,4.36746661150913,3.871304858136791,1.8002263506958536,0.6983629368115354,0.4099582396142124,6.849454001979939,0.22582017261543996,4.329352603922424,0.8079782086115529,0
-0.5056876686530252,-1.7656259888422714,-0.10175515565626991,0.13748153534490656,-7.563825210346056,-2.4541512673307797,-0.303740272682243,-3.6409500452696264,1.514933003019451,1.8301702855301814,1.9263758690140942,2.857493571022763,-0.13251800466605412,2.769591654229745,0.9127761839421017,0.35052766472329633,-5.5245112367712785,-0.969630740060414,-4.013525953239333,0.23368245291461717,2
0.9671402932088276,0.4869648394555415,-1.83453874584221,0.4040158901164076,-1.7379756238599127,-4.681098451133075,2.319926295274914,-1.6311190749024698,-0.2856106605173534,4.170709592230286,-3.5838440408327856,0.23053102108205903,0.032115179911219593,0.6955940868373406,-1.309080977975384,0.3299955574461472,1.958529979679602,-1.414066607465185,0.468302110033743,-0.5372906956517869,2
-0.03172786523623716,1.5681120807111049,0.6402105535314904,-1.0641141541436525,8.380804799529571,2.27462274171628,-1.1903045980927858,2.519569117406072,-3.65923065005464,0.6204571002969925,-2.6196843282080438,-2.655062736336964,1.629977854004492,-2.4476926969407775,-0.4998989436673269,1.1303108103369877,1.0972493668729695,-0.7400412827249734,0.155509507136542,-0.19242016227980982,1
1.7149288527481104,-2.0934509179128615,-4.459713632051152,-1.5580090741122514,3.6813987329035878,-0.7245632059254071,-5.707854561721285,-0.7570290652339376,0.19772750113741777,1.5415698209792708,0.35062747524942905,2.326678270381632,-1.0919260675838611,0.0815062649905931,2.2099385636810376,-0.9185101154764166,-7.201047540730391,0.8186689181296432,-2.390618457518703,-1.535033917288267,2
2.4496969622344205,2.706960421025885,-0.07263564717765236,0.04223143725722808,-0.227861321172993,2.4251747633879077,2.501969499198713,-1.286229665940481,0.16352046279032328,3.7631687532550124,-5.723129355172039,-2.571122296707162,1.7741975988961092,2.0445267643522325,-1.4455112890598012,2.0932533254281216,1.4197284689125977,-1.2394905976275907,2.740981818296618,0.49507517883086816,1
1.6008971282636835,-1.5266842787381536,-0.5458322530435732,-1.7842167327831222,-4.216743033824465,-1.9786297038699963,-0.8048449733657743,-3.9308055307508614,-0.7838755859075435,0.11699232507162094,4.515117747036407,-0.022749926007937793,-3.1521323346318955,1.0792243197636389,0.28584582964802463,1.1039057559685388,-5.687990639670816,-0.6784097442499991,-2.0229655267334605,1.7671307805802037,2
-0.30079747970062587,-0.09042360571214214,-0.2795835186105131,-0.05357919029682615,-4.808560813417559,0.39636573980844436,5.127310530950151,-2.783791353566403,1.0060041402623097,-2.8228448367196703,5.5962182961451745,1.5970729934364378,-0.5167049758817022,2.450000048174577,-1.9799309871681159,0.687335817914791,-1.9221759701142511,0.47913716123097744,-0.7852729195131078,-0.9159445150945713,0
-0.013208926717599656,-1.986539391186647,3.1875254210283237,-0.5562823566645203,-14.04444322948751,-4.224489769789139,1.1450989042367956,-1.3847343845222193,0.6925850299562927,3.6416866355586692,-5.458720952614675,-3.5599678346058963,-3.413216672383888,4.667477771561943,-1.3192721653473998,-0.1465496170409263,1.1215189767583966,-0.4040159541795773,3.324581881347201,-0.026592523339277283,3
-1.5759061480415526,-1.5175288270453897,3.109054685065109,0.46174932068477437,-15.453769582137072,-3.4206544583637783,-3.824316918685328,-2.1043104668699777,3.891409240301909,3.3683225308249454,-1.4123187350408046,-2.375787293440969,-2.779064329225159,2.2789328061163134,0.4687422920814275,-0.37274009134181546,1.461650915725482,-1.1031633974314505,0.6707567625863057,0.024758600137188454,3
-2.549194291702295,-4.2740495822711395,1.2875073766266327,-1.8044799846453667,-10.352343891776457,-0.7009629982614267,-0.9842232162013036,-0.7681124847948368,1.770933215399337,2.045013863046247,2.259765684525504,-1.839843228122243,-1.9365167228699753,2.2384764940113575,-3.7298598772337574,-0.4515892335278247,-0.8750437699050548,-0.44292866977959827,2.697325011549826,-2.6293999934649226,3
3.3215156334356886,2.431287061007836,2.1411195992026366,1.5734751176052983,5.865805692740905,3.017337737648675,2.4721151801747983,2.132713293682204,-0.4045408406315243,-0.987889324436841,-0.2013372702818734,-1.0101783248522433,0.7651394075010197,-0.38466534438395295,-3.201329865091096,-0.3724328469828041,3.7359057433494613,1.0608906193969025,0.35235483014935975,0.5606104268772689,1
-2.8462337753303872,-2.2221902307513157,2.2643430320017313,0.14157213543256827,-5.279049473284343,0.9906437477083103,-2.132879539477491,0.05736015302198871,0.12886563727224498,0.8446001766378608,3.838451165466529,-1.1216184245493739,-3.7142365809705766,-0.6181282480790857,-1.4645858197923627,-1.8648554716906052,-0.8876987317138538,-0.26757716816757826,2.3274912860612513,0.5120302565783048,3
-1.0014060690132103,-1.8909447163870994,0.5778734756676244,-2.18044112000055,-0.5325874805753539,-1.1223117204934852,-0.958027262215568,1.2079263022545335,0.5269699344273704,0.7650365579663232,3.4351230606812453,1.2599548320865994,-1.9315740813155395,-0.9058644437900145,-2.883700353260697,-2.0790067910629206,0.7075955995882797,0.9004555810108299,-0.1483124867198493,2.047308950921435,0
2.737994375456439,1.1419598310477106,-0.2672710306879307,1.0966614692738819,-2.2092182283176682,-1.5082640994186778,0.1648056607058517,-3.6137576136499354,-0.7065209572950386,0.3735729652002391,3.4066636397280803,-0.06615575386392947,-3.3264457693211913,0.8822538215987552,-0.023858038796706005,-0.28131647072755783,-3.72518739294782,-0.5379475359537219,-2.403106430424792,1.7523897400144177,2
0.942852726768001,1.9864022064362359,1.9355053862834501,-0.5042804731800629,9.843190565961814,1.6032445482034081,3.9749266128113394,2.2358257310715888,-3.644946940943304,1.2562907076032153,-2.9371322930908588,0.6382930992027713,0.6644890403487781,-3.762756629154819,0.22140125661147447,-2.084020635179333,4.537326392299332,1.318542136991665,3.26003068935584,-0.09870999261447601,1
-1.2796050009147346,-3.491429369096648,1.7343862772878562,0.524730894165268,1.609513629198386,-1.4419006002266277,-4.846352089533406,3.6904131734844126,-0.8037851798384872,1.494740692337111,-0.5544727146396465,-0.8182162315778521,-1.8292377065658436,-2.5293115691603063,-0.8325416242332174,0.36223341348186877,1.719884525909122,-0.279016461554081,1.4835752492148737,-0.3279796247488339,0
-1.6252087170841771,0.47478299731303686,0.37086706649269807,-0.4215314136807319,0.24747398185862904,-0.7740275149832784,7.399480630680706,-0.19897375410335583,-0.10441549709096098,-2.8790333510231023,3.27586492770016,1.9988539170969,1.1997931669785247,-1.071616861789989,-1.6276752109254238,2.3182056903723653,4.826615645312759,0.23081450241049373,1.8888821139463703,1.398591599679747,0
-3.9532282844266518,-2.880016157277709,1.3214116657379642,1.7316504340428809,-8.715617917010492,-2.791301325678508,-1.1481791705812368,2.2413538337318117,1.559276847780528,1.1387490031302114,-3.6970991872185386,-0.7544291394236633,-1.3035647930189884,2.243161099669569,-0.5050414905792328,2.3396963485809272,2.0648549675364474,-0.10434319627602699,2.519204698982528,2.3559681409386264,3
-3.43923955085342,2.5065501680462594,0.7664446598516966,-0.8228646908892977,-5.400616473554108,2.7284863423077526,11.446943817559253,-4.38236401041056,0.718689283524864,-2.3508323922622822,7.875359821806758,5.149327002285574,-2.160652922108061,0.9874719930847227,-0.921262245340177,1.7871134217543003,-0.08283997152290631,-1.5358264840195235,2.8481515131552184,0.2756970956476243,0
-1.0643680709878638,-1.0696911978051755,0.30316631748531186,1.1217904907193683,-0.63038661518205,-2.100717822353257,0.22511574386035413,2.1429167346276117,1.9660731256556399,-0.4711422447098166,2.9439574381167484,0.9957504231079775,1.3679755121992163,-0.21251002177294143,-4.751314686831666,0.21901613815395193,3.9355948315688787,-0.403834091710351,-2.3654140021372445,-0.307197237673143,0
-0.686671537014589,-3.8441649648092877,-0.7185837947064044,0.5073443406413246,2.6274459039383373,0.4438123227652173,-1.6186068013252637,1.950331787920021,-0.7412263584904846,-1.3800763479598919,3.9264501677517627,-0.3005741461818605,-1.6108199603609878,-1.809018971040876,-2.1828885538118197,0.42601395484430205,-0.35454237007786016,-0.6565183267136122,2.517539810754183,1.040575535318237,0
4.040421548782614,-0.09440812594572923,0.15456240227651552,0.20734994387992625,4.345470144697578,-2.8500834261899985,9.802648650044244,0.7304500171939319,-5.039568129696656,2.0002066774547496,-8.563134016506613,-0.3382574666063276,2.6095832653971054,4.138298167039548,-3.4149385386431192,0.16631307859358888,0.4517227213957765,-0.7370685692652535,1.2026197092003075,-0.41729874379935644,3
-1.059448907181567,0.4173804478313665,-2.9795545661432765,1.2113564314706875,0.9192731804346225,-0.5233547386078483,3.7415869012539127,-6.1487298246828495,-1.6419583884714082,3.450249278743888,8.159915490210926,2.0584090753592634,-1.0928404266393668,-3.4102122401015467,-1.83909822148104,1.8168556579078619,-2.3496423833173137,1.6093676409173772,0.8012400091500544,0.08539778307506013,2
3.1102335863897936,0.06469032675822839,1.0091283664774606,2.098598781639399,8.925006424862234,1.4006860089100368,-0.59083150682403,1.8974989296241376,-2.5096716639378034,0.9923692340307739,-1.007198132637293,-1.2775718495729065,0.6719225215782119,-2.9423417286670777,-1.174060614811472,-2.892381134781812,1.8741105264505828,0.18030672036008039,1.0367498281408616,-0.40674045388543,1
-1.9908375625757586,1.852462829868022,1.8231149245859677,1.4344590265183463,-0.34133271324628955,-0.8741997699539736,10.764360041639524,3.147686410745814,1.6245459855436624,-1.3839602331485634,-2.6085625772746135,3.0009519029277403,4.9398142546406705,2.1762273428777594,-5.295911692963534,0.3323854280480934,9.28389283304891,-1.2497946413408787,0.7052790552722028,0.07317871450481767,0
-1.3459418812978752,-0.06112937500667148,2.280020582691862,1.7505782220807693,-15.223159884890526,-2.636067735870877,-4.91166973084423,-4.161757227687743,2.0728724635810893,4.619604474093608,-2.3326334318331017,-4.938157279891557,-3.4907076318075956,1.783900915533669,1.941983633037025,1.7278265400897157,-0.5913759243100372,-0.647426057446153,1.3669454042863018,0.11177207193167513,3
-1.908829816946632,0.5429313978304009,-1.891298905869323,-1.128862977711883,-0.7925946468764344,-4.8861356754361704,0.06502868228544424,1.8238340290006145,1.6546416269101993,-1.9043137789451894,-2.7059367699502386,-0.9238154598357462,2.8717635613981614,-1.408378918737416,0.6651528404610376,-0.07139256955863768,7.4195895687276225,-0.6879024189448028,-0.17370163192186316,0.4520184248228875,0
0.31484225104613994,2.867116219054214,-0.3842659397655901,-0.14218155883798117,5.753294408887962,0.2819566830380751,10.684958604138343,-0.015734386139911738,-3.5850187246703245,-1.2539072843510057,0.8809139830206675,-1.25900534734552,0.18699157411381973,-1.9484896023966014,-4.255357840559301,-0.050667598190934506,7.073647884664426,0.3639799866361354,5.580907260256241,-1.1443825870173463,1
0.26284546131308906,4.6244342145700195,-0.18317745451519696,-0.6849991243323016,3.6583078350616733,0.5712191436041123,8.588674194517015,0.9029709774641528,-1.2561290228028648,-0.7154841314006317,-1.6867434733191584,-0.4467266800618288,0.8283049288694384,0.180723466200559,-3.765912627765363,-0.313352755818858,6.803173926805078,1.9673219614951887,2.757212799099011,-0.4368415986398874,1
-0.24524170826386005,0.1864082320692353,0.9316171348829869,-0.020444098687737673,0.48850189853936693,-1.8677320479631525,2.715810471809044,2.659133057768001,2.282205176976026,0.32527621344514457,-2.461216095072225,1.8543313028838524,2.5533613194101243,-0.320305048257455,-1.9917618608239476,-1.181767219126379,7.03591496345178,-0.22269460841187166,0.5799272486048948,0.22129044685084953,0
2.0786895729854837,-0.4145157791071369,3.1308703683935546,1.2201202527056243,-5.7320742266989395,-1.9333095177446937,-1.1762042861194215,-1.454546885690351,-1.786418304306248,4.25464373456609,-2.3782817607344504,-2.279938935452218,-4.746673751474905,2.383256451037811,-1.1553661421832564,-1.2454599843508227,-2.89185693049707,-0.04540566616907678,0.07163645774255989,0.7596079676254245,3
-0.5044579606465884,-1.336828298971302,-0.2907028042206863,0.09068826604081519,2.0040993447489086,-3.9100095213325807,2.0561323979224193,4.491864857182516,1.4601653960168288,0.06165375471528245,-4.040267558498561,2.6341666018971432,0.5884382417502618,-0.4731934396203158,-1.4553798985480992,0.7886845446289292,7.020250629926145,-1.9795770714391225,2.083079620616382,0.7921911853127348,0
1.0861202765515208,-1.0080324815668318,2.3152809223864352,0.2412212283106452,3.6289940904442877,1.2524526318666187,-4.705122970109674,2.673253809008298,0.8117194002607926,0.8822439343425627,-1.6716356635386702,-2.4633869298771685,3.9109427099683387,-2.4651317021389625,-0.7963353232502861,-0.5983128480539308,3.615157505436609,-0.11722416388915366,-1.272988028616623,-0.09294160685318412,1
-0.9616037833976754,2.1621259715944112,2.1320717885933673,1.5811379913823318,5.43370985825046,-0.37646225323338434,3.744498562192212,1.683730416187411,-3.9951695781376273,2.988530243611918,-4.8076305513942765,0.48012422605556737,-0.48722381458392894,-2.330655417965297,0.5557710974965744,-0.7555777464993008,3.496683600304871,-0.2676239386357333,2.632489157002513,0.3289722498103789,1
3.311551862671029,1.236429559957009,-0.8634000457837661,-0.055372336973118046,0.6470175453857278,2.111184892366222,4.48053099103492,-1.294275195476442,-1.3863598396684798,-1.5368145472095676,-0.9295358866282741,-0.8731521751933585,-0.9404368735416972,3.788519459832958,-1.393090097939686,1.6167849683207607,-3.347275573783917,-0.9867637548333795,0.9944245719825033,-1.227879253439826,3
-0.0457600521879411,-3.2936031892527584,-4.456620359617037,-0.4163618855183893,5.895870019638678,0.12998529466096764,3.0211822603834606,-5.50304134224494,-3.8286350386445753,-2.5218179149445654,7.493269496450222,4.171544125242717,1.3405717095737613,-2.944445284461304,4.610045254191814,-2.1679074224817763,-8.973195400367466,-0.225294989188389,-0.6795224496215689,0.37826394011265635,2
0.660079917216235,-3.695426894640633,2.542660466143575,0.22558981892046392,-14.529570579232068,-2.9641529358477356,-2.8305945772858534,-3.1147951007443027,1.2853080914738513,3.243297163144387,-0.1352666552211011,-1.9923250471804141,-7.778758833125675,3.324779850642221,0.8708088307933832,-0.9804089453455522,-3.9111015372193214,1.6755225205604303,3.7231090413937533,-0.1400955428465418,3
3.0481615110136397,-2.8700007147889943,-6.5041804202776135,1.42538381510038,2.1821826244359936,-3.272381026090893,-16.863473303578562,-0.11412632298187586,4.013812698081935,5.081686597937296,-1.1338887051468545,0.2695946917641663,-3.234076567160891,-2.4231531386815894,3.9364998867280416,0.27761132271270067,-5.56353531174394,0.6125598367358283,-2.7170108544867615,0.0383867787158305,2
4.654869828143699,2.8062937921374926,4.945262453523024,2.5434977623834514,8.888011381892829,4.088542214317034,0.6112551396547754,3.3777753772253085,-1.7731797270550116,1.3853480473449484,-0.6549307658404568,3.333928477063702,-2.220894593084382,0.5725668471313077,-2.2538646251481462,-0.3155559898876106,-1.851672795836712,2.1215500915429932,-3.768988957996022,0.2222865859959111,1
-3.1977756809010707,-0.940830936017975,-5.292805914179233,0.8469647581151631,10.431839741014036,2.9388030334126163,-3.539432296435267,3.4212267204839883,-3.7025573269814687,0.13129154000530718,5.627566473888434,-1.817973305625264,-5.8350926962873935,-4.540271864212296,-4.4731789318348385,-0.28160075549523694,-1.3384906346554384,3.0016686377903152,5.6713144721188815,0.43982605284876913,0
-3.7311016866761757,-1.3268393829249323,0.9359940450082563,-0.07892531055932915,-17.664122813735478,-2.7766597927116186,-8.215742615612207,-3.448232782478704,4.584354619072201,2.827055388025131,3.931949190674125,-3.7646749982357686,-4.714318470977856,1.7571379411173496,-0.499995862464815,0.9991791678137378,-1.7746156610368393,1.0337998940417497,-1.299042704569736,0.4710911755946179,3
-0.08174310182711353,-2.9687805947776886,-1.8648010435301323,0.3428127772933927,-8.346172617965186,1.8515552414194199,-0.7642580719051768,-1.7750588841772807,3.137966095839957,1.3160771409684886,-2.288585587374017,0.5872032443236255,-0.410440438144938,5.4161659572488805,0.5575566775004741,-1.3789497275451252,-5.834619318587373,0.3724524520475191,2.426222583478661,0.6952785664185498,2
1.8575366765185213,5.338514384334863,-0.7353565337615988,-0.8739305439763173,5.179618807611454,3.7837851101109066,4.561850765571676,0.8602837243871998,-1.7527501364823168,0.8276093024136313,-4.832475597143803,-3.0392951481391357,1.0013616017614195,1.390561991333731,-2.7274269077876028,-0.16719339802526673,2.949674008938266,0.24315024766661048,2.6983539316357095,-0.2681945467490783,1
0.8630473257474778,-2.5532246966230066,3.8205708051698615,0.4968901533612756,-2.7782359560942425,-0.746812581379886,1.9050306079856834,1.2589884432197243,0.5712980712780876,-0.6576997400786757,-5.141063111812345,-0.7540809424723394,4.232048449385905,1.0106214899256107,1.7163773977677685,-0.24563709780022788,3.329365971867004,1.7814863645185157,1.2023415713236212,2.215520699031174,2
-6.010149155855931,-4.349240414554879,3.797887495308083,-1.8363777873207339,-10.151944339273928,-1.1263768232563163,-2.3128980341031093,1.485281749510194,1.9380987191283827,1.6472310932193688,4.501481558181176,-0.8551731682807873,-3.502421059892847,-1.3248279860426977,-3.218154761943435,0.5628696761989,3.352195353635864,1.6567743695229684,3.665808372053773,-2.17292456795871,3
0.05927907869439508,-1.5477059322729485,2.2900118436936268,-0.778220767814002,-3.92937861508391,-0.3574745312144585,1.1750341779529088,0.0677136256168045,-0.6909714076225257,-0.436918576209433,1.8828983826095747,-1.858723627738796,-2.5175974211352887,0.9560465471854269,-2.528600903997802,1.4207813824373177,0.37276324486813817,-1.038079438798104,1.6802914186241293,-3.2881567312576157,3
1.4483906540625744,-0.44156013712010567,2.9538334793382357,-2.107502766661798,-0.039708150327903105,1.574184528703143,-2.7256314070623953,0.3800731364721144,2.099500280244368,1.5663310700593707,-0.848028849951988,-1.782759445058643,4.9898045581268216,-1.1576292287420913,-1.0120687185504789,-0.4033618493645641,3.108190898165434,-1.8630738949439962,-2.1290756516316494,1.120889027689222,1
1.6434535868505484,-2.680552537276573,-4.486121069751215,0.8841474303846413,3.2444625162657266,0.9269448923341068,-12.023773918298124,-2.9725470130736813,-0.6318940609516708,2.8008126387254078,6.042899739888989,-0.6916439667718866,-4.862505212857117,-2.994455068824165,2.5564293563207547,-0.6275036684469221,-10.609962457297415,0.9297258364975969,-2.0912589179312433,0.3309840062665081,2
-1.776789814641123,1.3423074656149643,0.14190192344562425,0.6637109605412289,-0.20426866687793704,-3.4096116688451907,9.032547078666905,1.7675567613225764,1.8488350124154103,-2.9298811549067763,1.4304800751886209,2.6743721024431277,4.326339824646631,0.13796541855128597,-4.7885651958013895,-1.0560493583989872,9.596806441687265,0.500479766329186,-0.815178845899541,0.451173288486409,0
-3.722281512226607,0.32317518502232256,2.382296184295343,-0.24423163189471098,-0.9920658635852965,-2.2676601317819136,6.155503578688074,2.505188702109293,0.9469060169735033,-1.2031137672975478,-0.5871536722038007,2.228432952918796,2.1880104555042847,-2.0706425640145594,-1.198523488440512,1.3470908931399792,9.587682048490036,-1.473647180781942,2.6263819557362393,0.4256347581359233,0
-0.35194319273265084,-1.1444363557880046,-1.1541644483837254,0.1951617030986796,-0.489822396857641,-1.56389239550515,-5.802175260919051,0.7311084843850284,-0.29375874652188627,0.9806200297334913,1.255610083276207,-2.5205468007655893,-1.455200942656028,-0.34235821270335465,-1.681807375063734,-2.009216539117004,-1.8325394925956333,2.0341889257906116,-2.2651192111950857,-0.6524944330712519,0
2.4399059782804144,2.9994060720928513,1.495715406483818,-0.7788913053107066,3.1120965379778536,-0.08074536503460394,4.772980984251911,-0.3337809381010346,0.2859744701158715,1.1182506527411218,-0.19997132301931142,0.7777211564651609,0.19584157427186,-1.9401997999896832,-1.5751387758661752,-1.6413413355305455,6.317200446825882,-0.44357790804043673,1.8758122734706515,-0.8218374329613399,1
2.7289340309277996,-2.649916380530563,2.988580767343156,-0.09734781227024127,5.828750995279976,3.754796978121767,-6.8663783179042355,3.197377847584649,-1.6888074307971501,1.5900942151470983,-2.757647331046257,-2.7038321230105655,3.8347668570326907,0.5187364578569194,-1.4505112397915871,-0.09933444602414197,-4.555746913250316,-1.2557784348417822,-4.393896967196762,-0.5155637771007422,2
2.243826530783816,-1.2474251419636289,1.4040837939642383,0.5121509030305751,-9.938923944883902,-1.8236157040590064,-6.860998953675748,-4.623280648426604,2.142761470125511,2.7875815588877124,5.996964920358824,-2.4089112111055924,-6.653551654940005,0.2911183460966167,-0.20844338970659315,-0.5108322036706622,-4.416844491385038,-0.24534329730492957,-1.5621426318856189,0.6267534333205994,2
-0.5452177614973619,-1.4140910911538929,-2.2027844574520543,-0.05090700361592938,-4.721659593114455,-3.416021443972834,0.18297277190535235,-2.5285142176609545,2.0561031574707607,2.1363400217460122,3.2578241594543558,2.2720919015251484,-1.1347165466473128,0.5774737787030303,-1.6870493693048543,-0.534005039848261,-0.9837629301194426,-0.36022126890018846,-1.1250071026882091,-0.9982320954941476,2
-0.13824460751040624,0.5119765163781942,2.265597305895121,0.05467115428988712,-8.30611597623571,-3.6215007136414874,-2.419965754919172,-2.391612952229762,0.7814868183854584,2.690687517800167,-0.9741417569386195,-3.9773196400607445,-1.6462006831684157,-0.5766790845802205,0.41615523738619875,-1.2183617558741413,3.1298749180533196,0.11122625847595215,0.2644847766933014,-0.5244311428991439,3
1.774252928609132,-2.7070844910944722,0.6752058488507833,-0.16465952163074715,1.752434630277569,-2.0708555795641352,-7.52625628629891,4.109295966053333,2.1062688575610844,2.3565130636166347,-4.18373337823022,-2.892775186948095,2.674770326769102,-1.220254809632144,-2.0257655445833365,-1.0262240853738636,4.250165860454238,-0.4346573348188805,-1.226076231592296,0.33340443658814095,0
1.0521064844137982,-2.2955691171223873,3.603212800616012,-1.0310882382320847,-2.077260317311337,-1.4479269075401255,1.0825636124492068,0.49688711947147335,0.9412957557734798,-0.8799094824692407,-0.5249228790157798,-0.2648534431687115,2.1600507848405224,-1.199742745700932,0.7591831452171989,1.7689919969733512,4.32165345573736,-0.9668342127320321,0.8986593253395021,-0.4877651653678602,0
-3.523266109599564,-1.085262330897269,-1.8978032715689874,0.04152041363181408,-5.1021756309159745,-0.4661619250324438,-5.396016643903363,-0.11566915233083352,3.5098043118035624,-1.574846666897239,7.484819530271522,-1.3360394223693515,-0.45879694021670003,-0.7604084862893568,-3.1761693691698216,0.6405818559353188,0.26283518031461056,-0.6469951699892853,-2.7584909017724013,-1.6820979415155026,0
3.5401048862409157,-1.768566966268235,0.19442919979898088,1.0654150254746124,-3.860688073096516,-1.201208690162177,-6.518695470108186,1.6640404389412127,4.8707395176416135,0.7255225974063849,-4.770795253649559,3.209820227491317,-1.714829660875864,3.7493539860816845,3.695637937790772,1.1107604792208343,-3.456730700403236,1.9149563075564098,-2.6942942553200906,-0.3753430922309935,2
-1.4616926521942541,0.30830178071336234,2.29055392898778,-1.451555499281129,-3.763363648700174,-3.266451737116288,4.402406923799488,2.024423686003632,0.715150542718119,-1.6051550486726422,-1.0755170225471533,-1.3965796204723304,1.7699599992304598,0.6903685432633099,-3.5537560398432064,-0.1545331263645147,7.7602901379392515,-1.70439866798463,0.29260367314024394,-0.18194061076791637,3
-1.486383810837861,-4.898624933736745,0.3850111520546129,1.1908710299594518,2.595788221143773,-0.6860560103518767,-0.8390999890558212,1.5648886914375666,-0.35248971047694644,-3.883000843751528,6.652941976572458,-0.5759318925277146,-0.02423566128423671,-5.0247388754251805,-0.5431259564220321,-0.7461897608208784,3.7290812679347365,-1.1022307296650038,3.5864989973597776,-0.5870519651225333,0
-0.4890058871854043,-2.8641425769177804,4.900001550023079,0.6766768691688682,-6.261244985773914,-1.9299774612071796,2.91473785857582,0.8357819031670093,1.949018200229778,-1.3659355976228875,1.107458767366965,1.4080530423160518,1.5392962215910377,0.8932356946284639,-1.1773631037873422,-1.9747935819216604,3.8515772125325074,-0.8220217041455778,-0.4725845186839739,0.31384309890203466,0
-2.1386152747677887,-4.004476355920798,4.894987979396997,-2.603232522495672,-9.935558504831985,-1.8435174007034907,1.790470125392531,-0.9213356390446978,3.0425632355574983,1.9821088503259725,3.0086382260942734,2.7605606391416555,-2.499721877693788,-0.9600045026434905,-0.08794852106274287,0.6703666080328651,3.722855515971961,0.050900088789948755,3.962318848958081,0.4679609748999105,3
4.664540510199766,0.20651680128018524,0.004418145083566749,-0.2830282744303684,-4.798085740547701,-5.552201439626078,-2.6183100999894457,-2.77318290531423,1.897039736793377,-1.9904345481756471,7.002309062208164,-2.6288866071925274,-7.616873443533473,-2.346811463794939,-0.7791910337259265,-0.14946869440211333,3.8527103852540514,0.9132162587136149,0.8447226597490278,-1.4119204085742423,2
-4.476917039623011,-2.9963186223619536,-0.24880399293212885,-0.446517038751057,-13.428616858037172,2.53579498270164,-3.8190965983638936,-2.2968929420104387,3.2813414180719125,0.6396839487648498,4.996198726584763,-1.379775378491574,-4.202013891622604,3.411902107902449,-1.3748358018481366,-0.20106747907086636,-5.7668561851183915,0.49025166608774173,2.26341840308075,0.9204572873590808,3
0.7303858573035416,-1.28286407910208,2.709610439874411,-1.286563077610337,-2.2752066720248427,-4.934778232030551,3.1912004815266157,3.6540560540308142,3.6665724142223164,-1.0350637883007585,-1.8655056956066396,2.5546720801009317,2.7270660057402187,0.3631720899412625,-3.0622639136417975,-0.3607029268088617,9.601332381148614,-1.529390756777434,-1.166552762643013,1.6601376405137818,0
-0.991047564503905,2.920518541823991,1.78587713789619,0.5316320865818888,-1.6942853252822958,3.196134772983884,4.791719876405541,1.2423728398637794,0.16547251113497152,-0.3200972277381269,-3.97228886906806,-3.487977455828764,4.914022757151459,3.2161881551880005,-4.207012354109448,-0.02853516117497236,3.9160089147423602,0.5830107592702893,0.1953045414259229,1.106001071302255,1
3.563370870903858,-0.8048168343050235,-0.9400333281353346,0.5899018790919087,-4.534642521819523,-5.0965135077338,-4.0532662316139705,-0.5025691274038103,3.468058374439413,1.3442874473345932,-2.964745868794506,1.2258372632231538,-1.9834555809814196,1.800827405424024,2.0505441391803196,-0.08424888549086973,0.1372774002619768,-0.5634933578624431,-2.234430761066819,0.715191303233154,2
-0.4933333936582647,-1.7101458205538203,1.0455700883095997,-0.2429427766523051,3.3244661153770805,1.0252075142227168,-1.235744703079724,1.6137877809208236,-1.2117734111035747,0.5091083809471832,3.0594249179223287,-0.719418792617974,-1.4411426218696968,-2.7988044132860503,-2.3537669348557944,-0.36901978233940563,1.3588049172502603,-0.26998101390414114,2.0085294978656347,-0.03603877499436187,0
-0.6007082229113114,-0.9780595749694508,2.5495814145872853,0.43041898306956994,-7.690971393895541,-2.2938650634847892,-2.263727663045919,-0.797082520980575,0.6032056284625148,4.465182713946657,-5.7595187019926914,-1.3972040141581488,-0.1693470971035207,2.088828957708857,1.4695161074208722,0.4664413798479505,-0.49854139880834425,-0.02798917578083917,-0.08592462415309954,1.0095330667274753,3
-3.890730959174349,-2.6569987286682073,-0.6179841974149736,-0.2312081628170758,-5.185021581015309,3.447835401240385,-2.208021257258283,0.04064024336077887,1.7089514699159665,0.8749688934604207,3.87784555438067,-0.5642368572621221,0.6024986378467863,2.336628890481313,-4.0165825385841005,-1.326619362139237,-4.2466137158243775,-0.862681385781058,-0.24536941173026183,-0.9653318217729685,3
2.325912942147324,-0.24799217927796757,-2.1617169409312953,-0.438173473412802,-1.231050089831471,-1.3820456279555489,-4.605141993977882,-1.5476625935190738,1.9602713045086693,5.095416296033829,-2.624499193278027,1.5871672697047503,-1.1825806463710007,1.3124238838113234,0.8188024599154965,1.281397318018119,-3.8363640866889384,-0.5012792585178952,-1.8522827443028609,-0.07861939773549045,2
-1.6834832008703913,-0.5978483645635103,1.385746902980531,1.4882811905395124,-4.102818979476183,1.539155827325045,1.179149633364361,-0.7200125954404921,2.0156712121807487,-0.3482144732954955,2.378571508132269,1.092372237100717,0.5818161439859533,0.3998248950419121,-0.45654131273594234,1.462196593905437,0.6048129682133274,0.051221092147888336,0.6803017254447057,0.5087612961282669,0
3.1546697180015677,-2.2369109096277624,-3.1493211356730644,1.102177082179796,2.1122356596679497,-2.3150776777737523,-7.866768743250259,-2.8985848855370433,0.2423583658752173,2.58514266496573,3.056042773364738,1.380953037018878,-3.511967623871995,-2.503350329474862,3.554683239965266,-0.09908262343365247,-6.361244304961963,-0.45780706371817886,-2.109367840163085,-0.9132058870311172,2
-0.6529724075861032,1.043067466193548,1.4346031439668108,-0.15501389076363503,3.478307176514701,-0.6774337423750936,7.365002543443402,0.5288305152566093,-1.352961916274363,-0.07246794927838796,-0.6884182679918296,1.350962782671954,2.3616966618901425,-2.45667256850675,-1.1221140706078776,-0.8483090502304278,6.827723265537858,0.2723350667617914,3.1491670317470812,1.802044908284986,1
3.847065479655082,6.134230326777386,-0.7356822234525473,-0.7993507917571736,10.196085929772465,2.8408598362825526,10.558638541413861,0.7463629226771358,-2.1396279038094543,-0.19843140003053317,-1.3832012724466753,1.7023398742991733,-1.3860705018912398,-0.8007397908432142,-3.3620242097402318,-0.4179495312346567,5.985107137718991,-1.4990680712173838,4.765676443379721,1.0076320662006533,1
-0.39522289660703613,-1.3808235633716741,-0.176367952848401,0.20014132297957654,-1.5559605432603503,-1.4993938770167565,6.330458516901711,-2.5702386449000305,1.02198008527018,-0.17856553820309706,1.9180015326037025,-0.66579530232691,5.022145451708674,-2.555856296810809,-1.5284263590644906,1.0220360556562482,7.094420802325795,-1.5602561295087978,3.837624290266029,-1.4425313100703772,1
-1.5142791609071513,-2.7922314091981337,0.22128305600046483,-0.14636617649776656,1.3859236921169114,-2.880119918603138,2.2924592867437528,3.792726786753231,2.634963855315889,-5.024345970537614,7.054294889535077,1.2178723009085473,1.2529065061776394,-3.040074777212738,-5.330835351522708,-0.04167273541403839,9.207141336827533,1.4145259394287544,0.6928888321862594,-1.2038184468082436,0
2.8965507671724473,-2.9262318799870344,2.7715531731592766,-0.5845825474863806,-8.446337165517061,-3.0187550789962456,-0.2376937248579739,0.16450751254768492,1.4451086456030415,0.3814154550756419,-9.501828073553165,0.6973631401115149,0.7260399683296228,6.210763268117086,4.5932789456358645,2.129175346673865,-3.2230380981498667,-0.5109900751829243,-0.8676179958958756,-0.3842746794759349,2
0.6455578385170608,-2.6919046250664733,1.6788733963229043,0.9834757526562105,-5.755047670372783,2.630955880130901,-5.545251077196112,0.6341122118495033,-0.9134488686644615,-0.3232732713438826,1.229707024128674,-3.102317828361598,-7.870114424637466,3.4768029903036113,-0.34524022928676557,0.23329587261164272,-7.832652927149099,1.1061278708083708,2.1813740143357605,0.944819198649736,3
4.820192252143884,1.7632196591722522,-0.09592407307640993,0.42535853519608696,12.008103594441794,2.7038525195815604,-0.6389898230223362,2.052105795014697,-1.8617369308943537,2.980878248871576,-5.679535906678287,1.6336973563428665,0.014321997596496105,-2.378014069498135,2.2284048687032416,0.07468470131977462,0.4550362589086392,1.6980733662759222,2.251196522835327,1.2061584267349972,1
-0.955190164101186,-0.1987902465580269,0.6409543765108423,-1.113897648345064,-11.006980171484432,1.2633012014166884,-0.5256744128506537,-3.6962845886134152,3.0145912323187627,0.771716400976474,4.220317520170147,-1.2636618313018995,-3.088361816093758,2.6897146252123427,-1.3886046914931198,-0.06913149654494537,-2.4917456205617086,1.1352327177895263,1.0387160923682854,0.4689329766780183,3
-1.9867214812939522,-1.8509982714754114,1.8525726788013916,-0.28487917523926515,-0.9311482111841937,-3.375826017158788,5.737052053781177,1.0867619027550541,0.579154982757346,-2.508848723631375,2.6180692291731495,3.9278044831434555,-1.343852997740588,-3.021943222109775,1.009867886360444,0.49084951079858347,6.90026981931432,2.2179595665285503,4.063698372963907,-0.3817212966031513,0
-0.35790134852802646,3.7457362075643963,2.2301207021294998,-0.9537508293149913,4.37544222359205,0.40059249009216435,10.662388647300416,1.8689093715173575,-1.9169571156215353,-1.9217601987591881,-0.3735540729345346,-0.24189015986418716,0.6406594961198404,-1.9484077668578799,-3.731306564494458,-0.7950391362488028,10.385076190608634,0.13502722783324614,4.909148060410505,0.35076087332613065,1
-3.22953180503196,-4.4603882718064565,2.2563740684326414,-0.06826672047704657,-10.42658855765935,2.1481875203989964,-4.575087554975264,2.089313982754944,2.6277757847120733,3.2020463331862894,-1.4895343807883021,0.2369476994778792,-3.173413737067777,5.28501599428154,-2.6292042106448377,-0.12411711085143869,-5.5800812031840845,-1.646562183500052,1.1186205162742398,-0.7118092820599975,3
-3.758939272042795,-0.6944837580108427,1.9569286909909895,-0.6892460058033757,-2.4922713808843833,0.8569847898174432,4.837992660827932,-0.39853994664526593,0.8382392646312617,-0.46690306428482664,1.9783387267212662,3.041822598835097,0.7216399305438477,-1.8950875984985491,1.1764325870168935,0.34702407727468143,3.627745859604255,-1.6319785685202233,3.7028988489355945,0.1863585827132914,0
-1.144594300173758,-5.180300502548656,-2.668040860407926,-0.7538176544183338,-5.444334461537972,-1.0754567708909275,-5.614040748209809,-4.325828918926643,2.292081493406107,1.1308073586414444,8.20611501278938,3.262051421472215,-1.9941920286703203,-0.5135051307228335,1.7757364690733985,-0.924762586969455,-8.68340167580404,0.40957688931421127,-2.435596266056444,-0.053488454604484065,2
-0.7767125238224435,0.7361766317813699,3.2226267839623004,1.6565327455596999,-5.538108988287045,0.9920483694047988,-1.930673923459294,-0.9644762371434585,1.857754587377901,3.860258999697846,-4.064584168198799,-1.0348490212661727,3.2999219950163994,1.3420298743515793,0.8112105263439244,0.612737523877673,0.47772788139095845,-1.4287399625267891,-1.96371970093809,0.24552674563966434,1
0.5591200158782732,-6.21921664296455,5.773282361405084,0.5685440571303481,5.653392954453143,-1.3170735137971348,-10.72860066410706,3.056440431246589,-1.2117582544795034,4.042613161050927,0.00672866151945141,-0.5727584040584881,3.3443747446114838,-7.312570843766467,2.4681325928095648,0.7286450783853053,1.3300539768393724,-0.7713083350823821,-2.986332990397211,-1.0441285405370946,1
-2.1243716473487426,-0.17381503748723515,-0.7457727126165863,1.6432348858749755,0.9025996466917422,0.243666854307365,-0.7279169136212749,0.9228628383891282,0.30462015305240686,1.0866633924676932,1.5134441028750332,0.8254360265845918,-0.6471601995967706,-1.3404410151996742,-1.4007005637569425,-0.7194369478945526,1.0018198690305746,0.1371457523534116,0.7940440961462482,0.6482149815885367,0
2.8884164211703,0.3163255235016249,2.490807479776465,0.17302244693420957,2.7502546878498895,-0.5551576747595406,1.8353159323503583,-0.12847547175594887,-0.06285387663997866,2.587697530163603,-0.595576734680656,0.7323488022502995,0.24651364649769847,-2.3176053628090543,-0.9222614301941047,0.012686497363241974,4.202329498797067,-0.05216815160340364,1.3807200315821393,-0.6615414275288143,1
-3.6260238206700475,-0.6437096450400971,7.054533211586781,-1.2514559887608645,-18.61516897209655,-6.143880312087417,2.7787638288413548,-1.8198680794450999,3.354956560522907,3.9855794515478262,-3.0616024539181255,-1.3418010895832482,-0.9330197059800438,1.5770603609868494,-0.4841693133257856,-0.4179636369745988,8.342141470226872,0.8954447564586847,1.604582747027872,0.5046545869049275,3
-1.6663251712966456,-2.4865492266401725,-0.7626635164936881,-1.0088968501907947,-2.988241185020066,-2.6413297803973093,2.729552474528674,-0.40122957616517885,0.949986004098635,1.465739659075727,4.405069688557541,2.0374562251287207,0.1931780582038709,0.5946301518644371,-5.475990956789628,-0.2467852233758738,0.8893940760511234,-1.1783056703943318,-0.8362528545881922,0.2100203440786996,3
2.7199384539821683,3.299321774912885,2.1736978906706597,1.5503725650539564,6.232166981467179,2.0871790359085365,8.095430640386425,0.735914458106758,-0.9336792860889875,-0.508280670817796,-0.6079188685932075,-0.6029207304523478,0.9087586319347212,-2.964845036857308,-2.362782091860083,-1.4539320053353464,9.357403370944242,-0.5027663211707597,5.7220310504521645,-1.6125234877728796,1
-0.6705374263283744,-1.003031315586674,2.6247918521830282,-0.7371498934361038,-0.28171107031375564,-1.4433509549946741,-0.47364365998242136,1.0555079276939963,-2.2746180572352315,1.4655372570185023,-3.231507504884423,-3.560126885249353,0.38886150831094657,-2.021071798541786,0.29600947788913845,1.511452172101831,3.745327326100795,-0.12905389997180203,2.663122224986605,-0.09463132020224323,3
-1.8544053674376455,-2.1754732558710597,0.7590915053085908,0.4501162549173855,-0.8548298214171616,-3.6854642925182803,-0.7815325522623646,2.3936280649047994,1.5449877551492301,-1.825267120604162,1.3952634387793847,-0.22383915220230977,1.9369434760538367,-2.5653691752239887,-1.142249701887238,-1.075212318782182,6.644460234754209,1.1940638157327639,-0.09740328033653345,0.9163416232688714,0
0.28326034493928565,-2.0007634853620324,1.9842639202612926,-0.42075765874609633,-7.239259475346437,2.092970498852138,-2.4859601885661484,-1.8743632711413345,-0.5849939897434284,0.39056753053444293,0.8730460623041888,-2.9527916315087763,-5.354209226335593,2.1140002449425204,1.303290651197182,0.4911051631377178,-5.209277324839308,1.358904534462064,3.5376982842389104,-0.04898878820851682,3
-3.9923916367432835,1.2672047078031539,1.4415228789895012,-0.4481112259133839,-0.30006995451765833,0.7056260323475816,12.041016271955934,0.14467477207851087,0.2087795529912455,-4.5711850432074685,6.598478909441595,2.2542128556355174,2.3878450216599827,-1.8644761256434406,-4.46710693707176,-0.9445107528722869,8.778723335269875,0.47439560544710485,3.5031093722524074,-0.13240411277676944,0
-4.098294087746192,-3.0253140959313765,-0.04361064038136253,-1.2567711175053562,-8.79310549569052,-1.7396678628187248,1.0721531658421724,-1.90129770649799,3.2175708552690203,1.5060814849145592,5.144767583888547,1.2600199385303803,0.43499868874504055,-0.22154471000980624,-2.9587571358215703,1.6572090018819834,1.9989116766954513,0.07532581794691111,1.3451286900147907,0.21697838098037853,3
-1.8254855279025413,-0.5793747509420567,2.2658995324738775,-0.4435059575480194,-9.11600914676571,-1.170595909060812,-4.2425629847196715,-2.1971650758211614,0.2599940252971562,1.408760569985222,4.771905267864506,-3.8746359262401953,-5.111287224313955,-0.24460787866110256,-1.600262787198466,-0.6980777491452362,-1.1757231243920174,0.37865347010469713,-0.06726545459770628,1.6314649667929073,3
0.8061537086371905,-2.4259664687051785,-1.5055801825871216,-0.5023161010016723,-1.3447145451981972,1.2417469676189326,-4.285857557977493,-1.463217048030671,1.7702882926224799,-2.2877515935077457,8.368201179474784,1.5373328009808067,-4.7127052251039006,-0.7053644565302242,0.31774634964912996,0.3696474359562984,-5.196309023937244,-0.8936247191695585,-0.3901210132348867,0.5991010130830774,2
1.8718418343680798,-2.212341860554123,-3.4245835500842685,0.6709178094379237,3.980692752166414,-3.4163887001240867,-1.75995309969866,-3.081676866663175,-3.770930904949387,3.182902732763599,1.5356496073699755,0.4057440076592761,-2.129943589525322,-1.944217461259913,0.9737955490307297,0.047319738044005334,-5.762674895586985,-0.3504078504719732,-0.6850447965841666,0.7734072127086142,2
3.9739764304926686,-1.183911928196582,0.4584078525893456,0.08088711920978717,-3.5348127980666826,-4.802187009164729,-0.3031870413915762,-3.3813160889428593,-0.035393125158935224,2.9760739744824134,0.40651786863351913,0.5785705594097038,-3.499240560450831,-0.08446404552852949,0.8795197485872817,1.001483972106681,-1.0200757775571674,-0.6169274624195753,-0.2787324528489108,-3.2369936930968692,2
1.6907450195461933,-1.328597408511876,-1.0938462272508387,-0.049087394736511754,-0.3446856427970775,-1.5716999172500052,0.8305787539318324,2.6843313849981096,0.7975216558095266,-2.435679984518671,-4.942762263292111,0.236467547728338,-0.4594131577036832,3.0649684062633535,0.8482039916332889,-0.8086143542194674,0.6407701669164707,0.26705515026593607,1.6777824045435352,-0.02349424091113259,2
0.8400538391496792,0.2152378386591236,-2.5773885482215784,0.20448468459011837,-1.1231135041820939,-2.98706225632454,1.2196092431016925,0.2438148673435232,3.0210168310133563,1.141628723921964,-3.259627463652226,2.1565349851034776,0.9296065920419445,0.6982094596996634,0.3330207843342119,0.5618167175300794,3.69375917690618,1.1460499075661679,1.2843871974493686,0.7078321285343578,2
2.6200438257336987,-2.3839781530244486,2.581599911886118,-0.509706384183234,-9.094188566628572,-1.5636353455947376,-1.0222293716842095,-3.1381136603667796,1.0610166146698838,-2.9706042927432725,4.598154080115412,0.2548481398202891,-4.336611215430933,3.3942867971381214,1.6832936333427202,-0.6929704130276556,-5.923026554625907,-1.8325175866431647,-2.678876006865732,-0.4572534419357673,2
-3.761130274458283,-0.49468484238681876,1.5424514915190164,0.14772077800182626,-14.222625054466093,-3.677610059235654,4.535060616449243,-3.596029294268747,5.718821145585924,-0.25519995883420954,4.575818080797424,0.5513589107309811,1.8171095214620658,-0.09947610163387721,-1.7072244482194447,0.08385411395035618,8.147561821659114,-0.3166773172465712,1.695025169996691,0.026227258439208364,3
1.754323111621476,0.24770753953939728,-0.7544391321235633,-0.1788261744016742,-5.123880362146909,-3.5855901984549217,-2.3142566764112695,-2.619307926336594,2.7602683131493286,2.4102450242563753,0.572638964444197,0.8405203962879293,-1.9249802579421007,0.23713820336869817,0.8586443377059126,0.3538128714905599,0.2928854361616443,-0.20326176996103143,-1.4582296596234543,0.03187610120956933,2
1.121977116672542,0.9117033343538044,-0.5928735034746306,-1.105567085379944,1.987954334869164,-2.692514486786946,7.746317467682166,1.0271339051940003,-2.554094479535923,-0.29345225384182205,-3.835753730132994,-0.8360039823351358,2.0067308827709445,2.2996855863140984,-4.029332534703309,-0.549859078379458,3.537325604282704,0.8390159109576929,0.863895273782223,1.2381460940285414,3
0.1523985675085444,-4.097484299986967,1.0017856378877539,0.3521924646437224,4.508599933230374,0.7739814071619708,-4.4256271379953995,3.7796180988071795,-1.6129596773386798,1.7040211267248866,-1.400322229835328,-1.4722779219215947,-1.0024893375404442,-2.0996630731457193,-1.3468579897847857,-0.3212376998203314,0.061682236369508606,-0.2956647866854629,2.9229562212245526,0.15896068611246306,0
2.1292861571136132,0.48747296629402603,3.0901618088708958,0.6610444159677312,-5.764787805059002,-4.92346061869933,5.616545695222528,-2.4401605590171083,-0.13536454932473574,0.5211998711135628,0.6850298745564006,-2.7057152022718833,-0.020684291994274906,-0.4690099173357942,-2.8324248999960164,-0.8081043364823255,7.351097037417903,-0.5372276641222128,1.3120367375294997,-0.11646779406706512,3
-1.2293423060756017,0.01681710609678011,-3.2376032498295335,-0.572103629440629,2.4802740932916514,2.190620207095487,-1.576362719465262,-1.18999378707051,0.23815137836677636,1.349025016540563,2.550012558054636,1.9373890847890451,-0.37473913777137047,-0.6055673325073134,0.1289017251218545,1.544626729924585,-4.171920340120431,0.06115223378555987,-0.11196200543884305,-0.2776578060618936,2
-2.7365404851344852,-0.2571209792831233,2.2494962594764805,0.07355207733421328,-0.007743708635310471,-3.6089154478917957,9.591964333826914,2.4181097475718856,0.01822423793117589,-6.503110514207341,1.5190875769545846,-0.6164981734067001,5.0945724791197655,-2.7644740009819677,-2.061302114223703,-1.5235954481592393,13.326139731324364,-0.7836933884211146,2.83937334902899,0.2316481937225638,0
-3.2533714936021156,0.05320247647085896,-1.6848253469024281,0.41014195668516573,-1.4903767494086801,-0.6926328184855433,3.300757943758307,-0.3648957096828036,0.8737655987662616,-2.871128037639287,6.327743807957958,1.992805686054992,-2.784671057226705,-1.7016180834703682,-1.2404459730287754,-1.1548506773209521,2.5787149443250446,0.47845868923613394,2.708492652312576,-0.4920167310804446,0
-2.8585721542652416,-1.199093154848227,3.5256990983674426,1.1454639422364667,-13.451433548084614,-0.4621686795404447,-1.80167339773916,-1.2085488181361443,3.7700333441388985,1.7958715642880179,1.943612541034134,-1.3967849819196227,-2.6948566012084956,1.9797513448508455,-1.6152581316694234,-0.48709883601816595,1.4978771453386361,0.26189320972610114,1.2037316811962164,0.36097369570590226,3
-0.04030254180071924,-1.97637286675094,3.024341930327077,-0.8315794083923991,-9.6219031260811,1.7802032942436452,-2.348941405099932,3.1876370696265055,7.598185715993024,-1.1971011707559902,-5.93946049191011,4.58284184315311,0.8013360010128818,6.090938873344621,3.339538266859207,-1.2691890119846236,-0.367090314420442,1.2379595566416366,-0.38207047322647036,0.016167744486988527,2
-0.5131146660763201,-2.1387009708916325,2.782788925455155,-1.614522523521391,-2.4314162295884434,-1.3546481785654465,-0.9634646037909802,1.0395971125552141,2.5633711237426944,-0.7173602084878402,3.3554706892773387,-0.25062663987788536,2.576084811955615,-1.995998594512057,-2.3707261602325636,-2.021161759965521,5.361519572381535,-0.8273568981546813,-1.2202035189725926,0.5187680446311247,0
3.305173315365436,-1.7778032061011793,0.789494876032836,0.7137346061730759,-5.444229659582043,-0.5473382973991695,-6.1083369526068285,-0.8061738819537843,3.435410814471453,0.14384990547665377,-1.3807368736121555,0.9208075638941244,-2.816449130887926,2.456934739869899,3.903400737597502,-0.4809634132907881,-4.3535023403351785,-1.3284382475542742,-1.5910737160368262,-0.5834781570243028,2
-0.665594623261685,-0.8285755837437508,-0.11564469730119042,0.39686463558475704,-5.094178322254719,0.7015286952913464,0.430337587494009,-1.151164219680515,2.5787510566390663,1.0215456306831188,-0.2988260457401154,3.6450005069613693,0.5661752906910977,3.7149461871995837,0.5120574399877877,0.8895699228077495,-4.36787121380727,-0.646591652602855,-2.2938400701084536,-2.5518291094324206,2
-0.6030041404711803,-3.8288664835598443,5.209126054165038,-1.2235292186497402,-2.9578297541608767,-0.44546673887055366,0.4238761257937545,0.8842086699283017,0.587302623606738,2.179342245263478,-4.625941893882768,1.9301701509283093,2.1060294336746277,-1.4630757769350355,4.255441832572359,1.2884310595373296,2.670122090256326,0.3804819675179393,3.296604919136504,-0.2879945478850487,0
-0.24704978156820911,-1.1801087910760109,-0.3205881837164155,-0.9294778571647812,-4.862642323117125,-0.8760079750671433,2.589322924266216,-2.6977490647473963,-0.5574479723326158,2.0533271503419357,2.9992387210146267,0.5269201432398503,-2.473057707161857,2.19087154019232,-3.072863810407062,-0.2859370405534038,-3.4425256382058964,0.6635990946574616,0.27502764450365214,-0.506740562848633,3
1.5572798738518452,-2.1254679429621133,-4.575981090533468,-0.15639936945041694,-0.7127881209258474,-4.114234785573551,-8.035039032495117,0.3755311208994436,3.046637350689536,2.9570534633792898,-2.7789207643610436,1.8870793897337257,-0.7017119954157267,1.1708176977005105,1.6446695210400397,-0.0877316670162328,-3.6996223546347977,-0.9906854547932511,-3.425860291760667,0.15521354444613417,2
4.394245705631283,3.5376983146275958,-1.4853331999418775,-0.20880382324951963,8.84897600032263,2.456991140898875,5.828919622095201,-0.5385318314973171,0.20739477282321905,-0.40249878597514255,1.6022199976010538,2.1797002501357743,0.8363212165590126,-1.7923253483179957,-2.117978381239148,0.009582895676391022,3.888331454129792,-0.6063622886702404,1.9234235678419362,0.39107299053543787,1
-1.3895752098298637,-1.9944089373860336,2.6273668131339276,1.707645904228449,-8.918017363898011,-2.109872636224372,-5.221165515540774,0.45495110604735056,1.7714951213203105,2.209081549954271,0.0017673545588187951,-3.848453713165606,-2.5366984812177367,0.6070040906218199,-1.9044146287087815,0.6970730916065615,1.6556425077368857,-0.2138348314924301,0.41709777482997457,0.5811047348180731,3
-1.5907407751875402,0.09739785312594695,-1.0100546478390129,0.2256318746131296,2.739414808670206,-0.5085116948091724,10.715615695247612,1.1733285876433839,0.1520073484803841,-5.3574182970893025,4.17235998650166,2.094224929408643,2.3224446007739035,-1.2870989654850131,-3.651551452383425,-0.6652477764685184,7.9816685279994495,-1.0790360311459615,4.162900715564224,0.33820118647696773,0
-4.551174722025918,-0.2275992526176316,2.806923974273278,-0.9020107605218295,-19.36201954462334,-2.747048076084325,-0.597071345886141,-2.2605712691428272,5.320467959863652,4.565137504854659,-4.165442836129133,-0.24219491997439357,-0.42825230362791844,5.239453282490077,0.062128496873247174,-0.48833744668001583,1.2565291701752426,1.0773724139292211,-0.0296733230568198,-1.5018996288608073,3
-1.564795960858333,-2.977390071746796,5.831345440453481,-1.3688094364566004,-4.8008568774123805,-1.6776113597373763,7.026158032241127,0.7039785252976376,-1.5106189132718244,0.38005073593454974,1.911269826391344,0.8803048833738529,-1.4675081315263951,-0.2651675596616059,-3.402241589719332,-0.15759514802867244,4.560592762506978,1.3294125269562418,3.7301293605479136,1.4930196042888835,3
-4.51208909585628,0.43819166441059054,1.0210602236274549,0.6572850086940829,-4.341437728672768,-2.6037018036636956,8.18164135054497,-0.07905635225141627,1.1487707198027821,-5.208519710318292,4.920129985058202,1.278152342353259,3.3226752411611473,-0.750385309393951,-2.310738212961755,0.2871388997373805,7.577541675539419,0.8453652286993314,-0.11566394565163174,0.5072913791774434,1
-1.781435676336055,-0.7225703995733141,-0.3914199349931762,0.33817460862287224,2.4321460914777857,0.17458635414609924,0.4485477397998817,1.5133076925335265,-0.2830121494488398,0.44464021404969967,0.09745286387951448,-0.528765336369228,1.4135758781207828,-2.224549699575436,-1.401756470515308,1.183002989767936,3.5452014555114704,-1.2050735614026502,2.285413325838549,-0.31859616981789307,0
-2.3407102605192835,-0.07018550796587286,3.898603732902579,1.7562120832239208,-2.671448945525408,1.550677612656897,-6.1161371998312735,1.7366031338504535,-0.35912118938443394,4.488675557624765,-6.976929168533462,-5.081553970712079,4.603488278543982,-0.3004232021317368,0.6092497627704252,-0.812657112774828,1.4392289198784913,1.0149497386407458,-1.5122159963453048,-0.2625005307295918,1
-2.3920270661522123,-4.555146391646314,5.33668513898331,1.547238004694983,-10.723351162895808,2.7000954437193685,-4.067019321874144,-0.23819423973581366,0.7650158758022702,1.8450193863758786,2.9356827218113395,-1.9441753112290137,-6.262647922215894,0.9955318855055164,-0.17443768146666927,-0.7097001746526048,-3.5173631193105406,0.05157808201843451,4.6968801903026804,-0.9760857446635408,3
-2.6639010967641426,-2.216028248118854,-0.04688104868312326,0.2111814224374303,-2.4416491583730475,1.8195619918211947,-5.660292356618858,-1.2729485613554679,0.9213225377007821,0.9187973854242544,5.356224899398467,-1.7848195164359275,-1.2527490737919562,-3.1243056271792313,0.37817265318049187,-1.1035572022322389,-1.50016221621531,0.06175846681022597,1.337332491099334,-0.3649543042166179,0
-2.6006501626278955,-0.547218235645372,-3.664413295727132,2.058058035261152,6.589688695660109,3.600076863466413,6.007441636929427,-1.6693967860785466,-3.525190916578302,2.1603151865329764,0.33176705595004263,4.649902857481896,3.2705492670292062,0.8267090838396846,-0.5686693583597371,2.0100857128000706,-7.05471664035906,0.05603882167554106,0.44511745031654204,0.2932905387982516,3
2.8218568569181106,2.915659009975979,1.1639426212172865,1.930518667546418,8.5263254998742,2.365508003120145,1.3126565957560212,2.6089429482684614,-2.8942535454964116,1.6601143812254195,-3.411645837566363,-1.808119655618551,-1.8546409681617537,-1.7361313358337154,-1.7943690597767454,0.5103914454092845,3.184176566837314,-0.08064666835778542,3.13604669252123,2.6099451673236866,1
-4.903713089834181,0.13035076272078983,1.155862919731282,-0.615910983381063,-4.164566244439035,-0.4828796608232485,-0.10452736656302959,-1.0150855494981132,0.9252662933083701,-0.9119679752784406,4.997463364439025,-0.48876446411533303,0.3180934344650017,-3.2102321317036946,0.16783765374012205,-1.0224741297880318,3.674903254413158,-0.5602958900485238,0.5799085376757986,-1.2227432260488038,0
3.3311842553169373,-2.0170261670001763,-1.524409268529984,-1.2623657726990998,-2.2133357715397914,-1.6888521961836431,-6.98547305023259,-2.2348700166010644,1.303159175158743,-1.337055962831009,7.176070742811872,-0.8772647244580871,-6.6277882549353055,-1.0823185047542303,0.8151399202376491,-1.8765617098033378,-4.664133990311091,-0.7226904565912454,-1.2391459122397601,-0.8297709706124513,2
-1.060839460024765,-0.9143978580473675,0.7691655360462738,0.7942664034447959,-5.482149725393291,-1.5781163005998533,-0.15027537086627274,-1.4002666423780945,-0.4006372056018943,1.0264030803943167,-0.3012461864443066,-3.465365566004363,-0.06156469433142986,0.44972736936377755,-1.0880250267312983,0.09966503034941941,1.0487880906334162,-0.32398537646623843,1.2250679098215689,0.5594945961874526,3
-6.675550172119182,3.381671861569298,2.173404819296761,-0.22239322765867986,-7.289726122325422,-1.1590831659640008,11.14086112047842,-1.4061513254769142,2.1148272559360035,-0.938771524500404,0.5324305627995966,4.949395752040653,2.391203517660382,0.0563565456354842,0.7036256904649005,0.6613570184612205,7.735821326453384,1.7443572357147674,2.1048031943920162,0.6406262494886588,0
-2.2111877576609156,-1.3543937437745277,0.7721872119735983,1.4291172054801016,-3.0975434449001913,-1.0481762583651282,-4.713791995666104,0.875306517497319,2.056574574399737,2.4768988594529264,-2.511517574795094,0.1012278341113031,1.3205627760778866,-1.0633225607844081,1.9936582329786394,-1.4549544662522913,1.3058626074309978,0.5801133729923058,-0.3333362526269641,1.6609388186997895,0
-1.7889605509524968,-0.07923715145881838,-0.3861560557249497,-0.11673553103181841,1.2737466443047003,-0.10133188339390586,2.93973950144543,0.21804451381138001,-0.9288182383120365,-2.094875880230452,4.277491127964905,-0.870117631368283,0.3122498863686758,-1.881349438243174,-2.7646617494061716,0.5081195484670548,3.1287757559970757,2.5046681450834716,1.377190051451935,-0.797835019014117,0
0.4146643922451192,-3.0700286614873353,-0.8735015776904214,-1.3850826956528461,0.5183032620689303,-3.1538381637827366,-2.3070476963907094,2.334203697177978,2.639173254951766,-0.6458610434669231,1.901548410186351,2.2185787041335248,-0.03825721969322737,-1.176306272427665,-1.5627842997538062,-0.8758134047674085,2.911622020312698,0.8574490293349125,-0.6519167593775781,0.9686868438045079,0
0.160458546974503,-0.5645081986777647,3.799512054958966,0.15392065266693955,-0.3844452505857868,0.9322719812910436,0.8911029599578034,0.6914390759131158,0.8017893939135403,0.45115891143086184,1.2643793743911425,-2.000442228610784,3.640748728939932,-1.9305071521549322,-2.861550784196254,-0.4014695461211366,5.561801195010398,-0.30020173665690036,0.0048954991111178625,-1.0733074556529072,1
0.6155806317452492,-0.2437535095969221,-2.4586802643972048,-0.9414208822764755,6.233274405284301,1.887769324283973,6.283952736100847,-1.1758686817936335,-4.295546532512347,-3.180036748724491,1.7664289170781768,1.6714458765979423,0.38725175300925785,0.8844113657914523,0.382371511761616,-0.5498394904760293,-5.06165420592431,-0.2604757996175435,0.9618924608188317,-0.816150805071546,2
0.558954110777931,0.7926546258862537,1.4678853939342693,1.2967742997624443,3.048801141097803,0.5800224010030441,-3.6645076227947597,1.965491884617785,-0.8016602706810678,0.3833309089151984,0.03691258714279297,-3.9078208762158027,1.4529100928568865,-1.7999327875458302,-2.555109579025126,0.25904863393192534,2.6957915777088743,2.1554696479616346,-1.9185452574584354,-0.4956271551086982,1
-1.3581641410831915,-1.3827285777341105,-0.1227931343556854,0.21915982052102914,1.7935030330290993,-2.488616765202363,1.549573198575345,2.5959156688139062,0.6043590798852347,-1.6248621433998842,0.40592108581667113,0.0977283745832036,1.7939268238538029,-2.3006935647755755,-1.728772743724205,-1.1775460621333078,6.62091330705408,0.7066685468910033,1.653989079634392,-1.1469412457797996,0
-0.6290345666768127,-0.6520266378178341,-0.646631487844719,-0.4335572876379665,-3.6960874828626187,1.0452949118794885,4.160019295936966,-1.7961516351233937,-0.003100424124706347,-0.9553875339346769,3.9931183470978016,-0.39106167145383663,-1.0855926555841324,2.120036738289654,-3.6414066688035645,0.6323483735178703,-1.426045272725939,0.7255443132246667,1.5591469114141696,-0.3960628535962962,3
2.023209394984705,-1.755979207783916,-1.1510579303544348,-0.2225231073846421,-3.4932170795209694,-1.3239008658772993,-3.6500644688552,-1.7263689956544965,1.7444820602318651,3.2064142378379836,-6.482370134271392,2.320979191034619,1.8522909913794416,3.5496650356667607,4.876036942824362,-1.509542171788006,-6.382237045240905,-1.3943790763682253,-2.793335837520679,-0.44935241501911805,2
0.43013761499955194,-3.166803997508464,-0.30265311851549237,-0.6044837085446303,1.592861157792143,-3.203541377692484,3.2042333195611996,3.0968724738945577,2.334159132206368,-4.7656955876146085,5.026551759897434,1.2999350834077628,2.7584005959755524,-1.0968788573693993,-5.2471271373856005,0.9089117241666606,7.148782006828632,-0.4458782152061138,-0.5760416270817525,-0.0009418654939958937,0
-1.606877903673759,-0.33739055029448917,3.6790044460575615,0.7754847665187332,-9.873594332306727,-3.9845192559162923,-4.557649069989816,-0.8208745556388936,2.3447948850906446,3.283274792405434,-5.007015856950112,-4.700804111331154,0.7349546565067291,-1.8625179780419727,3.0351529191389877,-1.4360395188746768,7.020344506782035,0.724810598282734,1.9727086558393045,-0.13248778708106626,3
1.108395550046465,-0.0715608140746915,1.4938344310943465,0.2857472628161063,-8.05957419362659,-1.3385315018284862,0.3524342307394013,-3.9524352357467705,0.8506611069728349,3.583004962540165,-2.384777284263064,1.8580683381454808,0.23732748876546528,4.529480560766604,1.6628647540696182,0.6623333282439029,-6.27308733328515,-1.2900317859172106,-4.178097947582211,-0.8162911585354273,2
-0.9668768524573479,0.6152360339701626,1.3335369276768856,1.9586301196410394,-5.070161313343642,-1.1003297970636385,-4.561676090072326,-1.4992084436297086,-0.8090445052048616,2.034388241064,-1.0867166961585464,-4.083475887001416,-2.022719654298834,-0.2604377700387319,1.3951984586539363,0.06068550567905809,-1.1595939429410833,-0.5094918127736038,-0.5955967997587821,-1.2006416906489712,3
1.023164903857321,0.7254666225605972,2.6765157548709206,0.9911642538590459,-9.903503251470982,-4.1819331882670125,-9.92719502278901,-1.6661179693270312,0.22708865493145458,2.9122038172116542,-4.277134328352499,-7.6942812473893305,-4.712368725143319,-0.1457208009097044,3.724651735483476,-1.6087022629981584,0.3113479712523504,-2.118981783048669,-0.6592138710408393,-1.5540135168053262,3
3.385980388031193,-2.5784738242482677,-1.1905156024896977,-0.8734109981422431,-2.6869190031411545,-1.5708775175579806,-5.768153774524791,0.13625544940603063,3.5166459546299533,-1.0049927310675004,1.7785736493182052,2.8429707120110947,-3.637918560976217,2.25795902599816,1.6796099288887771,-0.5754430734100653,-4.982900270314595,-0.09673483995500969,-2.8713790945328554,-0.8818934575737774,2
-1.0314508058409935,-2.0477930023599336,-3.0298312264477034,-1.690506600061654,-1.3516276687959652,-0.0909646169130176,-2.014696348394365,-2.510302720061045,-0.6538292567006643,2.7006029396931144,-2.1138861938906617,1.2061134795366177,1.9735407728785956,1.8235421598544854,2.5005963881633604,1.6021903777957311,-7.394519089612423,0.3617207773000827,-1.5736689751543125,-1.1767286829235142,2
0.6403727932637406,0.12103177860766712,-2.816689580285354,-1.2131114675502805,0.3397948866603508,-4.525614981550399,4.187470336816334,-0.7894976689180457,-0.9258756996682718,0.3329872032097638,-4.020336576941456,1.5259704730163053,2.1325195600351976,1.8049881588331198,0.44716863585899014,0.8576767606296185,0.4888519141670595,0.4263568603933808,-0.9960056340335683,-0.01662742215549779,2
-1.3336388419723226,-2.340786641241775,-0.10337758976604361,0.5212038899966273,-4.299079737786536,-0.11427281049058302,3.6512058165291585,-1.145146869591931,1.409387191451836,1.228590361252554,-0.43640952220452855,3.9135502427029847,1.1494159500218841,2.63508535518471,-0.03487980688049297,0.5279152360625698,-2.3642704429240506,0.04009100237634691,0.7489327605415865,0.4486567108262565,1
0.12616072661308575,-3.0257312468995576,0.6586156248215139,-0.05322497504159917,3.7216189179639088,-4.706632916033197,5.029127921124973,4.322475889163699,0.9668934516846966,-5.743349947363086,2.4657650618377827,0.8605779784670293,3.1132148941795803,-3.1512049629645027,-3.2058111802345617,-0.6112908765851811,11.307824817947466,-2.3851600430158673,1.96948893221817,1.2231894872195956,0
-0.1788644014375298,-0.35940421802877953,2.608161811180911,-0.8921993512945079,3.0709415308520422,1.44825432567509,-1.87524672227817,2.2398398814468443,-2.127455704864815,0.3360129713567859,-1.1460861337054162,-5.015478878896056,3.6205372856592604,-1.479461239515682,-3.1432503932387053,-0.24650062282978621,2.81931174921599,0.024173182008398165,-0.9926984521369584,-0.07842137845012442,1
0.840620481884866,-0.9557275894165416,0.8397009453768054,-0.5871727211565345,-6.134207249940531,1.505420518694141,-5.953818900346434,-1.484614838922952,2.802853014936897,2.289304530648253,1.0960531675723797,0.3607595604673477,-3.2442169997204964,2.1310256657397444,1.124009746034858,1.4268355402306323,-5.430406819135457,-0.5540282704541389,-1.5229790390794282,-1.0582744977585603,2
0.9122619602674236,1.4712583095011116,1.3641674726029147,-0.1543177073705618,5.406639961824478,-1.2661465865836896,4.661425735802858,1.4958556191425938,-1.1051998115152664,-0.32773315293465877,1.9176300056842401,-0.5400455435755085,-0.15172161852883082,-4.304396049479583,-3.2972590666252133,0.05423239584937909,9.114865448237124,-0.40314990530520495,3.3629662212603586,-2.2990953492154897,1
-0.5971686382743605,-0.959210199363326,-0.8760237658722851,1.0683413483940154,-10.110081759390757,-0.07734768728076791,-5.501581432737731,-2.462877865507799,2.6358510183448893,2.3183525668639615,0.03478695555074799,-2.8779199392431387,-2.7510221859901884,3.265879567827183,-0.08593374733147674,-0.0967696255997585,-4.443234478225537,-1.4984771332828777,-0.25874012228685395,-1.1676027957024233,0
-1.070482074379806,-4.896518187829578,0.6026921690639897,0.3156433077323652,-3.886641184773868,4.007795743687147,-2.569190222863971,1.4380777858212026,0.7291223872412186,-0.0032805025438562563,-4.678321504853845,2.8646094895724055,1.1182201861760563,6.084398290637637,3.1644273279036357,-1.51749775753044,-10.664818102813875,-0.8276994772964636,-0.5330025817866718,0.18119244770657192,2
-2.548935558484522,-1.1061852931934135,1.5000653978607292,-0.18296253906767845,-1.5466731700280127,-1.8106373408244987,8.1780468477387,0.4397173359581291,1.742206263957871,-2.475914520567589,1.534918549733186,4.640498239242464,1.69229539157264,-2.115972173265904,0.9939451446705414,0.09428915317176569,7.701678365575419,-0.23778893411130952,4.3756267323303355,0.5621402638778371,0
1.1320848320683659,-3.134496893229456,-4.827035563399923,-0.49930022210257746,1.127273954627325,-2.728770210051935,-8.325570286929239,-1.36611730154216,3.3878005772005064,3.417252364239505,2.890964759343598,3.035120432201307,-2.1323469167309224,-2.9682688729716227,2.11475094119109,-0.6771146653323321,-2.8353850141600887,-1.2030706388642263,-0.5258400205781699,0.14227714855962237,2
0.8151695292320569,-1.1909626846099528,3.7932972226527597,-1.407891920909461,-10.264182837550777,-1.4158672219927662,-3.749956404042084,-1.709269422621824,0.25647304612805755,1.853625076859702,0.2624460035082582,-2.701129732416299,-7.709391568728071,1.6291758810650612,1.38599873036355,0.6306683813991212,-2.4682275708211905,-0.2604718751969018,2.2067465224954477,0.932957966149372,3
1.145196827867323,0.7112770097182985,-0.39935208917729303,0.8311147809703037,-4.467234373134799,-1.5237832579088262,-0.12586548916374612,-4.667969155947344,-0.3432710284654372,0.40411506129121155,5.272838328354853,-0.6436584478470189,-3.0256771772512243,0.20870663645659748,-0.07559526921993331,0.8150341341932158,-3.552465152137223,-0.14697387102764134,-2.060161260545216,-0.40417523842575903,2
-0.2743841525245807,-1.2712672594631376,1.8470856941252964,-0.4482859492940523,-0.6133993824453331,-2.5730898526557686,10.17090201283913,2.065709445997959,2.573834914423879,-3.8693012954424755,-0.18022451161970812,4.492693118435,4.4746877444188975,0.20047131262308038,-1.77535864536886,-0.7229892186338133,9.491182038861405,-1.8431257853817717,2.2247382727643292,-1.0271145976084237,0
3.3136853224402083,-4.009374595454916,-3.0158875659632214,1.1652194629540937,-2.480463429180043,-4.200188463379193,-9.85428040081977,-3.2175775861117,0.8195263734965368,2.1765008714407585,0.2651479081114987,0.6903989328931983,-2.295011638679551,0.32250578689994924,5.218815498108587,1.5414806414066624,-9.232742653285927,-1.3533121394186318,-4.473587220979145,-1.3981103194396545,2
0.26557622006765924,-1.563130662402848,-1.756327113677102,-0.011720333612795104,-6.086550311229436,-1.1435390218886519,-5.695574936850424,-2.2996438451476107,3.2660238229872016,1.5123808882443375,3.735937746369444,1.7117508920700195,-2.4622021458202474,2.053680156526801,0.1005948266564698,-2.3983225856271844,-6.014684629067863,0.9936723444619623,-3.9869803083797795,-1.3369042632083121,2
1.4696288458247775,-3.9906328254920322,4.055534015350851,1.5269988083750052,-3.1704872181519197,-3.9199724264254607,-8.248099491717284,4.296721737641341,2.178713116158646,2.7733750006657343,-7.2111210270778106,-2.2286925730084706,1.8962028135161846,-0.017205784323370388,1.009497484872702,-0.3819073605924749,3.649477565700446,0.30511363314765494,-1.9243106728163784,1.488499910290449,0
2.36609644097058,-3.9951479469920512,-1.2643986815146344,1.138857445708616,-4.019900465419553,-0.10529647147773513,-10.370493079068899,-0.9266777227116032,2.94757702345214,2.606314832920117,-2.5327392791872576,2.4860244469392145,-1.4927411982390426,3.2658284261101587,5.1058001049092425,1.1870734096569409,-10.838426171244055,-0.1756657664120648,-4.318469946879908,-0.901406888318088,2
-4.600165078992525,-1.8395866727309764,2.864481662230525,-0.0922386028377438,-20.375928732495133,-1.9736843370644737,-9.336932837729202,-0.8470915366640601,7.032316435030912,3.4169298734880345,-6.454796865826073,-3.442790263629312,-1.0108833039323355,3.2671352939095595,5.087088492117179,-0.1694556548263618,1.3844274890688257,1.4186303858860787,1.5878017506655646,-1.2415643024507883,3
-0.8247301799006266,-1.553037171556366,-4.19311127085197,0.09796854630060614,-0.23143656233168122,-0.3031262260212848,-3.564963798149821,-1.6205738459910641,3.2198883028681404,2.666114158641408,5.626918888176908,2.64956341312676,-2.0518588254106978,-2.1123062615626464,-1.6137686276867518,0.2529952136028835,-1.170577993850033,1.9091325373852102,0.9853896191707068,-0.7204362179232782,2
-0.39322651645023265,2.5361378847359997,-0.9596558269083348,0.23268588267797394,1.582397789176119,0.6267872653791299,12.80517856219746,-1.5833733305516966,-0.5271955701630326,-0.8262572225283242,-2.2484417570718542,0.4147501544314389,4.767731004201153,-0.22945371476714116,-1.9571105969652356,1.1399562957847544,8.057488645499463,0.7043598627606376,6.076899151649711,-0.6100003767353716,1
3.1942675640415628,-3.8430996391828076,-3.465764741507725,-0.2863473094267166,-3.242278915431771,-2.980745263786817,-12.35405185088246,-3.1680103844913825,1.5599368503849236,5.217721859153105,-1.722551642795585,0.18959183350246533,-2.1545456271077517,1.2576886001366363,4.455230800176471,0.11964218796099539,-10.839360861215939,0.046267047693029834,-4.630504070299599,-0.5738800883943851,2
3.9016785335911495,-0.3974995589624293,-1.2783292962077666,-0.026274479927417403,12.448547602515346,4.602665173874601,-1.7680496064219888,2.464865143875328,-4.8680766221117056,0.3263550812096103,-3.360001644687785,-4.430204967699559,1.991629533323058,-0.8581989081609677,-1.9226343724443615,1.3220915901608283,-2.954774570261719,0.1150052001417412,1.605015248955194,1.1830771811176481,1
-0.6198792341328323,-2.58229768792685,1.2073490088062777,1.0150684966693713,-11.786212335853733,-2.298137666357997,-0.025630089425922514,-4.236449746363389,2.714415166213207,1.4665130377177367,3.3355387336304885,2.110039426103282,-1.0786622919820938,3.4423484970771283,0.16627551412949781,1.1285104908950336,-4.80174191684404,-0.5066057906256619,-2.8744539819036987,0.6620060985742273,2
-1.5785100667648244,7.206178414008873,-0.4685833715564456,0.15778637191574657,-2.0882960825549177,1.4639545070724418,12.638677091734973,-0.32506330581743104,-0.6893790959687266,-0.17127389631881296,-3.529880489264102,-1.0712020720628108,0.47256509602702346,4.048516418843741,-5.445512486532911,-0.17352572383311868,6.465931390670547,-0.4586349364506318,3.434400297721317,-0.6954405044734492,1
3.8160272351867985,5.743766297909996,-2.4315983180164698,0.41761169583119495,13.36622456292602,2.1667313660543353,9.22881263806406,0.91225967993951,-4.995554088687108,-0.19147699394008932,-0.9194963003538291,1.3748836878290223,-3.676253800660088,-1.035646680162008,-3.1009220730675304,-1.544125580001888,2.1576448210573873,-1.7425030217904978,4.179420304600455,-0.32379032438133853,1
-1.1054728350071734,-1.4141805606398772,4.642585520122234,-0.4298816364356501,-3.3004619181906585,-3.2933270522435194,5.882298969367468,3.523074702752398,1.5403238967194064,-2.0299577082859868,-4.646653581766533,0.7700013342544944,4.992560557726321,0.7130915528447788,-1.1365079955067316,-0.8204773756509719,9.725810560460678,0.8898080515344061,0.777575087140442,-3.2112186104384657,0
0.7633132050796623,-2.9635286235173868,4.159523891838498,1.351511717504909,2.922525308688827,1.2836077861461108,-6.096319328192009,3.7355693063287343,-2.132653582821487,4.619826281629313,-5.5530757093857,-2.8026169695244767,-1.3539252084983202,-2.1633940258579423,0.48960919954791415,-1.2491903372179358,0.5589295307007945,2.0614172089667857,3.0999299621640986,0.2631372818131559,0
-0.5764568912458063,2.615244857768751,-1.021398674555234,0.4227425550085925,6.016794633500502,3.1900985561911193,7.393552137184329,3.182950050687215,-2.0702895490863567,-2.805191978389129,-3.175195077748701,-2.910639359424769,4.770672812482056,1.6580915034859451,-5.282912197854401,1.1963468881637207,5.05239498733795,0.6566959630509953,2.3883104444560477,0.2805569934405463,1
2.131520475949338,0.4728713556827593,1.1739080410931377,1.1268645461092641,-9.447289272451103,-3.5703893942398093,-1.3853436199858629,0.6274720634755435,7.234059021909626,-1.0760466824383763,-0.5593042296490995,2.6159279381899845,-2.213697428848825,3.264939606239767,0.0007558473783908504,1.4691868144340534,4.349119039727874,0.5790375182526376,-1.7285338784600563,1.4181576101664644,2
-2.294480577341509,-1.1053953199627364,1.5986761258448443,0.7482804360944154,-9.57861369144742,1.2073134208358667,2.177509325453587,-5.257741121160118,3.2881995293600945,-1.0784083618140303,8.940584762121164,3.391727408984895,-1.2378126464467853,0.05799474155669504,1.280581994276357,0.08790580737878718,-2.6336902781658256,-1.3241870189228844,-0.4866670802904145,-1.0264251533272524,0
-2.0493891269128617,-0.9102921295636806,3.8647161267236645,0.07416423207944571,-9.238464927712624,-5.169931204527712,4.138837606579705,-1.8582644053170307,0.19965876167446073,2.2034702581377856,0.606523875151596,-1.5554744438017039,-0.04256028290280511,-0.6579264891696264,-2.353183321520962,-2.6636406311602383,6.544610650755062,0.44084305987948075,1.3135452470423123,-0.22064635043660247,3
4.666636030133407,1.1295457062134588,0.36256643915366094,-1.1099607178062156,13.55296115118842,0.2155385167418018,4.328852410008038,1.9141664335533566,-0.8998947436922,-0.6144603314173342,-0.0023590908274847993,3.141601434002619,1.2555895767774337,-6.242215648595419,0.8825075965623421,0.5052869797032009,8.100834273936883,1.6115932966886286,3.9604700972245817,0.28587981622637665,1
-0.6235116400766643,0.9254737271646962,-0.7094114386414523,-0.6479094362592419,-13.142006148581073,-0.8901390623242704,-4.560596831771723,-3.097239276203558,3.8871538727570463,-0.13945669038777364,-0.18627771370544666,-4.38626247322843,-2.4821697478292872,3.671628462279829,1.0749721732874593,1.6627905941766747,-1.5541424090097367,0.8688731421697568,-0.2415248006068027,-1.05415805946547,3
-0.6639544134723667,-0.5812825119900384,-0.6788408826851575,1.0665879061072139,-3.0853379015517794,0.7695185940113061,-0.08122477247992604,-1.530471469330371,0.7763848774728493,0.13462404696643726,2.312008674755964,0.627595448881253,-0.7851713910745043,1.4123744951424142,-0.5694283923965691,0.2973651682092563,-3.060612791557818,1.0838261053351088,-0.55172253134623,-0.21203393432355527,3
-2.395585318098568,-0.20684715661528696,1.360312243912985,-0.5577151055765822,-9.128769389970502,-0.599540548290996,-1.2997423767819614,1.363618492333635,2.2193832101324134,-1.3486977421342639,-3.5870794177821885,-3.475326276971881,-1.045092473708955,2.8819766767669277,0.363706452985727,-0.6959964948979775,2.724906212158454,-0.8581046923963592,2.505086059316972,-0.6575008164623214,3
-1.1390018300698772,-3.780018027987898,2.664264467088263,-0.7761636625976926,5.744468074169404,-1.326826630939288,0.2230389781475476,6.058411919654933,-0.17945955399563895,0.6562315862978778,-6.573644016632894,-0.3301413446697714,3.959075671148772,-4.668636776001188,0.8949942316764461,0.5643856452854652,10.466662392265276,-0.9628461747486526,6.439754871769887,1.239264458589424,0
1.520005847052741,-1.221187998672546,5.047391663044177,0.14394199312767722,-3.7141119057666874,0.26556336723761675,7.715529813372933,0.2601204157487229,1.8129790111886677,-0.4481568800083343,-2.3059692063469273,2.560099294654319,2.522811805130362,1.3627744322258817,-0.28754231099635774,0.9823260632987384,5.505299675228093,-0.8595251117402818,3.1249791868063435,0.21443495432848378,0
3.332774526508267,-1.893892291453853,-1.6237125135222161,-0.49529704617043785,-2.3396868659996195,-3.4744050275572915,-6.254386886149589,-0.09148311093416783,3.0840232979019153,-2.2262829027243134,3.3298348174857417,0.1447434500739564,-4.8996843899968745,-0.5919748870650217,1.765020505905217,0.9913036125744031,-0.5751504168041282,0.23910654628952047,-0.8032670401431626,0.5567385429323939,2
2.5035111079007795,0.5606256892695614,-0.22830097522322612,-1.4788546951458899,8.951851893639471,2.720163508429084,-1.3285422310377915,1.2998547084918317,-3.5424198365009065,3.0031082295767533,-4.76493785321423,-2.2099469369842972,1.527985722671482,-1.541177197296099,0.041864189184594114,1.79958701731699,-1.160752846678286,-1.6454678888371053,1.586564286280734,0.06495619101028412,1
-2.6573112325851223,-1.1762457799775774,-0.4196895362347255,-2.6044599784501172,-0.4758010716270185,2.992001716787144,-1.838232450631222,-1.4012162560734724,-0.5135133931892204,0.2551784094206906,8.122002095703282,-0.3957559423375925,-1.964708861543072,-1.6713329919639603,-2.934614014024059,0.6378348827616631,-3.5108440170090796,-0.7476847829277882,-0.02327904800798053,-2.020851990845319,0
2.1248422145458434,-1.5843003898278871,2.338563293660659,0.38309502837764525,4.083437077320177,-2.8975151601790885,2.434981065201432,-0.15603046864417158,1.8925753921279131,1.827337448736961,0.9875939504729223,3.089544429003571,2.773951925573413,-6.681641590807306,1.4474606675819177,-1.920464170132207,9.967326118710673,0.8506036570172507,3.3233476289871016,-0.4916536011585831,1
0.305989003718512,-4.025118383692561,5.09708486172574,-1.7032529972148642,-6.674995616221783,0.3691032748212646,3.975365225499441,-1.5026781921608183,2.792493768144224,-4.3989651792487905,8.587422805858502,1.991344491763816,0.50059654906581,-0.6864813887856265,-1.117676130063749,0.9090963850983036,2.666869284872843,1.439312176477542,0.7045137100729887,0.40461199871604037,0
-1.7572834660938217,-1.7338504085461732,-1.0062866166594593,-0.7001116301516942,-11.830712672188811,-0.9941007081556108,-8.136587396988334,-2.537106897293676,4.317983695438565,3.088220009745684,0.38288572519986513,-2.709521590938043,-2.317384585325762,1.7220981306416223,1.1301472002710868,-0.07075782278440904,-2.8459806875371654,-0.7897436378806841,-0.016751731306872575,0.19919767590744808,3
-1.0199953795316041,-3.4492591769910628,-2.9762590224165755,0.12758364249428497,-0.8558709696739576,1.375830922241914,-4.440973407297941,-1.3353217587802473,1.6892495748661167,1.2849914679151635,1.9481403927757246,2.8785738643056047,0.0071472167632944394,0.43805667101585455,2.240391377325751,0.1711617508237332,-6.932393598989486,0.8079637889814648,-0.503866472847311,-0.49469268959761004,2
-1.9982659051156526,-0.13831944788211636,1.4052973785930742,-0.4482821885355517,-5.60044894750301,-1.436869612379824,5.626371520149029,-2.2473098751014113,0.7725211440098047,-0.15319880333871705,3.1211329588946852,-0.8634268677186554,1.3211925540468479,-0.8222182899943302,-2.532888580782396,0.7286814587472745,5.323207242716332,-0.31758031085519073,2.5084553800720473,0.36603140224205327,3
-4.485909882435843,-2.4531837265778056,0.4789348279054717,-1.5744284036598386,-5.638718399119822,2.453116988390891,-1.7259038153668003,1.589717067790787,1.9286828790915986,-1.0157704328135169,2.1183020745377967,-1.2335170146811623,-0.42358646455840676,1.0364547506370654,-1.9254135600343403,-1.2744280574355353,-0.012667396948288568,1.4220792636046862,2.642927997611017,1.2977100555220231,3
0.24167848028812666,-3.163885142825154,-0.010966073721363268,0.27531433300506586,-4.128055324254199,-2.0478853900501957,7.747812758865737,-1.0814423277463199,-0.9262806315881837,-0.14818385702036618,3.3610243987714834,0.9628645933791189,-1.0769415691785094,3.1173826952385886,-6.296743686626373,-0.15405280776771535,-0.25283264988204657,-0.54431767164655,2.141581534866552,0.7708046152647807,3
3.231367337930748,-0.37237132432906206,0.2123132534101979,0.013827753070921845,-7.544177198598045,-0.9891128051787611,-7.011952987050515,-2.8741862137283736,3.671225384072549,-0.01408407840099235,7.242393812340479,-0.8241944835943289,-7.082772584046191,1.2000251359577296,-0.8638383661056279,-1.0364373655760664,-4.275697385044935,0.9527006142927329,-2.92302029701027,-0.3255966117123087,2
-2.527549225590609,-1.2051066767537733,-3.769929794758474,0.34647192212203937,-0.7984035829355648,-2.41989175461363,4.88306434966435,-4.781024706259139,-0.3987370024675396,-0.6060294138520788,12.063013610144822,2.8869294243771426,-1.621964294646278,-3.2208588530571896,-3.5012567609115988,-0.07534729390369474,-0.39462218381398484,0.8604983015614475,0.48749029707005453,-1.4577763939752617,2
-0.14603331841255707,1.2477362835285393,4.185930962612708,-1.1167301326664703,-3.018277926262965,-0.33136529159523986,-1.5760724066394887,0.9882745730160218,1.5904049436069698,1.1800322434738337,0.7027694289239476,-4.2852378561953275,2.074843895025748,-1.885367312614929,-3.711209670694516,-0.12498778531385732,7.617103981239459,-2.093044356410081,-0.8894573117437874,-1.037336360298614,1
-1.832526350718669,-3.683307734525282,3.69896847621234,-0.733177575925666,-11.714744542700382,-1.4207944098175664,8.266126687526413,-0.37347122221527607,1.269354996026459,0.2725938372433465,-0.3501023397054699,1.7580913465638743,-1.386399633988766,5.10955437360793,-3.731913998699533,0.24470599738952128,1.2489304938741583,1.4058853891791487,4.140397652828456,-0.19994269022412445,3
-0.397667944110343,-5.924568486831664,5.491002596786162,0.695482084644993,0.7832919895402082,-3.2640746572531802,-1.5759031054331807,5.085131528224899,1.8155179539578206,-1.5803163276260945,1.7207054994112034,0.5685580495936237,1.734320835881072,-5.141936495745499,-1.297833331798861,-0.2646437684401718,10.210531310975906,-1.4038574373841508,2.548862972446642,1.0894408315803183,0
0.4968962501571744,1.9114861160848693,2.06390408327331,-0.0603392754341104,2.40079477763517,3.695237419221736,-5.848538878365185,2.5828551334629615,-1.633282054766113,3.801520320847209,-8.550566044637936,-5.523900449631618,2.7678338009953074,1.1977612047414357,0.042973457852527375,0.17674475603449596,-1.068054759326275,0.30560001014829036,-1.1201066829689896,-0.1619630503398465,1
1.105588378171933,-0.3957934809670989,4.614003695556388,-0.9859362236708009,2.1373681143406182,0.2536851248830143,-8.103018278345305,3.032006659463306,-1.2242568101348583,2.7505971699223046,-2.128590416553662,-4.878566999287722,0.4525403054861692,-2.560389466433476,-1.2464787704750624,-1.359879751065819,2.052634520244986,-2.093032097606804,-2.8168441332235754,2.147627818781481,1
-0.35022420263283305,-1.2273952267178658,1.6547560760726514,0.16590471436384233,1.6169980941880542,2.769465866382581,-9.089199313146628,2.922289881291209,-2.9593047516786095,3.520547558241811,-6.12517482154364,-7.2975385383565925,2.9736691878171904,1.6289702342610215,-1.9485293166102746,-1.3156511984854697,-4.702509579609267,-0.46195504887613775,-3.447045007151259,0.07406829177469919,1
1.0697921542260656,0.7068155697139288,2.9061748542270585,0.8200117380087736,7.378299699484124,3.2331949770689166,-1.2282343511419818,2.9338320447100665,-3.247425276834501,2.0166223959874894,-3.701089491840379,-1.522607179912548,1.3057415927731155,-1.320776686809788,-0.7156327566635715,0.5978739802154952,-0.05781810497954387,-1.5486803372564601,-0.09243147685275743,-0.699116127402459,1
1.8784300746196552,-0.7495629574965414,0.11006918761294093,-0.9551170427292858,-0.03824204011431875,-0.5525832241652638,-0.4106899765168558,-1.4881849611256404,-2.700774727914427,1.0133316141493736,-0.9374644728816138,-3.1072050669508577,-1.664442729305923,0.14454448095973094,0.12414730035843857,2.0972799006272753,-2.241149313930256,1.179072011284753,1.441674017778039,0.8370328936924395,3
0.8551970618451357,-3.4770419209578574,-4.797068373105917,0.2841697909900075,3.1104022444510493,-1.5222698152256755,-1.91616705372529,-5.7902845821912745,-3.702540233343868,-2.551281562836252,11.81155536890741,0.8379859760999596,-3.250848777295257,-2.9784320066334913,1.5849786264937613,0.9396013747192418,-10.211114464114603,0.6774049537366964,-2.387503620165919,-0.04939967960320288,2
-2.2198969711051104,-5.955608696671037,3.447175544786879,-1.283262173674004,1.8040982307559092,-1.861072201526214,-8.953845502184532,5.230477904645584,1.41009578615374,2.9357427939057126,-1.656707519333497,-0.6931250631494748,0.3318854553602042,-6.349252566018151,1.385166864283356,-1.4368986898758145,6.339992229822356,-0.7745735651924353,3.450466752968816,-0.7498877459418788,0
0.6364140912577028,7.311587538050668,0.8454338774560853,0.538576666828435,1.9623742242591087,2.4780165500341846,10.089038722331905,1.05844604865962,-2.1540478067327395,-0.6939859608821082,-2.501822909836468,-1.241321749059157,-1.3595145878850836,3.7405134551794847,-5.8636524311068765,0.522285044358679,4.0341540735474295,-0.9398351728279993,1.160444827571212,-1.1884377829607005,1
0.7606220207743606,0.6842175575223206,0.9409670939819714,-1.2267635974454518,-5.795856181751722,-1.4887152517757944,-2.2157824604205056,0.4875215423862016,0.8779139045807767,0.07958259701618409,-3.5017092299357384,-4.595701680705684,-1.4412309895916435,2.271699504898848,-0.7178872193578324,-0.3456031899143635,1.946773025922574,-0.4377781044847719,0.7469108206080519,-0.008934154357066137,3
2.199676833779956,-1.8548030294956719,-0.4272009153794811,0.1315319439378082,-5.658262143224884,-0.17350101238110427,4.758845071772396,-2.9360940199517396,0.8577827514537231,-0.7059932656880692,1.5164755925563236,-0.15240553065949558,-2.238754836981398,2.725717884218317,-1.0852966910619786,0.6757005504053284,-1.1216065108222084,1.742614176185563,4.315264410471087,0.702251919230705,3
-1.1890623273796999,0.22908152755905742,4.065050036792784,0.49228237366989974,-6.030792941015459,-2.0074506263245917,4.1222683460311105,0.3195968265606437,2.4462429580942127,0.11916082529266925,-4.332673735230504,1.2236185005211335,3.74757822015175,0.6549562494269523,1.744380792830487,-0.391211614041985,6.702237865926462,1.1888467189970484,0.6579723595926229,0.9336939018151047,0
-1.3405697868022464,1.9337427378937506,2.7812817882240752,-0.34394197749526956,-6.541979837978787,-0.9689327767422465,5.555512791843082,-1.111580168235843,3.98135481947429,0.4752450335634255,1.6333706371121552,3.5856340989635047,2.2192648062905658,1.4477538525050369,-2.1747796305780636,-1.5509725654172264,5.1678793753874634,-1.493946101731796,-1.8990795380866525,-0.8536914729797622,0
2.6891464311848696,1.0519808003817466,4.656505435398987,-0.5656262996467792,8.71096495697861,3.0452440567445063,-7.368686584089503,6.6940851225520905,-1.4595333513923827,2.2503515981588014,-6.537072687795999,-1.342060657945133,0.2814570020103062,-0.6757988240985665,-0.3220954513082337,-1.0950799883686633,0.28605520270636425,-0.9172792331441255,-3.458782024740374,-0.0038461494386085866,1
-0.36585158304905674,1.265222806441027,-0.9940488546065498,1.7625345474673544,0.8026577454754859,-0.9648931496381263,8.029394097520345,-0.7784707221023246,0.13678483523486928,-0.18314290899978403,-1.6652989710378665,-1.107762937164007,4.023279345764138,-1.3148206535626095,-2.236593036081925,0.7615140342617114,8.418822418897,0.6053981418256085,4.913890870564048,-0.1046793198078563,1
3.5701108497751077,-1.9861202675956653,-0.7675252028645537,0.9258802443604819,-4.758394064906685,-2.126486400794179,-10.359787788977837,0.7071539957364688,3.8936312805625355,2.7977654947962756,-6.187070671106204,-0.40663547505850395,-2.277735117744712,2.821184700627896,4.181158099252965,-0.8635108991425827,-4.1419300102301175,0.9563943287256699,-2.07766703488992,0.2878540634496664,2
1.252259563470317,-1.1881930866815242,4.129962083265813,0.46950285779807266,5.9999998268296215,1.8328471837960008,-7.7222980695280175,3.45180612314069,-1.4040547201513933,3.8494582815866,-5.294556375133977,-1.764318298430958,1.6296428753320666,-3.5722426522037996,2.6091004274588747,0.902374362768014,0.7874192579821786,1.2274760735542907,-0.6865864809898157,-0.268751130392931,1
3.8904261979662564,2.6025562344488553,-2.191973233555135,0.49522980344350576,9.091495174297378,2.339342588414545,4.856771571953834,0.8592832661880926,-0.9436853360080184,-0.6936052729151667,-0.2164960915309938,-1.163994192791258,0.8466686950078774,-1.5572796988628839,-3.5091212121783677,-0.41826717485911596,4.84946043920101,0.19609694022873572,4.02911424660597,-0.07187984833629374,1
-2.6577522367351376,-0.343032725427711,-1.074235540951669,-0.25806957644662293,-13.517134255786603,0.3919557164375289,-5.919252064191828,-4.563147690464314,4.8607262591405345,3.037758184200414,2.1666244148926106,-3.027764841444937,-0.7556322662793354,1.6789190338300888,0.6358061082754634,-1.932097266386256,-2.292725468776538,-0.7267836461075264,0.01936798512699589,1.1588612617608192,3
3.1863224934227325,2.068477615858524,0.16324372602275838,0.06013999230972238,9.448621439689008,1.6798705126812412,2.2161671415247155,2.043999527498346,-0.7809357997851374,-1.016244203776472,1.342771580123838,-0.5219368370125309,0.8942660427633418,-3.2767072280481795,-2.877386752987502,-0.8221326883215301,5.65840037295431,1.2863900771630006,1.486748968965506,-0.2287061556907334,1
-2.8924990038695584,-2.887843343522609,3.5121081554878004,0.3731333914747823,-9.336261709861526,0.24737260099273128,1.8965040460195282,-1.2163098311459803,2.017353771572555,-0.36086344978073903,8.117980512236903,1.8047107395999418,-3.4884266659969247,0.9433425306605858,-3.7825509110733933,-1.6709320126528755,-0.537222199306481,-0.9316527850873301,0.6238610320754647,0.8792417420572523,3
0.7173778318123897,2.4924443139153483,-0.44728087080747114,-0.46358547363126407,1.851862417339486,0.2344524620464956,8.879533102425818,-0.46044582298948655,0.6392543298009317,-0.6154775832596444,-0.09792054258868893,-0.5918255488165517,3.102123002600412,-0.9978135178557078,-3.8506801975623106,0.4050453482743976,8.871765209743955,-0.18624639951021385,4.407886716630999,0.042016603335285854,1
0.4429228422610122,3.666827546185985,3.78960940079851,0.578749479739339,2.5551687910708307,3.3408597668811506,1.181293320131058,3.0971468788862495,-0.9278680240994801,0.8947005993561413,-4.569320101529755,-1.0194507844225495,1.997809736213277,2.2441588077917243,-2.410268783466001,-0.24932725668947356,1.3353582490677827,-1.6908224928452718,-2.8398388431304125,0.5412662687094097,1
0.029410814567455423,1.324465789412414,-4.344249380698148,-0.3852376925845517,2.345330951757906,1.015062085467139,9.939746667631004,-1.9657252875694993,-0.33070122933756907,-4.996429402508149,5.895406208951135,2.531649528274393,-0.7771405895302488,0.9789446986079451,-2.7287539363391637,-0.07969582873034067,0.7293089752346419,-0.5012192318977378,3.4600140353629896,-1.5123172078757925,0
-3.609099796940318,1.0698051063021476,-2.0244592508714296,0.8951921675465123,-4.015582371197421,2.9148231886522207,-2.9275254570845624,-2.4009363584395196,1.9098811200652048,1.1637932867398324,4.50451086484704,-1.8037743979423235,1.4893818057956292,0.06662045346684953,-2.036979846735715,-0.0824318961325833,-2.316351849937801,0.6627939123403258,-1.6127776897630808,-0.6208957967003688,3
-4.363203807279722,-1.251911050642413,1.393614594055108,0.2118746404544298,0.7370086197863049,0.24457432823333325,9.4255652167482,0.8975800596359766,0.3980608053621302,-2.0620307552097095,4.313875327168835,6.165727035061932,-0.41113836258121084,-3.1300100747565134,-0.2013767598612064,-0.8963411087919169,6.234438288025323,0.9080127949270519,6.097482844011381,0.09745108408134207,0
1.1242487926392863,2.7380746331149566,0.6758201643565077,-0.5843646583598484,4.452591817802583,3.6348719658412776,2.5602865324109056,1.2355339744002622,-0.9387216326320442,1.259339618088484,-5.409769958625435,-0.9787269314783211,3.358469390455373,1.0422978460896508,-0.4963846867866194,0.8403653810816396,1.3482926723704711,0.6936061255011591,0.9432490415142056,2.164149810180506,1
-1.328323499967467,1.6212958434050009,6.468939046664049,0.7558583335773799,-7.205550891646399,-4.251480704433385,21.14942452250887,0.40944979541373505,2.62541345915912,-4.333017408641512,-4.263576350731938,7.964992393445689,6.332667492408133,3.340290177690028,-0.05690692236639627,0.9039045554638461,13.4715178410826,-0.8426150405889085,2.3435079800899827,0.31752592031489413,0
0.3108367320631771,1.4344867182203886,2.4973227858535783,0.606706100055349,-11.027643327878643,-2.5683811190286967,0.776002611907101,-1.9539925239258737,0.7817416337445566,2.5564358647990235,-4.863449422027898,-3.3821416710358165,-2.025367575306739,4.153823471336215,-0.2236338934380102,-1.0710418353855413,0.770102559723022,-0.7983006496307254,0.40802287451598984,0.7776754714572981,3
-1.4500890058133635,-0.07972124324716146,1.5140906786286639,-0.3883046086096879,-6.728028346800366,-5.191195946991419,-2.349966979317289,-1.5484504025337693,-0.7805756265106201,3.293884196328963,-2.071845248232452,-5.88820693060145,0.11952161206516254,-1.722429160541464,-1.018532370742653,-1.216151219359919,5.1372316929288315,0.16029100743005603,0.5304817835998261,-0.8345435867695778,3
2.8795207670581515,-3.062986021010502,-0.5011610358569438,0.6970430238556783,-4.442522327680164,-2.494836307908357,-4.714262877662905,-3.3440833568554638,-0.23129820843092808,2.352607931541048,-2.582805443719194,-0.12014814970487131,-1.1005543877275499,1.9968551735341444,4.635400236124729,1.392311072969409,-7.589235813467887,0.2334783283108019,-2.036610796889472,0.11370018338252715,2
1.4642471564892723,0.15850616233472947,-0.9354421810570321,1.966870787025279,7.059879013840461,1.0621635133934793,2.927816399790677,1.286427348457209,-1.059773590009616,-2.208786036742955,0.9567580016290959,-2.531138592294875,3.5547633523084934,-3.088127440733224,-2.5169708111408187,1.2490436522848891,5.990361111929513,-1.0725188690525458,2.859341182711201,1.444920254642602,1
0.4929460101610881,-2.5974059788729096,3.5454986288785535,-0.1971473310916516,0.3644643698399206,-0.2071010515213727,-2.4620990822934075,2.3649966196970595,1.6767298325145692,1.7410273987633138,-1.9420970666132154,-0.7684188877471683,4.300734640706718,-1.880126529922509,-1.1273621430816654,0.8391109225716529,4.828598143444884,-1.349487704280264,-0.43596646522842986,1.0991675621278418,0
-1.7447736797579143,-0.004905695948572042,-3.1102490176392954,-0.21778386129827348,5.3689701836347785,-1.2490672786697672,2.314759010480153,2.811638431382968,-0.45498963456182984,-1.1314318168530355,1.6513683850595675,0.7862671929395572,-0.16678188061652444,-1.9783676820599765,-3.691691591820352,-0.11160030732949783,4.548755779601618,0.7445124974025028,2.3199411466620976,-0.9337167905851166,0
-1.008294279664739,-4.51246886773999,4.890858189562617,-0.6881494387063138,-14.422638311254616,-1.2256496977093427,0.6733544559621136,-2.1772800979338673,2.1993625321299994,3.2574784067670697,2.6593005989139193,1.3976826558100628,-5.599386139221696,3.4447022807472765,-1.7949287549771404,0.13127779875706932,-2.841127685295064,-0.7621427269376237,2.5854007434141044,0.6526702685023648,3
-0.18875261207888205,-0.8559796108426815,3.2314428146718024,2.708505650682349,3.928454955489841,-1.9204827912274494,8.833220915473674,5.133168699522674,-0.4500372859886581,-0.6302221860551023,-5.16725762137326,2.1207211608784506,4.574828200123578,-0.04585706137259127,-3.9994795024835748,0.768780225788399,10.24241674913687,-0.00024917541817413185,2.815370069317863,-0.6715921065175944,0
4.430843754810173,-1.1165132949832905,-3.595696750318652,2.589605672093345,-0.3488439773718111,-6.20087675069594,-5.160229447529223,-1.1551774450237284,2.8646331844375794,-1.4595566411834935,3.0775427472659427,0.46617030320082065,-4.058876498830472,-1.848206306152894,1.6797441369200174,1.01035482444814,1.3965407087644015,0.6090754558886144,-1.2830945824921878,0.7690985654712109,2
1.281545769034914,3.079731236318306,1.8350962217118139,0.2528189049419811,4.267939872351419,4.891570519335594,-2.2761966018587163,4.015853759335222,-0.8741083109041475,0.9870816921460925,-6.830176963548427,-5.070712273616561,2.837804243858918,1.9905700806641247,-2.7761373753622713,-0.23850143344395686,1.6866872940663598,-1.396043815414402,-0.3614640557871611,0.5066479886912482,1
-1.6682138523042476,-3.3677261942342485,3.4472117422823847,-1.909119651113275,-0.9702553776182676,-4.587027279947639,2.761433795653064,2.4082308989310537,1.5892499273515643,-1.760374858152452,1.3320060679982926,2.9753264424330137,0.8222640524974861,-4.497917081456258,1.2192705568502866,-0.04624580089035779,9.67215702675732,0.744529923983464,3.159076352520485,0.15918182118326307,0
0.0545548881014013,-3.1775528354645908,3.7714875384570963,1.2732738265199988,-9.879829510026472,0.7760117111317042,0.19096684338323447,-1.5128914042883748,2.639312392132619,0.32827050164925353,1.1323054570537603,0.2351742558055292,-2.6900400388270995,1.8115210916113327,1.0874320749412627,0.9548740889647237,-0.5963482978091111,-1.3796790919574218,3.6090655801303377,-1.039777604871315,3
-0.31009514596583077,1.5562873659459693,-3.3566141095730972,-1.1048127879691922,-1.3290970001001035,-0.5864888645362624,5.818100256240843,-2.1851778836494056,-0.029106144661734445,-1.5800659877823375,5.454083460848249,-1.2571013744501103,1.0700073711086233,2.141826739056186,-6.9633643261694935,0.9388849069473308,0.6580524018016469,-2.2611995626565666,-1.2537651393693507,-0.8925578012051395,3
-0.17559694042897656,1.7936570740511826,-1.1500075414589164,-0.3903497829712537,0.8460100476269502,-1.5940807189705937,1.0470659107464095,-2.0936093356541203,-1.152452630101009,-0.3223171377068965,4.792686060810617,-2.534462857479996,0.29506450994576294,-2.2752266397083996,-2.990446330626554,0.7718272163986968,2.4029694191906397,-0.9059715348348806,-1.4727663212237734,1.6743328157124602,3
-0.23179106964867646,-3.04687182711581,-4.945793386642043,0.16145466490659993,7.354810115355469,1.0443095168022882,2.0234858232210517,-1.74569058928702,-2.7389109779227856,-4.137127232264525,6.571856767955761,3.3651734139519744,-0.06391876825102871,-1.9991929261773116,2.0403904677691767,-1.2993068207222425,-6.510913892819495,-0.7807509668999788,0.7317289115726986,0.5310598149475699,2
-2.282047473722417,-3.618108482326958,0.9620550418906164,1.151030141335539,5.200454182201776,-1.1021085123621293,-0.6996409690451002,4.172878331060508,-1.4920453201839585,0.5859216688883391,-4.4458916400163995,0.7307249638683186,-0.5154379837809226,-5.404622508282056,3.8778178543805324,-0.7424155074884994,6.242073865405236,-0.8115253562722762,8.223227490017388,-0.9017515254120243,0
0.9839519170311153,-0.9184361423752341,-0.820696635931419,-1.3453391173926983,1.3915749658574572,-2.1070655164785723,9.607031998564647,1.6347630510134978,2.2896250356177426,-6.068666918308313,1.9479512640021297,1.893830110353241,4.721116952880898,0.2126289050569261,-3.432582229339982,0.25207928962636644,9.17342745539992,0.6555856067586506,2.2901955159989598,-1.3623340739744445,0
-2.9782721019529825,-2.986743253664338,1.2095756539421805,0.9354497436204966,-13.592035966201667,-1.6519818584433044,-5.858609388646763,-1.8206129208385544,4.557928011482348,3.3389829668743225,3.9765988473822205,-0.8632363868989966,-3.8585500411839,1.3218639022576044,-1.901975226214366,1.5525957478997554,-1.178839965664199,0.2118932214251581,0.21420964574107826,-0.4861483083810907,3
2.4019511313481416,0.49352371972660336,0.9111774523138512,1.7823030829531064,12.390410531961875,2.0820044382900886,6.25014070831309,3.091764608555885,-1.7964399887836189,-2.9545129968909216,0.3989375248859351,2.3076023553927407,3.3803745058654244,-3.8701789608354775,-1.0360493418914383,-1.7285809000329146,6.374754106486638,-0.7731502270894816,2.7781504228390004,-0.3747189862452178,1
-3.4714409763742173,-1.0747691512672937,-0.7231640006019409,1.0373168072899788,-0.9809104726793664,0.3618952428373219,2.455515863728992,-0.5948586188347036,2.266276605171717,-1.4506440451060663,6.101171367486075,2.459400190911703,1.3731003474642807,-3.0362793918015725,-1.0904708107508005,0.5370947919412994,4.034744133362998,-0.026600977372341333,2.050953798715108,-0.8133202285268744,0
-0.7122857970290495,-2.0780516574580026,3.5394045181994973,0.624056731915687,1.5944517569228795,0.7767412470290243,8.983528337995548,1.8799816571160517,0.34183349171885746,-2.561023855888147,4.51052187197814,4.071694108417049,0.7602143779187551,-1.590720907309934,-3.6332111671819582,-1.6826891384009004,6.349098154737575,-0.6284649825014651,3.876781572102778,-1.232520250191225,0
-1.3303716017686973,-0.3687369634887334,1.640006054154742,-0.16652299448638908,-2.8932712825042057,0.4223190471991194,10.506766177859838,-0.8122526263036445,1.6965795248616264,-4.318404292882981,7.288004544636179,3.5527367618588483,1.9481607477128904,0.9784161351805154,-4.8639113859602165,-0.6592768441234605,4.471935912124162,-1.3122638325531277,0.6373954463421805,0.13700825820792759,0
-0.33112189732620045,-1.3556565134534733,-2.0453204529575113,-0.45911831265976294,-0.13097362042432348,0.9526215470094561,11.90320770261486,-0.10782091403333549,0.4137957898514367,-1.2711425236672231,2.320644876894805,3.2707031980828014,3.92240062925019,4.559025962929393,-8.0645518787788,0.18301687835934885,0.8347104000540441,-1.8404755456472952,1.2846402253005116,0.027779908702159076,3
1.4856651507118563,-1.3918263662605304,-1.7127984596060315,-0.7441087656860511,0.9676874402739044,-0.543920543348019,-1.1563752294930825,-2.802912338583997,-2.429038025540222,1.5319232279364738,1.822647234241601,0.27559193591061537,-2.1531654482094735,0.23250799592603544,0.9290960422497287,1.6736167560014572,-6.663563094892216,-0.23123215786108633,-0.9013257802827095,-1.260278725251116,2
-0.9670543103722524,2.3285845248400117,0.8801695908626511,-1.3464466705283222,1.7685899192493488,1.9956865859134858,0.19141576398770874,1.4197394685096296,-0.38596161988689937,-1.2932374350789186,1.808097532159747,-3.908590796967613,3.3602289359094826,-0.20811278041672243,-4.947705446733755,-0.7208247128962839,3.30900279666982,-1.2277216010718033,-2.666481590529538,-0.3400336921935697,1
-0.9676540899921195,-2.085530127432488,-0.502753930019209,0.8936275374955971,-2.7595650859293883,-1.2055005455564087,4.5676572107373365,-1.154999869832379,-0.26785408952601997,-0.5009045060285009,-1.9688484681381695,3.419966889001404,2.241785303147093,2.9533074532310435,1.633336976263723,-0.4414864148153539,-3.165581367389107,-0.6406585761373368,-0.4352238611459933,0.046937551254806635,2
-3.5953004354934386,-1.8944408189942918,3.101166371805313,1.1425603342719686,-7.668892331385543,0.7254149623459911,-0.23071798117342568,0.28005093498158873,2.8099961935995466,2.374458693235489,6.032621072638391,2.788892163235339,-1.564741111193899,1.7400662365238344,-5.591193770820732,-0.43281253599443553,-1.070091949463724,-0.2283677397259777,-2.54226337714944,-1.1764957255859607,3
-4.500637742329816,-1.146170829072259,4.508383371750401,-1.014397454157113,-18.13255341308908,-4.790257977873977,-7.818462667683394,-2.1656831788315207,3.127523237567983,2.7654288143267474,1.838375740783139,-5.14629683702822,-5.463296608392794,-0.7448160936711647,1.3323026568941416,1.7219991047581589,3.1242893420519255,-1.3589276392183158,0.4103229543468505,-0.34390804598608904,3
2.843608567624946,-2.068335345486222,-2.2117637197622324,0.5260432193398258,-1.4675036791543106,-2.1568953380968012,-5.867639306947576,0.3812671216233261,1.4438257717973422,0.2247099894488529,0.26681298349538946,-0.6785111931072243,-3.989862113193668,1.4302855503349767,-0.001964870341540692,0.2641085697064975,-3.4295204459958204,1.0046928867349982,-0.7751966663861906,-1.7109952225970104,2
0.6299137019167071,0.9410939536974858,0.11065535548678151,-0.530756132805377,2.6184385545226525,-2.0434573248655665,12.533765731080486,-1.6553483358472605,-2.824644647996387,-0.6693807534926663,3.769119973312686,0.8734349726033841,2.762516848176412,-0.052814422105239345,-7.01297084221566,-1.9388394601884573,5.019231036867319,-1.3766218655625526,0.7592931007461943,0.2518302378463555,3
-0.67641486036797,-2.76770622861286,2.5209876970723615,0.9833209939471829,1.4927217378012307,1.0925430123691422,-8.544419754347938,1.4516706262932906,-2.8846219806356617,4.471945851343172,-5.08849687784757,-4.816900736484456,3.325462664213667,-1.0137056463334126,1.0046283656878607,-0.4071314991210554,-3.86757405664998,-0.11078105173537243,-2.634382975573795,0.8927627434331373,1
-0.7637628422543294,1.8120888180580068,-0.1792524041546948,0.08669255796264042,-9.897840105753097,-2.725040046746308,6.017998223067769,-6.413921394678786,1.7129039735070142,0.9438054298067365,7.257709697706862,-0.33995441082107036,-0.8079857478888995,1.0308605322946172,-4.014324340606535,2.305654507395327,1.7112867454408247,-0.9944663510079147,-1.0142155496289837,0.49503321141927614,3
-0.20619725352186524,-2.3559861313797406,3.396204472174726,0.7547192392854594,-6.041570984719819,-0.050422016230288635,2.6507420381835316,0.34284959564036854,0.939390207449089,-0.2712886863928332,2.095196392209264,2.108375476905614,-4.516911951381039,1.8646995053102373,-1.1897762125746918,-0.00476603869298885,-0.31121562986878254,-0.491101518676934,2.879093870930414,-1.1247992013740484,3
-2.674065815647439,-4.006913317375852,0.8189745743161121,-2.4992444597185544,-8.101915215042265,2.572136246444259,-2.952530245513778,0.8006159932489263,1.871868011680994,2.002591063353308,-1.0395820217245302,-1.1177049719260976,-1.5672721808107917,3.647776925689075,-1.642184228572247,-1.4666056356613824,-4.090557284272446,-0.9517822126146827,3.045668518383323,0.6160167192144613,3
1.5651320456915703,-3.9486529893459275,-1.354273337053815,-0.079407480108345,-6.8693213681623355,-1.8491538441387232,-10.579063399952467,-1.5771221293878273,4.411253389046719,2.5544308287930555,1.5650333681459951,1.3035769863851396,-3.303663967471249,1.3737498176008012,2.734535750789214,-0.011951151107793679,-6.714004545510115,0.6271349113554697,-2.960210018355098,-1.0701519869568004,2
-2.5776674005194016,-0.5553468822393354,2.0730099936716573,-0.043438897417883,-7.207237389531458,-1.9623128146602733,3.4907386525058093,-0.5103734857155817,0.6615086412234239,1.1648615992464049,-0.24403239946912644,-0.854394465382458,0.42963433298083853,1.3076096540816626,-2.6131495237850566,-1.0778491538051338,3.4612894314707368,0.15098681649201912,1.256203237561223,-0.757596176861602,3
-3.575253773078769,-2.23605533072372,3.319589388094189,0.2010542463815127,-12.18025174218993,-2.7257669070879595,-3.1688651433331927,0.683786301159754,3.3126476287415088,2.826617094599615,-1.9429044882691835,-0.15785460763713344,-1.9752704763110636,1.8875669941678042,-0.039185888159078086,1.8467250135023263,1.8213354372719024,1.961582623768833,0.5112323220751797,-1.0212065086158622,3
-0.6524505458703818,-1.5067287505720643,-3.6968127131639097,-0.679391435049952,-1.287082522000707,0.1580329777359133,-5.886821434460694,-0.35617397604470313,3.5191964457100133,5.3655940958521935,-4.089761254650745,3.3125647921455865,1.8022502347189717,1.7484264608870015,1.8030696899629413,-1.4861030495714416,-4.830553700478366,-1.0260731593738686,-1.7846340913950365,0.7447887833642115,2
1.4836869722121808,1.88028487932699,2.793613100711931,-2.4097171896520857,-2.8047968117710638,2.0833889799602714,-4.421599562171546,-0.011509268067857015,-1.1250726250223133,4.265784472387576,-3.3373211284590005,-5.706543719028705,-0.6311717214255297,2.4023928734862734,-3.256890575453617,-1.5412469220957918,-2.1769507957004905,0.09199898496375992,-2.2822591642040213,-0.13131708105917642,1
-0.6746918521125355,1.8279631734770945,-2.040952507015509,-0.25500497768937913,-5.481450219527948,-2.376747723873527,8.283225860974532,-2.2351302680162766,3.5307525982574512,-3.8982868598531386,4.357011491190144,3.70196789397104,1.1590066844008295,2.851030730474441,-2.4372955261376292,-0.6480079851831785,3.25522428923153,-0.8756311611257722,-1.3054132305315398,1.334418608571729,0
-1.5558847245342988,0.22363465275678895,-1.828663514121072,-0.42381629502492385,4.56260014459114,-2.426400178563351,6.012169564255571,-1.029988790389593,-0.8687862395688595,-2.1642788065563296,8.48548760260589,-0.09943927512293804,3.989744196232117,-4.532268674150277,-6.073632949301475,-1.1717150893026802,7.142378255286631,-0.731681919192513,-0.8301156353479673,0.7134928020672574,3
0.8683874594288978,-1.3846122215449175,-0.2895493931450335,0.5615052873804263,0.9324835972603442,-4.191186382000863,4.357465277571396,3.7810033992660004,1.2429032742127062,-2.5491563335181295,-3.080683522772046,2.304679813961132,1.492087415045727,1.6470626462441755,-2.1600058580674615,-0.031167103966363498,5.713588593950981,0.9174610113311096,0.3220426576916422,0.024211008328300997,0
3.45719183314731,-0.3019875423992755,1.7708360440436974,1.838255461261754,10.622542001286746,2.1066665581555313,-3.701779913858337,1.9044993811576256,-4.414307560017534,1.8143100751171664,-0.16719835107652867,-1.6108701226542157,-0.9641531487093498,-3.2073352508930792,-0.572953785594063,0.40637709498559604,-2.3827393815082036,-1.1087613132367398,-1.125116754365894,0.705573659014929,1
-1.1446182149308626,-4.094317583633691,1.8218925385923868,-0.6511747300974685,-5.689727858813823,2.5021941120254465,0.3864890615062536,1.5112900104690747,-0.27014139584851815,2.2541425501014998,-4.1204084261093685,-0.3366627560365907,-1.545694036906569,4.874150181909393,-1.5612699158105585,-1.1354843349590091,-4.782741757730304,-0.5818931489756969,3.8188123270197636,0.5128939818892957,3
-1.0940991403189662,-1.1625057538887664,0.43490624712296766,-0.7427471680502024,-12.321554744891596,-1.18862384298206,1.892834483864403,-5.198096611471248,2.562181185407421,2.188201239134648,1.9838464870822876,-0.9224402605643938,-1.4697264478211975,1.896092203133552,0.18809341659754297,1.4644625122377632,-0.6047697918481674,-0.9764717984510988,2.8456232237717005,0.9565108812872265,3
0.7279767962137369,0.3064408417399931,2.250248974633414,1.4234399768698212,-7.003410900942319,-0.44270165241156845,0.4441065905183477,-3.539127274024816,-1.6091526942768803,3.7106111378497166,-4.426318618925102,-1.4174789745035938,-0.14113224782902645,3.90385623806783,1.9066733641137419,-1.9065461039844207,-5.710913534238655,0.9581426257087239,-1.828419024343034,-1.5643188384913667,2
-1.4743788133864713,2.416451942218478,-3.003528813132236,-0.76491592408481,-4.883895551504052,-4.015004449051057,-2.8957460827477273,-4.207603132132501,0.8632510831666895,3.8827713058142113,-0.9994472920344915,-4.7804320444839785,3.09765882792822,-1.5384631483790856,-0.367706324979197,0.3985387227970714,2.9097416440950328,-0.8517776058894487,-2.090944446104304,-0.9307501685249376,3
-2.813234571889221,-2.010986763253388,-0.619078429542459,0.23403965853332037,3.237240820711221,1.8022781436323014,0.7514388008161426,0.9828126161689206,-1.2351546486214664,-0.25576595211216113,0.30602012780800064,-0.7392867564409649,2.0035758197589866,-3.240142852681874,0.6246142324814321,-1.3337046590436523,2.283980687825536,0.06283441927758608,4.698466541861354,0.5345478010892165,0
-0.7577678818017595,-3.2058840405220854,-2.202411660470814,-0.5898463977796405,-2.730573937622385,-0.6556545011665291,-4.607889658707246,-3.1726174667434046,0.18325153503333724,1.5652135075535825,3.559216458228192,-0.2786268754548522,-1.6120666972439956,-1.5208466645115908,2.239801841153104,-0.5345051541233914,-5.023527541049851,-0.7256108725236843,0.7006421469867408,-0.2203124053347578,2
-0.2320919921747231,3.2084076224087985,-1.5273663649847404,0.6322591933967947,3.764854524437491,1.1015148579107978,1.6557289741098453,0.2748995426380465,-2.686817861721287,1.7569618045390032,-3.6864703082470656,-4.245854687023161,1.2098656623693622,-0.44751783647105703,-2.1524674031400988,-1.7788094839151622,2.4578725295557304,-1.2015649558717587,2.0933961930191924,0.5478888611782081,1
-0.5995164414197188,-0.8894118387582863,1.0090249697487357,-0.06537420809013574,-7.019489234392518,-4.4250164835027554,1.8447083474987245,-1.8199223386993766,1.8696772847353627,2.0180368595227343,1.4653070285432355,0.3482894490158741,0.137317606304876,0.4533760213304002,-2.4679753491302825,-0.008443448542461453,3.372013517957661,-0.9586577434184866,-0.9153717104517525,-0.7916462428818392,3
-1.9103755620842189,-1.222502451485676,0.9500788759719613,-0.9518156664004086,-4.364789355530779,-3.035635559128102,-7.337743378242929,-0.18618275560174613,0.1254347147838446,3.141650860214457,0.38748202803592907,-4.278834990127182,-1.3182357132237865,-2.4924211193932773,-0.36088088599944124,0.6164348278702614,1.5589383553698646,-0.04645199984130626,-0.93775372989233,-1.1870673075449476,3
-4.1858279808413315,-0.3868386521353644,2.734638089655185,0.7367903744436601,-0.7163030789837854,0.9830420215829205,4.104989743209393,-0.2301927663022838,0.5449348076326003,0.5370030553133587,7.1779992970866555,3.1216216957337073,-1.2358482599753176,-4.4297260978104305,-2.205233992669763,1.080855249860043,5.176501841197716,0.1463806397295397,3.1452230930122136,0.17336160995703365,0
3.9202998992576488,-2.123775376764938,0.9327279014291276,-0.2977925380653792,-4.705097265863895,-1.5670801771436504,-2.7941748105091064,-1.5489863480119266,0.0042459464737716335,-0.035090600336528555,-7.904027272562612,1.4429743348407038,1.354053966500763,6.235065109521811,6.722549877457968,-0.5362438508044911,-9.60185222571115,2.401414527348319,-4.966246135380553,-1.9062270916431399,2
-2.643451292677598,-3.3688151159802513,7.156441823722815,1.3052188804680482,-6.154992211627066,-2.4679551777843662,-4.693914888591329,1.4226990175162118,1.551502461508167,1.4110350753273257,2.8045789042011653,-2.4478117917295146,3.803343493689538,-3.08571513171976,-2.1740887314273323,2.775622457576957,5.604689945972958,-2.109810031329605,-4.192325137255208,-1.1991161349844328,1
4.942770351018474,2.7014142174574265,0.5907104312122164,-0.9857460715558927,-1.4506419555422825,-3.309482142641928,0.6286114669872869,-0.5710177217654777,-2.6837632416809805,1.5960571560555583,-8.750944697487062,-4.061974515797251,-1.7385234599136363,4.1930872229055245,0.8244796574680106,-0.14849720022796464,-1.2130359684029526,-0.43142871386001014,-1.3254866640346474,1.1489290692231806,2
2.1835339026832363,3.613849103382004,0.06516082332740258,0.22274749906626273,3.775843330905635,0.3977949509947807,7.262450352663151,-0.800337513654823,0.1439694931406541,1.2145191527952859,-2.3543244817712274,0.867682271805144,1.1235826937407023,-1.7261261446960472,-0.704056221473892,1.0610913531190147,7.301458886362448,-0.10392508664467971,4.478093938941899,2.1667417205364328,1
1.5169275945406135,-0.08094705020289861,-0.3122027573723607,0.1951057812000286,-5.371009274383244,-2.104630480117965,-4.46354754151517,3.8028247059927875,8.030445669834812,-2.617553970618379,-1.7376081004598967,1.5444192977795645,-2.6086546044130654,1.1633446312355078,0.8593402525493561,1.2694058119351064,7.20452862449696,0.03003385471678399,1.7147959785113769,0.7452921846797594,2
-2.253030150637966,-0.7650943506029726,3.4314551831556517,0.057329747937781554,-3.5949835124446783,-1.437989144313174,2.045274327748563,1.5633246820520532,1.688699135013981,-1.703750941892385,0.3037749823534667,-0.33246755049188326,1.9482069829332413,-1.7544967353025953,-0.20279670984907305,0.11183886506958167,7.506477408218551,-1.5985735619036765,1.6169616964083826,1.0866698988430352,0
-4.093325324945093,0.9433356169375653,1.652277158510598,-0.8046890385244957,-4.341579262066948,-2.7103902721487696,6.362549384963621,0.16313520761409772,1.2863374146091915,-1.126089759831591,-0.21416332008339065,2.8842848740343343,1.0570335385201246,-1.0880070508991784,0.9680637592483112,-0.01906339785355501,7.050454521282598,1.207288311475221,2.239758414468648,0.6252924411502272,0
-4.042000860153506,-0.6110771129862924,3.2603101753840162,0.30513088022829987,-13.119887298355039,-5.698751459610195,-4.778036978755086,-1.0738827318294066,2.762764983625574,2.5289035881020565,1.1406749051235292,-4.507525370826533,-2.058658744870731,-2.125778068663138,-0.5909781280168812,1.9162990747701252,7.1603334461868196,-0.5404784396671523,0.3800817717008451,-0.979102968483009,3
-1.0806645326643,-1.1645970143544064,1.9885320279752428,0.5265764384642192,0.4575783503468101,-4.002180430417232,4.872853496910472,3.9813552050653835,2.7435898240488594,-0.3339829191462673,-4.335737607353931,3.3091437360700544,4.260719255193492,-1.532812238200655,-0.7721770954236435,-1.4335068889800684,11.301584016801115,1.0229255033526945,2.1635970024152766,0.9038425628127866,0
-2.1616094911422232,2.792394275985435,3.892578269762267,1.422625740342574,-2.0784592052261477,-0.7649051143695846,7.072674405762971,1.5777162370547113,-2.1438065688154904,0.9503730378879829,-3.3020515100328836,-3.3043835201355893,0.9043686055736051,0.04059627903613561,-4.217012062861896,-0.01625397305553045,8.49287560912866,0.7366420623652961,3.2003984166164416,0.3693939015686981,1
-4.148901734624159,0.7223334945899071,-0.14221103919791478,-1.526106221803749,2.971501887075834,-0.4931515601747747,13.622379379361213,1.90774390420061,0.7739911463119906,-3.8316524604672453,2.1851119726691897,5.327967269691099,2.9877133309106645,-2.735295402334569,-2.0107167381520306,-0.5525835081225525,11.33661202640011,-0.8256406320771338,6.652876813892881,0.4578025125001207,0
0.6705363354019965,-3.142366632855067,-1.119959512047047,0.29950050943611073,-5.4873783611901565,-1.7475946220563574,-4.109291486953719,-1.232006278405005,3.137531949895112,3.1082949649955,-0.3251024472548168,3.2327090215233083,-1.1346540178934226,2.7031540910294787,0.8040910823237226,0.18194918968313586,-5.321394938793838,0.20384753312379236,-2.306167208350093,2.090149465163024,2
-1.461255665749841,-1.5864795420842537,3.3940314938020446,1.9723934626280817,-6.266100753378123,-3.684109993543503,4.865451393713197,-0.17842561816795488,3.933633338685789,-2.1707224604590563,2.998525334291102,3.80301207866146,3.4142745169979336,-0.6043360466421182,-0.5828101337655851,-0.8254095747162776,7.212945059026049,1.4449064408682524,-1.5004457683975505,0.1484158715382944,0
-1.0413370342165886,-1.3057911771911597,3.973202623402958,-2.4608895751718785,-6.319086480515845,0.01697504718254561,-4.668212318119275,-0.24462938261192968,-0.14008419581594356,4.350467612809753,-3.3934670066178856,-5.995798182231333,2.918808566936609,0.5439815779107786,-2.0111888586417,0.2009563978861731,1.0088188133861353,0.051308619657192724,-1.311443230983075,0.5574194011240288,1
-0.9807765356370268,0.7364988946443467,4.5110840574165785,1.059244833995519,-2.9149396030173755,0.030340980217786973,6.041849575006467,0.6091469545957713,0.3833575651955765,1.5263699803366513,-3.591993491463362,1.530603777194188,2.8470108078130547,0.8681603486189382,-0.7075248785904112,-0.0992753876037895,4.977266185946117,0.7744900968270563,1.1549266322864926,0.39985888437087463,0
2.8905349444964203,-0.20540931312978317,2.127907955976745,1.0407528575112945,4.601950474136796,2.1658568932534634,-6.9162973919249895,1.7286528447918152,-1.5331657378581514,1.6267979459100799,0.16872160013572665,-3.417434887651334,0.2638975825762797,-0.6499187158245032,-2.115179078713923,-0.581879823769753,-2.9769521851584524,-0.1774350097632825,-4.285089314326578,-1.4544225830944784,1
2.407697732534892,2.4056158580515756,-0.7259260400285834,-1.547807316456467,11.255507711678586,1.8568302939865506,3.4719036015264413,1.801393895531571,-3.208116746382015,1.4612239745679927,-2.952300780285016,-0.3923949133886444,-0.26551012573955535,-3.5767142605919617,-0.676325139229108,-0.8760548875745193,4.412633319936473,-0.8917991318105651,4.916189483292783,1.0722744292499815,1
-2.062702481313087,2.0265042561338893,-2.624500377160436,0.6504404269065736,1.6152236835926608,-0.060462152826158855,3.3912154197533577,1.1200400484595032,-0.30865989978115893,0.11399594623576315,-1.8518715817833369,0.22704932513980514,1.1150587227513464,1.000144583084131,-2.3341375745493154,-0.6757091022731422,2.1392497580370904,0.5652358327980154,1.0442317222596789,1.5082941748834424,0
1.0809626599370616,-2.967423146890949,3.34684104611057,1.0738604235470361,-1.3425801359986957,2.2438776483807525,-9.812140023508334,0.19671529625546458,0.4474707667598694,5.637935791058579,-5.415454063055237,-3.5659944264478165,4.381030760447532,-0.36115977234949836,2.192944319886026,1.3155344233889197,-3.7399279526845497,1.8997499528469546,-2.8186029973703763,1.0336035092642322,1
0.7370361066207044,3.01244131980511,0.42396436551728445,0.8818109325088772,4.456383300758359,3.407092671871907,5.794880598206453,2.210660407339354,-0.20844649154575334,-2.3444127877844023,-0.8952780268233762,-1.6267272554786767,3.4230698264044452,0.971088040584041,-4.5537287930737165,-0.08857399180927748,5.13602744922927,1.31624730679068,1.222552503898224,1.16716454701156,1
-1.4439030438435383,-2.0475053790254116,2.5139166151802126,-0.17659559225835222,-9.047504323760332,-2.8983180588899797,4.533529108786123,-3.0905852001216596,0.9464496030310301,0.740892947275892,2.7269450683328613,-2.3725298365361303,0.2722172969370791,-1.2155853138555157,-1.8660194388925389,0.8498076329361394,5.997941592355612,-0.5858718436344491,4.415675032817071,-0.33640514659319287,3
2.475758601696282,0.8221881867048282,0.8797629915651729,-0.6470965314299127,6.845462908515057,0.7213853485671481,1.6820298951738162,1.3450338965740447,-2.5487019298656133,1.511431312747176,-1.7780906004122161,-1.2756477232875418,0.6331531538191458,-1.7596378266477521,-2.10629135647585,2.2372843848015553,2.4903149184211717,0.5255883354395128,1.3614636042358148,0.9837572938101565,1
0.8749454328365885,1.5823193590885742,0.7615641045918852,-1.6822520965227912,5.150745160468725,1.1873005520879658,-0.9606184961697283,0.2983077424206815,-2.2546765987581545,6.064315707078979,-8.39154322500502,-0.20183942965357704,1.0548678979094293,-2.0562879487902728,3.4400859303482556,-0.2422247653612216,0.7569678885601832,0.7040154026667743,3.0659393395386605,-0.6958065646479428,1
-1.8517684938317178,1.1010113192976885,0.9655118445336863,0.5975821149390751,-5.129212159187436,-2.27755970664911,4.373659822236899,-0.4911409614623157,3.0439313823013334,-1.1696803821031962,-0.6908947306846847,1.3121975988262147,3.774901049660114,0.48952901893446366,-0.17867625393966935,-0.0070315931104071696,6.34088626742613,0.8259171322782809,-0.5207906689273505,-0.20350553518375686,0
-3.426446250480624,-0.4722608075585063,-3.6831426586883587,0.19432506813426945,2.0319473461485784,1.081129064289474,4.029098493927205,-1.4253882035415204,1.1254191793787507,-5.262007150256537,13.038022459489783,1.1658552364527197,-0.035994914747049744,-3.9550999234209407,-4.189260819699707,-1.2395388727570273,3.2982131689054532,-1.1715989082356029,1.9434887164031731,0.5175985956695969,0
-1.3829040532416976,1.0645578797371358,4.601982700768023,0.487656732462146,-7.515501287087044,-2.1471590756614245,10.04538249915883,-1.0089299571603423,3.841150807407424,0.22839788187914856,-1.5317026749636073,6.414680386289614,2.4968669159457457,1.383958568791758,0.9517163727082982,-0.4240786137713816,7.425212062934924,-0.09947603356888676,1.1442971337854222,-0.6284232896059164,0
-0.26211116133751045,2.2519347889730135,0.6423221725219106,1.5896894425843657,-2.5844446832869816,-0.883572349784575,7.756533155510839,-1.92790853880811,0.2709021007477257,-1.1814486005854468,2.0531090499670595,1.2410003444488942,-0.4460225478695615,0.385568732907388,-1.6066441798507225,0.12457335352171363,4.0957871892397,-0.14331944879198452,1.9358781376825362,-0.3634132462478266,2
0.9148486247940286,-1.0030744249916568,1.2214856877123559,0.6305432162630155,10.333329455241527,-0.06187732607075169,4.218905571567852,2.806698203106702,-3.3736391060342243,-0.8868743743638747,0.11566561353951024,0.6073874552917364,1.634435142096518,-4.879202672859382,-1.1361456434967672,0.0440261614115237,5.918114255022395,0.4466315318407984,3.668256956437856,0.24930378417426355,1
-2.9106875459602266,-0.4811377343723282,-2.214313010606469,-0.2052326450350451,0.24919304252107177,-0.1397673343868897,-1.340640685456471,1.1585727771272043,0.7478488603578725,-0.9820459094210976,3.8009015893758336,-0.2665111897322916,-2.025727203851738,-1.8792699281925933,-1.8836689308277517,-1.334238147735143,1.9035791245510696,-0.8685544383438216,2.103394385520447,0.24374992358908618,0
1.0555846556764183,4.314535450386176,1.532387891394098,0.9506783849184264,4.9242414974701525,-0.20848768468811296,4.996040603305854,1.9983647662321329,-1.371016993455157,-0.5294444908724396,-0.5181267888736096,-1.6573927726095847,-0.7839877938110495,-2.2733689635377736,-3.5126097602473934,-0.7835548040410614,8.658682703971305,-0.7279033391981439,2.3513953337016504,1.364817715332212,1
1.4193843025959412,-4.167113597999547,-1.7901498896770538,-0.25452539798988877,-1.6817149183203628,0.22760936004274757,-7.300852123525012,1.0438323076272562,3.196036389163562,-1.1994482878771309,3.4433279862403885,2.655854564246499,-4.030453989102911,1.2666821901212482,1.2886949430468913,-0.6529957981437229,-6.137048305277124,-0.11617458944331784,-1.155643376913129,-1.4286909633521787,2
-3.2163771424739993,-1.6996987651321953,-0.4746132344749274,0.18827712794571447,-4.457876674072464,-0.9514549118305412,-2.0755007069632607,-1.4136600663768406,3.5037744721947215,-2.2222476603814783,6.886882815302719,-0.1340659334962122,2.0288026584388286,-3.216535222688544,0.0075886053119555985,-0.12303339134922658,3.7212082464503133,-0.027675593338968962,-0.3305678781800623,-2.2092196192035805,0
-3.7121652501807736,-4.015446751173304,-0.4884102423275347,1.323650064374868,-7.397991178200756,0.9135463389050846,-7.19123970231279,0.38727345515233447,1.9335460092949779,1.7469923228919826,1.7709863354246853,-2.60543950112233,-2.593421791841711,0.4608475306751053,-0.6839299324665942,-0.9445510888782677,-3.0198866659592993,-0.08133156898843943,2.3614582956828327,1.3680747353783769,3
0.12180445956770836,-2.3180306299980438,1.2974410365333795,-1.1779838233485844,2.6794601840114947,3.113971380608419,-5.80694769469052,1.2240997052239895,-0.6647655091277715,1.2432136553331037,-1.8453740214327121,-2.6733325251776323,6.503164507089155,0.5131674834365685,-0.6800810708979214,1.3259631880028573,-4.185959095176289,1.1448562428051574,-5.007648302378785,0.7884822361427664,1
0.7436647988114707,-3.021241880550806,2.0659607649307086,-0.9800251204746679,7.016001351773569,1.9870243722189267,-3.893184329033799,3.640163443711761,-1.6236712468040078,2.26077891719932,-6.851491447244847,-2.05264945354049,5.179890102148178,-2.8701964771385136,2.0789096772279727,-0.3671290454842439,2.105694259562626,-0.8890987830305453,2.175391955864969,0.6570206291549404,1
-2.549387787105928,-0.6238915183136245,-2.194488655431327,0.20859296405883831,1.6611527406922604,-1.0304332180107934,6.719415464028412,-0.24191111328979087,-0.0852390770882061,-3.7005204213959124,5.663164731995371,3.317669427729215,-1.5894476626473262,-2.569690262406451,-0.5997663578583047,-0.5110588924987925,3.955347625722122,-0.46294720035883374,4.651530671878213,0.563326619325328,0
-3.8704605171364483,1.3639297584009298,3.650915927140137,-0.19277959793463204,-0.6001643733581818,-0.9936133525102793,14.204629770255252,2.034800923703201,2.091486898386327,-1.9656473735970705,3.331716205416437,6.221602460658408,4.399400541348349,-1.0544690351707253,-5.610490653901815,1.5913181735745794,12.185779838017563,1.053876791624804,1.7795790302790926,0.7938438452438367,0
1.1067653385465912,-2.167057129885155,-0.36243208959557816,-0.5121380316355079,-6.903545272625881,-2.639247680031384,-0.960747623234341,-0.4556646216536777,3.363408287064419,2.1053078641501246,-2.833521971066134,3.130095093173297,-0.16992135660760366,4.724635451849931,-0.039391609506929326,-0.35266915733876925,-3.208730287901693,-0.7370557319215395,-2.4977498203379187,0.42253542485503404,2
-3.604829874721031,-0.2530582242848558,3.4473325562392136,-0.016259922350276696,-9.754349395309493,-2.2126618299821086,7.7620974798249645,-2.034721089120767,5.669025148784371,-2.4247905233872182,5.478902269966945,6.503125670661218,0.9443053326010364,-1.2610074473992987,1.3808980543866651,0.7316835593162645,8.147136521864535,0.0981819255132007,1.9089993812314854,-0.5330168942138286,0
1.5025839993464243,0.16950620691140528,0.6985855489595156,-0.05752883077561697,1.8763368379726164,1.1414715393104715,-1.3120173003044446,-0.8368720479665468,-1.6746436649428584,6.16971393500698,-6.076893705408332,-1.4273917534474665,1.8441356450795146,0.08756462752290162,0.3581720150795722,0.00939574467630873,-1.6267535626542526,-0.18972679401771703,0.9336057388872971,0.7002786482026319,1
-1.2568782444982616,-2.6312061999891707,1.632190551382283,2.111123401140718,-0.5133036477291613,-0.10651616600892289,6.408181461822948,0.37538624158178346,0.3620675809462026,-2.8037448523194297,3.478820740404427,3.16352219396149,0.8802203109728218,-1.0482278205151419,-0.7256598997360381,-1.1200606219974578,3.3450645796904577,1.4890176597125866,3.3032894433690725,0.18611145652563416,0
-0.13230320035388488,-0.5642694303820978,-5.565011273195285,0.062361964269938876,3.9812651430369947,0.846893901887515,-6.560141389561953,-2.0729379408542576,1.7313971959703265,2.808782256790578,3.3861726797546816,3.3480212766030313,-0.29679297401911287,-1.8685434052256489,1.9544619828869125,-1.4501490925988405,-6.443974779511173,1.4805936766922854,-2.760028793410698,-0.8573621115341507,2
3.6313083923718374,-1.4564670916514466,0.2072534072679093,-1.1618801633497293,-4.896546331832585,-1.6223626726951674,-6.882356678292725,1.637341951274307,6.2869164775898785,-0.6164652152936099,-1.497478408653257,1.7509566743450988,-3.6314216844431866,1.578525774443237,2.671862616729073,-0.0635911926465405,0.9016989104784437,1.7263179432912916,-0.11273593297077134,-2.107012101708257,2
0.3620670319583954,4.58140897811715,1.8448879151547901,0.7470719032815628,1.284650769451356,2.8576269032896553,6.417327098321899,0.7101109482235083,-0.7760163526192856,0.511121262056384,-2.819835139227553,-0.7008460043469453,1.5774015352513675,2.1919182685139176,-3.436178989576008,-1.4636597958906938,3.3034921731878764,0.8742887070677532,0.42925874980637213,-0.013971393665548068,1
3.9875112282398164,-2.1549063713502203,0.9764948258341399,-0.21164555499574597,-8.132001870579064,-2.898730517673796,-7.210287537795243,-0.5061572682224422,3.7913524593618675,3.1467959095117335,-4.151386008403719,0.6752601036881535,-3.264607164786222,4.560783325435926,1.982018381099274,0.6041790892038618,-4.946179541571025,-0.864205021009531,-3.3040406137874365,-1.1418788166498557,3
-1.7966718061219755,-1.2792255466124944,2.6442200241091207,1.3973129752469309,-3.5497721027896434,-2.0134201290685647,7.067111216502619,1.7795671961415396,3.7863920710042756,-3.1434484983969737,5.274314722345006,4.31288737993436,2.0519682916018653,-0.1840147268037069,-4.673218737816242,-0.5870092193080347,8.285122714801654,1.3665548633342741,-0.04068368072012407,1.1553747187866779,0
-0.1522990533928401,0.9786277090789897,3.025417132278771,1.1436279925648152,-1.1731747581605119,-0.017524653887460495,8.746569052540279,0.6010402349050676,1.748245976108092,-2.566442569719298,2.873717122161074,1.4074328449890074,4.24835673415846,0.251470082474744,-4.896500466328958,0.2066817873696032,7.9855565892979605,0.9188547498430165,-0.14949115226407184,0.7655864846038705,0
-0.3458731058248017,-7.224419772264815,1.061607941156665,0.7214019092251294,6.0707996675891716,-0.5230747323829388,-6.11124987043576,2.452176549315853,-1.9144874352485508,1.2328543308500473,-2.5805313197120086,-4.569809946979628,7.029778928272906,-6.321227672951489,1.6920963243527054,0.15948576419808913,3.802195941087433,-0.1239759236297955,3.339980367830763,1.837162833292089,1
-2.334173092842853,-0.44402974911601034,-0.20500470705993634,1.3776868872790455,-0.29440136106439924,1.9273353467335488,6.206021840310104,-0.6678235436923057,-0.9460310397993497,-1.102956670506841,1.5253049251345148,2.7337447152247254,-1.7759051997055342,-0.1889649498238566,0.7760527416534639,0.5027148723024969,0.04702491766563532,0.9441312557802342,5.420132958027777,-0.6639007459804149,0
2.4615314759813014,1.8854882243805102,3.6266267557418526,-0.11456113901314935,6.076099912284463,0.4407247348265704,-1.994480746491959,3.254858627047142,-1.2377150491453988,2.0827396707092705,-2.077519608630141,-1.8762228057123684,-1.7569449949844995,-3.5749342276588942,-1.4184671508111932,0.5704466162353741,5.962371918574483,0.2694971098094204,1.354376326705274,-0.38395995921171594,1
-0.240978052325177,3.3543719862570445,-0.9768891719059445,-1.479400371416769,8.687589393971924,4.196982100652548,7.1212091455470885,2.670177651819167,-5.207556709691856,-1.8067565490042141,-2.8474120429639127,-3.7098868955197593,1.321370035577523,0.8668913197704597,-4.680464988338903,-0.6550625591820914,2.066857125183496,-0.7569409115595236,3.740346507967819,-0.45719312552820807,1
0.4332745679818437,-2.463910816802148,2.421033733230992,-0.5260118282402395,4.080653971495068,-0.8834278903100926,5.279318513455217,4.53794641169294,0.24119179180490202,-1.6380933628060586,-0.8668071104514532,1.612065832776703,2.3215194992567554,-1.366453914775651,-3.7573305003019755,-0.2837343497884642,8.073662559667923,1.4871391479383496,3.402442667267159,0.15771535411377002,0
-0.051542793360304096,0.21765154835188727,4.121175391221605,-0.2975389585302558,-1.1855684492503071,-3.631152979330727,10.217664540782494,3.419844947121244,1.8359492789339893,-2.772679158914289,-1.6372277257158485,3.4309859128158178,3.997949953705561,1.0206549441470592,-4.0319885606841,-0.012594201208507957,11.136550102531036,0.05317794790313622,-0.03125549398770988,0.4949678233914439,0
2.219018620743497,-3.127038150257892,0.23520803212348995,-0.17978910825294864,-7.4238209224226255,-3.1896247223668484,-5.138611044943862,-1.5539594669027226,2.8812920726662243,3.0799610056542783,-2.8685861011729896,1.4734143818209329,-1.646498099588432,3.034982962232143,2.622117432628256,1.0330264942351812,-4.622543084339472,-0.6882918117632572,-2.1599825315276386,1.055833885424119,2
0.1913595328842772,-1.623243672619513,2.4104663627667025,0.2716492367252905,-12.112970667936706,-0.8126514123040145,-2.645166252171696,-1.0186021081377565,1.6996831939163566,3.6194748389694706,-3.127267335784831,-0.7479930021043668,-4.591312250943865,6.164246203167377,-0.8538541576167181,-1.225417512239186,-5.548772787507679,0.7962987612216793,-0.49567174206625353,-0.8061736063816238,3
-2.991873360226062,-2.5648269947585147,-1.2086304887842092,-1.206684885774259,-2.5327528020134826,2.090384670300963,3.5876931364688773,0.10043598603898984,-1.2172988281174955,1.9938035162066323,-5.557673849099639,3.121109601380285,3.9746655802242103,6.061969162797801,0.07846937594600001,1.7918022135289084,-8.034220191823726,0.5129289152497527,-1.0028452644496224,-1.5946196134478658,2
0.6223858326463868,0.28512853009500905,1.797854099103433,-1.0419326687783514,4.254142130213302,1.6895170921035092,4.264294399981942,1.998225142550792,-1.0022011468220229,-0.6219370396331638,-1.931585364724171,-0.8388714641163774,3.203869897091499,-1.0332624651499436,-2.0233210154558567,0.949558754782266,5.017432853289479,-1.237316387087488,2.5085488533628144,-2.268739495866622,1
-2.1098091563495185,-2.495098360726919,0.6146043171700093,-0.36537318378700423,-14.935111685818129,-1.275200860403997,-0.7175160386409356,-2.741605294051735,4.74749351353543,2.616798890316729,-0.7713890400748036,-0.35894774123979256,-1.1438645766009523,3.950909527640182,-0.21990713090453906,0.9041958140762485,-0.6220252633083532,-0.6226473516777409,2.424085887533976,-0.7251446492704843,3
-2.142423248117049,-3.00021292268932,0.6462786014459451,-1.4767810801431691,4.732992871569466,-0.5237410462268176,3.197784832403977,3.127452170417958,-1.5181305600354413,-1.6317943228963758,-1.323363968244637,0.8400003873045818,0.23756691739082414,-4.5801109552278305,1.815718400088186,-0.3661610953788138,6.685587495159357,0.8891561736768938,7.897833283821125,0.9027619892851401,0
-1.8828491808353403,1.5534381712119614,0.8661589337219574,-0.28527998028888457,-6.254999066490836,-3.5774036316749465,1.0397073263157763,-2.7460142909880725,0.17704910173608512,3.0355811349427366,-0.010836380431005843,-2.996317677683167,1.5515657495115853,-0.7468066479509687,-1.953457945848344,0.4768241717836939,4.195449552374501,-1.0905189873709145,-1.099539051121674,-0.3732223507166378,3
-2.332896894686052,-1.6028047056495496,1.877273870644569,-0.21657587675034085,0.40508627937577635,-0.24982869062334956,-0.27422076968884607,1.4858245427636874,0.11878592193470006,2.9479657177414587,-1.3421302355888127,2.3238318319420763,0.5491291006216347,-1.9637637347775918,0.4202363104546796,-1.683227248829322,1.9672438990123686,-0.6931233416845494,1.4988662585268222,-0.6900562840936011,0
-0.8217206713856035,-0.8980201846521493,4.390790086230606,-1.9614555620403007,-7.3551828720768055,-4.922840703723408,-3.231519940154279,3.015423584849234,4.917187716511707,1.8846787699787386,-4.233110910121177,-0.025561122548075188,4.068275618413802,0.7232273706908234,-1.469979414300646,-0.39132207752028364,8.140866711126327,-0.9317567818050291,-4.4178934919566935,0.7682538372578852,1
-1.5715064999425246,-1.1272108681178787,3.0400363672611315,1.4409826473778997,-0.21858393276494031,1.5934124480836847,-4.847643183849789,1.8108076282047325,-0.484801929439309,3.005056985370676,-5.333739715512357,-5.1177352469884845,4.859809025355819,-1.9538581901133856,0.5100534074076022,-1.735364660517407,3.25119723739901,-1.4175269251745022,0.8230485292204167,-0.04770734331897474,1
-3.2515364136924996,-2.148662849103734,-0.021259169943667944,0.3222133336277345,-2.8319000750609185,-1.9457679248290587,0.7869953386717542,0.6466487203558942,2.5841247100493883,-0.2451455569961929,2.616885241628763,4.035460962429593,-0.3378889906222662,-1.7404592445966451,0.7058602030008947,-2.174066389693072,3.000989653070009,-0.03957959026796608,1.509468241507171,-0.6595830924082117,0
3.782266276648843,4.133128792131722,-0.4134927901134251,1.1959050092045331,5.162387906797971,2.9010382251213733,2.678484468508076,0.533153204791327,0.8657549451363948,0.40815360751075835,-1.7894302119301724,-1.4041497587189284,0.7511469211726265,-0.2824160251007095,-2.4220173380418704,-0.22892697234493242,4.645641487575544,-1.2441046314288415,2.093656918572566,-0.6195964567382412,1
-1.851697624714716,0.49361727734258865,-0.5856528784199555,-0.33002573272802754,-0.591155157929763,-0.5629257013160159,12.462907428539543,-5.656279018472958,-4.02574239277212,-1.716779088117891,4.803497620948503,3.8280994698033353,2.7947955465465912,1.007622293010364,-0.05664555749198841,-0.5303915911080285,-3.757504920554388,0.2960507154125202,-1.0803863468916133,1.2629594623303935,2
3.4848902776061084,-0.19326696519170494,1.0820663535924302,0.94131881880201,0.2871714805269367,0.020945416693094465,-0.7460897697463802,-3.2665454023744274,-1.79708857523553,2.168330548188006,3.141690300224051,-0.9024096241891614,-2.3615594011677143,-0.4674889975877181,-0.7394408396168332,1.8088542150414562,-3.9430823312064005,-0.9953183993376351,-1.3966425886887177,-1.772151372186271,3
0.408016766962671,-3.145808555915008,-1.9665264294752378,1.3178597502786895,-3.7614842299136875,-0.6073915361648955,-5.7256912993069315,-0.9755975491517043,5.136616578450738,-0.9425474661023152,4.867157468460665,3.6869801370106305,-2.1279611623322334,-0.5294530986395813,2.5337142718116725,0.25228583529822846,-2.678564830448535,1.1963431992507594,-0.7666620039755262,-1.4451599223621965,0
-0.22182784768723107,-0.16975645062654654,1.3640145790547002,-0.6392951791995735,-5.964386664899107,0.2206374259276318,1.6786466791529868,0.5227479311651269,3.323871497893451,-0.15694383764352127,-2.3020180865334248,1.595138449100231,-0.2750921588262698,2.8389834489539894,0.3245685614359486,1.4573328041351108,1.739904828552684,2.7007289466805386,1.5528169732472379,-0.3412843283702203,2
-0.17772245004616782,-0.18985659530400545,0.6783462137081999,0.03413741111111485,7.615907802821473,2.40747683274357,-0.43464400302459827,4.11088709172312,-3.9597888919293416,-0.24433066263791625,-4.417683809406983,-4.756231269799867,2.6493349717143504,-1.1513168586932037,-2.365816743459046,-1.6293558321962807,2.25984637125949,0.21409652537922402,2.1710856594821113,0.8538218858688883,1
-5.170711360039632,-5.177365082820042,2.654851137122481,-0.31348274971243295,-13.91753863731866,-0.2101349135602777,6.598699215719168,-1.4945162467303748,4.561436355565245,2.7245857179763187,1.8130884656829909,5.937041352736925,0.45960633570685094,3.6418729102909144,-2.2143017589084053,-0.6842093716826635,0.4703696038365884,0.09729553840607576,4.311754364911419,-0.8771565273934805,3
-3.278807001618363,-0.4478589943481638,2.1712068511505445,-0.08864628783913607,-5.632392830947822,-1.2516403027155938,6.92979804682446,-2.111559670224252,1.600311101460985,-3.1357383846617664,5.7346218089175025,2.4694078856095563,1.6361803524399379,-1.445213877191034,-0.11149081052844623,-0.8797227004728718,5.021662367434645,-1.7169486370974874,1.241598002624056,-1.0554997477683041,0
2.2577856407582377,2.374584487946257,1.8393862156737724,-0.763175663169483,2.5622211625608573,0.6763127525530684,-1.8563836378260852,-0.20772325357174526,-1.752443011673889,4.073542043998977,-2.813790042226911,-2.075899078971341,-1.3659493799797557,-0.9866938504833284,-0.5372455687537372,-0.33700145436020773,0.3082688655372573,0.3618258197149964,-0.3014543947024477,0.5473925660068545,1
-0.6455640599464951,0.9602510380567479,-2.2286764841316495,-0.20119736872895475,-0.21767331734893527,1.7370799342129788,3.529317894930656,-2.018149205935583,-0.7030915450429595,3.27119526318155,-6.089793870442401,-2.8309414546974683,5.418553837725513,1.1438551309582334,-0.2793990244170774,0.14225522649606848,1.1956450601350663,0.08878731461197253,3.578370661511729,-0.9020973973649679,1
-2.1028439955084055,-1.784698675611637,1.3869420266126273,-0.6284038692302407,-9.473423254348424,-3.8267108756454142,6.004437207641296,-1.2491974727622053,0.2015747315832177,-0.006234161189691445,-1.622814898156996,-1.78309196313728,-0.3593895458680789,1.8876817889352009,-1.606342656055547,0.2979980132477897,4.672112002915738,0.7788681856800358,4.5678396244073785,-1.2458277848078285,3
0.223739750034337,-2.415406318005368,-1.692609610481377,1.3571409014981453,5.512457518212819,-1.7556725978136094,-1.6745240967306771,3.5236859544094474,-0.8673033449691747,0.23748842912973256,-3.2529506024641304,-0.4639984572022353,0.47139997997784255,-2.1218505216779757,-0.13622286505494685,-2.204236304857036,3.1672112185438093,-2.0048593724508446,3.1033658517875273,-2.1426892826943296,0
-1.0222689466705297,0.695218350350101,0.5708530454335166,-0.9419342714304335,-6.040400285619842,-0.12958639698154029,4.551712293534749,-2.462921994604323,1.5512958186737669,-0.24466226630949506,4.043179242988883,2.9879091618675213,-1.8712956778159646,2.492744067844036,-1.7777818998421684,0.3345193854951219,-1.4701489939513686,0.6003183960020816,-0.8049280296786936,-1.1957247158061057,0
-2.5389556692287156,0.08997367028443448,3.965524002485713,0.18371664269576576,0.5743065499723548,0.7676231713037556,8.160432285547973,1.9340221744383963,-0.9355903081103882,0.6773994745952336,-3.651030200473015,1.7730010446128195,4.099664592146567,-0.6829136603888053,-1.0733855229126106,0.19585400551782683,6.820468131580174,-1.2692403163132961,3.51135779171478,0.6663769995473305,0
3.8176638031373846,-2.595478585759512,-0.6524116850880047,1.046164314479543,-3.7387527951847894,-1.2569801019245002,-10.560661491939113,2.557941894500778,3.632212562104857,1.3738938529180098,-8.930238780535225,-0.18877904039815352,-1.4484797602054886,4.659276629920059,4.950568441452772,-0.9047546173048469,-5.6140942308137625,0.8900045534343876,-2.4712543807302634,0.09930595574681775,2
3.1731862698664863,0.6392769949879313,-0.2130646799456275,0.3308289651666782,-3.075432833567946,-6.206130750641464,2.058453186679777,-2.2458347241286267,-1.963211468635246,3.274578820285388,-5.161677744910347,-1.7071949952017174,-1.2696777337107612,1.8471064862544235,-0.013726471511396277,-0.3496909122471888,0.580456897406702,-0.9041968073985752,-0.7595777520105109,-0.06294741931893283,2
3.004666231785665,-2.291278163723271,-1.5988539834717739,-0.5803178884382538,1.468885501534988,0.24499437702468274,-3.8470282074547786,1.7486407354882099,1.0518518696634644,-0.30376664834796907,-5.061182067673207,1.8975325286423368,-0.6797261736672938,3.052269080248948,3.363789365503931,1.2615832941550185,-5.298211775305925,-1.3824223688781023,-0.5337436587397487,-0.638190732566441,2
-3.9865925744852584,-0.03920703654887703,0.054828425193006236,1.4485213610415906,-0.516554705239028,1.9605454448142434,4.85100667105265,-1.4599390621394273,0.7641460684481831,-1.1993553359918525,10.892608435796431,3.730195770929286,-2.0490931887301698,-2.8539096071434855,-3.8386349489942746,0.9010301758605995,1.6129673532056827,-1.3378311804825176,1.7437959693092053,-0.6754672450275622,0
-2.7009341654863035,-2.258964443033313,3.380114492210625,-1.2757575700828463,-3.4712408835181265,-0.2429835625833241,0.9377541746307045,-0.09500786132906769,-0.27345374754934393,2.3064433834268505,-3.283599659834683,-2.482547064165206,5.716032970248641,-1.5273275756312725,0.23791247011187822,0.2402893465977269,4.3539944557774986,0.05906511524850986,1.746047541165442,0.5342233059567563,1
-1.7667394669349636,-1.6021037004844219,-1.6827962152861788,0.48378160830999745,-4.68346061654848,-0.5919746844740724,7.54944939260531,-2.170443437745473,-1.0834084531475252,1.793037262845064,-0.6883886345871552,-0.9675295347213846,2.96133828943278,3.7143772395918555,-5.2180638367723216,0.7944624548454314,-0.567190090923279,1.2764930996057793,2.282127101121265,0.050845298614804114,3
-4.970282766950582,2.245922773524588,1.4352607890528821,0.6704399078019393,-10.046353905219744,-1.0248750330667806,5.485015176136065,-4.320302471598927,3.822598166356109,-2.8641202003787987,10.050777688863057,2.5899868160565993,0.6212333470189815,-1.0435103241872157,-1.280181473690685,0.6956768683571586,4.348629892354806,1.2092547338496613,-1.9786904136367145,-0.0527906942165574,0
0.2955064886550971,1.031839672028478,-0.06281111291844721,-0.36387313776746005,-4.9794044359478,-0.2334459802548643,2.2291229068837506,-1.9910912329125088,2.8975023107984006,-0.46348615771525603,2.25685008717617,0.6280172188446439,2.117244598453026,2.338883020945402,-2.327959703433733,0.7274922867269737,0.6966781181543371,1.4089735388430829,-2.7160175145881964,1.8060342085701266,0
-4.233165548810577,0.9558514901807738,-1.0525527965812245,-1.8175918389495744,-1.4216423754649161,0.772235531717337,7.008695625955366,-1.2767513593563793,-0.5663144047104838,-1.5513321441353105,5.754713549873429,3.459489598386287,-2.7427008580849503,-0.692450102681611,-1.590002614984328,1.7329885492100978,0.8544079255657698,-0.33957717323157377,3.3096219659213437,-0.04877411658967404,0
0.9585632646553752,-5.003953085530407,4.999021186196128,-0.10907538069890607,-1.5156618113751588,-4.055707978362793,0.13248535132325973,4.656904164865898,2.0989323726683926,1.888232554703245,-11.390529290944228,2.220549730708841,5.383996393365537,-0.2814332504109667,4.115695857467557,-0.45186689518997386,7.54932833726663,-1.3431810946393392,2.6274282931172035,-1.262295361002834,0
0.052756334914392244,1.7427224755328692,0.32676391553018247,0.13294626845551696,-6.984021266677509,-3.148519978730748,-2.289402718327589,-3.5137575204236207,-0.10746507303976749,2.4749890244631385,0.671509391958031,-4.750578433580001,-1.750092669498772,-0.07065168774253894,-0.838663926672089,-0.5442747709407006,0.948395986265936,1.0238811349771633,-1.2139261463766067,-0.2577128316606194,3
-0.9273161498396301,-1.5468472969088802,4.793552719812461,-0.9322683271622372,-11.495202368341744,-1.5789484425569225,8.490117316807686,-3.2159679688565763,2.0914231479207634,0.79864136484635,2.54031151359027,1.8719073620986126,-0.5086304795497838,1.8211935478452417,-1.9770740520092827,-0.8070093832842306,4.0610709816809125,-0.1349381026313032,3.3263883979571016,-0.49156862846187366,3
0.08164842706265296,3.8132832481274104,0.247215088707746,-0.42883275163788914,1.4903647444649804,0.27276669555741706,9.518793687799395,-0.3037006887461582,-1.0650981430386899,-1.1354849125360453,0.19904133978585944,-2.7780620593636693,1.4839528738922854,-0.9892145628315603,-4.848571555989151,1.5185767129840575,9.387217339195665,-0.9772241151073339,4.832472738095419,0.11667858541184242,1
3.4560389923901655,2.545874931819707,1.3140177088713665,-1.344478605558635,10.429702785813552,3.809405737054999,6.197313525400166,3.237351063507237,-2.5108558090354043,-3.5274336156433344,1.8923027671008013,-1.148510610575517,0.8564420710373919,-0.7749606896755897,-5.617339737530241,-0.1486970332188408,4.493829473047143,-0.0876437881173772,1.3757832273923567,1.9609731230985725,1
1.4734365221426386,-0.6482969895178742,-5.152854376684399,-0.16355831477446467,5.964776133835771,-3.938235150548438,-1.6438701785934726,0.1587097001647948,1.1534969553294856,-0.11792944103310288,-0.1682900007680907,2.274999408293582,0.023830143824246752,-3.807972231782958,2.505815382472952,-0.3514583649709178,3.1768586577652607,-1.5674655425170778,1.666685247146713,-0.8818815631620925,2
-0.005938180499170942,0.8485330987406747,-1.1444635936925973,1.6300794320935157,-1.4061621005621163,1.6105891270724562,-3.3205290791857163,-1.7389750960121515,-0.27586649775723115,1.889982866917084,-0.34740343806610924,-5.389733260792334,3.211029576542641,0.6799861227663282,-2.4159585605258256,1.610773492265386,-1.4783510278391119,-1.9565399745882275,-1.9585957909250684,-2.43904658975161,1
-0.3886031033015449,-3.218914908528843,1.1175126336032997,-1.1702877060741776,-5.014232150768124,1.342386836056809,2.269420225111503,-1.5551985898579046,0.6114516327680464,-0.021905754397775423,3.1030801646988775,1.1655538079692422,-1.834094693092698,1.6511764686207806,-1.0391485222028298,2.2132238874193044,-2.8411548296430125,-1.0516086183651892,2.866530919824109,-0.22847014590220502,3
1.861570331465507,1.046662726182321,0.801866199501073,-0.5175045907344314,3.741254995353791,0.01472136153136172,1.5786231957747976,0.4275207804440697,-0.7255450276272694,1.2003344979374844,-2.0476514852411385,-1.6890269361478505,1.322180322986458,-2.3528852179366138,-0.6336864417422354,-0.26522157299398447,5.0364462725622134,-1.5511349013736393,2.612683555042194,0.9221792602990441,1
-3.8513758939904315,-3.6952810836892733,1.4826931808649175,-0.6953816500488362,-9.700883064874779,1.0438466188962336,1.1694937194189126,-2.9108853985633827,2.546814062360472,1.952360723484556,6.0579844280296795,1.3754202736082117,-1.2118850543043076,0.030993870507003196,-1.8602815800875885,-1.3091852211566728,-0.9687048563569316,-1.1481494881808638,3.192929237089775,1.0859937950796388,3
0.6493096656916562,-1.8419147672822591,-1.9391079566327352,0.3658689101034145,-6.343762343816865,0.7689041641156309,-0.7933024912661916,-1.4574224041414499,-0.1956675480613863,1.7005824103374076,-4.055734633889973,-2.2102279405371994,-2.0394288551709807,5.67502432760055,-0.2539057555251705,0.33295034472571317,-6.775229938881402,1.658658272441191,2.093543739766779,1.4007063750375075,3
-0.2094831032236708,0.456802264236555,-1.6031504910547945,1.5742710534897248,-1.092287098565455,0.6748625701432962,0.12280390891542921,-1.2844506961840652,0.8931140777221811,0.9342627113357995,3.7196313682586046,0.9712428837781535,-2.3895590444617945,0.43678753120679525,-2.290655410055887,0.6188242912507556,-1.7287541596402027,1.5351714939530958,0.13428677229764796,0.7094426834680236,2
1.850903651939386,-1.9159246680845368,3.405674588585876,0.6838291539371072,-10.150284581015823,1.3765895850000445,-3.9126369307036484,-1.4116978901170607,3.2950120606469593,1.9948163493804216,1.4003716634082115,0.5397328803616849,-4.828234028725701,4.278578686910512,-0.3970442333945201,-0.9842742800388183,-5.422642304399103,-0.8397548856504133,-0.965552985450624,1.472624682026792,2
-0.07418647538239731,-0.8541802491326668,1.2226990561208473,0.3333329801939969,-2.360521553961822,0.6603004268805894,-1.487945305855303,-1.7674240349081387,-0.39804420700149135,-0.1679666832975244,3.42395689165387,-2.7228511507006,-1.4482930194185675,-1.8425168982039946,0.04439775405165558,1.9624216767717035,0.21580243698319299,-0.10398004877670189,1.7459726786225573,-0.4938964617449101,3
1.4593155202988357,-0.2622921632238271,1.356600396317304,-0.1847629323610488,-6.621301022355628,-1.4819859510886744,-6.190438507343708,-3.775639368684534,0.6223768596669066,2.2783371650269397,3.118044236027954,-2.3094609990843566,-6.032229259812876,-1.2664120497396993,2.7822638002597233,-0.011103903606774742,-3.1508801739291106,-0.17052197407547653,0.07287574771023175,-0.19039430665581045,3
-2.1731029422845753,-1.5542659060541077,2.7606167365678034,-0.31206045639121544,-2.422473833082563,-1.6924695692294904,4.669664361885176,1.4899233612123663,1.7018909065268135,-2.6695328904778863,2.5033726355637986,1.9039424831319773,-0.18066102953686514,-2.7631228433897785,-0.06250592292190627,-0.25653396444045323,8.350447462690758,-0.3236804254807696,4.4781754789948645,-0.22913705051509212,0
0.20422532856993492,-0.18551226086148387,2.0044931082519932,0.9550467490248272,-0.12767540957020204,-3.445388581022936,9.83159261302962,-2.6491869111900708,-2.9732332088730096,1.1428661693854743,4.405129614762916,0.060512506219403184,0.8672048278284978,-2.111899905875416,-5.25721521512715,0.464300306421891,5.542027130980065,0.006869524110811417,1.6709296862326508,-1.1422836691252392,3
5.001454283549943,-0.6579591032811649,-2.335902013808605,-0.5342978986503194,-1.4387382148831482,-6.176869216741501,-3.9198948261397057,-2.5612591402586675,1.1353433368419763,1.3402425804888822,1.3189035386185357,-0.4348984131799174,-4.212029693045588,-0.9831124201082693,1.0547073242638776,0.4469973751035002,-0.16353644593757205,0.1739056560509047,-1.3829318383380391,1.2735493476844382,2
0.6004632978096636,-0.6267240248495074,-1.2456325429164643,-0.5994896290314258,-2.37181382917294,-1.123080608592515,-0.29000604239225547,-1.2452898155939636,1.2114387278316097,1.772303125155278,-2.545650053542184,2.0792506319486055,0.7305794167383706,2.1799102309138707,1.5727637681126005,0.20083699737628294,-2.9118113148983684,-0.5240435723161917,-1.2755800986672052,-1.471636368758455,2
-1.6430894344457525,2.7289301920750155,3.3625055612708934,-0.30165579560793765,-3.966940836834012,1.617440555990604,4.1751651706002875,1.0659589776862783,1.2581512229169745,0.6267745508575769,-3.4472353372437547,-3.3023940910004663,4.276370179062139,1.3498582204960918,-3.5371331494522673,-0.49623400933580986,7.327105770067915,1.1786379460415939,1.099501198885578,-0.3270846279270095,1
0.15696157123452692,-5.170389703547638,5.819376197955059,-0.23916303370920497,2.704999384089989,-2.4949391079484657,3.6700324089765144,5.449708332041498,0.6928456404516551,-0.35158302519482576,-8.825402231962926,0.8163436103767097,6.834459640183969,-3.920334993027365,3.0024515464743193,1.7230934464632142,12.829192822344268,-1.2988223787337416,6.690037971924724,0.16414366454732138,0
4.5532736684343345,0.19404197723105798,-1.3497690790760122,-1.0184351933633606,14.463152175078992,3.762226669791925,-2.3311686015045385,1.3367096300093417,-6.427102543850088,4.5720045251877455,-6.170065080049534,-1.5859689189616335,-1.4724162894013415,-2.245402563614773,1.6411536504793913,-1.9302015856133403,-5.326056256349007,0.7105118805130289,3.3945380097547706,-0.3909637044602697,1
-1.3822917089707505,-3.546144950802232,7.525304471018126,0.5087974252632415,-6.584064059851534,-1.6856837644199323,1.1543090622459764,1.3460654739689444,3.3464106411761625,-1.702407233239846,-1.7630284738106632,-1.6596303219289994,9.383279688690713,-1.8888571452542877,0.7466073940691382,-0.2428919003171873,9.987163614385564,1.9366884324375568,-1.2219508263524466,-0.6927034002684951,0
-0.4966921682887464,-0.843398053216831,1.7194481271834898,-1.9055398876681573,1.5499671610924166,1.116508722815325,-1.3967661639307627,0.5027675705176178,-2.3844347308216616,4.008879571105178,-5.104333649374354,-4.027393767292928,3.0664871452995994,-1.4577667516563806,-0.2804051741569067,-0.5050492603101437,1.5164267185762288,0.1719824945624504,2.3322871103739304,0.618396655883302,1
-1.2473941004721332,-0.11520374874607753,4.154118254716289,0.1732407999372935,-1.3242569038910454,0.4288414443829647,0.3404336979909179,1.424493308129158,-0.1955510962777578,0.8112481844593536,0.11395022105582338,-3.2041831623267267,2.525896168675507,-1.7783714970398552,-3.0204643366419064,-0.4173826701279969,5.802922830806555,-0.2419800229820525,0.3769671529984875,-1.3336289409587403,1
-2.8980973251467597,-1.2424843472213691,5.723719265301138,1.7278751797775054,-11.493956659271774,-0.4478101709991753,-2.9455596083325193,0.7111422917376721,2.042834943892317,2.762949604330897,-2.8564682304243467,-5.988208547104232,4.607734086237638,2.465753135089215,-4.080397545535294,0.6469199253554921,3.841132390412596,-0.38978127404200713,-2.708696087514021,-0.30104479711349136,1
2.2834883348494612,3.660680602851052,-0.711918789762152,0.6360210729449657,8.931172991369486,2.0115494491494177,2.3575595620871885,2.5583922879978562,-3.139503430240124,0.42094363583020955,-2.6512347340015485,-1.5264784268397353,-0.8636586213587978,-0.04837131883138879,-3.2768652119935284,-1.6643678696445732,1.5107281855821744,1.147289972169712,0.6646223555288469,1.0826265176805663,1
2.1562726385478217,0.9578763647276114,0.8046058728109694,0.028097840321430666,-3.902172256877256,-2.070432696961171,5.798740148522396,-5.273044814506003,-1.02478373430694,3.4954617038194717,4.535680111366917,1.6315244983846462,-1.285349633802118,1.6567261436281222,-4.12942520572709,0.5885419736894102,-2.490209286665117,-1.482089508770781,-2.6139375072712077,0.10619003846531383,3
2.5668317040564324,0.6416130161267074,0.38183533601563235,0.8421577375512489,7.075267767204621,1.819659968114824,-3.1098079914059347,1.2343246461432584,-1.1335593844274316,2.888091785937341,-3.727518642249554,-1.2597927121495942,2.0479617853586296,-2.2382430683410544,0.7098230944903237,-0.8796513983609515,0.6708041336563707,-1.2867965493844153,0.10722772390149782,-2.685688208045383,1
1.9568645245768899,-1.050440480271157,-1.436155753058748,-1.4148538665450283,-2.9664588378916106,-4.119430635345197,-1.8691513440259688,-1.9232759535825137,-0.0687726588867521,0.920897754636558,-0.5213704209691024,-0.5289703228883551,-1.8453328119046453,0.9866671656763799,1.003053957729719,-1.4322669021054681,-2.1769735738621736,2.0410289407224136,-1.5303378786484192,0.8651365360116088,2
2.0754353996184287,4.610697811610782,-1.2326931438594277,1.2773463422452191,1.5210790235496663,0.00715072005001649,6.989437046164254,-1.735369258573996,1.0981779271796936,1.7986440022727102,-1.3297987543627432,0.7449123686487917,0.2827922487711676,-0.26892738379711023,-2.2602931921008422,-0.7030638025129891,6.21966175597005,1.5935650113587139,3.1827117522501585,0.6909073425043566,1
1.7578682647915151,1.4707840338998113,1.9668517227094915,1.3241294017906728,2.2614692115173636,1.8517437793037321,1.2892848123127902,0.7738432256933,0.556159493514429,1.4050920644932348,-1.892304911023117,-0.6570259073933464,2.20557855030302,-0.450434398807535,-1.5778515977112115,0.054203879955244685,3.404547355404108,0.19590749500472185,0.40624557911253134,-1.7469596652444628,1
-1.0312589287926257,-1.3438607365787925,1.264910174058838,-1.001881559262175,-5.915322265372016,1.8631280308629568,3.1187971430632047,-3.246924928559275,0.46317953672751044,-1.6332417724119557,4.065715683660029,2.307305856855792,-0.45313741977389066,2.5274498098070968,1.1616196458525456,0.03697566691561413,-5.376819169303741,-1.6856174373179689,-0.7547825128942123,-1.1513850781287844,2
-0.7548000350252448,-2.6313969159774087,3.108175026171284,-1.2618284057430276,-4.0517202745393295,0.16912386325205753,2.4108483084708583,0.8759543149882787,-1.2149015155223992,-1.2797650514308208,2.1172612512118802,-1.384147503867593,-4.09764551201628,0.4020099032814566,-1.8872163401214082,-1.4235632610362292,1.0637982815228644,0.5141053008286938,4.6627276900673795,0.26054356645788473,3
2.2279232883544773,1.335613156542907,1.7947594747137163,0.846511587141021,-6.098257959331026,-1.982426313978426,3.312605225670363,-4.279873654793538,-0.22598804640945724,1.199032303312856,2.1530679192543927,-2.4955587608379024,-1.122715750519768,0.9764988645112509,-1.938671318815378,0.24795244617517867,1.1185601086174222,-0.3388328639712441,-0.3436654431654811,-1.0546378159284526,3
-0.5073919180554609,-3.704751406995135,-1.1690509027328364,-0.6919415286215027,-3.0934763227942446,0.8852939930549928,-1.023817546844462,-5.954775203829593,0.2484788092160246,-2.1757061980125565,12.202845308383287,4.579876675925332,-2.2619292957247765,-1.0771610658636397,2.770649656681907,0.06883835962394697,-10.178257775420668,0.5058976077990592,-3.247714088649328,-0.4914536275506701,2
-0.5219810479168875,-0.9433860901437188,0.21877586544167693,0.17016506777057974,3.6519996439813505,-3.554133833801274,4.2196924864554415,4.594835511366584,0.27960495288611376,-1.7233135347877444,-3.5181070267138743,0.4421259137294399,3.541439960118247,-1.121492166479149,-2.829170239709008,0.8615301965088477,9.35306167071937,-0.44964573618608233,1.7614193917075647,-1.54442742282055,0
0.13117092889938275,-0.6729780705437896,3.6070820071367153,-0.26361206681380467,3.4289916952062587,0.33106924736108434,-3.4821633623448847,3.883354421761408,0.19432146267037864,1.300165308234989,-2.40756717761549,-1.170644333380715,2.2252560832716175,-2.4861951694455104,-0.9675617242661849,-0.5961136116215977,4.697177060395217,-0.40269403133561615,-0.9031550622943776,-1.0948855886739581,1
-0.07220214203120578,-1.9189466880504633,0.46802715876546697,1.251379902407576,0.27280937943763134,-3.3163689111117183,-0.16957141941973433,3.2336853967989385,2.3723436171827474,0.04727833297856998,-4.315289688609035,0.38498408573204546,3.9432304202877617,-0.9541971979928341,-0.37466704803051276,-0.31764046484642733,7.26627716197668,0.42367750162797546,0.7901579804227538,-0.5933141619367829,0
-1.4562796210596884,-0.041234966878318735,4.472124601381729,-0.6067401091062843,-7.458077824443833,-2.485734777906117,10.857636333202585,-0.12061123575343635,3.544950028973033,-3.293434326840993,1.534493484214192,5.335467334254853,2.404164596357684,1.6439466184693123,-0.8521670775640569,1.0678024979057037,7.988374787219532,-0.5464250475410775,0.7661549781397522,0.3233842382545518,0
-2.1971551641333016,0.7139739016180924,1.4174582188989882,-0.11749493303840568,-3.3137257179461455,0.6294833877156893,4.829494783802585,0.24855852247597654,2.341796998358173,-0.6375787254571262,3.015296138530688,2.033161209215357,2.5062437230236894,1.2257825301461538,-4.226966473220333,0.3149086420026717,3.5928004849193043,-2.2662776889761616,-1.208257699772906,-1.4608379850427804,0
0.25080028526908893,2.948185247449204,-1.4033708997662404,1.6665707688797957,0.47814961443209514,-0.7939258173249288,12.42127453629214,-2.193773497026487,2.0878428191941043,-1.0376750800263603,-0.3482099030355746,1.2724028840534052,4.34117039436733,-2.033239590462127,-1.6325343167944877,0.767442782356005,11.980272031790221,1.6323696675945756,6.928597697064982,1.8426942216696258,1
-2.1497949637258564,0.7322383537613297,-2.43305233610187,0.5989534311169562,-6.397685163427057,-2.218581585281433,0.30328292997832024,-2.6998309704739962,2.098825887844997,-0.2647354215904989,3.6212460936567052,-2.4067330931175035,0.9335511465790494,0.33892441822527375,-2.664760477562232,0.7000540538274891,2.2213806585191445,-1.483993812663502,-0.7158417474380312,0.7011713536731663,3
-0.2671347179569812,-4.174563992026459,4.714253370896017,0.39665425429142587,-2.9878301252662243,1.0826857188697425,-1.0441488170509305,0.8044641911944268,-2.4233207975323867,3.8914046699567186,-0.8173272494414646,-0.7539140779002759,-3.6648801380658624,0.35719540175410813,-1.2839573769038393,-0.7916958626063253,-2.965757986013815,-0.6862707394386035,3.410572104834417,1.6812924050438336,3
-0.4159468554878597,-1.6453892120795004,1.3476478281339581,1.543237403813956,-9.561476595027528,0.21044541852396592,-1.4645088109767253,-0.3794321247192307,2.218353647725209,1.7950149055600404,-2.2594015196585326,-1.117170310778584,-2.02424887664802,4.7497225347373115,-1.1987481259882204,0.9307994107903057,-2.7962038869990495,-2.5550050652857745,0.7587538697260967,-0.2986888738826629,3
-0.22386151269469412,-2.5775357388956976,-3.045257511415861,0.02002025726128582,-0.4112352692341057,1.5879108291024702,-6.98800105668981,2.335502121786759,5.372786960898723,-2.5659002682039924,2.922484032589666,2.41909936368965,-2.2245394916902472,-0.40746881012981473,1.7583799482398024,-0.7048362166787517,-1.0389657038746989,-0.9549319181002002,1.3004925068501332,0.43681737572451623,2
1.346835855541142,-2.3184001810091073,3.3077749419012807,-1.258010989689466,0.08350126741203634,-0.7376409402883647,-5.26283063823612,3.585786390942506,-0.15012928327652464,2.6453133704667002,-3.535172645992264,-2.4926391973573887,-0.5574564860263973,0.012037775505536752,-2.022508656495195,1.008448757990754,1.3509547512038382,0.745460444399958,-0.5290915940520795,-2.35341444736921,0
3.859135025014275,-0.02939290746132217,-1.843777639084562,-1.4478742042952126,0.711557472762303,-2.7328886858691623,-3.244648964997938,-3.800369550038321,-0.8135679566155463,0.8781090552929336,5.662118978399641,-1.396543039655084,-5.454369399522307,-2.9395107285204465,0.5366349577538685,0.5806144344400543,-1.8991497137611322,1.6828955091918187,0.15079069538539858,-0.9373488899726081,2
-0.9559541579864368,-1.1433002486553925,-0.11526808613574735,-1.473085436105757,-10.45279796297056,1.232932561014299,1.528369688351176,-4.344475494748528,3.0058892468181,0.6377027426345369,5.887896892912933,0.2718814981472151,-2.503873201023729,2.8089343717524113,-2.278339749785318,-1.0882241052509682,-3.2025024478139104,0.9550806220827918,1.2377142374339347,0.3516785121014697,3
-2.5126470663463074,-2.506059926130632,-1.2941608858011424,-0.5024738881964234,1.717983391331874,-2.9525980350223673,-0.45551710304051046,3.3064755515483277,2.6911786460897016,-1.4176212477919932,2.9917091894487338,2.3945055547349314,1.6834482555523342,-3.0109089361596224,-2.538694331962852,-0.23258541064406948,6.650578040187231,-0.8853045561977715,0.5492926995371248,1.2772870693620704,0
-1.7647741542624016,-4.161879334039286,0.43711578942165985,-0.1435825553303098,-2.9584868955110557,0.8275235861375325,-0.5839494366920303,0.9434507801009326,0.3237714837588246,1.4485481555102104,-0.004232955211533759,-0.3785663263749699,-0.9700643760050588,0.29508206054980635,-1.3679576108443905,0.321456104173861,-0.5664345454168976,-2.6253685376743703,4.464365501651246,-0.45515546044816174,3
0.5640747591803363,-2.0933089224986476,2.509685114391866,-0.17705472109391826,-12.393692474759959,-1.1366605040498863,0.38312583482320656,-1.4316170528822707,0.9728701549328955,2.721324133853274,-6.014667507802483,-2.9021800588425872,-2.800531196578952,5.533424166810473,0.4608725907827085,0.7769089731381569,-2.0501712647470125,2.666467710530158,3.717208435366251,-0.5770643001148124,3
0.8513591181713911,-1.814523505420612,2.1867516491540155,1.0964371507002373,5.52734452148452,-2.018376930998433,1.4965232260898276,1.9520250408883022,0.7570988996861847,0.9222454279410506,-1.049051807432587,1.1509786764330112,3.9914882138805385,-6.097715131555223,0.7201601795907777,0.8202291077126684,9.97342211940845,-1.0049796658376027,3.3614198821851646,-1.2967486568768198,1
1.3557156668666832,2.1497685200319196,1.7098630875200487,-0.8999038350854486,5.487252205307752,0.5486368241035363,0.29968921895819206,1.5721239251633268,-2.747212555669491,1.851384653297353,-1.3629869355143247,-2.7476470676924114,-0.25638185157689763,-2.090871096096758,-2.728428760139539,0.7101325265792365,3.3288282613651203,1.1447865426333939,0.39206214674186723,-0.03282780015743158,1
2.630509072680335,-0.18652662716819957,1.5064576665879548,0.7276023542578748,3.7873202710661458,3.60740416242189,-1.9132062814066413,1.0519522198061189,-0.04338726418442462,2.7534033613820146,-5.715142346011006,-1.316060997190211,3.640171247139643,0.2998503616487418,0.9410972553588492,-0.10049211944393777,-0.4977649356042665,-0.7280189055105728,0.7974306910233304,-1.2486564338938346,1
-3.565070893944363,-1.8969775023318158,0.8761239973040321,2.764903143154464,-5.880475656928574,-1.517564287655592,5.140715825492849,-2.1066565947272577,1.4055531305920101,-1.4506330517439743,7.6457962478188275,-0.042908554328190185,1.2127104769362052,-2.0341899798202747,-3.8903529224718523,1.060793886994813,5.349428239488391,1.3647814725260778,2.3247041351878623,-0.7243326125782066,3
-0.8410747645540265,-1.6075869756057206,4.129120332834506,-1.2392381475108456,-14.054357396356586,-3.7170123756052535,4.041629158819229,-4.293002048572506,1.8783542962971396,4.312610311697878,-1.0107109259915505,-0.24693189011756944,-0.6618716464107066,2.096447780946205,-0.5376079953440145,-0.5025138290322683,2.420013226225777,-0.20865295302311823,2.0583840984907216,-0.9011266168092057,3
2.996978462258633,1.4958834595156822,0.9692029580077692,-0.20595803935486748,14.312864868252085,4.297319638250455,-1.1849625325160604,4.78151354382711,-5.771006602810024,-0.24263427395660586,-3.868655001712495,-3.8217312930448357,-0.2809360413179751,-2.2551484410693003,-1.7449676362582867,-0.5558727755402949,0.22632144094997575,-0.08018157143024374,1.9100849595572558,-0.3280994700076251,1
0.08141136528272952,-0.3971534851559988,3.9474874355136933,-0.4930471858484473,-5.734182101607297,-4.180800123558674,6.2717570461986,-0.02141267442569106,2.7012901824081723,-3.670265926640631,-0.02004579006917998,1.0084535566602235,4.441640569379031,-0.033135086609594744,0.1484863147115265,0.05013802515706501,9.093742851043665,-0.283231829277092,-0.8912018979039176,0.3885218732514541,0
1.9804347350480422,-0.7225005620916515,-1.0546833462272958,0.21049970632690523,-4.715064481482554,-5.328213392579864,-0.32705041132080725,-1.7227315230748963,-0.24041179946770241,4.204436013083958,-6.834188624539337,-0.333158468231453,0.579601088518954,3.4731578472970104,0.8110510406943201,-0.18178652210896099,-2.0620138676516118,-0.5553198855420727,-2.0946840953449373,1.6612700122551969,2
-2.3333558272977055,-3.2328235585608676,1.8444639817796686,-0.8330603705119864,-6.91634278903179,-0.5088051398597329,-4.411774717423107,2.2074496421223864,0.4454912616358945,4.254764039169471,-5.118128150484762,-1.3362102053510032,-1.6805786627064105,3.5130942152453914,-1.328243689813442,-1.7781256338025615,-3.0571497396454146,-1.2795566800112979,0.6869868105522141,-0.15510688262728914,3
2.3419942844011663,-1.957225197677166,-3.6031747446018403,-1.2978790701394727,0.2935381899692639,-3.3833437094893313,-5.771286059452119,-0.6474187663511383,2.800048646606065,3.5665611645490913,0.03570577617444569,2.793579132946845,-2.0829645611103884,-0.4650487055921375,0.7070249891777345,-0.3176097535577833,-2.3424467409728673,-0.3287420268310735,-1.4970677356788997,-0.32028126172456567,2
-2.0876349582869884,-3.455849354972423,3.165277542270101,-0.06222506337308195,-3.0168344179022304,-3.4879318125707757,2.9484599646701093,2.1834937906420895,4.931852966978376,-1.5316457797175083,5.31172201099148,5.220828855631989,2.2807915005782067,-3.377339409054084,-2.2563828427372954,1.90918538943165,9.830641012349789,0.30698001983615286,0.5499906429587986,-0.7659160206199607,0
-2.1999416230520006,-0.7566935661120122,0.6112228667671445,-0.6158664778454558,1.5544696837539134,1.8237305041144714,1.2418074862421333,1.0331378861068083,-1.9094872291502862,3.0124175551407513,-7.477215859420184,-2.531386976463736,6.285101340550678,0.10644938017312033,0.4787727464632505,-0.006161172903654321,1.4339974387660086,-1.6094543231281142,2.2674272658128407,-0.2281522059194199,0
0.2378213741094619,0.17270267164438402,4.653253352809955,1.039830019808007,-8.034710289873171,-4.599121557551886,0.39733435770853603,-0.8100206310977254,-0.06515586511908511,3.7138955908091247,-2.6267233225051174,-1.7850052223972606,-2.021799902794106,0.8293111200396335,-1.2313428580314398,-2.663775196538632,3.545586753091944,0.3805547574483174,-0.7672931411814417,-2.5982726516183567,3
1.0814339525571923,0.8098594012168681,-2.5889610634624773,-1.1385916481500766,3.602649819518249,-0.4081745518756509,4.423319970582782,-2.085384461276134,-3.0330820757872297,0.6572660380631613,-1.421094797065081,1.1411376444666348,0.9977907666613297,1.1614235920392453,0.3575505056836483,-0.9579392186700786,-3.607529844660043,-0.6048997216024528,-0.27884016116958565,0.6931294756894736,2
-1.2542746907845999,-1.897179102722789,2.6786410383021417,0.9322829491231478,0.4066481603022209,-0.3809411036638055,-0.7957779775906366,0.5991946654087579,-0.15257650525836275,5.018359788479806,-8.514935173625934,-1.1777188316909462,5.0043646410693245,-3.6486034450130416,4.36220373834742,0.15350630505791477,5.863114519751862,1.759627537844203,5.17769968773755,-0.08328580924512308,0
-1.9465753238562433,0.7554951051032233,-0.6214518142045953,-0.972688092497569,2.097336326834535,-0.9259995674875072,6.094341255911769,2.707109589014529,0.14284329970414267,-0.15950942956971104,-1.6266744870551526,2.586303721516553,1.543821790519215,0.7421239843028853,-3.5591288825450227,0.7107878915885889,4.862478679246869,0.6088606597921735,1.5156568672348636,1.5570767655657327,0
-2.730334186433138,-0.7593655410611424,2.322898494693809,0.29045826939727787,-7.461687948912079,-4.942950661681648,13.732011613688691,-3.7052216307444463,2.9926721040293276,1.930963727496806,-0.07419752450427805,1.9179024100439852,4.6327697615615,-4.736223966676722,-0.3211723530318853,1.6590993153711149,16.980166167664798,-0.23261900495852597,10.255920181796872,1.2994695491943604,1
-2.593791748966243,-2.2022062022611695,1.7499220533695983,0.8949819723400002,-4.678407840552455,-6.067287081541155,-0.7908245225133559,2.6880363953662068,4.218070271538393,-3.447787417203521,0.2379178659596235,-0.8770912313829178,6.094610772673745,-2.505727389302564,-0.5774175304744809,-0.7038260165325425,11.461025772738278,-1.0524716931310973,-2.232396817659902,0.2677976652873126,0
-1.7077192795757978,-1.8604357565508474,4.219575641113467,1.0097438963954772,3.085770246881403,1.2204968418824578,4.512051162837741,4.1842829194626106,0.09281082143091002,0.3389065135034912,-0.7621651446519558,1.0605299694777703,2.727023306471356,-2.806858706958211,-3.313227349086941,-0.7592211672317465,8.699709607043701,-0.2798370787091966,4.478388482471294,-0.7984532046458039,0
-1.0955426517745712,0.11096558424889102,0.66560286706632,0.16667669505602323,-1.0348220102772867,-1.1994817337212802,2.383595908808055,-1.0684165041548788,-0.28736103972593074,1.5425048556841265,-0.5401400145604995,-2.1993463410558087,3.0881127022094788,-2.0799172586140062,-1.3416301293789203,-0.1845688746278778,5.219143911852792,0.19355790398935654,1.9233665857741875,0.795741008799593,1
-0.9057828111928983,-1.589874286907602,-1.2374036723172939,-1.0479570405110468,-4.282173683410668,4.442573466010897,0.2031159506351942,-2.4123082507618374,1.253601443257979,-1.3936279426686302,5.678900800939282,-1.7332644770437087,-1.2502488336353677,1.491983696021598,-2.168553732654444,-1.140193585266753,-3.8751220681667147,-1.4890559680155546,2.9429520129496085,1.3095773686822225,3
-0.2483026273130562,-0.8124163522046098,-1.797931520059568,2.2475552237713705,-0.19203028306241773,0.7710779772245417,-1.1534768342820745,0.057711034746007916,-0.4617322681997893,-0.3265950185965458,1.5512178542920507,-1.9755316585576215,-0.7317569766822138,1.0255454256373226,-2.486321856033749,0.8356826166722305,-2.073228170332737,-0.8942253886661151,0.33682591538277395,0.2927940174317923,3
-1.0566561327876955,-1.6265523899677188,0.06881459370880427,-0.19614643075273572,0.5230730326881496,-2.1850654110057484,3.2948238990993257,1.3306176319576328,1.2952182562395962,-3.087936798267737,3.1484697513349547,0.8754671437840605,1.2404606831349774,-2.6491774980235174,-1.3684773924553495,-1.2033563885959544,6.952851140566064,-1.0554640201092618,2.5597417553933877,-0.748313978166258,0
2.077727395895655,-3.872576835612899,-1.6687101717323478,-1.1435269405021082,-5.075143529890529,-2.738293187308587,-11.455626626670428,1.0968099691439916,4.889666246849411,1.4218760945124203,-4.568972832560123,1.1364661401420577,-1.3628475066067647,2.0791896620428174,5.345324218145487,0.9502007052250931,-4.538531801111759,1.0814731705302643,-2.446215487366827,-0.7065875992208266,2
-0.6807126523457439,-3.5347531305640207,3.7942893411372545,-0.5772540557943725,-2.1188567878390554,0.25426937314724185,3.3984803856473356,-0.41718672825965086,2.0763421279183185,-2.9038314241170093,9.423525342463504,2.878386332220201,0.23996357512703304,-3.171859500246004,-2.2805176004323675,-0.12896922641411837,4.218485280139353,-1.7829098972858857,1.2728060862794435,-0.06129162164368015,0
-1.509447798257564,-1.2899470501812245,1.7072982222216178,0.8163569837244667,0.004292250166704208,-0.1691834253872162,1.8711515304020838,1.9595579082304182,-0.0879799657549909,1.0871167170991929,-2.799169854015964,1.3586330401863251,-0.25334510755058925,-0.9509305928561853,0.7082612097601886,-1.795615137468475,3.2761115771440124,0.12862806981147606,3.8946667938392,0.668478533794523,0
2.853288045117049,-3.0316583804303905,-2.1925382235201587,0.3556312405806751,0.16660674519469032,-1.4601788345471967,-6.010538988098229,-0.1591307171362315,-0.5369406346499739,1.4061004955431202,-7.40530598806705,1.104828115930042,0.9538916880096804,3.7694248648637867,5.819759913633739,-1.194372631735432,-9.50232609334121,-0.7961142313102315,-3.422859610838389,0.048718018890739796,2
1.0957759840634196,0.11698064090242877,3.783707156332878,0.8833951060241764,2.201771056856459,0.6524731411058468,2.9860060949468408,1.4524320846538188,0.7605702691094822,-0.17243704849943553,0.14559458144031406,-0.33607092516893666,3.1381934312938595,-2.6358237099037867,-1.827787826144585,-1.0091159367530012,7.558981736236095,-1.2986279518452397,1.511757907680772,-0.785202710579829,1
1.534283658341884,0.6844698810059975,3.0704823402292125,-0.03242569174226248,-7.758910694658356,-1.1571780144421546,5.357532510360595,-4.789990229098186,-1.7179061395422988,0.17995471019806586,-0.42274326897654696,-0.7842571423744751,-0.7234299338166615,3.4115089369256575,1.3979263107988906,-0.433659693556138,-3.318360033003404,0.7782223169374198,-0.9798668883465185,0.6028734794337036,2
1.396819441748554,-2.036969797321211,-2.9805510109609616,-0.5853880114235592,2.374663182806724,-0.8216048112490609,-1.3666060435969236,-2.3449229498530064,-1.7295820511585203,-1.6761767120682247,5.423126400741068,0.48249821679073346,-2.908569442151545,-1.3055170465177466,1.0381688295644624,0.15874986779630665,-5.235851710701776,1.9580902302447032,-0.07832506978364573,1.0455433583853495,2
0.6702379636286406,-0.9393250932451567,-0.5723112192098416,-1.0184591542296595,-1.6171911701623884,-1.3261947504062481,6.252414301201125,-0.4907182657766421,-1.487522769547991,-0.11408284361839116,-1.0012765526645908,-0.9534273121506504,0.7341159577594856,2.7700009367279295,-3.9525957543573327,1.6773581318433464,0.7420004512607664,-0.5493189721309052,1.9244127749869988,0.7843874593772266,3
0.06063039461325315,-0.36810778917406695,-0.20685851794572807,-0.596197302087692,-9.721380081741609,-2.902357161532293,1.6966328367586339,-4.465192617396572,2.0140960369751237,3.358614957090264,0.6935690445156331,-1.1399649147269777,0.09426481549785448,2.1344902267436057,-1.874311007090355,-1.6716829134355318,0.20017021328585766,0.7086600672753995,-0.0362121792347736,-0.31872742336205084,3
0.20993212720554633,0.9021477462050751,1.806098368988142,0.5941788379063774,2.750206082178923,-1.8134040463854832,2.0446291746804928,-0.17861484439125697,0.5295388335718574,3.259154246662443,-2.7628869563136433,1.2912228360526297,2.099236677347214,-5.006043552032999,2.1677146185472798,0.8377425472282851,8.240437771224663,-0.5750809255324635,3.496339232984362,0.6044674247610669,1
-4.600235446519755,-1.353375345948877,2.1743769483366804,2.4434726348339546,-11.535171465967144,-3.8868607417614145,-2.238922977039586,-1.0530660689362916,2.833888873525493,0.7728632332386537,2.262683188491831,-3.03620916573722,-0.8821635886711964,-1.8450603543773192,-0.42435480726859665,-1.0397427797520409,6.356705456680869,2.406875666284627,1.8666947562710114,1.6588518719586076,3
3.6724476729416384,2.062165064669692,1.1921722392842673,0.28874118659739295,5.427418845331926,2.953101019139517,-2.0391153145516383,1.4380011669227972,-1.6478406575295188,1.8841658154511598,-2.411157127570984,-2.036586190750375,-0.541999489488189,0.9086119663626038,-2.1756928343025064,-1.0497221859059624,-1.8903954509147871,0.6509556711106305,-1.6538276488126478,0.161167396656318,1
1.8235328988952282,-2.5101084395760953,-3.7665561408142887,0.31736466041214256,1.8956424556433786,-2.4411988881396525,-4.0665539106883255,1.6061163997592751,1.7898185141570757,1.6503719449923897,-7.706771771389785,2.8155436563275638,2.1019414705925095,2.1803894135093165,4.08355171777762,1.5213880962858193,-3.2465876229052513,1.2601449549685635,-0.9653660698438722,0.8300111065493102,2
0.4026889634482502,-1.991111480849798,3.912982189609964,-2.009652368442358,-11.725620450168082,-3.854027626728275,3.6967957081894514,-0.49891633835430993,0.3229593330916203,2.867461627446268,-3.623083868954573,-2.027048831433439,-2.8644225839953545,4.724171289730716,-3.61431418638526,-1.9987379198733741,1.8530158034572985,0.37293814802708775,2.3291955391303794,-0.6291892696051745,3
-2.4589519629314487,-0.8576292377651251,-0.42172165076900203,-1.6041191579208722,-3.168001501062975,-2.3918462102850953,3.351862507278771,0.8938618143862719,3.921233722715749,-3.4291919061616913,3.75627721364531,1.7077881590314492,3.661782491979765,-0.9670059142639391,-2.355433517375518,-1.7842328729554744,7.461452908052692,-0.9277222687537345,-0.2711373213466324,-1.0478586248809458,0
-0.22989738869387222,1.8208370877547195,-0.39018549527814494,1.4261693063666296,0.41508391428003455,-0.29336358861999834,1.8613138689700357,-0.37080351312220516,-1.4730161848167689,-0.34128176937628085,0.8404098890190599,-2.492157077780176,1.1162408349014865,0.7309846369824433,-3.326026883682,-1.9650407734709907,0.8200485328040995,-0.9044172290822153,-1.794446460919859,-0.2575124006316067,3
-5.711339492875505,-0.0629456881187187,3.8759910876804002,-0.8426499864807757,-19.375227784203947,-2.417937827900018,-9.253953119540773,-1.5773253783634495,4.663145097423012,4.132353027480906,0.11469237092597268,-4.127965683515607,-4.939991041157361,1.4780265816938567,1.0355362930181777,0.25895701931146553,0.7312951097581846,-0.5891842370028068,-0.7649911121585151,-0.6888356961209733,3
2.6351682775218874,-0.16020945840960676,1.4623455062380035,-2.368012449527023,-6.731515797995485,-1.9161343355664924,-0.3316953640407975,-2.371534764076161,2.151549174098929,1.0405586288307929,1.8600922049943955,1.9294112903770553,-3.3407722145947005,3.182583846255362,-0.4326860284810925,1.065363441838927,-3.250375027339324,-2.59520767837531,-2.994521599127781,0.30584927395836853,2
2.1247617701991754,-0.6339517942987798,-0.03190074241991381,-0.722537605719287,-4.054963166823812,-1.702355439532114,-1.2463859300581153,-1.9240725033926716,0.6353744390229462,1.3074650660124623,-2.596297530704167,0.34531659247259006,-0.7933087689724901,2.6027662412614476,2.1937637647024415,-0.11146432354858284,-3.617916512769814,-0.8994262452356516,-1.5140972291860024,0.9769528126055133,3
1.1850938518474594,-2.6591587351895978,-0.1576680697321855,0.5722294454446308,-3.0488288329260516,-1.7745366931544773,1.5696536360011701,-1.897600526217746,1.2227967320541187,-1.2049116599840026,3.0318362717781047,3.234462548654962,-1.5549084259216293,0.6647792631181166,1.462059951742809,-1.616241472565046,-2.217400321155834,-0.013012374658906128,0.23085143032343458,1.2144808653157992,2
-0.04552216845640622,3.2605547808192274,-4.446020282575066,1.084460836801576,-1.2623911162230657,-4.417499633905313,2.472548860541302,-3.850199115474361,0.4240812422953363,-0.2013052967487523,3.815089181445186,-3.4399888354597876,3.3550392719393565,-1.0194904385471402,-4.26978250822974,-0.4967436626659966,4.4120633082244485,-1.1571948859546153,-3.373917831487081,0.5630079045967847,3
0.5249245463105351,3.4391426352032086,0.5080341356899718,-0.3344327905980417,3.824886519749481,1.9655281373443092,4.919602099527044,-0.47868233793359205,-1.6470430721500222,1.5082182804027366,-3.7406289224922435,-3.458290791017642,2.4772039120274405,-2.5694502478288186,-0.612453354716096,1.317143177305793,7.165688512392097,-0.5833434740007618,5.547867815386736,-2.3784958402284557,1
2.790088176293579,1.2334151114298886,0.8537883120902918,2.6977256310942166,4.51463142084022,1.159893493442131,0.5214869240029772,-0.9253874203318655,-1.92260840234698,3.714904885362439,-2.7461584396139487,-0.587654244776376,0.0021546869650703737,-1.5782900269501998,0.42717100517359663,0.23702765219692531,0.1877965341241334,0.6901430579744219,1.6001271955853846,-0.8149824906068446,1
-1.6064769975891195,0.37933330315562164,2.8400242715372426,-0.8457594084935853,-4.452079428883178,-0.3033103139603379,10.152102946341916,-0.25897892343553575,2.1878075311219716,-2.2534184207373613,2.922128646127487,4.231803193481577,1.9997000419028779,1.5617293708583597,-3.0660855012415507,-0.32360102739263297,5.512673752909948,-0.8692228139146668,0.9750591505333255,-3.0668007308394327,0
0.8279359932949164,-1.5401962493780936,4.066504259946273,1.4725954973860196,0.8991319008452208,-1.5063430963412836,2.438398821301104,0.4407638803587566,2.5674206267086106,3.0306935985205365,-3.8293446471033876,2.337235981911366,4.975688018308032,-4.962486516320968,2.9152682539175703,-1.092576711044446,10.297204194372172,0.9848890610865021,4.184924024050552,0.6177226655333588,1
-1.1560709646609344,-1.4078189181608842,-1.6571739362832298,1.1501226303845546,-1.0405327794180241,2.4546849552209675,-0.5703162495321802,0.4165852139988713,2.6803041148816407,-1.1144802827183944,0.5903139683131159,3.4548398730645427,0.6306763325011944,1.7779642279485879,1.417785408957823,0.6117722850753671,-3.1907131401807156,-1.3678651343542365,0.3359555234167282,-0.025991547218362124,2
-2.4676161100864853,0.3624826817807918,1.1447167120067465,-0.23430091500583808,-1.031581016968498,0.38651962926317296,8.440142030834629,0.28414436394569775,0.37481838420923896,-3.3694208594973287,6.114861384450974,2.23257220265453,0.4279990865846851,-0.2984768588562914,-4.558614230868715,1.4474076331296724,4.827166404022713,-0.768222060123887,1.6123739182429084,-0.9857173794825126,0
3.620984639922739,2.278237696364196,0.28482885494660715,-0.3762541724286898,14.108185703633154,3.892805850412063,4.1575537535558205,3.44718758365519,-3.78950279313741,-1.5352284328134913,-0.9276626523816877,-0.47390414001594816,0.7141397476831673,-2.3256949175991237,-2.807985415193973,0.28300372584166184,3.013050307067952,-0.5690283009643133,2.4290252586855736,-0.8254004514614689,1
3.1908648835194224,-0.6123127779549563,-1.4662757004934523,0.15000714288553932,-6.195826067068992,-4.714311376926304,-8.058562275968196,-0.8127593835491951,7.2024455424773155,1.1114849119209915,1.8667289910095828,1.7846579314895585,-3.8328541433928587,-0.7474426205235445,1.950973318380093,2.0808840480234916,2.683359519932773,-0.2815680280522265,-1.8193673315400196,-0.2470919899268907,2
2.2795652921965734,2.5600236824967104,0.6463126681177064,0.25756043145239277,9.72476630845396,1.6976810221830512,7.117854267244109,1.5669096848868809,-1.587971123604297,-0.2818262900103705,-1.4939083711627734,2.149581555170836,1.6136847310355433,-3.0272261260505067,-0.8409438101762228,1.2955160707611477,6.478994949573096,-0.08907243545439232,3.866926804168051,0.446778183781193,1
1.3239834970917972,-1.024856983581029,0.5164367362083979,1.0466346824327786,-6.840982780849949,-2.1861790806354757,-0.6751239603378615,-0.9604924777126012,2.089021213611705,0.9000752868790687,-3.828140314140455,1.0601669298035397,-0.07753835886594929,4.276905896485797,1.6665941884340718,0.9751079100277702,-2.7240582197778513,-0.45457392536697155,-1.9692258388057438,0.5548234979483434,2
3.442930155207851,0.3723440097032409,-3.6327027488126555,1.5052640110463855,-1.6903812370906517,-6.989919637186265,-4.528516790995262,2.3209257732068904,7.300283744924824,1.6309348729833841,-6.584523859988687,4.204009166318935,0.6520470091147117,1.1206766571478899,2.309562285806348,0.48838964170816884,6.0089585502493215,0.5265901397390479,-2.2680114730998353,-1.1461210979901175,2
-2.47976682688597,-3.46358567225014,1.4771602243300066,0.31697745438287706,-14.096416095120473,0.13387922003105301,-4.809551854229343,-0.6413451456754325,1.3812022754349582,3.323253654521759,-7.120435792998914,-2.6079855014967612,-3.706207616340721,5.8553617610419355,3.330934857506524,-0.3283318972686925,-6.312113466831079,-0.5310903808359716,3.5791467699990593,-0.7830753889884239,3
-2.358172707485733,-0.9489595394652826,-2.0430321439915065,-1.4771962101012184,3.3118936899090023,-1.4339012364232744,1.6762113595165904,2.7154660165502644,0.8042270047033794,-2.0105686995378624,1.4278826865093193,0.24534282200849544,2.0046684922601434,-2.6619899392789916,-2.344200825944508,1.015298601822176,6.471861658094044,0.3733900671074874,2.4487910022010952,0.6116920474979233,0
1.09337878089503,-0.6090008463365444,0.8103289542940049,1.0182095268905322,-9.846983161875471,-1.2861623461200538,-6.23999540436377,-0.3917203823092956,6.659003605639768,-0.01521381596378979,1.94771267621039,1.8331438416927328,-3.3435098835635415,2.9541656388355566,0.7800756859051036,-1.1421390046271171,-1.322751620197102,0.5803222067106972,-3.192165675093081,-1.1107840840217897,2
0.07761175517990604,-3.9500113588071146,3.9203643782266155,0.5207513556033754,-1.1129815015645872,-3.7582500336567697,1.2558944805134786,3.2974327730944744,3.7837669998601933,-2.2593766132268875,2.676310803757942,2.490508117796943,1.3530190778198614,-4.221965821531028,-0.8608579637173293,0.36940006634770517,11.187613282089242,-0.17276669061050715,2.6886723307342866,0.3539410658098197,0
1.9768353316237333,-1.4992525864652595,3.3586099842952217,-0.28056083055667014,-6.674731544236448,-2.501050602649091,2.7305516955083355,-1.1378570507415184,3.954072884672405,-2.0003320318352507,3.8325557241399677,2.303931765340095,1.9265101837933662,1.7060423886283456,-1.992285202953429,0.8439437918172945,3.019028235049289,-0.8182093081258587,-3.6129275828266594,-0.9763663337674485,0
-1.432732090747775,2.872494004789139,1.6105029799645736,-0.28794618306571756,-9.37530702533374,-6.150495062704403,4.3246628514145815,-2.290201033959114,2.6627143268963582,0.9461103014649763,-1.7314155897649997,-2.8762073859626973,3.3529061897171144,-0.2040624806765352,-1.866132205640206,-1.5960874594303902,10.729060059045898,-0.2971942159548199,-0.7347524652362645,0.22481153010256139,3
-0.39557870141638385,-0.28473431040188446,0.4005354353395776,0.42316265760459393,-3.793495253391068,0.9495458981477012,2.213736075203935,-1.4992256999951123,-0.47037232321425426,2.7517353822382207,-5.567764717114121,1.8598497304315191,2.3628908607993098,4.838456453450922,1.5494413134948828,-0.18938882241993185,-5.842860147901984,-0.7151682641356674,-1.7474078518045453,0.5199050155435296,2
1.153237184968016,-1.2910130307902474,-2.0947035166800334,-1.8271030291089798,0.7826298735180763,1.5415486151696767,-4.685899452105093,0.8487642623039813,1.618982328496851,2.6048164222648973,-2.5655717878245206,2.761264591176777,-0.9368463355476737,2.801312124023613,0.8827146972739996,-1.1230347234505103,-6.621074752955452,-0.20278983816474516,-1.9176584859838994,-0.5090735854207747,2
-2.750312046099582,-0.4001449440281225,1.8649112236807444,0.07615874962444937,-0.752987230189465,-2.2930936919980187,9.093911024841374,2.2739278629601754,1.0471834713770336,-3.452329093578603,-0.540202791692162,2.237926922145424,3.8257015503155123,-1.2138742987963669,-1.3542775438200874,0.3418932614727872,10.310576257435264,0.24136956731328738,3.484776132660512,0.555069839527698,0
-3.9273061121271367,4.08169629538612,0.09442259720747614,0.7753398523081075,-1.3851073461783465,-0.07052057796673084,11.997768354698225,0.13910779986576305,0.585074954313211,-2.489841556099882,5.206259915600186,3.367207637161161,0.5050256750661858,0.9819198780728344,-6.494534089075241,1.5275388581443612,6.665913804893867,0.3334179214902787,0.46553451397512957,-0.9104363777509252,0
-2.671119817265282,-0.9546316406378149,-0.570421065782516,-0.17406566064673976,-6.583691178197325,-1.275450237705961,-0.6466759209655518,-0.9539236496947914,3.0868993865108347,-0.722511293609545,5.371282342109114,0.08312347054362146,-0.23623004462771524,0.418868946657992,-3.0218795874867506,1.1127563010774193,1.4124573086558034,2.0589388452982744,-1.2044592717381426,-0.6841544362973593,3
-0.007910563680732396,4.739718641044782,-0.09027196440576746,-1.4318146972254373,0.547600820421089,1.3011705294091043,12.126427186769373,-0.6894347214441612,1.9111922663546919,-1.3335248364819519,-2.2835584651648064,1.0069984601902178,4.351247333492353,0.13272357347005892,-2.2445581433035926,-0.469719905209442,10.612553273981913,-1.3014598796930354,5.072409567274129,1.512037141532155,1
2.756846715169332,-1.662530963667709,0.9492234961873964,-1.010380505213071,1.3886305040797797,0.0004047157293083359,0.71782617079743,-1.7986804969234935,3.381326558963576,-0.5408721557762057,3.9157220262203913,-0.17785126269824092,5.338324698308054,-4.30933957948227,-0.5097194785106912,-1.117638596415013,6.894158760281033,-1.0401593941484286,1.1036700547504115,0.5867414790267954,1
4.352213304748682,-2.8796366099617474,-3.162246777583838,0.337364999147799,1.844282974460471,-4.219366135800636,-7.845566274466471,2.3206059440415054,2.210561684911192,1.1428324412768074,-7.908096811041514,0.5914000965590063,-0.9643899578944859,0.8027260727429939,5.031988055155134,0.10571251953339482,-1.330391731065005,-0.1661915067610887,0.09263402564640222,1.0226415775339144,2
-2.418565009571015,-2.5561619671494062,1.7733191623133453,-1.2011823651709141,-4.952999203543118,-3.362639186739221,0.5742379916096804,0.2973841549882654,2.9668944373560286,-4.173097384446869,5.159848020712615,1.6257138348044395,-0.01019167796733167,-2.9957830988585403,1.6482233728443338,-1.1155007873793663,6.105783272311546,-0.7801167816301259,1.0790726219512312,-0.1392487954469601,0
3.6171940604888504,0.7837742134181851,-0.4966053373398295,-0.958058796039091,-3.3865640310728073,-1.6305196674745022,-4.288540428350907,-4.53335834337646,-1.4733939012180413,4.258580039158687,-1.5332917937908315,-1.5530322757706219,-2.5025713306370783,2.4926676033840343,1.8854930254214466,-0.5096625644217334,-8.385748125533082,-0.03597998874007801,-4.446214131458327,0.6025155602891992,2
-1.443919446643069,-3.981842810264769,4.213027267190913,-0.14323268389679422,-16.678233301834087,-3.0150758943652933,3.323110043716035,-3.3336778210667983,2.7106989952986678,3.2731975069637826,-0.6466676018195283,0.7040089113775942,-2.9391248281316233,3.669052491612203,-0.1331505637992827,-0.7677742829609842,0.22484537221863654,1.0704319366661217,4.062024870051218,0.33744696399091717,3
-0.43498406456161676,-0.49105473798238464,1.0019747160581816,-0.36238454014577803,3.570856739357673,0.7916684601769983,3.5006946807610047,1.0561543002968685,-1.1180481751659623,-0.9174448480985111,1.575836309722243,-1.7741759065713376,3.841614176026529,-2.146923731647681,-3.6047960667637917,1.255754275040819,5.05559466531416,0.1709629549396921,1.322118262227618,-0.5673787259009379,1
0.2281362030376004,-1.7716982992395458,0.8613150352459988,-1.704527742401332,-4.370742149234743,-0.37375821479125637,3.282580181157218,-0.8243196571423661,0.7332318760314491,-2.988166243506068,1.670113539173522,0.9987030286519825,-1.3126888757871251,1.793905361926378,0.7588724673085013,-0.8567851444315063,-0.5420043941071803,1.9749079430110053,1.8935116457919277,0.11980947625388168,2
-1.3183176284798797,-2.033924890012667,2.34543653267582,-1.0059566925677472,-12.063288187109086,-1.328687529843351,2.9901002661483647,-4.5448983896338815,2.0145046483019535,3.514496983307609,1.7192461804719472,0.684438763967318,-1.0022346770655632,2.0776932424218,-0.7294846417154336,-1.1287854269395405,-0.8642446089283752,-0.7370839097750576,1.9192932836926477,-0.9468131656341756,3
-2.0382187113892174,-1.0643403965510898,2.616674189479239,-0.15279745402249575,-3.362788384611349,-3.6715457714271715,5.9465134485398154,2.031720228402323,3.2158299576719958,-1.7966170607073728,0.5589397131756482,4.347489510834004,3.1537005707678647,-0.38775805220868986,-1.587819804440751,-1.320235415922634,8.571386600641945,-0.8781245781931819,-0.23530052630442033,0.2369917607314634,0
-1.0027082668930563,1.038882400189483,-4.49956835290682,0.48232996982278176,5.553529135853371,0.7357517640524605,1.9532807826008924,2.575558141167338,1.3611072999490557,-0.31121392614912624,-0.23481446302073491,3.0228006397826235,0.39137379316962884,0.13689881267743464,-2.647100482630916,-0.00471641052909242,1.8858830914339413,-0.19771255529991752,1.5333146840786083,1.01113050231339,2
-1.4180763283357307,-1.4792304248676997,-0.15411872504182234,0.8355732885102264,1.1796982552093003,-1.2828173897720527,6.984272813940715,1.5827574868668262,0.18522272180575716,-4.628195674359984,3.961098978971757,2.858231844376313,-1.2266677044467649,-1.5219230771200782,-1.288815030302223,0.17735365775491632,5.425211764388275,0.6217604421231091,4.54247715063585,-0.41950667937065866,0
1.034145288493065,-2.363231549414627,0.8029617683006093,2.151728299090418,7.095483561998988,-0.6260499993139326,-1.1513383201543945,1.458287717991293,-2.353615191224714,-0.377779072695378,2.091186730441377,-2.039505154070932,2.5741359251526434,-4.722320836999746,-1.5205183738827006,-0.38965317353043727,3.4124978977034734,1.1592185572164415,0.5600814473254243,1.4734474765665952,1
2.9119849572022813,-2.3835228578871357,-0.9497622745416485,-0.2542589257842513,-1.6613488624844142,-0.6235719402746025,-4.538674930741459,0.021262569887988247,1.2490981095670965,-1.7235113549348862,1.6998275409372612,1.0637851579353437,-3.833100264797638,2.3033670164427322,1.3971816672758268,-0.9826698940239706,-5.946553403720709,-0.8950615597585706,-1.918008544669797,-1.1804351796552772,2
-1.776817781976636,-2.3478825946146475,0.03754831260450309,-0.3578035998711483,0.11946839658086054,0.9910134457945392,-0.26242231050722453,-0.002767010639860956,0.33262364422151824,-2.31832607910869,7.452836816836966,-0.7708607368509193,-0.5520171667245719,-2.8558590168220173,-2.5349164828757775,-1.2549704688713978,1.6136699470812736,-0.03685390675098414,1.7394608548419732,0.060754655714501685,0
-3.3433066148993005,-1.50518018031132,5.229033618490447,0.7537747113564292,-6.291784152168293,-3.3449435298967645,4.070029072252439,2.9200402509758066,5.3307988112366225,-3.1972320831278798,1.9348434369114937,1.5723139043003151,6.283322060408532,-2.103916781335025,-2.471087352630507,0.4517907556581576,13.892318334361057,1.5488946082720827,-0.6915589026379374,-1.0121835811265585,0
3.62604712761938,-3.2478967149877302,-2.0154478237750073,0.16944592168131462,-1.6700231546775872,-1.1715871366974198,-10.543062571989864,0.11408562317539239,3.610099153858672,-0.5061517318090245,3.000687363705669,1.1113150369376101,-5.267869727310281,0.2683475712111376,2.6923896705288106,-0.7422482041294206,-5.766730925962405,0.027678210785772994,-2.0823666165200354,-0.04323651553780507,2
1.0820478802467908,-3.271803315230676,-3.6917745705720035,-1.1122452656543464,-1.1221352574704515,-3.154286302861449,-5.482672785708196,-2.1465613397377314,0.7788544418106738,0.6094714626473083,1.8779017607361905,1.0173227967438392,-1.323878144948358,-0.3799624787297251,2.7149363897912893,0.28850164571614295,-5.420605666269207,0.14500011258317796,-1.890372618603221,-0.824191963688774,2
0.8669201657683443,0.10167001212782223,2.259278399487453,-0.21657542714146588,-4.4263340797757165,-3.534073413539714,1.3978418036518372,0.959003703459669,2.2721080950305397,0.9060890147759366,-2.991492525616274,1.9836078270345108,1.0574648485182354,2.3513301132849866,-0.8206414983515606,1.9044303141141352,2.9471641017422083,0.915113445022232,-2.9051251573063035,0.4119897405713973,0
-2.158512907441443,-2.7636332761036897,-0.2667106953040317,0.3157714378321137,-3.0056538627486704,0.6584535694239508,6.772958556811942,-1.2596126276659554,1.0487101926718294,0.565078963088854,3.5330346291380006,2.60363453391643,2.716537697339741,1.1137347346749178,-4.3435056364797795,-0.6063373158252868,1.0104953952742677,0.9157370120091122,2.3452639688717425,-1.2119422262768509,3
-3.212890262284588,-2.9012400448053675,2.2560484527670073,-2.672894812844731,-3.0144797468109776,-1.2253286459805075,1.475624181131647,1.8799891890787597,2.000951277529019,-1.3237592876349713,-1.2699679777604491,-3.452465763670028,8.43403275004246,-2.27352761390868,-2.1435874323295847,1.8521070182127448,9.774018725450171,-1.7800993002803134,1.7593099566678407,0.482169182343971,1
3.054490892744509,2.4883905147897254,2.6096458840461363,-1.133603519297107,4.997506342039137,-2.074977474986245,8.435481554725191,0.4619401520949751,2.9599605674889617,-1.337985303382565,3.3568786258852095,4.38748586270558,1.121745562184696,-5.751857117052582,-1.2685392177052588,0.39999412955979696,14.416879548210005,1.4039732563113874,3.865258036636845,2.1905701342627846,1
-2.3473211640044958,-2.450530505494533,-3.8570892685202343,-0.8755033069473153,-1.403824643363831,-1.1631517000869502,-4.71492528620241,-1.4873491345874914,2.546080511925492,-2.9110958176017547,9.648071826107884,-0.8746469648242434,0.1602678410584364,-3.2576909968102816,-1.448573669194027,1.2309218023330422,0.0981961202802836,-0.7987671374300426,-1.2858123555833267,0.7863296000408939,0
-3.3047806687078127,1.408948348351899,0.5892408221343637,1.0896024673459852,-0.19694429302842495,-0.6000801565916809,7.858808308323704,1.3272939917463598,1.6895754757502852,-0.7324705063858414,2.661236417234166,4.75542361276848,-0.20336768604434807,-1.284792202834273,-2.756680567131986,0.1979564866991803,7.194168821782723,-0.09978781342697644,3.028013968886307,1.2956237825925556,0
7.615198463965804,4.318352632358973,0.23163175862229424,-2.279496705285396,11.66624280836437,1.1898040605283793,4.520563649106502,1.1375484395550133,0.7429657976752608,-1.836903530713831,5.811862913252284,3.038141741372938,-3.9991645603880372,-3.5608614877596763,-4.147435878180613,-0.17845382506003032,6.485782197069574,0.48160767214716793,1.0123886882470032,-0.5601073070142413,1
1.1745095783014645,-1.0708251122702463,-1.392278737373739,0.5568524215227545,2.76861048110947,1.068198798210068,-3.1725757351159034,2.083523728569501,-0.2011809651328622,0.7554592397886637,0.5233454811617132,-2.2570773802282136,-0.9354441481386919,0.5234143870873549,-4.075652150273119,-1.3920938025032232,-0.9062889876680517,-1.084166203198927,0.14867555935895393,0.45654466677858146,0
-1.2520537760838135,-1.4200518433391758,-0.12134476304198105,-0.16045165489449617,4.705536346994243,-0.7635832261182008,7.382367166057713,2.2603436975800015,-0.23772889636998928,-5.015900110753296,6.507022017879845,1.216761903831211,2.2283249692905933,-3.061686568162928,-5.143101858416439,-0.2861634302199443,8.002085543550558,-1.2082117898992677,2.6286410310957553,-0.7898539610919716,0
-2.715339532020365,-1.2108423887577868,-0.6416994639968094,-0.029205772424347815,-0.969323246104248,1.1904252590163185,1.8707486040736676,-0.37094838638294103,1.5727252974909942,-0.8261277485350424,6.712706423806222,2.8942237037251477,-1.336243213682648,-1.5272948651890226,-2.2234712324535693,-0.2856235405223195,0.7441148892059261,-0.42670419347843885,1.679670318441027,1.1206063120451495,0
-3.5390290229000465,-0.45697214831110167,3.9251061565154144,-0.8516439622642528,-6.832848687151801,-2.121186847860055,6.559063202240557,0.2725138721145577,2.3195386587374296,-0.8673425737420446,-0.6563176968997332,3.5112273754803116,3.751757691914875,0.9186263447794438,-0.02713804715868484,0.4139051242353922,5.833849394658034,-0.3235415400584148,-0.45492065293979445,-0.10598294391407653,0
-1.250309785172968,-2.5030555779851507,3.1313862115280653,1.8230495479796065,-15.907344633566671,-3.2517011414557393,-4.833463216381392,-4.241407987938333,4.054103115811866,4.712228658923681,-0.34120334249969697,-1.5745113116457312,-3.5259895449707863,0.2506561218342378,3.2823570342604174,1.1228053008888783,0.49938741413794563,0.5210721283410551,2.5007494505830916,0.6332707362208657,3
0.4766552442180635,2.8935315403137447,3.1497973402207307,0.45070439526888406,-8.37158910599226,-1.7344221180484665,9.296763712518866,-2.1024244653114357,1.5809443084350971,2.338654014541846,-2.4663741940711112,1.4843059075163523,-0.03242980626941949,4.1575464025228115,-3.373165761205811,1.0131914429039872,4.407030569706387,1.1379131274864942,0.8108748143026254,0.1287288889106931,2
1.6225391017677058,1.3125890517883811,3.655064457633436,-0.6705605102890292,0.015748564544170073,0.5704090664416972,0.09793750201496945,0.198172008412262,0.18432052813465227,1.1005017341690024,0.5783191832390768,-0.9305394715392135,0.8187889350030115,-0.5869271053925518,-1.9303062150053263,1.3385029274794717,2.5025274837225076,0.21640618481281831,-2.1011738563732023,-1.3554073518530985,1
-3.0190179566903055,-0.40112974029454207,0.4609453419366303,-0.2653660212828259,-1.8981427801683375,0.6527584929133843,3.954637779181112,-0.7197168799821282,0.7646039373705895,0.606650407871559,3.730461928144825,1.2943702636371177,2.4627712695704176,-0.5015355873424514,-3.6146676087516423,1.6234764048564405,2.287439143093885,1.205565524364425,0.13295600823508202,-0.4537744204662069,3
-1.85287095796192,-2.491973458584333,1.4448973609383662,-1.0277054662165004,-1.1378451238128005,-1.115202073533203,5.817360736265132,0.9203162002160256,2.4068999880509074,-1.3204387165406128,1.2964885529913026,5.05558728716732,2.1140805703006023,-1.6180850256652153,0.5360698677052644,0.49847441041445206,5.75911916120593,-0.6979554909960493,3.496483342119255,-0.35392088748542383,0
-5.444673830875523,-0.0030931699133669444,0.5986239568023757,2.0943749724180534,-4.67830455710917,-1.1202124409043157,8.621586375599588,-0.21127379720133055,2.7842882526018884,-4.267728848633659,7.266250083128927,3.8273217473506738,2.7629043863814227,-0.9139881106615652,-3.3303844656867883,-0.5950674874515303,7.1031666712548525,-1.3131485867149486,0.6476703130030502,-0.40794363522454796,0
-1.132563303340052,-1.9102112570007956,-2.3336486255345172,-0.133175097322474,-4.848684542559088,-0.9981387220448732,-2.80444545800524,1.136978107592498,6.172578358297967,0.5607592507542679,0.9291002203295271,4.61785237351244,-0.08577960501126025,2.2508568275231546,-0.7292188705882836,0.8099678190555669,-0.19764014064431074,-1.3212789237386746,-1.2252955679797226,-3.198897679883344,2
-2.6579135482391014,-0.08201866217400045,0.3440563311988354,0.7177220691902199,0.5236605835529883,-0.045291491482414736,5.146678385073079,0.6129532762036847,0.4601161897470669,-1.5233879320702135,2.520402790781017,2.089612859065361,1.4201707372220918,-1.774141808488247,-1.3459562200815807,-0.5279286031043562,4.838812104884036,0.0033424528885718555,2.404122182120427,1.0087816003967984,0
-2.5811751279329185,-0.8457860426480773,-0.35571319772294063,0.6590904861935541,-7.115295904014436,2.972934963283556,1.673659928548796,-3.773834297772276,2.348227998951436,-2.6250341276769507,10.937984966446507,-0.5138841581778077,-3.025495929060382,-0.6542946550440996,-2.358906308680377,-1.4948022150871882,-0.9091628505502242,-0.7733964705152477,2.9626590302764635,0.8505181277692229,3
-1.4865699903617642,-0.9981996316106945,-1.5901299430912754,1.417726634283043,-5.685840334812288,-0.9340828816085285,-5.175293967779635,-2.2512818676587933,2.630861925879704,-1.3852298452938039,8.504900804002588,-1.5426552444442176,-1.370955767205909,-0.30705213017510546,-2.396112150984284,-0.002854243831696723,-2.340593183518338,-0.9730751390103894,-3.969793430208654,1.3882773027454967,0
1.66748994308187,1.5013756470759896,-0.1309507986070355,0.8020627113314884,3.2789723870449747,-0.00010162598814655865,1.8959352896634376,-0.0026844247087849382,2.7037151812712232,0.7823010649958302,-0.2687711935952705,1.0018147614630868,3.716227039999726,-2.956839383031851,-0.5385084092669596,-0.5746330320054897,7.348975209057711,0.3438625447122651,1.2935992263562694,-1.363891778373639,1
-1.320986073117719,-4.6923707903202825,0.45823450539515354,1.3261156276521313,5.518592736401157,0.032908313725193095,-1.0774508091097676,1.8353253765080013,-1.7592376345767988,-0.6715476294351201,4.999766681651396,0.35598060111315877,-1.1261867742559444,-5.866544033372744,-0.6323665899287899,0.8017250016967087,2.6506855582697257,0.2057829114810756,4.762677714788067,-0.87440802744437,0
3.2386836667666126,-2.5755031557268735,-3.947158847197831,-0.8111783496025405,2.2441732206387233,-3.6668646063986916,-5.111027220797192,-0.22734730629380273,1.1412300253867966,1.198641997756626,-1.5382962910496856,2.154912506980776,-1.4208378635342682,0.04958067572774283,2.6227561946314784,0.6615236271455812,-3.71980434905618,1.1696250879047323,-1.5263226067993603,0.5482232374853232,2
2.4304807277006146,0.3703552002117403,1.0282247326728204,-0.3848916668932745,4.783593238261544,1.0061793939127597,3.6018463648776997,0.7090335788903669,-1.3318313672900013,0.7976811395504575,-1.478523279836881,-0.6495998833453402,1.8980279362078063,-0.9174810494874999,-2.206024398873026,-0.18075231049756352,3.2051293859091454,0.5958394752808079,1.9459111099760307,0.11529455411255005,1
1.5603071073467243,1.0171209398472838,3.823727553976119,-0.84755787871661,6.057689376164534,2.083289583882257,-0.5416181449799866,2.9015985007709424,-3.2812807057111177,2.769160350286999,-4.262113218581013,-0.8891959471261477,-0.2599688652727168,-0.8203917239837681,-0.8536453014862803,1.0524800438158737,0.31418724146604127,-2.1278948446252572,-0.1371220173129637,0.1692875418008752,1
0.8381827664547891,2.5848082094965052,1.4430135228371896,-0.9091951417798495,6.689738298670978,0.8230130219199125,2.7604247894110303,2.26338564923183,-3.572612699191269,-0.017946004734705312,-1.4648907865905072,-0.4855886206814455,-0.6167470294605173,-0.6210602996849394,-2.120923310597436,-0.7999750682801448,1.3959543508370684,-1.241138779951285,-0.6463945615589957,-0.380258302843543,1
2.4288644745251853,-4.546793762474827,-4.0010433898673305,0.4552678239191911,-0.6772532370768719,-5.24535204837374,-7.610224517142054,0.26038432721679006,2.9441900945960073,0.941967616913622,1.4723431347051947,1.9258830258976658,-3.298315658536965,-1.0165736867325856,1.468587945237026,-1.0292243106762282,-2.0612315437163446,-0.8718715217859946,-0.6700085380267726,-1.0040299614634651,2
-0.7109227104196756,-1.9112687170412646,2.811210410997111,-0.30365043686252036,-5.262391387314168,-1.8478307129565719,3.3636126567234914,-1.129114004806509,0.3937362906065909,4.048865793414901,-1.5590555890187485,0.7598431248249349,1.4176606503626301,0.7703771342037327,-2.178273802309248,-1.8239597849591052,2.214167513114418,-0.7367593867766137,1.253273328671833,0.8481225988120321,3
-3.024813745660572,0.47459431047501455,-0.4397515105140495,-0.3955389205927723,-3.5693398590162975,-0.11066055182142076,5.5566334198450855,-1.9597170488247615,1.1552062161050114,-1.9180335718346702,5.0997024529309245,2.15244262430772,0.4125118254516429,-0.36422725347365903,-1.2790529649756373,0.22368082386268154,2.196152485308948,-1.687023037718727,1.184253446066905,0.661352044831807,0
0.49963110690617185,-1.4176401643905097,1.5180582391489554,1.1399602708849947,-4.291285742369385,-0.42428043819649197,0.7360734880975952,1.0355550144987422,1.4192342149649368,0.32327527867205097,-2.9463227158363257,-0.291804813056904,0.5949372045453643,2.93024635900259,-1.0907933825377871,-1.2503901616723252,0.586909302580523,0.16204336828369678,0.5309538411263006,0.24282893396832672,3
0.41877443268871783,-0.9452222337935134,-1.9715979079538872,0.039780272607650345,-1.6590663271527495,1.1859383195981028,-3.975299034948045,-3.9760243011805687,0.8516989840604197,3.1793394539083453,0.7493975430749298,2.562301169558779,0.5140230718617624,0.8455693069751736,3.7055461538153676,-0.10906691789969869,-8.523982753317757,-0.9046266969647481,-3.088850788914275,0.21143350542649555,2
0.07359072969490255,0.1578508425612739,-1.9212859084992338,-0.4817441103815911,1.5579881598826564,-0.33540443027872224,2.6646191788472757,-2.5113432990594973,-2.9036889120411806,2.416912211577208,-3.904742521941439,1.9755256837304431,2.601328943750302,2.388176360791998,2.2164333038166513,-0.25271305688125084,-6.57347036179574,-1.3631565978153755,-2.395670520128789,1.5396546108341644,2
-4.377477558738946,0.08262919688996262,0.10740485749859618,-0.10176596099376436,-4.459173582184911,-3.171202450691631,6.784368618361353,-0.41326558111399203,2.9613807465641404,-2.4005481408977447,5.934901324071899,5.537521655046049,0.5466330401580463,-1.1072744361086007,-1.7320259547306078,0.08765022471585904,5.948405929178413,0.793018676231519,-0.10376794321791505,1.2670730034460251,0
-0.8040968382875766,-1.3148711378583882,-2.1850204989608653,2.603712034767443,0.15878184728991954,-0.24262481920057022,2.9091756014502987,-3.32345794484688,-2.4532330833940934,2.2483024188007104,-1.4986209614474795,2.1665026277264894,2.544725645143004,1.6341856122622727,1.8653247939493613,-0.7898268363991819,-6.583582652216232,-0.10019039512660861,-1.1440394639055815,-0.1965087989552637,2
0.2337697890647965,2.162101776155367,1.678191886901272,0.9744227391657111,3.053002194352609,1.5063167145369174,3.3207117040560985,0.7531245237878413,-1.805252728003482,2.167894635850099,-3.602347836509107,-0.402662708332163,1.3498871902701506,-0.18137556550317724,-1.0367602027062823,-0.4263834070495703,2.2780022325723803,-1.0307026508566344,1.27457182183493,-0.1944176423063835,1
-2.621194181040824,-2.07824846705341,0.3910972297378912,1.5522780576075415,1.0424790910466688,0.23854161251422212,-4.135213548292887,1.483761114261376,0.7783891114711052,0.17702817414961958,6.526813392135949,-1.609287050972323,0.41026621788237927,-3.8897943042174434,-4.10396954273525,2.1280169319065014,2.8633646452105648,0.04757039508893205,-0.6188950229268526,-0.0950659358636343,0
-3.4339548308542476,-2.888004158133101,5.52478191851745,-0.33789046594611,-9.48696861349354,-2.619752896457938,-1.6886273431646954,2.983082453136905,-0.24838844006519878,2.4562424867798365,-7.177447523552639,-3.7423177894958974,-1.0884173295465225,1.25390548604707,0.5381360400725561,-0.9379919428296085,4.434350451542617,-0.19668363098257965,3.9010964531454393,0.4693153447547261,3
-1.2009806991867642,-1.1086867472824986,2.5624159158936255,1.0061236640518514,-8.151350817000631,-1.8847806762519177,-0.6311690779778565,-1.084005591975262,3.4356833951089394,0.9388578455563206,1.2353549856830353,-0.6252702995792834,0.20381676815589245,-0.6762643700102582,-0.1543316795656362,-0.6852594680466909,4.731587752084059,-0.31244014004105486,1.1720562662104883,-2.6784081102034896,3
-0.011573990372666376,-1.9512704899946094,-0.4543823683198015,-0.44069558264569253,-4.253916665764438,0.9830981774126766,-3.068845515455975,-2.0190537694928024,3.973495281726923,1.763303553975458,5.60036835540888,5.123045346470278,-2.515314571418245,0.9178277647808508,0.12406591927343569,1.0476695150689883,-5.194377934055803,-0.582199254768786,-2.251151687548398,-1.5856241396810782,2
2.1159931196284494,1.0669501800651209,-0.4701360368931835,-0.49560218238224196,4.0119288682802186,-2.90747168289416,9.38968460635376,-0.3852067426221868,-4.510956107089532,-1.8649049949261634,2.382953296458984,-2.176610889036099,-0.028296536944694806,0.29149141504764,-6.661429124665874,-0.2898859069747252,3.790282043113361,0.6778286552461208,0.8538389061443076,0.19678018344486323,3
-1.059768644731112,3.5940213952909676,0.3209960470012805,0.427596460612069,-3.7753049266373067,1.540021395672167,4.839196646124557,-1.4917981104398228,0.556784585770477,2.199636595889202,-2.7688118649623132,-4.267689537756874,2.5196548881568015,1.0453962455159873,-3.6573078163413766,-0.9230124331354097,5.8744035672426405,0.06633970906943754,3.474167104687703,-0.9015233400197253,1
3.343381436929067,-0.09496963200531283,2.7303034994947306,-0.47338964973842107,-7.107991863692389,2.170936204042444,-6.630139601639262,1.3890647687626476,4.261379495713648,0.6551485793618478,-2.346203026922896,-1.1114777206479145,-5.191931320236675,4.308954908653083,0.602336715745663,1.3487510541504837,-2.848697863575219,-1.0601114271902472,-0.17449513278509543,0.43329712221373007,2
3.242004349085092,0.2223645198432247,1.4373153183035088,2.354123386393777,-5.837670237179041,-2.6600882177227283,-1.3015323361536284,0.13977003900662965,2.7023740290059792,2.134051910377016,-4.658080238049037,0.1763113686399227,-2.335236061103191,3.418427754216721,0.2271093101616879,-0.8785972062702595,0.7687414428279116,0.7284269442199892,-0.4455479006066776,0.17727039029888297,2
-0.5536143078407779,-3.035533923355046,-0.470638742657709,-2.2276461225073305,6.414452754755873,-1.3926011115604717,-3.003599893224621,5.3108516983470935,-0.539912366397149,-0.35008567694536574,-3.022789803203801,-2.6338955559003945,3.8675413544948767,-2.9878444098518546,-2.4796271825948977,-0.6403697443878648,6.148856832746729,0.8110846134524657,1.6222631970434964,-1.2832516215982426,0
-1.661244490984536,3.6871615153335733,-4.435089163528913,0.2899154019543894,-1.546073103127285,2.543372735724078,11.572217002020707,-5.048138489053628,0.6416266806451879,-3.722565785632391,12.891731230056445,5.020884828366654,-3.304805856113091,2.401717540609782,-5.9790164930733205,0.38483529560789026,-3.1433135965144747,-0.9468823193535822,-0.08087063117709659,0.04689603667611602,0
1.6015847526197926,1.8417438424997075,0.49254586301986514,1.6457510973077116,-3.2616697662435272,-2.158295894965202,6.033394833586785,-1.2448055317840774,-1.9889395164411168,3.720596212057321,-7.359780343487793,0.38765233685261924,1.1600369355934292,5.926615625109617,-2.1119098479784153,-0.6780476434463981,-2.413161211138854,-1.680170249290361,-1.963736648484034,-1.1251717349123078,2
-0.587462760943732,-1.2312564149329015,3.1605333927226757,-1.220866639239868,3.0592497070407165,0.6967750299121467,2.390223977027214,2.6667538950314835,-0.7448496771901594,0.4048219289978433,-2.7396327891273375,-1.0405621725816407,4.283501363220063,-2.215874242952564,-1.29259369480785,-0.9421914864762053,6.263792620787954,-1.1288255928577011,2.3594215036666193,-1.3949741679440972,1
-0.8649379540406614,-1.2265478858633583,-4.330640491933521,-1.0094805148869845,-0.7751013932334723,-2.809499646978935,-3.1094461103939377,-2.1353437299499483,2.3101854627681404,1.3041507196215842,5.121526746791227,2.0825351595591632,-1.326327512134381,-2.2038179654907126,-0.3165127283587468,-0.39138686585325233,-0.7361276143731842,-1.4360696307703082,-0.8283599544918677,-0.7118338784346363,2
-0.035470135410000436,-4.428003442268387,4.746617162903718,-0.6261329643506333,0.36431447092362884,-1.782095639976721,1.4665861118289338,4.174749992124392,1.3383633498665635,1.391291989864638,-4.025258963383546,3.2335585248065146,1.7217606430182402,-1.7645285769895005,0.5648484367511866,-1.5266544917523492,6.43216272763026,-1.4833661483504066,3.4973980343369973,0.457843907588537,0
-2.335088560034118,-4.57364072142984,0.9409505318802138,0.11948748991039185,-6.683505103521738,1.1089774859414145,0.1259359353599759,0.43716975404287584,0.5403947663170127,0.5004261490961852,1.026705674705088,-0.03827544798774296,-2.604209202210806,2.515834086237278,-1.6374220913759108,-0.6478372818743074,-3.0571426073122994,2.129616646867411,4.06261212058161,0.4412632166932883,3
0.27359171183941533,-2.6677117396626033,3.0389140988607597,0.779813309964342,-1.167785553174317,-1.502180016215663,-3.9696750069228517,0.42538684153851525,0.015963966109226346,2.9543369247993585,-1.532740542924282,-3.2967698324882764,3.0630183674308364,-2.716860533757764,-0.5047522929753734,-1.0415977389557871,3.488055196677938,-0.16223598982196022,-0.12091250461704739,-2.028215419458702,1
4.163727999955366,2.200731129074896,0.9398207203325507,-0.980451552972441,8.518195057968162,1.4934402117748187,-3.452909468492823,0.33338122726206576,-1.9727588303613008,4.259844364454352,-1.0999743601199448,-0.042095395455644447,-2.198806805079732,-3.1477323672979454,0.13072294764334957,-1.191115154554174,-0.6296532581330678,0.1589994764917582,-0.639353566744087,1.1852472467614408,1
-2.8596372792319684,-1.706318875164976,1.19826579119086,-0.6285562300602406,-3.6936301234783993,-0.7683837398031712,0.614525520580107,1.5677716042700238,1.274194771320676,0.09074391738264365,2.84679309459522,-0.3177766646765652,0.6130250806843343,0.3652319473697512,-4.725074453766988,1.1658542577842075,2.802224362677188,-0.5111635704164169,-0.29905673204939176,-1.1862033475518015,3
-2.377469958031404,-2.753642550201097,1.4807811568288722,-0.7265008502350087,-6.625864758975915,2.0745320552088287,-7.128053240598262,2.3170740543936925,2.888895543798489,0.07638179027494574,-0.3085992021665239,-1.9017362640446767,-2.279690065762659,1.701822701117843,0.15113688385826252,-0.07183889890236296,-1.9805546939493373,-0.8498474100028897,1.1142276630486416,-0.5344903543887887,3
-1.5134418138930916,-2.797370051753528,0.9624398153296048,0.6522914486348891,6.612526827216743,-0.14224510212613595,3.3806669440993202,3.9396681905404787,-1.4946688037993807,-1.946553248354125,1.456022349508741,0.4539054510270193,1.0097775656532504,-4.639172075064227,-2.0190764405273423,-1.629992686639561,7.438870031569223,-1.221046531147736,5.6745171997968065,-0.6051049235994194,0
0.847561752408787,-2.781446097790006,-4.418010345350199,0.7532204169392545,1.9802021113491384,-2.081296076018099,-5.989351425931317,-1.5178500709813882,-1.4296207777220653,5.681515715852159,-2.724327286537952,0.6911564402976468,-0.5151395630732245,0.6190651917573393,0.9886747472379313,0.08382179131462222,-8.058285936873874,-1.0837099026575594,-1.9643476372408881,-0.603322384678903,2
2.6411611684620935,-1.4704620382795728,0.42590612685813145,-1.2688541498513248,-4.934422628464266,-0.9489616932468001,-6.440349287030187,0.011417709516597041,2.8059162800586126,0.0405563706408254,-2.04938189061802,-0.7223451743027307,-3.064250824717906,1.9447491609974565,3.1378865744237308,-1.1871985525903455,-2.7760999745730226,1.7081133699000803,-0.616064030247299,0.4784990480150475,2
4.3486440760662255,1.6815111237027176,1.215345807201206,-1.2415588790551513,7.085851917718053,3.9021409250950576,0.6875018089914381,1.8859812710240178,-0.9662325186839785,-0.26145456515764454,0.5339399887621501,-1.4539311879330077,0.14086263956476786,0.30243034423925486,-4.156912003620132,0.38347574232960674,0.44505985462489384,-0.6018680747478049,-0.4688023070742229,-2.144169773752266,1
1.0820681003964876,2.3198319188427536,-0.1087501706606262,0.10788390715667548,7.041643487132178,-1.0164346506209712,9.820921210414795,1.708245163393911,-1.4405173908549997,0.477870910115048,-1.6795174505017825,2.216993055410849,-0.4234537784501391,-2.919473863244641,-2.687341114337248,-0.23532203292924994,9.701965240705128,0.4238869182966122,6.731788251772583,-0.5648454504138606,1
-0.32453000687011446,2.9115804502061757,-3.582641823779855,0.11414666937988713,-4.57746206562456,-3.8978002294536704,-3.6689419899883826,-3.8364732860982094,0.8936084280937457,1.3198340692533852,3.7229642360449295,-4.719990867851061,0.33426583293126977,-0.100820112882962,-3.1694506355911694,1.0093389279245637,0.3297736307238297,-0.7857888730169965,-5.154810486007367,-0.2244648360099071,3
-2.2978486428226645,-0.8402565203854505,0.422537395334027,0.1626680992947081,-4.210142011497865,1.1679653359943916,3.5991085080841776,-0.1756901946038787,0.6951396739460399,-1.6038998818777865,4.590668622527736,-0.019789656210531525,-1.622805866349995,1.2094045580270727,-3.8303626741178722,-1.7152722650127123,0.82175460350028,-0.1776763415023698,2.267489783209142,-1.3081493012703218,3
0.603649084182225,0.30732049563665154,-2.4329371606720915,-1.4347964207054205,-1.0495792475803853,-1.2688105839041433,-2.034602927241024,-2.633492310397645,1.4725413357082318,1.7386120336236879,3.47775952581564,0.7994507357830863,-2.007960268283475,-1.4573574197548038,0.08010826349550215,-1.8101384698891883,-0.8692366405050531,-0.6332508713823471,-0.15367170790958773,0.018149066363037977,2
0.9090002790408493,-0.006027726237995745,4.922622430859818,1.178316877433109,-1.8988954057080154,-1.033080007880776,-2.0314942609088766,1.3332381126101314,1.8157610016881982,0.16317879661531243,3.2342222804352923,-1.0622233197424176,1.6782123935358655,-1.3018123553313992,-3.671914184927422,-0.06642858955448377,4.6864705001504445,-0.32176452166249975,-4.599398500514463,-0.20846605279872285,1
-0.2670665467860893,-3.4445579491725438,2.924536319093808,0.69588402210372,-0.8387611919924508,-0.2441239780230502,-1.5600513399815246,1.4988738113208284,1.5029884304558745,-0.7921534029971348,4.053238523611703,0.3715645622400032,-0.1303653423151483,-2.7226518059425002,-1.3617866422572436,-0.5717150453217523,3.4856890042467876,0.9057220718679299,1.2872389571892078,-1.4382485125368092,0
-2.7518979080490684,-0.7604437532836239,0.46590384224388337,1.3466759268360422,-3.1537139902336686,2.076573046033548,0.08393233669663602,-1.3067749708392453,1.28176392531008,0.6720357963578372,6.218039948329317,1.543716754387525,-1.8224568109295993,-0.8188488652614041,-2.0088838551135995,-0.2620785768758069,-1.2798487265619336,1.1711904207724917,0.7421903337048056,-0.43184734381704165,0
-3.599650694704296,0.03087542111103203,-1.9761032263449878,0.695722046870165,5.501306824883966,1.2391739813471427,6.916054956022854,1.131279227777973,-2.697206701602806,-2.362480011493365,5.38796378741496,2.568575853007909,-2.77737188866614,-3.005540566554245,-2.4652597295653442,2.2279714645380406,2.5381345384409513,-1.3159074006951113,5.6754892002645985,-0.7068547044893564,0
-1.3201442684682476,5.345257401643652,0.4060084505216274,-0.27738470585961844,1.4144622203007535,0.9385640983502738,8.24233507300258,0.6943957645954657,-1.030212081009804,0.36459911908520093,-3.463073301846287,-0.7810312729313044,1.2292737813185584,0.5812915183607978,-2.804154551331937,-0.09697780726717828,6.894343724850677,0.0546599711347555,2.9440443820844404,-0.832930215395168,1
3.790092360223192,3.0134803614502728,1.0537036945904634,-0.16948567309811213,5.174713994694803,2.180533086723103,5.481937844752817,0.6307330374526602,-0.17833956059305422,-1.3202857791186071,1.2078022033535871,-0.17829585431336525,0.855892413776731,0.11884977330952085,-4.129804353131226,0.8252126470866125,4.135651943701679,2.602934041694556,0.4614204596465078,-0.18972040253744654,1
-2.5366139171072226,-2.41535445936138,-0.04430598843141942,-1.01282403672111,-1.9327297976103852,0.2847368900035663,5.458404579951758,2.3204985035491643,-0.17163678380833614,0.09607600234550451,-1.9660354540509868,1.074532830653569,1.8855679373004555,3.1716020174346404,-4.407920556596484,-0.2704532030759771,1.1164638078059912,-0.9527039403582849,2.580343377549907,-1.9175757582707302,3
-1.7676621897774796,-0.31882843427194074,1.5701628266236594,0.12156916122004073,-10.584806468417746,-0.9869572111848112,-0.41999647433563014,-3.8377919209781313,2.869832235420115,1.9953302636271104,6.401792083300517,0.5069506541582973,-2.171416849313087,1.3325070564622017,-2.7095122901511233,-1.8479824714018644,-1.494741020159585,-0.225393047057179,-2.3065074861708914,-0.7399432334901728,3
0.4491007423667587,3.343278619381423,1.2189305796666496,-2.1906476944926827,-3.053964484686528,-0.7438813877716566,1.6851089492831715,-0.5561500203017475,1.3310549488202579,1.647721082604978,-2.463064833544516,-3.324982833019311,1.0408363014781243,-0.14130311845863353,-2.0327925493960493,0.1833520377540835,6.668808607024921,0.9066948524582221,1.307883523562495,0.19666532609010354,1
-1.996714587840736,-1.8675351166469292,2.571164255820201,-1.6762768915756583,-11.327088950116758,-1.3562595354200293,0.558691548361739,-0.7719209681494217,4.078340276243204,-0.5154037370144471,3.084852993776153,-0.3851908631104701,-1.5431156831575443,1.4400246343393572,-1.9307615284702488,-0.39602821906658864,3.4701666995631117,1.2176231750834379,1.7355549737735967,0.31716584448337504,3
4.50620792487081,-0.5438386209371128,-2.7835025930752098,0.5595412589480128,1.6748511036581648,-3.2956467918566945,-5.366219648639188,-1.8193898858864055,-1.6670949673184379,-0.42944299295986266,-0.21268187461603988,-2.718999071698948,-3.7732334479567595,-0.34980052782621995,2.7207963447559993,0.22437962788415367,-4.291573642947877,1.1131924272352265,-1.3765715950243753,1.239390887049524,2
1.2236263778140675,2.0504829798407154,0.1847541299902069,-0.404007425814248,7.216550292616483,1.1839674742013064,0.7895857033542701,2.0813773945905356,-1.9658171347804279,0.3257268690948403,-2.61274437676402,-1.7940874545364762,0.6422791138063152,-2.5730952476239146,-0.511357616577728,0.5597320391784085,4.188655334126931,-0.2843514997403912,2.3081399585741993,1.3392329862391188,1
1.3192701128692716,-2.549837032201676,4.253159752429443,0.3470645191703616,-0.8960234890399836,0.4630491718439711,-6.393176540781891,1.062569837570283,0.7410011838611745,4.2323908471555605,-2.3619709249895333,-2.6900346163005366,2.3719184617172164,-1.843113893397088,-0.30123601366726716,-0.5195862624966334,1.2955211964461806,-0.4841993876773266,-1.1865877028105127,-0.3984484867175416,1
-1.657400759587245,-2.5715786769401343,5.015571999899324,1.496102641339802,-11.12810611527996,-2.828851795916438,-1.5716189234943592,-1.6728660952970338,4.597797574095221,-1.1381845720270847,4.7159948897942385,1.1841590767884558,0.6586774061439502,-1.145359187775866,1.5015003067353878,0.1818810052390528,3.998763158357721,-0.39006124980994183,-1.9634427383453188,-0.37078519144491656,0
0.9668662359993452,-1.0020860516303567,-1.7482068313350958,1.2001068239616777,-3.3492465734421017,-2.4320732964127125,-1.3098373448283618,0.3794613005073739,1.8637283477220767,2.088137204207344,-2.2492645140342424,1.3010114917220432,-1.3312215189544074,3.3097099975871203,-1.676461212340861,1.456117917333391,-1.9096127841879098,2.075437811392035,-1.3126038155971447,-0.40013337650287234,2
-1.3195635534893644,-2.101561848619861,0.3519070365143935,-0.13263291091448354,-0.48443057646048326,-0.022123655521983032,-0.16166446602247303,0.1455138043488322,0.14298792405867178,-0.4035397522060302,2.795907177701764,0.667429146178633,-2.06722496979329,-2.332343947819965,0.5714562233733047,-0.6229437386484142,1.2812510807174844,-0.5356757166597507,3.5395223829540687,-0.5189974472528162,0
1.90592713324348,1.6571010475130774,2.1455287172637565,-0.9980471731421626,-3.7387833942338484,-3.1507265120263597,4.950940736257509,-3.0281715402782208,-0.6522642743216909,1.7005264823453816,-2.0110840539980144,-1.914584331020654,1.5222321806594543,-0.0802241111943558,-0.39242531573394435,0.6849082832221659,4.630379572306449,-2.1557615121705793,0.593091866715589,-2.233935558289957,3
-1.7233155436164034,-1.1487379191043539,2.2277607893009006,-0.7773180386400836,1.8696658210935986,2.6877524609710544,-3.2371527968667797,2.6342479493635276,-0.7014673125946089,5.754430230755329,-7.656082103150028,-1.2656419828685346,1.7202674608696986,-1.4956141285428997,1.346390178646634,-1.0909635100661974,1.5908278801291404,0.01184430609854126,4.241910059791305,-0.9208225818613858,0
-2.3577783547120674,2.0993988557034866,-0.9481356134636001,0.9784666768509728,-5.465324110240726,-1.6565656311960397,3.5251915422173576,-1.8137887708951586,2.5776584106249243,-1.2496908678259746,4.805359011520039,2.0234319344793352,0.39940521898933956,1.583550811604121,-3.006682911442395,0.45198764119311563,1.6137752737027948,1.5429195659842012,-3.2259093626915933,0.38597889784319905,0
2.360323977463724,-1.6510778550476344,4.002708949847329,1.003236261145048,7.0781753316754,2.163153520399015,-4.34569902381713,3.0133243189558305,-0.5323469036390706,2.370895305559671,-2.185998108008736,2.3674585256036647,3.0623348311356757,-1.7658591285013205,0.9690124067183246,-0.8181339862468417,-1.5329797012804702,0.7656120919354013,-4.099013689032006,-0.47947148216926494,1
2.7608906781160507,-3.48414895943568,2.870841613933668,-1.5406409691105445,-7.392480595863083,-0.029308050609439196,-6.360957052912766,-0.768805092698513,-1.661303589071446,0.8514566918391665,0.4879753822540982,-4.0061142230023785,-9.80639115351905,2.6350547127649038,1.2389003626893618,-0.5600838882216894,-7.51026717973942,1.6960577535787023,2.805261777085816,-0.553833023298506,3
2.3392690842963364,3.1884793053538774,2.4860128581379257,-1.0075796594347575,7.831158912085019,-2.2354474179444304,5.2955187024019486,2.6845846231821113,-0.4570584077807226,-0.4414435480324501,1.8822814005535966,2.318762135880408,-2.1876526933516014,-5.198770468899419,-2.5607662791554824,-0.031049035100890174,11.208705519864235,-1.4424444208992406,2.460151321770943,-0.23558351662223054,1
-3.1839434567029765,-1.3847441843677724,3.4124275480682567,0.6183472573306694,-5.022647533027158,-0.28004602737074014,-0.0412492623474572,0.2013919544160656,2.81983598277009,-1.2319793794629286,5.152156456527692,-0.05150768897539848,1.7624797675579873,-2.7740327141826273,-1.3882115166880127,-0.8614008465181893,5.950438357728846,0.853884157420803,0.18745597115417723,-0.8643304624692068,0
-2.078954855689554,0.9613356620275817,1.5043356502844993,-1.059668557457832,-7.539334823568953,-0.9008157572980302,4.85503065663009,-1.8300278056857229,3.7007838027766833,0.4194489103218031,1.1767064480497627,4.101177333552503,2.0973472636341537,2.359238762522959,-0.6619549905394279,-1.1256261575784021,2.004655141823431,-0.5061410917717176,-1.9009186582264883,0.9005367329806482,0
-2.5832332066630883,2.0657148130237144,0.007282724218043768,0.07286155214473791,-6.580908115286674,-1.1255557611113747,-5.434489061970373,-1.9965683127386726,1.5407001325515786,2.502179247867069,1.7785205971204738,-4.936159881202757,0.17534353502394584,-0.9000279505446827,-1.7120930780580284,0.43143579410919514,1.6747441770328373,-1.3867283606779415,-2.584680175932367,2.1967382670155726,3
-0.8162632478005162,-3.1432471166096274,3.903410861719286,-0.6736750876166813,-5.200248073289872,-1.0747839097648513,2.8816575355033334,1.8262430278515005,-0.7033616832142497,1.1888531162325728,-2.527131129844999,-0.649540034829762,-2.2533021688321035,1.6201151130369311,-1.9239093965025749,-2.081093131126931,2.271912858295903,0.14385163324634823,4.519508358108258,0.29773645476611693,3
-2.301758191104417,-1.8395652901927213,0.2110753067580915,0.012861885407609448,-8.981949134239622,1.0878548323463115,2.493565172313833,-6.56561690416415,2.2647251254269376,2.1784746073128805,9.13996183749571,5.160971412281347,-0.3642155357285457,1.8232750188423659,-0.8194608053787586,-1.89553587573679,-7.6444616369216885,-0.011708956481145318,-3.346851932335216,-0.7327749604523491,2
-2.0436413015960295,-1.0339859845777655,3.0851748087116526,-0.23524223696743682,-3.5428579979145365,-4.058470798720338,3.216632552278777,1.0095866320727915,2.9784810885691084,-2.0688494341356956,-1.415934676141101,1.1129421088671827,4.752794117333872,-3.3944172788312486,2.5394836590409224,0.8798567379474236,11.25357633030053,2.3061640025806343,1.7855001969268225,-0.8808195799722746,0
2.57021384619902,6.184826141717778,-0.20368760810750297,-0.17294316101200374,6.883162966329279,2.1975728317746106,5.479405229723865,0.8599424209135003,0.45517992533350715,2.593570807489331,-6.667627590901525,2.788553536253715,0.6758532849923296,-0.6331747375222433,1.3525076233433788,-0.17171656388434287,5.552928062448689,-0.6257537551507155,3.0654490262137006,0.1697542999510717,1
-2.410191009848,-2.9482784402667193,0.4356961433401887,0.04618361651617732,2.924085401915119,-0.18644805630950279,4.928237725833721,2.334062907501773,0.8739376649964641,-3.237367536594605,6.274176384591825,3.0362911965997137,-0.2748555535902495,-4.167293066548569,-2.5872123156524998,0.22449498197211173,7.033030216962311,0.29817570277746885,5.299086198275231,0.2660766614288725,0
-2.494765328231603,-0.07433514802046792,-0.01195551386041438,-0.3095955177570466,2.503945036000059,-0.03900986418840047,15.525669836987188,0.5350240160697032,0.09759802659216676,-4.657502994058319,5.191032821916741,6.674599633011619,0.7023330739518632,-1.400174380231405,-2.8193452468731373,0.017757957491121273,7.83703008434498,0.24520340004469413,6.395803500215763,0.24159025656942953,0
-0.8530213747023985,-0.503588781436857,1.70130590108304,-0.21324381453170124,4.700885001210232,-0.6204134403667458,9.144977936930644,3.5967874945670077,-1.031441655447658,-4.3562176004465245,2.0523008579842523,-0.3706332600208089,3.760947221849474,-1.9880386529039669,-5.726574806219835,1.8115547192523307,10.467660314762739,-0.17351184419511592,3.349428382302486,-0.39952109017824877,0
-0.30083685208858824,1.9969227205503015,3.1020234129948814,-2.653379100182451,-3.5355657552048636,0.18034851874412428,7.688444995612257,-1.287825790184749,0.5623163072731023,2.546411967851328,-4.9028240850349105,0.5119294436663573,3.308542331716808,0.8598666390166243,-0.17861018769576753,0.21142122854004194,5.940247449961314,-0.004859612783917099,3.2680626152807255,-0.7463980097641445,1
-1.349542404049393,-1.6947046150200937,0.8187819081013186,0.7426459542336393,-4.85634334196466,3.3427125708727954,0.34401273212100514,-0.482662161015296,3.200627500328335,-2.939930234752705,2.200896782860202,5.08981734372615,0.6592635454060471,3.9228727041525424,2.690060118815052,-0.8376764317433871,-6.349174240049297,0.18217326577086526,-2.519448873156838,0.2174542879350215,2
0.4055840294843507,-1.7598503259560179,-3.254456073628186,1.5608011568300915,4.163302963949253,0.1795586055086127,0.3226285765487229,-2.3230586491571725,-1.9695739756528154,1.483828467547997,2.8613579718058797,2.6142019858389687,-0.7027062880731864,-1.1537904304685611,0.770230474748738,-1.6987095258969143,-5.660135583004826,-2.100250563623615,0.14344865720427635,-0.021988835915354134,2
4.993813186691016,4.559051037308277,1.3299014293533873,-0.3301103096309416,10.44702157984264,2.0447744984019307,3.6437909891857942,2.1496626486751462,-1.4568127748311377,0.9320905791183398,-0.9885974133553636,0.9553964244720503,-3.124790546426756,-2.6840243598717866,-2.0859648790720406,0.48623141835173705,5.525870465157053,-0.8103234348360824,2.9191529087807346,0.09288454999497926,1
-1.239916364132155,0.14191663633558682,1.2787879896601153,-0.9113914628628478,-9.401539301777461,-2.3907700210029152,-3.1547919963215607,-0.5796041291252763,3.2595678327429662,-3.8090473731380325,2.3086593546832774,-5.1766317631165775,-2.127879130920218,-1.068428519503093,1.2347373103022026,-1.0630582964299926,6.26289180438031,-0.5649779836239675,2.3607347693008967,-0.3342833083135392,3
1.8781004899850968,0.10887403114316863,2.5674644601296555,0.9043472748664299,0.33948949170799025,0.7213215739450218,2.659903064856161,-1.131044904217866,-0.2016997215684473,4.103635330889791,-3.8598064240109546,0.6906084594014703,1.8493282114893892,-0.5816705518026557,0.6163892763397802,0.8558266557769144,2.0452600239177228,-1.3510592496124665,2.260864759680015,0.2777715181630025,1
1.1384275741848722,-1.1347047963692625,-1.3097195299853022,0.11613578022335458,-5.907971750995925,-2.048872815088124,2.247104893933982,-4.466008137290565,-0.1943971127566715,1.9039456247537152,3.007620361812324,-1.3540653608587687,-1.4900472880622162,1.752807674968317,-2.518470582594272,-1.1974787525781763,-2.5403878181117956,0.8689640850709452,0.5221037810449083,2.2049988441217527,3
1.2846825853084498,-1.6700020644570472,0.6609232979916202,1.1094188199272383,-10.771311564711976,0.7519494681145775,6.753655294591177,-7.91667052564307,1.172153591370588,1.5069232034200062,9.978101654476955,3.788778477546591,-5.279043928091944,3.5927290340068483,-2.769499578431331,0.01249074688406641,-7.507539697288204,0.6499616297085027,0.8993003801717553,-1.044976174752692,3
1.570590019281428,1.6875524377143627,3.7637006506372206,-0.5334892604309164,3.6308532989820335,1.8377214546834892,-1.691163494820413,3.0216797199185264,-0.28520856630090985,1.857109044785296,-5.211481720295588,-0.2872542425843838,1.4404150397524393,-0.2864490342828572,0.5270867342026835,0.6465657098192138,2.269451249415929,-0.4052032652046699,-1.2298695357366625,0.6982442943655424,1
0.01793782506720709,-1.5564362134089367,2.357503456290264,-0.5148989928799563,-6.521760055164661,1.2635090115150782,-2.2794873043670214,0.40874953133011394,-1.1260560019785322,-2.274931555458738,1.143864504230763,-5.348638728517761,-5.963202844555616,1.9716866836546332,-0.6457576593550824,-0.6545285706652274,-1.896668407867546,1.023123276070069,3.9262396349004485,1.276315028176074,3
-1.2487161601145413,-0.9712937112604585,-0.5347396286923503,0.36236757539154196,-1.8525529632140354,-1.561324811294235,1.8883598607054743,-0.40514579087786284,0.7144551995277575,-2.540340919697041,4.050248919278834,0.2658397612543204,0.8821189492553948,-0.2999473253867604,-1.732725789788528,-1.077438419030535,1.6765496096193033,-0.7767979226016508,-0.844145057191322,-0.3785453991953894,0
-2.454566652055475,-1.014089572300359,-0.33699080185633723,0.20869630408367235,1.9263823407606302,-2.053293663034682,4.509739311480997,3.3926894876397897,1.889652898436763,-0.7832598105649031,0.2735271411037658,3.6128042511954193,1.6738725951203461,-1.6719481199024724,-2.7443352999792774,-0.68557181853682,7.7900676173126415,1.8148046525224815,2.6017716510250724,0.8677984994352393,0
-1.1585457376261132,4.5983022537555,-0.7471598440534839,-0.3320405791588485,-1.7348973544365456,0.18955811762135144,11.695620076887815,-2.050503047864295,-0.18908289042168236,1.3301310804150204,-3.2815561306882493,-0.38064386801280237,2.2581418000506033,0.9952785341590524,-2.7337877171803107,1.9411705915114605,7.65407918902486,0.49444705660209215,5.547422546345915,0.568441488492121,1
-1.0586869508005818,2.731967941798034,2.758664004581477,-1.1415004590099005,-10.100810698844983,-1.8114188605318609,-6.504735411941837,-1.5872387199243643,2.788894056843028,0.5486734742089049,0.34490926970809466,-4.918557290912235,-2.2402922649829193,0.012009052359831296,1.4106846666665689,0.37156879661469405,2.5300341978939693,-0.1642403399926962,-2.731275249091295,1.0294150096736838,3
2.306429349567481,-3.160406521903913,3.711055515886656,-0.5691120403904832,-0.16356024830426774,-1.5533818726938209,-5.273549009809869,2.9358984185557624,1.3083458743663767,1.1070638852066983,1.1668083797885314,-1.7419037090265017,-0.9199896909515246,-1.7055870522588656,-2.9026170870117016,0.04832674582102094,3.3162668613621786,-0.8500196911431195,-0.9904464613860324,0.36973314476333247,0
-2.0681438612852188,-2.0454276666914115,3.49501601983149,1.024455347043958,3.5889643760011163,-1.0248823951801835,7.751159335086566,4.6141558086185945,0.17541666504995557,-0.9068525637951201,0.08742936915046881,3.942961476881385,1.6630529111945036,-2.892975845163809,-3.277797698543144,-0.0030704230247626924,10.18345482911598,-1.1718764490659612,4.938656713693409,-0.8081745841977696,0
1.078295407690427,-0.5991142315176279,2.7398751218569526,-0.8937023102054146,6.037054799786114,2.2179062887671273,3.203940933333857,1.7719210141612174,-1.636678815574394,0.29730998749174686,-1.9862807561211173,0.5745864880240288,2.887528311527258,-2.3546499996354813,0.07103881176248872,-1.5793404312141217,3.514139018275545,1.2081754031700094,2.6364615019863233,0.35820135861104346,1
-2.890506208195252,-0.37345728427385394,-1.3048202491597456,-0.9911986445174263,-1.448723027613452,0.6905751345906226,1.758684511622791,-3.0987931273567755,-0.3546616602951085,0.8475716740261039,6.000837320253949,-0.30801808639072514,1.5243048700435886,-1.9370079952203643,-2.2733857880153523,-0.4442339615648257,-0.3906857242356096,-0.27961478340779194,0.09310094853347017,-0.2526254692437994,3
0.5669914251507083,-1.6904711208664902,0.41037804609671213,-0.542500902162365,-6.212428320050379,-1.3837299653491455,0.24209749066220515,-0.681957627010112,3.620935781205613,1.3508831949411424,-1.3618371063941868,2.845043203121405,-0.46633277945648666,2.4643314396573626,0.719619091680797,0.49702582910187026,-0.18868589048841652,-1.9284267397870716,0.46437141794165737,0.29282975158478664,2
-2.546677648834579,0.7829336130311054,3.2049105287168866,-1.6326180452350747,-1.4572406651648555,0.29672788232064606,4.234874814175427,1.525957257392586,0.09438864069431152,-2.046193280829967,1.1579148283649323,-3.084043773172697,5.444734451418823,-0.8550602270177071,-4.480713700914656,-2.1891156697312013,7.783694713342799,0.5478508449449205,-0.6115540663147288,0.6560899268275224,1
-1.7814239963698044,-2.190030887850421,1.3945987154902146,-0.845095315193393,2.2667184566113123,0.12367554437661821,2.0230936111050353,2.900349170802757,0.8379502049851038,-2.4155956196543897,4.592820181721475,-0.44500085668293954,2.8647136782178215,-2.781451368500739,-4.897492024854187,-0.9347152018928379,6.771720165043923,0.8699389499563367,1.1661416421569561,1.5365168642817006,0
-2.168159303836666,-3.6254455619440185,1.0451629740219464,0.14769422173020996,0.15390566146084295,-5.066844080389611,-3.5783816711893945,5.704242984141976,2.365413605511063,-0.05480792307638116,-7.176538996203799,-0.5658553967183693,3.355385214894275,-3.3109530329003443,2.4358804437684283,1.119761878554883,10.384281990159904,0.4124529289106525,3.384891208244916,-2.23259370544405,0
-2.2252276258347967,-0.8082788247419112,3.344885819987807,-0.5971062990694141,-9.707966585353102,-1.1874412935462741,3.2317742235126214,-2.355825693473613,4.039778772011655,-2.454256923785123,7.588284955786562,1.9868477120605057,1.6816389435418464,0.5890243467972902,-2.249642346708779,-0.405151874802948,3.0929071626379545,0.36026499762700365,-3.0400223910339643,-0.5698122016696738,0
-0.3647467244008964,-1.2562533067087631,2.3585182615293325,1.0953813751998045,0.5567717641645826,-2.5555061046243432,4.83823914037142,0.8697165398005033,-1.436237669831466,2.2842920684092816,-2.3882544186566586,0.7325793514053158,2.969747674775491,-0.5721698845073904,-2.6115109616893744,0.5782401336205714,4.435553111326308,-1.4633563875567581,0.5638487354886631,0.044399673107711056,3
3.46148335070366,-4.840234822763826,5.583454178241523,-1.5692993382289517,9.517318585480645,0.1483701983357486,-9.141479448981627,4.47399336902861,0.3903338546487507,2.7089358188272286,-1.5247671083772916,2.364355439628122,3.2895195883498314,-6.513057630767932,3.3558104427587865,-0.5055895399975447,2.251918891744379,0.09411677168073421,-2.8081991099556594,0.5085322959665433,1
1.9631816777516105,2.2244169427383005,-1.8625970932378442,0.9355860725326604,5.546216597541058,1.1561655854651922,2.754723237462934,-0.6240750022837904,-0.4473278066497769,1.1147622074157277,-0.343227784262852,-1.4423439718741207,1.4112142689397849,-2.4089911971417335,-1.7959151534958195,-0.04727162204449086,4.4704961935576515,1.89754169494349,3.2631108674152323,0.026818720180438068,1
-3.490553789327621,-1.324039302947823,3.2016503242714087,0.8836453397875517,-5.131826045150948,-0.18054938846920865,8.161687175792792,-1.2881108556524685,2.4383386040806814,-4.727698668165214,8.314735551534751,2.3513357369111003,3.828036275712952,-1.8590918083364263,-2.4862326953314593,1.276289573744115,7.101135470311968,1.48588754883218,0.7893140478362196,-0.7604628871654935,0
-0.02444907916718475,-1.6172922358637494,-0.41362781577054064,0.7008364467526926,4.246669008064784,2.2842062330637494,-2.039331868002203,-0.1095756259371139,-1.8232621038642614,3.972770598997683,-5.606464289842451,-2.6522444316243314,5.084481449757716,-1.9656460304920071,1.6756925103361415,-1.5906795108244651,-0.26030203946904407,-0.10761288541150188,2.7069666191083437,0.8552752636530545,1
-3.047601983289704,-1.5422255863820413,0.6848574410010949,-0.8130857247071908,-16.485439868029758,-0.2365915339711948,-1.4362811177497017,-3.3915555540634257,5.195781653844474,2.7082883109046048,-0.023530362111567442,-0.29603820911917156,-0.6465586193798241,4.918029938234124,-0.31703285591739183,-0.2417398139357254,-2.4423079940015278,0.5009521764188507,0.3851837334473658,0.12219870459349175,3
-2.405530140809237,-2.7512428314027355,1.565149290632027,-1.387448904005148,-11.065311243966075,-3.130851798111115,1.6489278968140315,-1.0112778066699653,2.2074253640546537,2.3362344305600162,-0.29396208947813524,-1.996526902134017,-0.04251082375076454,1.7862965617319833,-3.3538081404025304,0.04815328652361599,3.771596558174186,-0.06698526895957137,2.8305263504782974,0.035274358147669715,3
0.7126889303622777,2.0066219158383776,-1.458506962113463,2.673803107487408,6.318647844126863,0.9068164092350636,1.0880021403821105,0.5466488608122667,-2.8563231717203905,2.4170298129503207,-4.502352708649378,-3.465447359490642,0.740990838622418,-2.6971540442229305,-0.14017894757676475,0.26601618257671866,3.760766128831858,-0.5102078038857095,4.787898049873245,1.3395124769124656,1
4.369872438597975,1.1158922079240425,2.3087739783394525,0.37688820437832105,7.34558031727112,-2.748837025683788,-0.6858524870345262,1.3596886402709105,-0.6084505529643284,1.7372071244566893,3.4805815245836067,2.3811513245222655,-4.1522492688026915,-4.977919990120079,-1.7212715489927013,0.8746003361213883,5.024234825564196,-1.459431190547515,-0.7313215831732331,1.252782874534157,1
-1.8216630087248633,-1.170337118060813,0.24958302661688592,-0.49277316254854175,-10.790423647773924,-2.703273412170297,-6.672406759952977,-2.186977243007211,1.9206776449692864,3.469302839803679,-0.830430355099104,-3.982558899156532,-2.491521179412887,1.0606992541180398,0.605670780385632,-0.03088638881003881,-1.3841026922592992,1.7419122435969832,-0.3026502271459157,0.37875895274464133,3
1.9468578304836504,3.4945795458212054,-0.009937067387631338,0.7250114462208624,7.497613493295366,2.6197813924150912,6.054893472982605,2.596407482264101,-0.6533504407886295,-4.12000321530328,3.152202840574147,-2.103021505896115,2.0833807066769463,-0.8462353940151952,-6.682569602821339,0.653293963394331,7.096497678095598,0.2957121181436993,0.6748938772854757,0.18418052763645398,1
1.5116887263906662,2.334117523308114,-0.2612670170417233,-0.13973593879280324,0.9942838273454035,-2.1850429270431295,7.526268655608248,-2.796107038776307,-1.3587027841332193,-2.5065724989394687,5.967839896227461,-1.9901742219782146,1.549307728248401,-1.6029710032473483,-4.845229485243468,-0.4985573968398187,5.590036031807207,1.404494009881228,-0.5378754199710265,0.4600551922438172,3
2.0664011441152943,-1.7976709717392942,-3.7315116010585503,-0.02194641204079708,3.408580305964676,-1.1332920441936256,-4.170617938173712,-1.0570813675966453,-0.3195728548412624,0.32031048170388776,1.2996480684941718,0.6894809244731285,-1.976242556724859,-1.2531292314615081,2.140590173443656,-1.2764084227712347,-4.214241331351989,0.3599209334926614,0.0056719942599747775,1.9906746891214444,2
-2.7516072399223193,-3.7314849392263496,2.6504201266838265,-0.4815461310506369,-12.765496004267579,-0.6371888524425451,1.1448532304493273,-2.5815777906286597,2.1514749370711277,0.9713985194298547,3.49538183605341,0.6145242896433794,-3.8764688798055835,1.8109743275902888,-0.12122078527555313,0.6323561148830777,-1.4249202606981985,0.12588127805572094,3.8426526034167803,1.5427933359512191,3
-2.0954178710020344,-2.8040717093635474,-1.012231976888125,-1.589963441914018,-4.5740436434881495,1.123202689958048,-1.6299299979685198,-0.9568614246564904,2.085736723154836,2.011631870388456,1.9455897506328488,1.357781253205328,0.3910090577511025,1.5487519109190746,-1.4308463695023281,1.020049299098559,-3.455429891406337,1.6536109750979355,0.20798260962753323,0.8865721701479811,3
0.1595675652492996,-1.7490463810494334,-2.4417979861829258,-2.0772082697477843,-1.411851666333611,1.236799127270166,-11.188369128317081,0.766012949577533,2.2181417443881477,7.289614077168421,-7.57465720709832,-0.8105851924068932,-0.3430835911540282,1.5206634711058853,2.7927826255340893,-0.09388393144107926,-6.047208434314732,0.9569051470359277,-0.23319353598849712,-0.13734947186696744,2
-4.0807433336233565,-1.3906050463228388,2.8650384506650326,0.5775466264133551,-11.201893153917595,-1.362759473518066,-4.079191859289749,-0.2863242258676246,2.3612688181927464,2.903957721418508,-2.007524615383854,-2.3892992588320223,-0.5522060923215882,0.9107401957448839,0.6559018338049758,-0.09542827157967348,1.435351638870209,-1.9050934751722668,0.6670527668415916,0.6884055142488796,3
-3.031602328256566,-1.5922912334609207,3.9236702783894377,0.36802713916899743,-4.147688318243656,1.6179510208324654,-1.8074899453185844,1.6853552192247168,0.6672754026518151,2.4252140394850175,-7.444225503500365,-2.415877523235187,8.274256695470934,1.8011608376249795,0.8597490146672531,0.5368923843087927,1.1736328579698316,-0.1111911072739645,-2.1651565179700474,0.0178097269630993,1
-4.0775266678407,-3.7208830738953056,-1.7834747981921133,-0.0014040381443431215,4.943688808633334,-0.7907418008136121,2.9901309092909454,2.9632918925058447,-1.6582778462593502,-3.98634555984271,5.864176307473017,1.4219248363984114,-1.231771882201841,-4.548126108090738,-1.8408389960073333,-0.7857751523064146,4.307176691972381,-1.1385788851296799,5.5631853960903435,-1.2342655694267455,0
2.399079003832111,1.0227752618063657,0.45269821861082615,-1.386694564496144,-4.013892175556152,-2.5150642718114753,3.3993061626824472,-1.2190664879186,2.559417528446865,-0.37701260759424504,0.3233479057442645,2.78686388655393,-1.4203211485689156,2.3301782836115894,-0.5769378195007939,0.6050714960106854,1.5493674760291782,0.5132300608432764,-1.111592069206924,0.9792486442999725,2
-0.9696597692776034,0.8330974346602753,3.0793676732357955,-1.2034750580700446,-1.8611348511880932,-1.8060936130008118,7.930566742280644,2.29721387604799,0.8517336224359265,-1.3266282606870214,-3.625840585053037,1.524111756150691,4.150694455962948,1.7314344226246061,-2.4563204035279016,-0.9785533403551981,7.586591774959573,-0.09083257799537278,0.25209426636954535,1.341465825240393,0
-0.3829711242911047,-0.46857068630280063,1.5254719293060148,-0.12859119835121371,0.6373839940972864,-0.7156838183518827,2.385296906962654,2.1738893551670335,0.8431826143852379,-0.12443330838222844,1.74793554257012,1.3839557418258064,0.10602050297491306,-0.37148497135364034,-3.9474810580262876,0.2308899226704679,4.105813456201949,0.9267044828267068,0.0526517252537424,0.26621090638894296,0
-2.0563831473268674,-4.449399082501769,1.8791232405344187,0.8998737225913145,-10.736963407547798,0.18943866126348996,-2.9238925573872754,-0.19601395007347655,1.0154759252874381,3.2496133136233296,-1.05871459739572,-0.3324635348373717,-4.421185636710523,4.348517216301152,-1.0528990298230618,0.9051900360931843,-5.840317807974807,-0.08679462287744313,2.248279885179567,0.0008868862251668799,3
-0.6269559486798384,-1.813575738037298,2.2704068349016664,-0.006002615864854018,-19.82368203670285,-2.2598600134358953,-8.723667529639405,-3.9498166187592,3.717118723921343,3.5379599072417633,-3.488399366563665,-5.528507380849955,-6.8376817444997116,3.8217503630665868,4.62596903531642,-1.6720678067898682,-3.7153529982908893,-0.5609467049834059,2.9901154038489226,0.6351030241085097,3
1.2078959624775956,-1.5239594332875164,-3.4004940489482167,1.9137838801008675,5.036388009651803,-1.5334475481336274,1.427103923809451,-2.1159174598207886,-3.4109604230179484,-0.16752744653062512,3.0285617593456693,0.5757398532243161,-1.7223235082265638,-1.942897014742691,0.43731225012555386,-0.07557570432624088,-3.520410289018322,0.002676405258312356,1.2966549827157676,0.12958989302698698,2
4.039832444285605,-1.3628780468406594,1.9096808428292875,0.2882583951275344,-13.091778349346455,-1.7078790050982393,-13.725149889202443,2.611338539812446,9.51220341798029,3.271303242943656,-9.142693239554902,0.44214458361120834,-2.8660854124695625,7.180243918527461,3.659501166604933,0.929199860157663,-3.0368434099183053,1.1418432406842611,-4.499147723039992,-0.8690628683159125,2
0.7869132563137632,-0.023272097755834498,-0.7887622959452225,1.8640479436115038,-3.335673258626691,0.9485726916743302,-2.9203445097412044,-2.1898929522856214,0.31309725398614296,5.134948246847283,-1.7940484691296095,1.223433932657935,-1.1136265954696132,3.7961314032235416,-0.625457097055031,-0.5299895172219982,-8.048063946938425,-0.13549972483394054,-3.3703553428428656,0.031070839357006406,2
4.614446754060356,-3.9485311730697705,-1.3444273662027548,1.320042761351565,-0.4675577388179225,-3.2019744322797985,-8.03775236899891,2.5594623099405185,1.5890542838959951,-0.8144752991384747,-6.9550393373044255,0.9066109776250327,-1.8650983376139134,3.491218682141322,5.176997514837174,-0.22449516627269733,-5.708742820931541,-1.794765201217523,-2.2842405860866872,-0.13748046290083257,2
-6.0481988113617895,-3.141936271553715,3.0174266281858895,1.0874164739588204,-10.509872779875037,-1.4706903860042584,-1.6105210085536503,1.2063791475803747,4.315538694322402,0.43006716606382234,3.791338677328557,-0.0747834071902147,0.112671974709877,-1.3903492090505565,-2.259085598549623,-0.8414849923536032,6.169935865063901,-1.648956685660873,2.1416075195728443,-1.180463681834589,3
-0.5909038258319101,0.7539384875543016,1.992360335000991,1.1713424115085216,-5.674654376127281,-2.9926221282181644,2.461715338820079,0.042739670262212925,2.5276278226379882,1.0533177248304377,-3.9704383669499146,1.939640681730934,1.2408253173453168,1.416037045899019,1.3768944910257996,-0.7491585255903087,4.319956898258714,0.27662129151658,-0.2663406294020294,0.7479064407234323,0
-4.607302922612263,-3.8570369505439888,-0.9819749963949733,-0.17388478006508987,-9.880000336038549,-0.4271574747448168,2.016953690665767,-0.6591724852589654,2.7207302647415537,1.2556275993289359,2.4480689689182986,0.622038322556361,1.0562420296178407,3.5430340824058097,-4.737493909350948,-0.08393685566825931,-1.0389618324780137,-0.023415622132823954,1.487279185421605,0.7902381527811213,3
-4.058995707572781,-4.812611868163863,2.6920647389948202,-2.029171254747928,-8.09181908770371,2.992758164876412,3.517028167002389,2.5847115757574746,3.0062980542089224,-1.2949906021628377,3.6619975095478057,3.0184511725999994,-1.699916875348564,3.827969886137095,-4.8411685244370055,0.2697890239112011,-0.5759276325970655,1.0702197852676103,3.8552164775689612,-0.896161055824119,3
-0.00021522869880641338,-1.124567715157006,2.26521454676276,0.2617128326851234,0.3665974742374478,1.4358497553944174,0.42825675132242813,0.3158244795680929,0.42115929064570046,0.7863800794010032,-1.2375487239394425,-2.7829470647586656,5.283427155141357,-1.7274374889314286,-1.243311948419569,0.08818471915812538,4.490618702812355,0.5800735297000139,1.2526297984396797,-0.5492334146807265,1
-2.3815139848398843,-0.9506118769636802,1.3816851485376398,-0.5412425502471813,-1.002749589546819,-3.5579673173645565,8.631061697608526,2.1963345226189723,1.7069592890388243,-3.4842850302073245,-1.0142154597627542,4.015633874606484,3.3603245935771375,-1.1184339089991868,0.20829085959195037,-0.10742625321289205,9.682641544172107,-0.8185974993232745,2.991443922056124,-0.2159556493862727,0
0.18797776016346912,-0.7460134731048528,-2.98061113619155,-0.6260062077543553,-0.9779076811712615,-1.251368762790096,-2.400713633029799,-1.0598678169131082,2.463080116068487,1.9446469656666574,4.4100347558390025,2.5371071207315183,-2.694356253109061,-0.20384990769409317,-2.268007221592275,0.49697001203258384,-1.7492093505761142,1.0000820633784162,-0.9867988865528858,1.1649933176355347,2
1.7596380511283174,3.090495902019363,1.5625827003833213,-1.4335998175166091,2.3061245825667362,-0.6385712699062114,8.889032004175913,-0.3412613131039408,0.39077258817921345,-0.7626520612081484,2.739336887404648,0.6197240885563837,-0.562363048307051,-2.5836713227098573,-3.942018746158334,0.16807143897726065,10.044042316751929,-0.6193557462112576,4.332560383049502,-3.448042914238091,1
-0.14361047187836773,0.3423926343245969,2.489478148759341,-0.46509920314192044,-9.438084927685749,-4.696347084995258,0.785728164435539,-1.8459866315610032,1.2616452404621987,2.186719623299373,-3.5373106333701254,-3.127311997122706,0.5243349045427346,1.0741960234260453,0.028552507825855944,-0.6906925692173903,4.871899287734517,0.9565208265685484,0.28092529714014147,-0.9530697095745592,3
-2.3445572142682494,-0.011804419811681122,0.15127269354247042,0.29088894197078796,-3.2751166301491725,0.9118265950374833,3.852124993115725,-0.5456016182209769,2.4827145738186602,-2.6230386822947853,6.165385847660295,0.5656897294941569,3.7315620629718613,0.8283670068036577,-5.014096396375908,0.19374190066810618,2.7751319508959593,0.08590801841663039,-2.3124903230350577,-2.673318957826405,0
-0.08784209772502383,-0.9005175705484829,3.7198120704180875,-0.9783419323035398,-2.8389224379359073,0.7686345806710286,-1.3495747775732958,-0.08152527443363322,-0.20792599737591821,1.122858030616192,1.2049017463745033,-5.0088437958137035,2.939247971807502,-0.9165480661404231,-3.6998879412598944,-1.6174807601650658,3.2507501035397977,-0.5656284369484438,-0.7932846729998766,-0.23213479857668998,1
0.6443532469672208,2.1715799624202727,-0.7931955955291565,0.14216940019386184,9.603779746551588,2.090474292304366,2.786857380735053,2.420232090507052,-4.465644391608039,1.2157973643325501,-4.3866467654145165,-0.5477224867343939,0.6631292156244991,-0.47995063656316184,-1.2244172634199555,-3.0626487136846983,-0.19896989526930123,-0.7175333559993947,1.3576563213357382,-1.341763914551753,1
-1.622634677306945,-3.398327472571756,5.108652056888609,-1.6705772951403695,-1.2895510819143658,-2.0688136501402994,7.947878516495454,3.09668567128457,0.9316139491698925,-3.6201786667839793,1.4759993722576585,3.5093951605791704,2.8992524550543033,-1.4004655366908216,-1.6185536678281847,0.2744750043194891,8.738745728424584,-0.09541274911381074,2.6263537148566214,-0.4182707362016437,0
-3.0914203199921277,-0.046273897800172215,-3.1619490213893786,1.5245424463041863,-3.62365869210682,2.1433182708078418,-2.999025036765073,-1.3463591067293188,4.098847064193617,4.220382345008579,3.2742245759017212,3.0993184333942745,-0.09435985231110822,1.1389788905130254,-2.7454576478726422,-2.2094074881416286,-3.262511457403013,2.4610891318361072,-1.2069288162564478,-0.06324679113395633,2
-0.705946239979723,-3.0444065924659878,3.421417714815287,-0.04246175355056821,-11.13298918430552,-1.368153527868944,0.0840548585320658,-1.728502261959942,1.3585275586820598,2.9316375373630326,0.43918696887277164,-0.3282787559947302,-4.02785482973621,2.4290277868821635,-0.991711316155925,-0.20836500534805277,-1.278950545033257,-0.24557390312370164,2.705534348018161,1.0055769778747312,3
-1.2286869813395274,-0.4729433604165375,0.9904750505861171,-0.8584176630557493,0.7312932120972625,-0.8096286637270935,4.169163229282547,-0.22390445878338272,0.26537649118834894,1.0331038960809837,2.1639385785044594,0.9096494075337596,3.6251884990718932,-1.8422211635832375,-3.3957455789078623,-0.9727127882777018,4.828341467010189,1.9282526867914258,0.10325268746863414,1.9487881445263704,3
2.6822030213314623,-0.3948918664759591,-0.5144576877291749,-1.3089149629022634,9.685048104887645,-0.11388876243458701,-2.803996398494905,1.144734227063005,-2.5428083548550218,3.1324863656688047,-2.344266789553422,-2.101231047689058,-0.01913064418081567,-5.862012118027899,1.0414584161749074,-0.2576852339467434,3.829822730681009,0.9882159654946441,4.067596002554797,1.4763599215606091,1
1.504706091704504,6.852894243961769,2.0014178775716696,0.20684658356447344,0.14663102010074228,2.969135997541362,-0.24287232736924566,0.289930021660477,-1.5825529400138547,4.858283549536221,-7.730795742501727,-3.6859418530620864,-1.6851342656191037,2.812807616951751,-1.2098583128014386,0.7166740558078725,0.074953760758981,-0.6175958004533808,-0.5439017002581872,-1.3874715458985154,1
3.3624195227935765,-1.6010347113321748,-1.6356963313677237,-1.171901269632814,-3.8515212259178635,-3.0501658868036836,-6.234882670112495,-3.443424178313149,2.216527187601902,4.263711141096012,1.180393497422461,1.3455471812720563,-3.1773356386816634,0.50299997866048,1.6070850915842172,0.48448216109935194,-5.229921746791285,-0.29722062791610887,-2.839526143686226,-0.10828550244389851,2
1.033962967989849,0.36783257113510315,1.5878096572522704,-1.0422690863226234,2.7214394887294815,3.9117387417995775,-2.765321229224815,1.497532829489214,-2.080487137046652,2.8560861760888248,-5.939020675457795,-4.579789133571146,2.55837407483234,1.028774382935989,-0.8318844804351587,-0.15382911261425813,-1.5388316435326321,0.026094801463353058,0.7583441172636801,1.1942395689071446,1
-1.6738850861892591,-3.406851005284902,-3.6468450021446532,-1.209657461008429,-1.9319031233563362,0.5054043515176658,-3.9500995418205624,-0.7924648743569597,3.8596782773449547,-1.9199272038203374,4.900893695664934,4.257546913995086,0.0997030535386969,0.13949753429542366,2.2461026618877487,0.21334927601139675,-4.719398767728979,-0.7503013110457183,-1.2656493954440053,1.240624318590945,2
2.830756550553441,3.04648387807827,-1.0119338609439459,0.5219609467559169,10.820880092932779,1.7502004670896139,6.1583886639903,0.9083126548545675,-1.767264657389544,-0.45286223660575975,-0.1362321115454145,0.6293805496237401,1.0429995668222045,-3.7577178175024892,-1.6003911234009454,0.026130957700180688,6.519104026969213,-0.2140051607616966,4.3485119663936285,-0.9353460332270064,1
-3.0749972624002213,-1.0149586777322475,0.3792991649768169,0.45954494190042305,-1.4783201083429427,-1.5416370064798748,1.8507932831992784,0.2566006217854253,1.138182060455554,-2.5070032246939937,7.233207922837683,1.3175694855547353,-1.0234696415085516,-3.092116588542132,-2.1596276682998625,-0.7357455536280098,4.593788232582974,1.200996333626334,0.9610976882473279,-1.6585810306791373,0
0.05506970034727199,0.6383268021032132,0.6294045396779464,-0.2110294933100173,2.9916378628608147,-1.1286727903267,1.2141337728244685,0.7051664328526813,-1.6087278461586474,2.5191555178722345,-4.199545778537224,-2.419438407039375,1.7268940787871077,-2.927238543346485,0.08312963032774423,-1.7011549656039604,5.793684000328751,2.3007887400908276,3.644759557553384,-0.35554786806098815,1
-1.7897535400597029,-3.779724898204429,-0.15882627031434438,0.1194817528546022,-9.268265241786168,1.7741608343099897,-6.406284381617509,-2.394874529299196,1.7553800105354374,0.8357540322189744,4.741896721075694,-4.0560679927495515,-4.350912393422261,0.3033350085978235,-0.216311386191951,-1.198822426863515,-4.257448350194928,-0.3286867669498902,3.6158656541637906,-0.4960321976698295,3
1.2487921196692613,3.431616840570856,0.6539327590933167,0.30676583466209273,-0.4128731645240656,0.8649271218139022,3.443756354362957,-0.9904515861324921,1.3489388366123256,0.4540002372754258,0.8208989118508809,-1.9189024696475392,1.5124504688675804,-0.37394713181574324,-3.397332139295984,-0.3661849082122145,5.688488794109269,-0.8141517155184925,0.690465682649194,1.3329818101775455,1
-4.095858820273852,-6.0353536370182095,1.458778200442839,0.5622784750420724,-15.79694580632652,-0.9873984714391204,2.6708619535514373,-0.29135568668780487,4.780778544541034,1.9719224617267528,-0.9508721754863217,3.0931261485130865,-1.5744604668072844,5.63500944320003,-1.6883100104032263,-0.45395709529539985,-1.2607476383967615,1.5915528507948589,4.8826808168698825,-1.4012918749953005,3
-2.3321851761575347,3.406809735019638,1.5791006616584755,-1.6583988339584461,-4.678356039488003,0.503195985249962,4.512452358863237,0.755154093516913,0.8583202407164934,-0.8481093783878673,-0.32353394834219024,-4.960696941565208,3.09187193723883,1.6826133586310372,-6.331378588579625,-0.5814940466864068,7.556590919210768,-0.6137546434992613,0.24211490162197746,-0.27676913706435585,1
-0.23754697270022684,-0.32027302014327685,-0.02871707454226291,-0.7222648950649616,-6.107869669965483,-3.091355518482665,2.7954627848656384,-2.6463879236039376,1.2189644148559335,-0.8299967427741413,0.31577462107680726,-1.476325337021578,0.12609966759581104,-0.4760729179577208,1.2183801454782937,-0.7242053907654499,4.10099236717588,1.0323476201672648,2.818141755495332,0.3407081540959084,3
4.966530645803244,2.360362964405529,0.6629250744323201,0.8010918391602303,11.28787789465578,4.6113118724658,4.850107148946633,2.973706529126762,-0.3500825712410669,-1.9536869544337718,-0.37044979797222044,2.203646337277208,2.534582328273883,0.31296630565575767,-3.457984870029433,0.108111974560164,2.2010894224606927,1.0454922225707755,-0.36733084435140095,-0.10369239366867394,1
-0.4986061628085475,0.8549747128821008,-0.78965058333397,-0.8330901761159398,-7.177297586347336,0.27013215355986686,-1.1603661324974677,-0.8269675231893481,1.5984996314604132,-1.225632302910241,-0.7484631489599533,-3.344219012563582,-1.4448173184127842,3.667234826948995,-0.9190708215156089,-1.4677820379896653,-1.2133158486555151,-0.26092358088517403,0.2322660000644432,-0.572953119132798,3
0.4532107737270711,-0.6297471762534022,0.13395484977219252,-0.493048240643793,-1.537035894637011,1.519807786555667,4.49185217353147,-4.032730950046053,-2.616117648700912,1.3847141023592062,1.3207249097728482,3.9028189181182857,0.6793245987088494,4.228211890619708,0.5277509264537534,-0.3793772369772261,-10.57909314218143,0.00473883165592651,-4.15818414284829,-0.7672578253631221,2
-2.9303156416553042,-0.4999504560585819,-2.2551052722826177,0.03444625813708571,-4.127969715531044,-1.5117133665907407,1.8968904801762554,-2.011042937481179,1.667959528651493,0.29307017436739136,5.221414340370027,0.054310426078980845,1.2983375916791782,-0.2596043673819717,-3.9159130578638854,-0.21848416801078507,1.6562559358859095,-0.6596584572497994,-0.4873536560799634,0.5393654433272717,3
-4.26243073033041,0.5574552979714602,-2.858525207824791,2.3964011897241684,-7.339767292585953,-2.0092623446621762,-1.756235259126429,-2.817612097378892,3.1112334529800987,0.8620912313987829,3.698371029264668,-2.1928656276494785,2.3544058830303976,-0.7451216812748589,-1.8911553714729166,0.9807321119917862,2.627452713510579,-0.919113591202518,-1.1516605033743637,-1.0702147877570758,3
1.7081826652961531,-1.659145379537183,1.1535728209517015,0.5615251108205065,-5.4066852263581335,-4.351898741756054,0.09523472288093117,-0.0219433510739373,0.32873524057542447,1.3163794105819435,-3.270230036459684,-1.6853397010151558,-1.6100691073840998,1.9111876626976305,-0.7566335510315051,1.098946004911103,1.7901398879619759,-0.6323722439660601,0.8798637097724171,0.8322316389184452,3
2.6312762633724622,-0.9570699979727231,-1.7774857168496516,0.24548672950352024,-4.350357054078971,-4.361062470282647,-6.545144654740676,0.24494435576961204,4.044069581308783,2.397927077003329,-1.4594850071586767,1.100390748373048,-3.06155499492107,1.7527566528667782,0.17906292942648805,-0.5342830514958794,-0.8929542934803135,-0.6678343360483474,-2.8250252857266216,-2.2309130080407695,2
0.3117255669001313,-4.384357522299908,2.199377515224101,-0.2670083650374359,-2.08528257462661,-2.5045457811417577,-6.323036050641579,2.4941524558834773,2.021745774383963,0.02610026699333745,-2.7613550943990135,-2.306779022245526,1.949691549292719,-2.346222219884072,2.2537467357145116,-0.3111708910493129,4.163604131670482,-0.8564700258365296,1.1481287240409683,0.05105475379079683,0
0.2131398134682081,1.5860336174847531,1.8650928123090182,-0.4952222437098371,-10.37510574699637,-5.592828059383926,-5.858670598515976,-2.1296993061701612,1.0411862985335154,3.1942503973017287,-3.4850337007588825,-6.2637392430791525,-2.4728028653052467,0.21794325563518435,1.1692734935160698,0.007773578798602507,3.2069903660472536,-1.1790170909168918,-1.4810581313428646,-0.0732004232831117,3
-1.9204371839063543,-1.3628770422105436,-3.6007761488070837,-0.19220692587564434,2.0980634243496206,0.8427804570026223,1.1094432411304698,3.109084964180941,3.332967036313849,-2.3335580108334506,2.069346416635884,3.7042509460060478,-0.2659130477181071,0.14091227220156477,-2.110675535092411,0.3196540248447561,2.4672832269324085,0.3501137923153502,2.8131648021077003,-0.327537667342518,2
-0.039000655235405635,-3.2944256585130374,2.39702846922867,2.2779898051045526,-3.226661304701747,-1.850212176473018,5.426827109755312,1.3094173636979827,-1.809293149058262,-0.26701057129892325,-1.301907062000618,-1.040414038543527,-1.4156960021023748,1.6798449392385304,-3.2353608323509406,0.6772619008186418,2.469781113728264,1.7754569181000432,4.571003795115132,0.5509849376448891,3
-4.059851353366081,-1.4427493185841471,1.4756630366307097,0.577436484012806,-13.44517475383326,-3.428260508983037,2.8649327750427047,-2.8842599373670135,5.211459262584785,-1.5510519179501796,9.603503831578857,0.5530140939104078,-2.048511529840211,-1.147555560748628,-3.5627558999401474,0.4159593754643801,6.911556102444352,-0.22690233726036746,1.923559075569726,-0.17702572243393072,3
5.47252462233199,-2.230080799449755,1.9574502867477395,-0.19843755438992,-8.926539373124786,-5.524329057614924,-4.830549623537485,-2.3414336149803034,-0.2225184299031493,1.8368720880602891,-5.65321945024794,-2.0578477365831893,-3.293138268423908,5.612701315012471,3.2138084749540914,-0.6820288368420014,-7.050218419382415,0.2491300514822347,-4.651322558780208,0.4630207980007224,2
0.7086827884061403,5.676660742721895,3.5689821396106978,-1.4185375521231078,-0.41788472943154237,0.8398701089662745,6.326431781431628,1.5049694598686756,2.8961780089449722,-0.9504070266549465,-1.2251471409059822,0.921854923427849,1.4079579323960723,-0.2761416256278353,-2.420627948706797,-0.2677379433248213,10.584333662965513,-0.20647295409050914,0.6421010119518376,0.4011880906113922,1
-3.381103611490895,1.3495642613151135,-1.1459588898875999,-0.8381915404378485,-0.8148358243623633,0.31805838812678244,8.808313983781881,-1.1992764511058298,1.002012542108018,-5.778475807577744,12.122027830188353,2.6529525956844404,-0.1600398807928527,-1.1581124137739507,-5.869284652541104,1.5291409496859902,4.266142271701946,-0.8285586812225817,-0.10675537629875387,0.415318262494437,0
-0.26231112216501695,2.2762474131356947,0.9078941474261872,0.02729444300027841,3.460109972622321,1.1003077075652596,5.06462114202743,0.39727176082163096,-1.2405848703295033,1.9758262927479695,-4.607335764126373,0.21873985369288085,2.1954469991576926,-1.5110861601927457,0.5716414913435095,0.4887961442307231,5.036452868813259,-0.7847909117432134,3.9679618558976397,0.1342552366781736,1
-1.4268821615173524,-1.1074766618166207,-1.131756445250014,-0.7182158312182835,-9.484790280052968,0.22671837257748728,-2.873201175730465,-1.451507994882106,2.6132896085643496,1.9829917451748353,-4.0901963401236685,-3.933418307755565,1.1453456563496456,3.5934625955053026,0.11527729906393036,-0.3606459210280189,-1.1549084018512839,1.1814751714108023,1.9266477481978623,-1.3314013563396612,3
1.837858556679479,-2.907451394191646,-1.0477886791751512,1.0306196693215008,-4.219018734953089,-1.6581923095704876,-1.3327872627032211,-3.786227053737155,0.25396675028890603,-0.9754275669634285,5.653240476504626,0.6626049404947676,-3.1899681856686755,0.6388717803473132,0.9755586687501222,0.6307208454158841,-5.632615871503015,-0.5756556584268945,-0.8814575784025281,-0.5640558913596734,2
0.2698145181327811,-0.8471745705592978,-4.873930884262605,-0.5004793076074217,1.511087009162142,-2.522736010647307,-3.461974159529643,-1.2863751151350986,0.05316632445073388,2.6510435836265893,-3.5106909314721255,0.8369771533524059,1.7716255115311705,0.5590517139486394,2.3308616063187992,-1.101281118883611,-3.9936534130734,0.4833494467319083,-1.9242479996862867,1.2475371459823206,2
-2.0904481361602367,-1.9424521151380505,0.9617122421296063,-1.3807167796052384,-9.051307817505958,-0.40246605729285334,-3.1517737302187667,0.6296613669271336,2.1883553054641744,0.5717519994964441,-2.6929835241832323,-2.7028126240160963,-1.697238330545256,2.504895929467259,0.42412796334761205,1.7475955397420577,0.11924149571097249,-0.5411854839077078,2.629158917758323,0.8347841515664395,3
1.1921769378389344,1.6450160682083583,-3.0506503243706535,0.5584062890741363,12.251883206733513,1.6317572074753264,3.330621506059526,0.9537294584148541,-3.84809160578255,1.556205715392692,-3.983935133891756,-1.5936349470834652,1.8207045734542076,-4.7445254406388875,0.6754853236835885,0.0033698255163192707,4.574648439798419,-0.5959328623520688,6.705845202766019,-0.7665100928168921,1
1.1280121177632796,-4.00473984066314,0.6386270944264059,-0.38634345319739194,-11.253615129220194,-1.48184712681416,-8.885579030548685,-4.586427842383374,2.7054699474812676,6.6897407905125625,-1.4709030923378634,1.7057930179154472,-1.2708396242108013,4.47034862087108,3.247559408826671,1.324589076502093,-12.21086770366287,-0.3954870583981169,-5.804969568354249,0.3485815673533345,2
3.5873177603832738,-2.1606953674047578,0.2727290454479534,0.2961675598730862,-4.880601090438527,-1.104939347881145,-9.20663405280492,-0.2989513618506203,0.7306082099264322,4.880901639851132,-7.713879749363266,-1.4008276776462276,-2.2715780873721387,4.80511255099372,3.213645090617063,0.6734162274182618,-8.928302347057159,2.3263188578402736,-3.293834680965507,0.880524198307361,2
0.12330069868886695,-1.5788307398619283,3.0436010861365994,1.611878674195377,-13.10675980007874,1.9098264841733044,-6.616747803197718,1.11049815573426,9.033464793988802,1.0666134149555067,-0.6038355950775622,4.210514868300221,-2.3494395343108785,5.940762923622435,1.0663332204124605,0.9068756082729582,-3.3253844206319005,0.3997109007114753,-3.2459752447639807,-0.165980712313099,2
1.8143799243702388,-1.2770935985999459,0.8650757140560444,-0.7172408266319501,6.423093080892869,2.7742005540605623,-2.1969324982381853,1.1292944344972962,-2.8511753068554624,0.7487401507735928,-2.010423562190014,-3.8877156202693413,3.627878413881766,-1.6547094252226253,-0.7875180779256964,0.4136740703398066,-0.6928407043949341,1.298511859724213,0.3068941432973422,0.18976625979916914,1
-0.16396982424907103,-0.6464236028331708,-0.20705162418709122,-0.7848371752931796,-3.4453637754147097,1.0611877850794231,-0.7394750193638828,-2.293812082410447,-0.13532213171385865,-1.2732843541055803,4.647823798933032,-2.645036981626733,-2.751818608310684,-0.5457370391984497,-0.49209350444227795,0.7402449265371559,-1.3435583781035456,0.6459900417330054,2.2095039979905984,-0.36551672631884496,3
2.3850408241873104,-1.9148153185133272,-0.005301216126265329,0.35093360935064677,-6.158072724216114,-4.31063191582165,0.004662761519556612,-6.015227491649151,-0.5796847188240211,-0.6572990905083955,5.850730418710308,-0.8269657102215455,-3.216246733793314,-1.0321763537834916,2.319105388188977,2.83641201110137,-2.9326514501615235,-0.31785873876918325,-0.7310570749578144,-0.7112680490912439,2
4.517466460757999,-0.42762920721649966,-0.6746027985632962,0.7729563711460257,-1.211796571641451,-1.8965569921529368,-4.059137033129304,-1.3044894561427864,-0.723585247436735,-0.5384494887237103,-0.012668154839671233,-2.9573721777889177,-4.816330349373408,0.961569702248994,1.2697771555132704,0.047265384503397734,-3.2602911738718623,-0.4360449938279281,-0.11729373527062514,1.561290760620903,2
3.180973217241041,0.5832783596806742,-0.5236575926448919,-0.8815099646745195,8.465781483843218,-0.4072161560152914,2.1885635047498617,0.8023027491127284,-0.6208329124304015,-0.22233353039173842,1.092632462357095,-0.6933411783559985,0.987535496819568,-5.14785749349622,-1.1630598825687053,-0.10880372814099148,7.431099453385772,-0.9303388346431071,3.8872211827821683,0.9375640137582277,1
-4.789740942960764,-1.633640408168156,1.6421994646917557,-0.04352516292923107,2.7020416700089,-0.07250168004087976,7.760986645961547,2.3168654757570257,0.31413535103359114,-2.2434801886494435,1.3997337142864716,3.679723066671016,2.5618241475054737,-5.293352947912458,0.9712988396611411,-0.5840441472982576,10.309725466634413,0.6686551611583593,7.54331870805793,0.5502538059020111,0
-1.0115004223360047,-0.257311902006953,-1.5392765544858973,0.5109667766200806,-13.500295467685065,-6.232562120518601,4.522080178136312,-7.755622311840693,3.2162921435457106,3.929281536005482,7.0592543107136185,0.6138833368497147,-0.3313554771449905,1.2517587886818191,-4.6776535192761965,2.0330676508608403,1.5096070964564208,2.4033276689783016,-1.9025066299771636,-1.9091946182980382,3
1.4164988519160908,-3.5271700244018915,4.052939250632793,-0.07889307955282317,1.370026294281314,-2.8842792299749105,1.762965095775991,3.512470625323446,1.1727088063948201,0.6327990884563044,-5.374434047151791,1.7957062710916964,2.8526363750825734,-2.421831300546957,1.72023791582297,1.386519732148224,8.277242912158385,-0.58856603632002,3.663228719660493,-0.8275710246003674,0
-0.15949991375661998,-2.499105130935688,-1.733948429339618,-0.3900167506972908,-3.6556736913580066,1.5371893573408522,-11.154843487910037,3.5951372590055937,7.6420464002075565,2.3970496808858406,-4.519392489031118,3.0392097432421865,-0.7101235423735939,1.9711766910650028,3.1152452716340777,2.028429322825821,-1.8688338385018677,0.12704270182284674,-0.258104774305149,-0.7846854334977956,2
1.6894950077129534,-4.184691736558229,-2.0894122649720193,-0.27240937909901214,-1.5031342551302114,-2.9436476670273093,-3.919527644385437,-3.111026060847574,-0.7534871738025979,1.7344877218359804,2.3485567219059065,1.7384106424859105,-2.059071239842884,0.053257752293264904,2.5286813500791245,-0.702114819599337,-7.6580142462409375,-0.9156097537837007,-1.950799106852625,-0.7914150554805213,2
2.3727074936814634,3.480737673951696,1.5629511440329478,1.4010306280511524,7.916357145410979,1.5619259019160565,6.329913213000876,1.0119119428348167,-2.571208501243667,2.3265308889156744,-3.897699885005277,1.3202684575046972,-0.6451244951322876,-2.2562216459030546,-0.3155045245545107,-2.2597005728073802,5.117364818724328,0.7297231505807619,4.513548018334067,-0.021803459111357858,1
-0.24736153464060529,-0.6098465341605405,2.020960283630868,-0.9837023237596239,-5.227682981421582,-0.7686118748976937,-1.201351238195862,-0.464559464919016,-1.3263104190322244,1.1272000491433234,-0.0639830608047515,-2.6944865092240846,-3.844958173051815,1.6828305398461123,-1.1984749342916678,-0.913596050498946,-1.9615515170782036,0.42052802187058536,0.6333971834234069,-0.9728806564126694,3
-1.8218702215652625,-2.072192270029552,-0.8956262491870253,0.7928981475869075,-0.516642863555911,-2.456619488470875,-4.1085822039817,2.1360995413903745,1.7852966058798512,0.32690961987458467,1.4681575751639235,0.6907156686383521,-2.3530395149064995,-2.620233245658074,0.038776688861112296,1.1311487114410903,3.079733669537507,-0.09842589937364926,1.7165343420538635,-0.8798358653050685,0
2.001518900499268,-3.459349661762334,1.112030440889776,0.39780338976584284,-7.618750102599917,-1.9162217853783794,-2.2022029169006485,-1.4556952027137549,4.004045472394055,-2.5382468948394976,2.2626896313871905,3.7620716999194523,-1.7786542814696722,2.9570427208661267,3.4873017241034656,-0.6614571037576252,-4.238554968557659,-0.27217255571590976,-2.5914844735308034,-0.40981669537613025,2
0.2467856534121169,0.8125137924786268,2.2247932392492085,0.8637663853644267,-0.06551505512920225,-2.969469399432598,12.546873900644908,1.8223417701740876,2.299654330832759,-2.1530984282774623,-2.4000644195200236,5.753628226767438,3.4648609314817445,0.4173623099947259,-1.4866113122252242,-0.8247034572684357,10.854212079705833,-0.3698655827853876,3.037312640655169,-1.021627588920566,0
-1.7186395141890847,-1.6548729754678861,-2.408910717007115,-0.45729101495744107,3.6010140318804904,1.4346525233635292,2.049863700682572,0.7744913604454698,-0.6637531989413672,-1.1663541168252944,5.4041116823767315,1.8776128697823093,-1.9767657204747624,-1.5504925256982114,-2.9316490108884947,0.4556997235823749,-0.5074391172036925,0.8765606966913096,3.030995467823587,1.8712094514935098,0
-0.525815287472622,0.7142571061931715,-0.25032384530222096,-0.0907600728593803,-9.152033690584519,-1.5948286935226095,2.2755701840408515,-3.3222057191836685,2.071652256272242,0.32633838767343293,3.2309955122238554,-1.2488723795994818,-1.1952014522936714,2.8225068177424895,-3.0837779265106544,1.3161967392153422,0.03704534901479808,1.239647928336459,-0.7811821676055422,0.17861319743220475,3
2.371200321790731,3.113727209629153,3.4048759726937288,-1.3506057433544534,9.220486875733862,3.2054467636696264,-5.269274461752814,4.234447080967675,-3.005206876196216,2.793080439426082,-4.331383246947346,-2.330942039423279,-2.540292326489672,-2.5556081674909947,0.07145666264820649,-0.5086954667974974,0.8918905800271199,-1.0216179545061546,-0.48309326733329794,-0.9095139925524633,1
0.7929166146617082,0.6803480184376762,2.033317636693667,-0.916134583891578,0.6842985366258709,-0.14009629385530986,0.562867534213113,-0.858497514765856,-1.8412479624068205,0.5359092951829904,-1.5690823522756077,-2.5585372161645528,0.8038715454182888,-1.8141896040506866,1.4218451577096998,0.7194747311196413,2.1243696039993227,0.4243112726378471,1.2343027888182503,-0.6642758787876711,3
0.5394882078991575,-4.385295768358933,-3.9990770947303624,-0.6267740475589582,2.0487689907013733,1.390508797685729,-10.139854514860362,-1.0497158304443912,2.3240294970376594,4.3628595926269735,2.495014842461692,3.628215329511433,-2.1771541223809003,-1.4815727050976228,2.7621836985994994,-0.4983010746664976,-8.925975948345187,-0.5213203482383271,-0.8713369938310666,-0.40978003087928505,2
-1.5551972987032423,4.447053317733239,3.0787687159701607,0.3099509788444218,1.5142387532019732,0.0948025144379101,8.500484176663688,0.9923880356681064,-2.301957995960552,2.489773325722277,-6.076934631826784,1.2901602906521616,0.5044406545230269,-0.23149462339119098,-0.12524301049933917,1.7867808359075195,6.356367181845542,-0.6534585733303062,3.3624316462170585,-1.3170336937142253,1
-3.6851860042429347,-0.6713350515665147,2.289369544018905,-1.0500244746968712,-1.2129200202267028,-2.3605074257145393,10.459721243765598,1.3808014111513163,1.4025033854552211,-4.7962583897345485,2.938149049812076,3.9234884635361778,2.7881331711743504,-2.9365557848679273,-0.2525578662965935,1.9490980756880327,11.168319225517694,0.060975503226572435,4.443818463105689,0.6415922695974778,0
2.248184855580365,-1.0350367875598956,3.075904770506298,0.3789275656833261,-1.0845308457665608,-2.507889670051768,-1.1003096094172946,2.2887262133838453,0.16056438861107414,1.8100090168795093,-5.282799678316783,-1.2742240990539915,1.2531484239962316,1.2714649447265889,-1.0563698592335447,0.12763259648281905,2.8173028138506355,0.47383794556642633,-1.3294326029750412,-0.13030062499669742,0
0.421936982845207,-3.1333034644324753,-4.688220163921046,-1.3177783133341665,5.776122046241411,-1.19349469243335,-2.3868167721349898,-2.673275107389327,-1.8756429783825426,1.2805111334122297,1.1425602449878276,1.9504471347022356,0.8179256160281714,-3.7677127413798037,4.712654354564682,1.503883345208916,-4.554578630592125,-0.9754754799026959,1.64831278860078,0.21547675941942995,2
-0.12134662126365559,0.8373722318092582,1.4589773028163464,0.9547296883383157,-0.1532665589325764,-0.9450280693232127,9.651632995902531,1.5832666904311874,1.5656283105893243,-1.0692484081823852,-4.980018492540985,2.8984167896355615,5.49463165449874,1.6576953725299157,-1.1665921401952735,-1.0269808928448108,7.770088503874577,0.21478162557272382,2.2098967556317604,-0.615383533004121,0
2.2691191988499178,-2.105779397739399,-5.349317886038901,-0.11587905256127012,1.1948670981671436,-2.656373508259912,-13.222563701291184,0.27246971998795644,5.008443065506447,4.870107697140847,-3.3035329124337447,1.8257245543577332,-1.1222883356081108,-1.758667080206699,4.4797444966918345,0.4200385782300203,-2.846956785833036,-1.827691165913866,-1.5920936512949846,-0.4141989780558756,2
0.31112805993262493,0.8079756553254672,1.5665684872932268,0.9675847186471619,1.4431592456638027,1.6531354679065287,2.4495244548512938,0.17247535440963047,-1.5649987001795829,1.034080371130469,-2.942121414200833,-3.1741420797777558,3.3150992019317167,-0.2955112456141127,-1.5128497334442108,0.3993666430901955,2.8906232174506212,0.43379407422014604,1.7283386816048043,-0.04348789123220386,1
-3.606821030772959,-1.8045929601248165,0.056735301300774754,-0.4730909343932033,-8.988558034376581,1.29962008781487,-2.4190901018504367,-1.545129096015225,2.382625244438553,-0.24628243161234953,8.783812945374335,-0.9566315496744133,-4.022491683363335,1.2940285439381116,-4.544126289186028,-1.4805936088851637,-2.870856664503176,-2.191578730452411,-0.14465903573635752,-0.29160461132067617,3
2.747004167918747,0.008124686567136052,4.753948565219787,-0.5804781804461929,9.310946521509003,0.8802513548166808,-3.0767949958469023,3.4777379376342856,-3.4998921708871196,2.6420121278182704,-1.4592093035115796,-0.4274847840271232,-1.8005898964742455,-4.520088829171126,-0.11838429817256446,-0.015677959380999227,2.2203178545212943,0.6102840858930481,-0.04311533663479117,1.765707148506563,1
-3.1376373695510527,1.4752661310765065,1.171394757567966,-0.8301583155885698,-2.4811628598657682,-1.4470458803741457,9.042480728445561,-0.6758499166002965,0.8048234312915667,-4.3112580049819815,5.577949262193229,1.3587921327919792,1.997551992598114,-1.5439591014125504,-2.740071229528062,-0.19655168210386603,7.956785010242606,-0.5248496518491927,1.3148783984239703,0.08002597353965495,0
-1.387134287990142,0.11718380637505454,2.814021602437667,-0.5817771620085033,1.5981209528504488,-1.8759223608108104,7.566457961977212,4.8405740714581125,1.5170495067502752,-0.6731600497577626,-6.319481119481114,2.1293574570465252,5.004321365635677,-0.5003053034522156,-1.8494936601035303,-1.4554704510921812,12.048468878693981,0.13872332115893443,3.6327327739348028,1.2823174359550897,0
2.7855993152208995,3.7974210595715787,-0.49442438200174554,-1.6040540716737481,7.467086671924328,0.39722104099000455,4.191449629176602,0.4822852990639632,-3.284784449655784,2.5193969873915747,-1.703143839189876,0.5794262272914648,-2.8704867196365167,-0.5765230403703736,-2.6481508927910964,-0.06376834167133273,1.107526103349602,-0.2413014551771641,1.3252322423475533,-0.8418796978364393,1
-1.4722567469035486,-5.055770071825435,2.362342175329399,-1.107461328116468,-9.881899002882323,1.6701821590320702,-1.4317417961998469,-0.45039904732512237,1.9538173126309197,0.6064387104387147,0.35464386827473904,1.7602086615074137,-3.6832106261867,3.9394181455260124,1.3416987183570064,0.17081285426749113,-6.048784179800923,-0.3390436640802288,2.99704571647757,-0.06054852187259797,3
0.5654850703170609,4.4125144365130495,1.6955844304142054,-0.11105497760456838,5.26096747957647,1.6575848780508264,8.14713168818335,2.009823439633909,-0.39047705730877724,-1.0276740299853029,-1.5216778323933593,1.5251933596108742,1.905319546651866,-0.6167383994566974,-2.822819606448344,-0.5907712978803037,7.510908365971464,-0.8241519917819511,1.6705803505058143,0.8822572617297791,1
-4.928764929774941,-3.637727408523109,3.766391991361322,0.7409970334294391,-16.651344302699734,0.8953006298165205,-10.210084221523026,1.1826866683861965,5.173311623182551,3.0885620668591067,-3.1204699194947425,-2.9358168471431068,-3.654376786441794,2.8305587622980135,2.4885642100706917,0.25937467089296423,-1.6707927916008787,0.2372617827636912,2.4756570596567062,1.6626267007909863,3
3.576398437728755,-2.594083908633358,-0.6237610194556731,-1.3482016927030538,13.617317993898856,1.0948403358702419,-0.4854769604444844,0.995337185548166,-3.450751783610079,1.0645350092214907,0.42188654547248855,1.1878986307343338,2.0188672924336224,-5.844660864160771,1.4084630349427023,1.4877230520151383,0.47326597867085557,-0.532516307163149,2.4325572856322206,-0.4008920749293344,1
4.801991215914525,-1.1298142883130669,-1.7949602641612585,-0.969484033309697,-1.577558907603883,-1.9265921371222738,-12.516726517630286,0.7427809632530931,4.17303151627253,3.4692852100760994,-4.100056270895242,0.3780460067758096,-3.890168750287809,1.3783496971163585,3.7094123536484216,1.2461069108358749,-4.654006457916645,0.5289340803041699,-3.0963402062265146,0.8427745722869747,2
-0.4430068271611456,0.697515260299808,1.1057876071916013,-0.33041081268219746,-8.501715256274947,-1.707771845941684,8.20103843402301,-4.290221869174607,2.684515536716397,-3.6108562020607082,4.698870221122099,3.3348704178989355,1.5047803000057036,2.4890240049582015,0.3789454500395326,-0.8782254121150589,1.2473995825410156,-1.4949559530892165,-1.4858154263155776,0.9213787921206403,0
-0.17251766215495068,-1.626461244461802,2.8243201555101307,-1.644381733020307,-11.21017211735821,2.2631070925225703,-4.324840219058954,-1.267820608648159,4.669986443275674,2.5950373338241706,-0.7542089490942732,2.0924949026311843,-1.7003317005477847,5.246448937052726,1.062783492153096,-0.08344186064707212,-6.249857885550414,-1.3785305003131931,-2.487484438967658,-0.1600305903409557,2
1.2231952971966833,-1.8379769319499026,2.307888010267302,-1.9874353047706477,0.3509951181083063,-4.571587660149904,4.252665633060394,3.6648021706052685,1.7746584738053746,-2.7673046235984944,-1.844603923922137,0.8921486320448663,4.797694068545067,0.13704482168512255,-3.2474333702951075,0.1880621774228491,9.0661800907475,-0.3693648727307723,-1.4727981902151406,-0.3852297552574248,0
-5.5009449861394515,-1.4615350643036784,4.759387793537016,-0.9896048340748077,-14.472057188294574,-2.554027658378347,-1.5192174274833636,0.6177119713107064,3.584138773680005,2.0709819453221883,-0.5015165624805087,-2.468410507126672,-0.392812341048987,0.7944759985643275,-1.875929368820158,0.5069547413792032,6.204058425386779,-0.821778563562272,1.407935641733443,0.33596946790131904,3
-0.3516957520211874,-2.71516695180134,0.5577340438452005,-0.7084128524871977,-8.556436786390698,-0.062396049012124255,-1.96343202255116,-2.159354039330877,3.7370900152934645,-0.4087592491277052,5.292593477992171,2.850175252307473,-2.595887946459529,2.593843716829882,-0.12862826384125703,-1.3311734226510816,-4.666244890045453,-0.1632732149487665,-1.8524816985393944,0.9572546810178086,2
-2.3444984081224685,-2.8667099283929725,2.039612407079537,0.2977483044697949,-2.0688787537285114,-0.26490632910669265,0.012082819825789752,1.4336126146903823,0.42046713589407503,0.5980784140437372,-2.2698432491490026,0.4451400234991705,2.6711988545322347,-0.5183474704700893,1.0031851937832492,1.0799115704789886,1.8519082856198237,-0.25605534853692824,1.5033470462199339,-0.734175450780734,0
-0.8516089407877566,0.15734452539449784,-0.5446408489812704,0.29455497910819356,-5.328104648484956,-1.4786952731998066,3.8522879405524963,-0.6171373347058857,0.7235582051835405,-0.8380738413032676,0.6052872247291394,-2.246324679509119,0.4082686892285954,2.4801815340383704,-4.120114161131008,-0.42696039051651236,2.687900219977534,2.1906810042112723,1.123081202289972,0.5438643958341519,3
2.2551407709021865,-1.5819866457482277,-4.775190355043934,0.2473706085755718,4.008062100330702,-4.340125154984513,-0.5102493483367769,-2.469401396621866,-0.7856452566846621,1.3445063045582832,6.198007670066814,2.2263459816620697,-3.4446539053951044,-2.7764686088406365,-1.9340806117098843,0.31079051669676594,-1.7135269770151376,0.25488387489318903,-0.42749236174148464,1.9961611416089302,2
1.9794792762003548,0.6074839828669243,-0.33463483959732065,0.6066627236268646,7.754077162264016,0.2952327198853819,5.081244506557773,0.1909239665412128,-1.5294632637392067,0.523798335204649,0.31339944603482234,1.4749724123072987,1.3311183110479203,-3.5091332793752277,-0.9175506814832506,1.9829056900915374,4.779604633091771,-0.18671246907655792,3.5481563653983876,-0.29721487653519596,1
1.5940253035603882,3.0214221277868116,-1.6546105369687063,1.338093648017205,4.0685276730137625,-0.20221139282733058,11.31875986607288,-1.0558717895408116,-0.37994691892428745,-0.5420848965371692,-1.1483881237267277,0.07643855004324274,1.8897324850183712,-1.8094272432211167,-2.590245917223504,2.148446230392711,9.661186080539476,0.6169531851542082,7.311274854671462,-1.3609957887777169,1
2.9101702369496216,5.308447210252492,0.2006261986021054,-0.3196267004512306,12.042106895953692,2.6026945685429994,7.846635940519623,3.458349339420303,-4.053321648465948,-0.665423118296864,-2.302866723960541,0.15909628203936732,-2.3615535296684604,-0.8454909288599317,-4.234091104981767,1.2027281241460397,5.0636464751458234,-0.6084697814006472,3.6096224680324354,1.4092884343347918,1
1.746419147984334,-1.4701214292923264,2.1088123340221334,0.31628042858926897,5.700761987185849,1.0023608435622928,-0.558989888586046,2.7806904084807296,-1.5705798058488485,-0.2857898575779103,0.18229561968847743,-2.4598778063388087,2.2734607556891167,-2.0941655771597363,-3.294230910996479,0.5076318704322085,3.31624921939701,-1.0203426997752332,0.294212264532564,-0.5973741384997142,1
-1.003676840930348,-1.8101230851582528,3.4211900993924833,-0.11364520761400726,-3.3824521720946947,-0.5312103048062112,0.838764043044496,1.0198252101894278,1.2446210403653477,-1.942724645255448,2.9520591590798504,-1.7316906413543243,3.711169929727871,-0.15366148409009495,-3.5224977279309466,-0.026380711875300805,4.066487414551928,1.2664179058375522,-2.23074437491744,-0.18882984322602964,0
1.0608940174454506,-3.0540205813963706,5.031831187375053,0.0011773545157452913,-2.6966296254055333,-2.720220080024447,-2.6995910429140064,2.476342393675867,1.9982602625992352,1.2534213489690647,-3.9168901988744125,-1.4757149385319543,4.86097271604034,-1.006516647387927,-0.17056837308008865,-2.2788277178529053,6.079633944456352,1.9955354392525124,-1.8000057153433748,0.17601619434376295,0
0.4797459732878242,-0.7726538957472211,0.4728769066807227,-0.7082315592955188,-7.318873069552684,-3.3057205589569834,-3.8877822762907153,-2.0481034151306354,1.4881678387420412,0.7572768262409367,3.3836488136848155,-3.3465203834755908,-3.3552570448005605,-0.26107451397382997,-1.4266586607603453,-0.3713029086602225,0.8933828740611112,-0.8084610870666614,-0.6392898703808285,0.3555636891734328,3
-1.4797978700328924,-0.959780003584072,4.238953212616267,-0.7242113638839208,-3.5255063746138746,2.8009814047790274,-6.761152553689176,2.021135349829332,0.789547278073957,1.04245104620737,-3.400091628732999,-5.804319175978748,6.446772037053332,1.3909910965026242,-1.4444204580496798,1.5189323146520062,-0.2022345243084726,0.7778883761949056,-4.944137097972174,-0.8458995082699483,1
2.5370299794149336,-0.40545159671327435,2.1173480413004815,0.8666625575835016,9.01057608768578,-0.3352303796854661,-0.17195602441845004,2.0749651726877043,-3.362107038184351,2.5632464704409488,-2.1878754613496563,-0.986437834062805,-0.7286327565312019,-5.091276507033452,0.10331536151805154,0.12233686455728619,4.474980599432917,0.6494803179457108,3.5301768405238407,-1.520170102559706,1
-2.296020314682118,-3.4451055787865865,3.0745750206062255,0.5287683535347963,-11.12898044770966,1.9043955705790294,-1.5178417294557667,-2.958210025752799,2.0486261119135194,1.4971503160807864,9.280496904794902,1.6260017674074745,-7.185028619469891,1.1863528074262621,-2.2102637384434565,0.9444154820122694,-5.369470373194411,-0.28444376520989495,1.8417953642247138,1.096646233199907,3
-2.187957849099776,-0.33303613634912965,2.0522817131785516,0.37623393120866366,-2.8857504182194282,1.2554103424535739,3.31655425438051,-0.83533966760029,1.1841553585349134,-0.6806351878570746,6.295598977261486,1.9164906927548278,-0.16635324214937963,-0.698865953482327,-3.061569830918873,0.6466355462956137,1.591852074625967,-1.6439267258492505,-0.07026054193777598,-0.3508052114564566,0
-0.12802875388221802,-2.0883156070559847,3.445809064844166,0.7113059641874001,1.3753941479709497,-4.223830799897314,7.651755376107022,4.583570884019814,1.499779740338256,-3.980099805933393,-1.9277749295804267,1.4249856218353902,6.554602990878477,-1.1813986429035779,-3.308879183574689,1.8243783904790996,12.837587004531859,-1.0418552149661804,0.7072465519969094,0.20460922377599047,0
-0.7422700460753481,-0.020305270103793127,-0.4408530110008153,-0.3169721077529226,-12.102163673898728,2.4345955175559033,-3.746480039495819,-5.133014751139083,3.094285871315697,0.2402569734171358,6.045620880345867,-2.3908485718705235,-5.005772888432179,2.770262754064893,0.19280692872601657,0.5413067324633626,-6.111912064946136,0.34309843706768217,0.6315672351297442,-1.8148896145374132,3
2.56894505841432,0.8550448328102112,3.2210819663285304,-1.2255020614858416,4.688294530305393,1.3622789325963254,4.519363783298378,1.4196021609466707,0.7928627292913868,-0.33307892715468324,0.3866653692641936,2.709527928513093,2.2248326552703097,-1.6487159844037982,-1.4452045077956899,1.6663074130470044,5.310876742428744,1.687853785431082,0.46169578021127766,-0.8564063246409701,1
-1.898490824530869,-1.2742790901239927,-0.6018684424913814,-0.37776459064152046,-4.076250467183589,0.4239399529646326,4.923791488701221,-0.9614834892940484,0.4287743101744893,-0.003978140537965746,4.06438072789791,1.501802470939881,-0.4117275109107188,2.7710907091076966,-5.122225088936643,0.3183626909114852,-1.4907433352644661,0.4256287137032119,0.39528530962828,-0.15276106868705863,3
0.7751485774494254,0.18162786047915458,0.6704969849614704,1.0339111938150038,4.249547514878146,2.671376571785391,2.655724323455982,0.2650389090493295,0.0027565848549617744,-0.8202649324459452,0.22598960557998193,-1.30427209894068,5.138101095173534,-1.8935385907886892,-1.4120036884105107,-0.692537489276517,3.9605321684324677,-0.932545318222262,1.3482756056931278,0.6744991405278757,1
2.4228152499121727,-0.09714489973211182,4.906888381049425,1.0844429884627536,0.9121726071938712,-3.2153359612499592,5.277788530081101,2.6913395878285447,-2.6357876001781917,-0.04139798041446996,-5.645629810036899,-1.9208331659386018,0.8873645369211327,0.29091027081692067,-1.7255417330085514,-1.3045977677634357,6.845090317563854,0.3123584925488747,1.607867654669726,-0.34413340112880064,3
1.1807688479535225,-3.416779368247209,-3.419902389233496,-0.35611840100313386,-1.3153291420348923,-4.987247566117257,-2.9306807090474907,-0.8940049549742805,1.2518592306635044,0.3490361930863102,-1.5446423784450571,2.515006461143873,0.43773415382854797,0.7996471726795358,2.997589869567351,-0.14674037770323425,-3.1448474983178323,-1.4903056851445495,-2.031845941075365,-0.3177120945050217,2
-0.737089701021544,0.10417903037636189,2.7687178830000123,2.5199635512799747,-1.9118947454150998,0.02387112369456945,0.14924697511853732,0.4359808126757484,0.029173392634797457,3.134890697796116,-5.536706222682351,-1.7922131597922382,3.774437279935511,-0.13293952327851777,0.5113654438533417,1.0137125739835315,3.3041963279652915,1.6384291094426766,0.6773583513426235,-1.2580906408217827,1
0.7659743846409329,0.6969445792021083,-2.307422543077578,0.27531299575852,-1.2594250909410147,1.467154943805614,-3.808714590821175,-2.047684625383392,2.627899644150932,1.9440188257771691,1.3911422255654426,1.9907044772760807,-0.8367605926276466,0.931856638870691,1.2654465233721468,0.5657892862418855,-4.542050959399704,0.650478510377524,-2.101015473425992,0.6922995453980405,2
3.826206613321223,-0.6176745289415287,1.8058749444629387,0.2628520426734156,-3.5644962263527513,0.8868665730393386,-1.752657855921745,0.5315023728303654,0.8653276373834091,-4.519971371974528,-0.4631911709212986,-0.6814076476467394,-3.76588501909069,4.1534554960849075,2.372388354993806,0.7330711449650656,-4.416488516584693,-1.4961036624755475,-1.14588821978161,0.2555685212927414,2
4.456861957705164,2.91753787235414,2.363402195959631,-1.263112332138466,-8.346394160451554,-5.505187646257786,1.6799331741684949,0.31485055491939384,3.7476272038132596,-0.024253853192916175,-3.9289718067046833,-0.3071162766852258,-3.41467322668063,4.534643063539901,-1.733180410179345,-0.09138590050718327,5.286165207042576,0.7974926868835065,-2.2133804904392225,-1.029562511906137,2
0.3520595965102786,-2.497136548097652,-3.1853600143596426,-0.16719627156179284,-1.3138513627910124,0.21302631627602042,-6.157585578581132,-1.9260897706537805,3.165182170576521,2.1806574169146646,4.121678798574942,3.538605408932295,-1.8097182026505687,-0.1855995812243687,1.2910606749873428,0.09728640310948555,-6.203636817759397,0.262977484275201,-2.0682300835115734,-0.9642866152554072,2
0.2320260715082163,2.9769867470745677,0.47664784902483204,1.1709677668550098,8.346668498754159,2.0638320747800947,5.1106547716737465,3.0116798030231875,-4.511710651370443,-0.5214964128156834,-2.2027702191845604,-1.5581464922916706,-0.4075587511528971,-0.3972089233253113,-3.6267108373013186,-0.006227678862969813,2.5810147490818762,-1.4581508429458965,2.011269882320415,-0.22364424165441577,1
-1.8029374486968264,0.43907362680176276,-1.5967526189530705,0.001891027502196268,-3.3347728001472507,-3.256657860791906,11.427725910964298,-1.3726438810932622,1.5510399798931145,-1.0835758732396057,3.7417086545694507,2.1433716872083504,4.634555568601407,1.924447975320699,-7.677044863097121,-1.3473047891610266,6.551956197490471,0.17700139055855463,-0.4501535304479123,-0.9759104930559834,3
1.84042401695659,0.4228850910545676,0.11979128626756386,-0.5282874992250781,-0.17092689492464383,2.3222532163625407,-1.2220561524871258,-1.4276208527323235,-0.7805866572187998,1.6960857718788591,-2.466515423957251,0.12787123294173575,-1.0638917062310593,2.1151733544769775,2.111586763491238,-0.1533108217502431,-5.604229673819318,0.630166889117002,-0.2822456841628007,-0.9644435763522938,2
-3.2558196648026567,0.5268250232923639,1.1947549267762503,0.008449538558109804,-0.4195645033669536,-1.1140812491440235,4.76022375175199,1.2234549227911198,0.571744861770556,0.46481043134244393,-0.5766089419927495,3.4634450041895035,-0.14202712502053583,-1.8473982905027733,0.4781150813252175,0.5263852893080472,5.563514176359611,1.2773470811936964,3.270794297194615,-0.1545783830187845,0
-0.09126590441959492,-0.07232901412874049,-1.650723708054737,0.10571356562209284,-2.477441412852443,0.2981892529041006,-4.691362929373999,0.4566919271824461,5.196373033053881,0.528182375545049,2.332431806054942,2.508575838140832,-2.133081072382383,-0.4736765107242129,0.5208461277691119,-0.24017505490427815,0.9073396520318542,0.5875804770776686,0.09270199371476684,0.18031444239538064,2
0.10094096411697628,-1.6352951597416476,2.623472519508352,0.845194474970161,4.837360366383479,0.9536294922029855,-6.142503776742526,2.897300470039541,-1.2582995488148265,2.9345120953947914,-5.462971584339093,-3.0716100127991464,3.6216981009824987,-3.6552370567695456,2.1636520160676844,-1.7798124288041977,2.626226606628573,-1.0146665421668333,0.5897070414986786,0.7272752145736213,1
-4.3054228447775476,-2.833241405594658,2.80752789748626,2.4007840563011533,-15.361930662775247,-1.8227447635929277,-4.670614192683325,-0.4228740581998621,2.4367010831176157,3.73166962220645,-1.2094869378125113,-1.9663266090951335,-5.116482398318911,3.1567399086612653,-0.38969300087344316,0.6817148948682519,-1.810169251032751,2.3532456386655625,2.1032602656249146,0.89090855321155,3
-2.408928437349238,0.9784369104432984,0.8775741928689893,1.94770964247424,-2.3950280092317002,2.9739640862187673,8.093021297489999,-2.3192864255723635,0.06739776031648081,-0.493756257342596,1.2288188819146015,3.9209774552983596,2.414799515768411,2.0085173709394244,0.23069613921557708,1.2076676534200492,-1.5235127281093523,0.3541222186483482,0.8891838638136211,-2.332626182338825,2
1.4953754500268692,6.9109333898397995,-3.7476147654501797,-2.55612178141766,6.6211513361573004,0.0959456791653841,14.48844128999747,-1.9931575937967025,-2.8980967899327674,1.5071007705600707,-2.9763726880808066,0.20215847017130817,-2.031191388531148,-1.509939728840701,-2.8647102729420153,1.4329668626012293,8.939379950958909,-1.7485324414551124,9.832910714305243,1.3967464180151343,1
0.9784840516955335,-4.264462760461203,-2.8929846954461125,-0.3614312695328664,3.0780012719233474,0.18637041367171925,-1.0400829469436954,-1.1884322334387123,-1.4862344046715639,-3.5923025282168664,1.1395901843378773,2.7787143966163996,0.6376937403856715,0.34896260948450086,5.44288360649286,-0.42881555328779,-7.912805213753594,1.3931352244762976,-0.30274032222390224,-0.9768315416674825,2
3.3104354771202376,-0.9201595504170617,1.959166200655246,-0.4036978334555579,9.11858757030496,0.2330972680001029,-4.186240794011206,2.1663744009198984,-0.14110514899105064,-0.5643479272314043,4.118778935648222,-1.8680255597488504,0.9882641745355973,-7.085258599497511,-1.2699838563669248,1.6064037936039604,6.5066792412941155,0.29294548898067074,0.3629406641861459,-1.1270287240187924,1
3.289392275800065,-1.2533453759262367,0.6405103413413609,-0.15255728297676563,-7.485171893270724,-3.9083447983377764,-2.1662828973578634,-4.814886240063206,-0.6095535761829907,-0.46375400906798503,1.0512304790442673,-1.4774375113173006,-2.541283056089208,2.578876149425624,3.3193980106391567,-0.3919254828169029,-6.311264365289683,1.3764533733274915,-3.8434745868890934,0.49644709664720094,2
4.1735525038201144,5.705541984764167,1.803441694584173,-0.5896537902703893,8.009584265101935,3.185559889059126,5.522424196238153,2.0406210066527484,-2.842053764665434,-0.5431372966145753,0.9499543134872754,-0.2481150230223046,-3.8298793395974893,1.0835420483383342,-5.738218382949883,0.18703175038726055,1.7441683948414326,0.8191487928466037,-0.40931383282899136,0.04275415644241406,1
1.5798935727075443,-1.7137838470218496,0.031021706043903086,-0.8790004751617958,-3.939968098871906,0.9219491877924164,-6.416557493603152,2.2240917118494017,4.1144600419757005,1.1781408894599537,-4.7076882844013035,1.6439708804243676,-1.5841087475630236,3.8915685692893947,2.1910384251644217,1.2973383209029559,-3.759246595557944,1.062757417742613,-1.0013833162322867,-2.1017763804397136,2
-0.6485280898576015,-4.27471679490222,4.325928639519805,0.9352125215054032,-1.3224245189885744,-1.9984874397286305,-0.4340954403071118,1.3109205094308831,2.477625239439602,-0.6698308032185344,1.695479253626753,1.3036441396444607,3.2952478400101732,-4.848122298161907,1.6762602178351078,-0.6241273474841808,7.886466968908777,-0.3292034591749625,2.261496836766801,-1.223541566041858,0
-2.6506365051473253,-4.236429041869389,3.9160725065819504,0.0012370176020272286,-9.935971430556668,0.9355278414757588,1.9978451028884774,-0.5798636438202667,2.6483857762999694,2.1343869180147648,2.856080652080029,3.940779019900655,-3.259897725476285,2.171477787867868,-1.1776378607860818,0.009575052216129542,-1.764568282795986,1.3482243069207784,3.1957572784335326,-0.2662840582127011,3
-2.744555572357717,-2.5959297533710695,-0.21237981172046227,1.1090393254528488,-6.034154824107177,0.6022993283863842,8.158982379073015,0.6937586117741152,2.071082656223365,-2.189880125695573,1.9623843127855685,1.8646002016169758,1.2699586414999815,3.741538005935905,-5.051046461851551,0.2645903320316428,2.441438263390375,-0.17642631354798868,3.98093087695083,-1.66679024606911,3
2.7094480654940662,2.0415680022983236,-1.0847189929114647,-0.05896340684894059,13.534684507548713,4.657432961612652,-0.5308684743172573,3.996951673140304,-6.259815976062271,1.3708450886290147,-6.674010665852212,-2.9828326405064582,-0.06335441692930655,0.7003229499636041,-1.6257437829553223,-0.198186847302318,-3.982679474897484,0.0905692647176395,1.0217744425459188,0.7173906066377175,1
0.320089066599486,2.23295230956552,-1.049757666147268,0.4974796820429042,5.207791710275768,1.8963909501374323,3.3503676613329683,1.29423670669487,-1.5276570705693742,-2.2570915505345015,2.1382679922751278,-3.4134301291337525,3.012923533314755,-0.36764452693419125,-5.746727438533833,1.1484892700483433,3.6208844547946124,-0.3627596630524126,-0.5279374075933607,0.3262181682959076,1
-3.2072945076969335,0.7739409322197517,-0.8115951670147266,-0.17472166107781606,-0.7871947340221594,1.7631346779395662,4.572865175420233,-1.8323041587783813,-1.357165023577164,-1.4983848705494187,6.584733116478008,1.7632644311858137,-4.3614603039152655,-1.467764973463576,-0.7583132178733717,0.6137783350504451,-0.830701998360832,-0.4656779386188235,3.8931104326223913,0.3720777826970516,0
-0.5267196802150512,-2.7844645128119123,3.246534040527966,0.04510434950974053,-1.4743591819182933,0.17877256911246153,3.362787593341055,1.3637617677754845,0.6821730220345611,0.4376993230346935,-2.1031777907566855,1.7102742634450943,2.8529299255715377,0.14138658892407152,-0.1980081716928559,-0.36351831476005964,3.051901765753178,-1.5417509549171189,2.211387759081159,-0.9662565999100112,0
2.889661188441078,1.6102542642906188,3.435711627838257,-0.2828020364289495,3.664585399771662,0.11633374956246412,-0.2482250059519417,1.4261169359415198,0.4454345019576271,1.4379384281970833,0.22258172954094646,0.2768522086551939,-0.21482995349404055,-2.371974937553986,-1.6008647380232541,0.0699866292960874,4.785490382233331,2.417722056751151,-0.9055823677426855,-0.5545075492185126,1
-2.8814669752997055,-1.5210249304612058,1.5072393114650484,0.702608084547097,-2.5201830239410175,0.0827517091706007,4.533565469454921,0.8706205902539443,2.286689271225686,-1.6285452961134577,0.6717026949086149,1.755086351014298,4.452988265643041,-0.7991497274573912,-0.7373137004721992,-0.45884965473904116,5.8639672977186255,0.39337169115830556,2.0440657022920217,0.5930750337269136,0
5.224011830331755,1.6402964265505031,-3.6912018768250845,0.19345138273263746,14.529962041280086,3.5056967046640506,-2.6035087483238124,1.6295229161118197,-2.687978127378276,2.815024406449428,-5.72125554995513,-2.308699842341336,0.39037896373462133,-3.3607999064118577,1.2399413159357113,0.7808530077866516,0.45912629970293506,-1.1679766306937285,4.851417099641376,0.37869423733691954,1
0.05534851334814972,-0.3208277922420544,3.1504945919497858,-0.946933097519884,2.1885267204147247,2.4902773748628646,-3.694780653514859,2.6619631965345985,-1.8348134791950388,1.7592692119366289,-3.71746183155131,-4.0322908514646185,2.8814156323490048,0.28396304232738956,-1.8185390413794575,-1.327901333936353,-0.3101097358506806,-0.1782067083429539,-1.8968914811813011,1.2484372719810595,1
-1.037080391068113,-2.5724742106687977,-3.3088593709508456,1.4912768636064866,3.138983514485301,1.1053157203869648,-4.270923919228583,0.1943834877118169,-0.66418616915657,-2.10719208909308,7.139483834964344,-2.0901511957214463,-2.348424582652717,-2.9216259643652283,-1.9625933989663835,-2.178584195362189,-2.029266192595863,-0.37052330764288,1.658610362478152,0.7367559576172307,0
-3.1336765557543536,-1.941557626365117,1.9916927730394496,1.0608163737223286,-0.9037799614703721,0.019482263329010152,-2.418083354057368,1.0888317033134052,-2.5143948050026967,3.8945888042975048,-4.309846101373348,-2.9059334773125993,3.4171938768183296,-0.34322764394275396,-0.6590330094970027,-1.1705006002286424,-0.7317929066072082,0.4052020642307479,-0.5399499924029005,1.4390429845792274,1
1.101737621345916,0.2921459524244103,0.18745283036008487,-0.1371386241065427,-5.78279977777878,-0.6431875523971714,-1.0406868857955394,0.20246644187658736,4.802726287238643,0.45508260396213074,-0.33512525083764405,2.6376740254814024,-1.5351814299537925,3.0663690049684282,-0.5412127117409005,0.9447063028922025,0.3506543777923687,0.18782013528294925,-1.2352252260574725,2.539040318546948,2
-4.454154221327441,-2.557890377541361,2.2221192975742374,-1.0023201334965155,-19.555769681465154,-3.5151375670324647,-2.5290925752713114,-3.388421200882295,6.035069278553749,2.354992657267254,5.315317457842899,-1.0348056150050717,-2.7759029556550154,1.9929292430782495,-2.589381496026515,0.8909963130313696,2.0777804263473976,1.491401978818313,0.19762716130279578,-1.470320272452337,3
3.5365078654100683,-2.220372120694196,-2.123990590902606,-0.11638387522451224,-3.0700608528029023,-3.8252437570752904,-11.892714926107782,-0.46315290908183937,1.7671835213728553,2.8563038275285972,-4.576398340467994,-1.485133827351984,-2.757859625949941,1.6011273029406903,4.5670965086129005,-0.29118920125385234,-6.332070248587827,1.4161733098338498,-3.873619271677665,0.1811084627700393,2
-0.6187172405304868,-1.6219631836430262,-5.5727502788095915,0.7299340891115974,2.952901261903867,0.06774694650269808,-7.953202586173962,0.14028931496145502,2.177330377112402,2.3463190106521923,1.2109578264189045,1.7765287247512904,-0.793010586857047,-1.250962499475278,1.157212827665204,-1.5990378970831776,-4.583211504682016,-0.060467301215674056,-1.215989810827671,-1.150760867041918,2
2.079573057668948,0.40048919136838457,0.01157186249955977,-0.822623764569387,5.204869744074202,1.4853786464705339,-0.050948253848840906,-0.2092265392060766,-2.3607461463071786,3.5623396175862094,-4.0486877771187375,-0.7739848840949867,1.9735908184078497,-0.41688374913883175,0.055469260558493216,1.0067158560221894,-1.6411020416835957,0.15231135779999633,0.2728867933994674,0.27471949496010695,1
-1.0071712731401452,0.13615553453081164,4.512471080428419,2.1193719364779366,-2.512085755481989,1.941734865240499,0.6436641161988238,1.3272971254086416,0.744418714698619,2.2818413287246564,-4.17938042159221,-1.5243049545395042,4.661252280408549,0.8237030838851478,-1.2325189927627922,0.130263904464322,3.258725460694398,1.3047960269364518,-0.6117748895867545,-0.2940427841733189,1
-1.2950517571156,1.3824451417287529,1.865639581254916,-3.6315388139245934,-4.090043499008187,0.4241908802754901,10.880974771531765,0.2063442274152818,0.4218532564845098,-0.8557153648057625,-1.0937986105930588,3.7973075890880366,1.088976032714064,4.885943042087275,-3.715438439381727,-0.3426438973272292,1.611095198549856,0.3474786580484292,0.5152266379451753,-0.20563814231104197,2
-2.165447615599281,1.4538956684723403,3.1470785993012456,1.515231174965024,-2.397282205287642,-2.8034686900895567,14.902566045218403,1.4575058960321452,2.8094133502411722,-4.1332153000647835,1.26676896975187,5.369388039605726,6.4931269084762615,0.8323582138979266,-4.304878537874457,-1.7740300267403895,12.426434025909005,0.8238006032644509,-0.04565985520324478,-0.16382453926042576,0
0.9884160120129218,-1.237228556240174,-4.665650966296855,0.5269651677681462,9.400653889547769,2.205112153977333,-2.157588007491317,-0.3860980712710773,-3.0319367959494734,3.5188928562242796,-5.46258366119939,-2.8254341078427494,3.9055211066037017,-3.089116342334122,2.1482582563198642,-1.0790706928484017,-1.3555108292792728,1.1014152341654724,4.815897345204165,-0.34871981353608905,1
-0.2490507103482933,-1.536590113521817,1.4084644394945423,2.2119933077457126,-3.261631813309124,-0.7771161131318005,-6.6919370386320995,-0.125099059505829,-0.4557993943207965,1.9840102510999869,-0.09872210892235107,-4.403847848667832,-2.8841236043420384,-1.7332487277365454,0.839493891569906,0.03398803780721369,-0.33845556493608975,-0.08698533384784689,1.3118482999191032,-0.5075785728885307,3
-4.142269682766168,-0.6542312860138398,-0.817845754979222,0.08190416500063773,-12.178810586999814,2.9263324770170347,-3.2724553014316577,-4.135881198887727,3.2905198895497163,0.7446304717146289,7.183430608646457,-1.6169751370323207,-3.7981446337153333,1.874756253734723,-1.2238377976729038,-1.0760718679449686,-4.887211832562255,-1.2734155818502542,1.227014341112393,0.16763570596558694,3
-0.4902864151422053,0.6902999421828735,0.2703462298424617,0.2930588277250302,-3.2696506944429733,-2.5171911145122525,5.72133393690155,0.5755694002579289,4.153776538290911,-1.436821916239368,0.30363466489395324,2.762222127823258,5.250697095503837,1.5841493896908596,-3.4395508279170106,1.1550274524446362,7.055734884727032,1.4527861337260592,-2.2854126337464544,0.41343696346078196,0
0.3783481381552709,1.7330973453561025,-2.3436953336614983,-1.8976953602849258,6.778579968634295,1.787802945563425,7.766337637528524,-0.5810176248820416,-3.0171546549835844,1.9864569053234735,-6.098066973332637,-1.3791572595603192,3.6870935753396057,-1.7152244612931353,0.2179873606857856,1.208257636927606,4.745492944004213,0.13261638336448567,7.687938563014862,0.5207592263469469,1
3.8850302071981204,-1.5658461487933544,2.646795587819813,1.7210662783353239,-5.288658293228723,-1.8351042900618126,1.4845515024226112,-0.37513860575658553,-0.371238563699791,1.6887135420277082,-6.056304997958159,0.37943450156634295,-1.8723660765686323,5.407246300040086,0.8517996868782417,0.4738190454038362,-3.763786615708186,-0.4542759879449912,-0.4155121500966892,1.512101710533638,2
-0.2066702002227816,-0.6491567204761624,-0.545403577780053,-1.0868994092789124,-3.223539254175354,1.759545753684153,1.5132387279990727,0.0685198935914475,-0.22466193112694932,0.25713118980053173,2.02601423726631,-0.12707707663858447,-2.161194683907131,4.703688035234408,-5.112424122247511,-0.5532085050350268,-5.023038056164098,0.47973037437499755,-1.062985743246418,-1.3817150180168398,3
-2.857854620235034,1.3131982774213542,0.9341035768383313,-0.28028041527703323,-12.826115352646536,-1.3742666963629422,-4.9510200020935695,-4.749098951311593,3.5580655951961213,2.3086262042890167,0.8459177316476435,-5.538494670009275,0.8462550614261524,-1.15847687586137,2.250077214530431,-0.6636182794299768,3.066711923252876,1.270653836542879,0.39506715472625253,-1.0016746221786683,3
2.500586508402277,-3.05838154242154,1.636881835520879,0.16488996057398644,10.970433050076004,1.3888979623863562,-7.653127568505773,3.403763087596392,-4.383762677875522,1.8044346106675893,-1.0908411441338337,-4.523272717327872,1.276618486534942,-4.9522995394150024,-0.6317561019298487,0.3493289094784953,-0.641465214893264,0.8462190150378418,-0.2816540290905021,-0.20041098252117198,1
-0.1446697121398548,-0.6249736417628816,-1.0852221814521261,-0.05780402279104526,-0.31630128805639407,2.8681501069334883,-1.9406614403783737,-2.7810884706068797,-0.6637302924340251,1.5594549378812073,3.9856065259127287,1.2219629177522249,-2.072288031900131,0.4535676725422,0.46294824740935736,-0.058714151692114774,-7.49039157206193,0.04091540848459943,-0.971565635082422,0.08551211647711326,2
-1.9444579784973208,-1.5422242365695595,-2.4659546476394265,0.7637664640067325,-5.277066253905512,3.593494288797563,1.7387682006037932,-0.6886499281564252,2.8878681470236685,-2.1394392146460848,6.025396881372156,0.5260316576510331,-1.065312239076532,3.902997147238041,-5.057594537072565,-1.202721715777354,-3.5472106416731224,-2.1225507721809027,1.2250474810429743,-1.0561584678617901,3
0.9673140838483065,-0.07445487182621968,4.287177562987484,0.9010563868989151,4.492597579706953,1.781872397866922,-3.665738979194842,2.4943643361498484,-2.056065254573557,3.793731123842315,-5.549891156159677,-1.0422080871640176,1.9196172357055235,-1.6318391679073192,1.4245413493410926,-0.37922414997745574,0.1942572263255048,0.501470885176038,-1.1377951234187451,-0.2997131152902164,1
-0.27090240127125953,-2.7203665532212513,-1.139362484492664,-0.6082334923083494,3.9924839380410253,-1.6585215464527967,-11.804435572948677,4.600936841735596,0.27455754930330767,3.2739051616994215,-0.8152088361908901,-3.459865697815293,-1.3550289984353188,-2.812948514216907,-2.855588678116496,0.19823877648001684,0.6151105374687533,-0.041495212425883755,-1.734139515869892,0.3959857427687619,0
-5.452762822251735,-1.5854779857225512,0.5970009226458027,-1.7293810060586328,-9.290096501266481,0.43714169621274035,-6.328651939523963,1.2681597330555796,6.097954362361474,-0.8343399432078473,3.401356110851987,-1.3103892342370096,0.9586031241241186,-1.0160928092296744,-0.4938642114756231,0.6274442125576021,4.249770431862181,-0.11242136355020901,0.24209982568010835,0.5738379413570619,3
2.135440990720552,0.14852992433661227,-2.574457461005389,-1.464254392009938,0.17278175147480976,-1.320115157703471,-3.3801841151045786,2.1957805214396346,2.7091771290832045,2.00813139631951,-7.790497378512407,1.3990258948459058,0.7333833373114231,3.383674252275788,1.452305735323646,1.1261592272119343,-1.0196505381128085,-2.069807274773174,-1.0170776750583856,1.4186732324486442,2
1.0140438438210884,-2.2802853896160538,3.8731996299063765,0.1780528280658048,1.7325896670426977,-0.16194639192428206,-1.0730717419229645,0.8060704118726044,0.30454445537866004,3.5993778849826015,-2.2762151637061607,0.2575549347052486,3.1531681936688227,-3.3408400684510906,0.6018251500572127,0.3028749006584418,4.247354352227982,1.0043935609356778,1.3676877937182002,-0.9329036334665967,1
-3.158036138229333,0.3454086638637841,0.10371285349514925,1.2140393646559657,-6.7612333662072714,-1.0446339927325132,5.904787637870646,-2.090786350177192,3.2188029492506103,-0.38680324302718083,1.75035006714207,5.7106524896569475,-0.3448135330346527,1.0647868856904257,1.8136892570849126,-0.40916388466479314,1.7359366138731578,-0.2991022505097704,1.6855481502018383,0.2827669683819988,0
1.888005246629843,0.9029085192180006,3.1354178642472457,-0.046691542957991945,-11.967997325424637,-5.251143015933943,-3.0740855222024965,-2.587060154285999,0.6172352900735127,3.5606254785602007,-2.502143109838527,-3.7108657564232543,-5.383750205204091,3.0752784351494706,-0.2209930290237161,-1.0748392572865098,-0.43211280761664533,-1.1732333079514552,-1.8883590858595936,0.208617909402607,3
0.834541273625049,-0.12650625789342373,1.4882913387007042,0.17850886949863448,-6.800384119568283,0.2815707413394435,-0.4798407527465809,-0.8951753722401438,3.7054203631597855,1.0325077133076594,-2.356381918445617,3.148156381343206,0.06973337761039455,4.12362518467407,1.855252341629392,0.41630221207667034,-2.7815509576806297,0.617323266790651,-2.277946884816304,0.9496166236048275,2
-0.6625257030614127,-2.8044679658659413,-3.184386323952102,-0.2142074008243377,-5.742715582076802,-1.1660529270407363,-9.316382368293,-2.3173988675595774,7.610358350541828,0.46224020666998944,7.718948676010587,4.135447965702677,-2.270055746846844,-2.2540671245020594,2.809663086137145,2.0388849351552283,-2.1113892575406883,-1.9905179489431553,-2.016678247654899,-0.1841628774742773,2
-0.3640000136641297,0.08127416180219171,0.9577416645648907,1.4408146419951626,1.2867571594402512,2.6178734175777993,0.6488664984521498,1.9378064988425032,-0.7008501467649636,0.545866400363406,-3.3559827477937145,-4.24551696186832,4.1492369443282096,0.8281174983660495,-3.3870801088547906,-1.3377569883326745,2.75935183766977,0.19384934914930416,1.3544687394753332,0.3172558056765597,1
3.1987791824761245,-2.251984651811047,0.9218820153297314,1.8652959926304022,-8.016705516922974,1.3421543730637575,-10.082511354119598,0.17609246286957903,6.574110480459435,1.023767437640686,-2.6830663311301994,2.253993526568911,-2.488888528738107,4.586210167838358,4.515419281530798,1.2824196026833128,-6.783567651633426,1.9582621189485296,-3.3090765532521296,0.35153501427243217,2
2.5585480904770366,1.33634248167365,0.9710760594976375,-1.4785750025011024,7.117770820919411,1.5253547229429856,-0.018432666995646645,1.725779241631689,-1.4510149062922981,1.844371084224492,-4.741486598928581,-0.11138101334461603,1.382388979686598,-1.6810998837598317,1.1946217538181134,-0.31895653613711406,2.0072423132622346,1.2091242348623237,1.318284765339113,0.3851999781841987,1
1.0294929381594788,1.0178115084399364,0.7793970416409373,-1.3955842275671968,-5.969254313950782,-3.3416588797179667,5.766506781712196,-1.6854002203939278,-0.16935615432197149,4.501573948189457,-7.286383389508072,2.2891345359908177,2.0452454443314294,6.299150773084005,-1.5710933650440073,0.33179448884949,-2.143291604943252,0.17772374001361152,-3.0789717243545685,-0.4273880186876774,2
0.4392510236695414,-2.3730206355698593,-1.312919488302589,2.6522423345277835,1.6377813589749122,-2.1938243825550603,8.179149898657787,-1.6567356197309655,0.5763034601481047,-0.9560217170431904,2.76968769868277,-0.4060790211016869,4.041364093492657,-4.220398623215307,-2.5310483043016214,-1.884254672960543,9.86856617255608,-0.09403632704997637,7.238029626975347,0.5754620345589553,1
-3.0337875666339347,-0.7129989564273583,4.421804625381029,-0.011610211841213471,-23.286433475621806,-8.307338159255124,-2.1038138066635623,-3.84773276887354,6.414912291943901,3.699230136621449,-1.6844285482653767,-2.328205934059018,-2.6954868701756225,1.5546797813444697,1.6642860180203178,-0.343521770105061,7.630274863224372,0.3914681181805455,0.9278268398912967,-2.6711786829410533,3
-0.36221276384030454,-3.9068654637101714,-3.285195555124585,-0.4000016323709009,0.7671954620020055,1.7431536272043182,-9.71098729398767,-5.157071252462618,-2.9885278922038023,3.95178471345938,6.751452963728872,-1.515588136409316,-3.8242155349309512,-2.754544087055413,2.7056951146144077,-2.1605312874991935,-13.32315683633412,-0.7450262281450791,-1.3531252092696597,-0.2785225584519033,2
1.7053528583172943,5.0143172622461005,-0.8431666773126216,-1.202885049736773,8.61598900883365,2.1042288922906085,12.981545701427974,0.7214517588091285,-3.8199182633003668,-0.6378408207252271,-3.075151983789506,1.3938026644802064,-0.436628668343378,0.162397978264883,-2.840012631931023,0.2859159318040157,5.208426258879033,-0.575385923300913,5.914204295584543,0.8810595160859029,1
-1.0939014471654112,0.4141842648619103,4.54126822131673,-1.7887726227323555,-6.337564100816686,-3.7013828317092785,0.14870283398173964,-0.9117208014423434,0.09421306445843958,1.2340092556093936,-1.170336121046798,-3.686287506536326,0.3216388356537776,-2.59787077447407,0.7168772514573054,1.7577815530513796,7.54008314208278,-0.3742560375267909,1.2797634193577616,0.37796584915246,3
-1.8715064536349573,3.3260521043359144,-3.508043933738922,-1.5260337530738342,-3.3082368762521135,0.5958172012443184,5.298059698996085,-4.247282791140378,1.0218760289867925,-3.386796489081177,8.910308103786644,0.6480819215791298,-1.6650259278908361,0.6559236565368227,-2.7926652902919287,-0.8332906304667806,-0.5745765885881735,-1.0580465016775875,-0.6987258770540841,0.428741095057484,0
-1.3794370489885814,-0.20820542477352988,-1.1847051222746394,0.17810962470411115,-7.387449179242391,-4.025445813269916,3.551515339539058,-3.9303968427086104,1.284839918924543,3.844886286726018,0.6346851483829626,-0.1469713747970618,2.2060273158942674,1.2472859695848897,-3.1255862404399686,0.033493387140324196,1.8040112438277003,0.037612354567568416,-0.818858405165074,1.8749964459357513,3
-1.30259405330214,-2.0258669471988853,2.4201351885692026,0.8622684306025833,-2.893371016999141,-1.4489335821193332,-0.7672539998480737,1.4625638723087033,2.6864766556663264,0.21531474279142682,-3.4825325320899045,0.36779412964815617,3.7850763650158896,-1.6954720560413274,2.602660490559076,-0.1658028268639179,6.0292250613329905,0.4946727655664661,1.8051589299674569,0.4016247116933454,0
-2.1149234692818744,-0.7496316553100317,2.7544377841604075,1.460009899660185,1.194634642504901,-3.084380126067881,5.756803262873983,4.022945223933341,0.7334020543711012,0.014574797168544151,-5.381887941464427,2.584448733813607,4.294488218492683,-1.4815593137839185,-0.3806619460056637,0.9869151932831538,10.132398021347852,1.8112213872727128,2.5272560858408064,-0.4651703865230122,0
-0.9071394954655911,-0.6295399385012507,0.29492545482942334,-1.5396201262123372,0.19477482909183624,-1.0974938244765173,5.228119703438222,0.11309271653797315,0.5458047889545461,-5.322315200182665,8.698756346463618,-0.33587239624965504,1.5151789291245,-1.7788180917478034,-5.138735819280555,-0.9661703877896614,5.5704169680500195,-0.3071195781752972,-0.45958341964499017,0.016678043465267564,0
-0.33375700671139086,-4.443653931196925,-0.04277142519007637,0.5509922413679341,-10.652495649519114,0.36316979010173833,-6.429502140788156,-0.5447745220254132,2.4115323579914136,1.8004777606367757,-2.970237188447586,-2.4220294004177383,-3.991743408078389,4.128863449215933,1.9745847409784405,-0.023507381962470188,-5.830120487394846,1.2559336317835659,3.311993881239972,0.9310328520103603,3
0.9876120970192171,-1.8061622982741985,-2.0559764615946357,0.02348845909318096,-2.272088637246747,-0.16931689727943633,-4.481584905157158,-1.1887941826111605,3.5839963461305557,-1.3901906598926335,2.644026475231323,1.9010470828323762,-1.3627429388232868,-0.37488895652179033,3.2611372970215133,-1.038885181394799,-2.288102569764969,-2.2938785734963667,-0.11973684649896099,-0.5802227989075488,2
-1.5988554550029268,-0.9023416474104231,1.1251014461935978,-0.5922806960357578,-5.007833038902886,0.08745336034584539,-0.5715009734100226,-0.7239116659148208,1.7609297591692332,-1.1572501979766636,4.6023555693379326,-0.33187640820595066,-0.5856996793887059,0.24974821993897578,-1.8051385100581656,-0.03296891874162238,0.3382195672564206,-0.4705827047089276,-0.9312833028679326,1.05629850798837,0
0.3925399809048389,0.19510731061440456,6.251065164607722,-0.38091350950617914,-8.789088009884468,-3.5150679760099055,2.067481848425339,1.2082441993351654,4.709893505025896,2.876995147453345,-8.601608088387659,2.4269843973241647,5.134559292059214,2.471994162917909,2.016916773650257,-0.5309256971590914,7.5170774115349825,0.5259545831479395,-2.2374154144371516,1.8394772071211731,0
-4.044946470971132,1.4169059580330856,-4.820218795377041,2.107535576162936,5.506826734305144,3.661874162388315,4.028639523615506,-4.4545100587218425,-3.6678902717026616,2.2978346761117066,5.802498091218259,2.4257802729938227,2.1904986085550178,-1.8098185623984726,-1.2085759220732188,-0.3115403586185362,-6.834684923548952,-0.6051068951651147,-0.6666568586192573,-2.313025388997139,2
-0.7669629702277853,-2.0447835490207162,1.4788364153112583,0.0680871680033405,-5.47215437621201,-1.245628115606951,1.1644071293136649,-0.22642256866393162,0.5483446814895517,0.6329215753789769,2.043809969756187,-1.1978883375984857,-1.3965026007368122,1.1538388757793079,-3.4820560778072553,-0.733076289508027,1.1186603284558234,2.033697892727265,1.286872122454372,0.4864116022817191,3
1.7518499551072353,-1.2531479325117023,-2.5141474799645795,-0.16903671672589007,0.1394166574729298,-0.6672281288389613,-3.6036964488153154,-0.8383676733497838,2.425400097655669,-3.3067119544299204,4.5243937770261,1.4284089875087629,-2.660525771130567,-1.1297857511629594,2.607677023620991,-0.9361488968623783,-1.7185009359823091,-0.06885490140626609,-0.1462827509480451,-0.7051299770028905,2
-3.5264702841680884,-0.7730976661816061,1.9033339274516692,0.6828289557952604,-4.6431325490263875,-2.574231206169298,0.09519960806766978,-1.1728550328187288,2.421087915124338,3.5520753303215633,2.7959389766033382,0.6147540703595897,3.646993646998164,-3.033228569589283,-2.5487357475693395,2.2267869675244576,6.02607368487696,1.325759963334375,-1.378318990420294,-0.04820588716250136,3
3.846317238052545,0.5697694890259686,1.79087907226871,-2.1505915427528217,-2.934021272162616,-2.4579057424313655,2.2419456554148236,-1.1047058562255319,-1.2084978281636483,0.8687206757298028,-1.8870578676414587,-0.38858647110398326,-3.5911115226777457,3.078228902459398,-0.8681609377414676,1.151259004733397,-1.6342646383483466,-0.8173452009009995,-0.7644063184043883,0.08164371132001891,2
-0.5485935222879645,-2.1243347661569927,2.255634858362453,-0.4269588364283679,3.89182122423672,0.9527946132986407,1.0876182891755908,2.821039554099986,-0.9581628313384107,0.7026275486802933,1.0071670179072651,-0.07763193701034354,1.5505424324672097,-2.177177510834958,-3.5272977284989886,0.5033656705515603,3.6032258630827996,-0.37701295839399485,1.6438236141867084,0.8503355529804406,0
1.7960181238254367,-1.783686603395514,1.4317615946223512,-0.4055036914372403,-9.057468715659487,-7.269969051872637,9.102093546917555,-1.1361639400696952,-0.4950648811272993,2.9578708951496107,-5.137726352684873,-0.0601981548442907,0.051602306318119684,5.743739749074237,-5.390992825637078,-1.9829010453090243,3.319403052754739,-0.11256339987048995,0.9651901911260006,-0.0807880510644741,3
-2.292460495342666,-2.9100059171101496,-2.0520942333282526,-0.18653570035765416,-4.058225721085787,-2.5116540428066667,2.938327688520304,-3.004223461485158,-1.679074492222309,1.392840607366818,-1.3689675624677013,1.73865089810268,2.9196877959006566,2.6617335151482244,1.2176058990291383,0.5912979153138777,-5.702477095694963,-2.1965412886287603,-1.5791106962566097,0.013140757256196,2
-2.816049462893277,0.4267327071181579,2.261201510897072,0.5107835431741702,-10.424827834927708,-4.508344492253451,-0.31021021430879275,-1.2781228178486035,1.6534351925930084,2.206713837444592,1.0435671116447713,-2.872553430159745,-1.0456455738569848,0.2715528136130714,-2.973552096502929,0.2522098586818161,5.019339781454864,-0.3186771813532301,-0.8257486859632905,-0.6437452834353349,3
1.3980692736779383,1.095310298677057,3.2811988289066503,0.9906419740195044,5.39690886674742,1.8959793862941718,-6.308340767322792,2.5418988776426596,-1.802808834568648,3.056192546095983,-3.698321738453263,-2.9512075390097205,0.9144536569882,-2.459694687254424,0.6037730348806032,0.028375062066316698,0.5320325107071379,-0.4379556355472514,-2.137793620612102,1.011707307880034,1
0.28321600930778246,-1.1616782684318339,1.6853327291105553,-0.5245520162851494,-7.573891383233572,1.5775617730735454,-2.918552436371524,1.4777841119698527,3.305452834460196,2.20288370689276,-7.511839546971437,2.453621453564395,0.8344989110888847,7.667908537880354,1.5616495329357343,2.6844267824957355,-6.53861083804097,0.7816257271798732,-3.4289335248920136,0.462052634899347,2
-2.066785384142871,-4.451119775041673,3.0304694957667184,0.08572168663109299,-0.9858234029623243,-2.6626034476446883,-3.988356704927931,3.865556391820855,2.046915463001214,-0.9514209421032725,1.9994427967073858,-0.8828309158057412,3.2099434956272512,-3.234543704564013,-2.2485978720665907,0.7247470946164272,6.5195658813017205,0.16705866877730188,-1.1359820407074719,-1.807087037649139,0
2.748054614311055,2.2563194031453495,0.8251920915984499,0.6838523816255604,3.3481831524623966,3.461629772135259,1.3933360192723192,0.43022576665538503,-1.3104057829829747,-0.33995140954613334,0.9319222154615658,-3.8658483616100128,0.6089903902251496,1.0069341405901677,-4.91679798040184,-1.0476251861749715,0.6430355865106794,0.7249126807684194,-0.27083639293885997,0.19974826038765642,1
-4.520136192885031,-2.748411613150598,1.6127611921366212,-1.267898858029031,-12.125030517263804,-0.5120228259765803,9.064643810336214,-2.4919217852813134,5.369768046774314,2.056291663423844,4.651662909095995,6.151316204061182,3.2538933053748456,3.3508925033423944,-5.281085903953544,-1.581342872243211,2.8457455765239232,-1.1831321763022504,1.0650033550088418,1.5711944408497442,3
0.12611573560751355,-0.6959290603409679,-2.541312134072218,0.4446908452947668,5.583466408369739,1.4854275341790886,1.6938877415633125,-1.0425357511524311,-5.2364896496435716,0.6282311686266536,-0.9322896999258024,-2.07596730802535,-0.8005806624558759,-0.5777101711242383,0.270441561310486,-0.46898167559074266,-4.59198459799405,-0.41749396463830735,3.055735789803267,1.4467375901478636,2
-3.393652283113587,-1.6219087746234169,1.0195575081714625,0.9085554822019126,-0.600707844597286,-0.4975611933424011,0.45073467340909257,1.9450433075666766,-1.3331870034727218,-2.1250247624852108,6.625560768836574,-0.612261509639529,-3.4582492321089258,-1.6855146593202988,-4.227375375899907,1.4342464682703717,1.5192460355651047,0.8158390325714905,0.991747895790782,0.6447210295020399,0
4.304424165520841,1.4462866294831374,0.231556510472962,-0.5979402980120173,-4.422665252246491,-5.897355751533805,-1.291970076820903,-3.1214840906167565,2.2671448926394753,1.2371953662477462,5.08658852701848,-1.588829269924736,-6.610675909072716,-2.941844301679081,-1.4810125994195293,-1.9668450882008262,5.963417895983768,-1.648809878396511,1.2581238023522858,2.5029023352294884,2
0.7034055503184096,-1.2341170023275605,2.028940239783598,0.45109128498241474,-4.345540239419606,-2.093872910079282,2.8306487111260203,-0.7392151669587944,-1.638780501364423,1.239037553298862,-0.38865647487652855,-1.6021565393049475,-2.4256106857750286,1.7548259647938371,-2.5181672702943905,0.5855864025478605,0.11655406816781634,-0.9350459321813624,1.5209354779402005,-1.1360907942987983,3
-1.7774832096146282,-5.398701468291832,2.636249635880483,0.22833670032781445,-11.077316677854858,-1.4196594743500508,3.706018265674606,-1.3387323830095847,1.3022272731236062,1.0392531714643054,3.341768828679486,0.8320328228926499,-4.176684417261265,2.123636881931185,-2.802723654488271,-0.03161145566960335,-0.06499210497663406,-0.8231554501795225,5.77572692530625,0.6780393683837879,3
-1.065191836234071,-0.1781161454392708,0.2575336360618554,0.08587853775825284,-4.694687193709177,-3.0193743985732215,10.146302674682719,-1.775566373614874,-0.027398889546808025,0.3071887910004163,-0.13016208422366107,1.4511259261758869,2.69055980399247,2.364375330871699,-4.008438195289489,-1.2661317442899516,4.114750431030174,-0.3945369678086855,1.367618911549611,-0.666274368992819,3
-0.0961136698853331,-0.09317864174439627,-2.4756786528228822,-0.7828302213233457,1.0009950995961379,-1.0581287335615874,2.4036940784810508,-2.0016785339655274,-3.2024648376145675,3.7058597651309233,-5.4225589368086204,0.403272314062043,2.3614977695445765,2.733515120063317,0.635031222804473,-1.0394072668662295,-5.520723710012405,-0.674653263036824,-1.175969259977676,0.9243726172789395,2
2.755549460456474,-0.46975105392280614,-3.004948099072931,0.1446703735414844,1.7418526112597195,-1.5307131741411675,-4.423847386494526,-4.405335748096707,-1.036316317196044,0.6167499470663338,9.06769906666,-0.8183172512315462,-5.843429995335525,-3.647422708180676,0.007915771417889239,-0.7650618980701405,-4.391181320849292,1.683039410409491,-0.675406658628817,0.5457268756510927,2
2.4124639709910314,-2.196323175609422,-3.335889943991352,-1.6280316913603199,0.9131433485347601,-6.58754071658087,1.5134863371783573,-0.16040744181091027,-0.027363905075951545,-0.21945517916603063,-1.7074355361946345,0.9963222544009898,-0.818635911124786,-0.49094832744237915,0.33540397920792886,0.4048915593501826,2.6400748390018016,0.3373675847311273,1.4666472780939759,-0.5772637504160483,2
2.083472842539128,6.005067844134432,-1.0794734256002747,-0.5813272121504516,7.482889688424186,3.4546486490667543,8.479801723068894,0.8984838636582815,-4.180722556984998,-0.624488761942493,-2.3424986936868986,-3.375168441553771,-1.321631291063317,1.0630015129091435,-5.066789941744659,0.891219680519052,3.5297713459380224,0.6214347913217446,4.212607710834403,0.2745818493125527,1
0.7711886348379048,0.6902981668477528,2.0241336870347824,2.93340299321105,-4.16895178192487,0.8300900151149633,7.066556559384962,0.4308972404811029,-1.2384119191177234,-1.5872593412846085,-6.950265076083595,0.4597124279428434,1.7966551352624838,6.92533724222201,0.3130534663809126,-0.06089532192586181,-2.55371208775162,0.050261566515888735,-0.1479830254689365,-0.7872919957989238,2
-1.3968730465511032,-1.8007577757975317,-1.0133799403668307,-1.303236874048536,-1.9257125707866354,-3.1104913412053254,-1.3345322776085171,1.7038289583779291,0.7819158945658833,-3.0087314725739134,2.396828078161226,-0.5409806923516549,-2.646352274457667,-0.9377716022156206,-0.3833894115517722,-1.8511036739237008,2.656601643326449,-1.397701488322202,1.3776305789763112,-0.9546731912379831,0
-0.9180063875891751,1.239930602393939,0.34237949199507733,-1.8442047474235133,-6.366474719893578,-2.1847423624621394,5.265131317717792,-1.0907181093780443,2.0094489176200305,3.61863798140927,-5.728224442400711,2.3445651167987163,2.702888957989314,4.132490924852731,-1.1755299161602504,-0.3948841326637924,1.840061682184578,0.9063225533659856,-0.4930281259927244,-0.07552062936509647,2
4.947603094090525,-0.3312973547773832,-1.565334942509857,1.6960440161381198,0.7150523216933978,-5.329815064612994,-1.4111432643555961,-1.54227735893414,-0.9915172206819358,3.984882079858816,-5.393571975601929,0.035956848912256145,-1.757327731442483,0.8467434962605986,1.602307627958271,0.21048442937358744,-1.312415237084495,-1.1655703352799165,-0.8458927094329733,0.22084828480474422,2
2.418592040313028,3.132093861646078,-1.6799600675209665,1.3430162368232839,8.486442604915283,0.85895017060512,1.1135271589511595,0.8493741419915674,-4.625782083818883,3.5934672150557296,-4.775297169044129,-3.4966470485127124,-3.084415573430666,-2.0429329641303156,-1.3041741509601397,1.271248756111366,1.7614722462613734,1.4708934531963769,5.038309050904749,-0.2784079643361608,1
1.759974125801913,-0.2213778169209577,5.21317029859603,0.5668666648469721,1.6568853832551176,2.066300387169863,-5.116925195144329,2.6459326082533567,1.0783790389801777,3.383429408907805,-4.560683516090245,-0.34742658353866895,2.9722068056853117,-0.6645597316770858,0.7491248522621832,-0.7908346218492899,1.1958739194069266,-0.7777451036663208,-3.028363979756016,-2.9973532180710327,1
-0.3588856197035415,-1.1180469716114336,-0.3303031478948564,-0.5456775635691046,-4.771685004068375,0.8693536566080313,-2.6949846252056413,-0.31192740588475454,4.466053124667476,0.3582771875002555,4.075613282209193,2.7276167818780612,-2.813633403038245,0.8176424045374772,-0.8226383356393789,0.35633922704478616,-0.9871306066136036,-1.0764835059062374,0.1236644760489154,0.11365018731385725,2
2.87489896820776,-0.17362870425180033,0.8815432576228668,0.268910871200571,-5.980144332872829,-3.813728790011002,1.3682926942484976,-0.8651793895009232,1.7653516951689476,1.1700960678991814,-4.973684425986086,1.496978650369066,-0.31733141546526733,4.457217532365057,1.0561799538186376,-0.38458295044026336,-0.8462669426620544,-1.4834772265094067,-2.181324250756483,1.795035983786627,2
0.23977469805712048,2.1705524498783335,-0.5441764946855654,0.1862604573981914,4.733523975771801,-0.6477256952677304,1.2524102724437634,1.345152656294458,-2.7803759086960858,0.381772810565135,0.2297410386553156,-3.9330405305036975,-0.896281986065055,-2.24356775578113,-3.9637241843624578,-0.13116780705349426,4.608757889847632,0.4257006214806662,1.728326963695628,-1.5797531764989756,1
1.379684846349842,1.3499194494748774,0.33321315345091485,0.0035512732703650183,3.2435085053158073,-1.0076809045945088,5.874722812055644,0.4310732098924267,2.3756406874482856,1.5408371943404822,-4.344711721212915,3.260015525655962,4.0070446613718484,-2.5493159717251137,1.4069080383221366,-1.043291205661538,9.257819182658666,2.0238796174855107,4.220510933267295,0.23203467850391193,1
-0.30730177672862014,-0.33999217737042775,0.5809060211944403,1.492156727740224,-3.0027198399668764,-0.9415434108663229,5.065500269034273,-0.07092950153332023,-0.20069455155157412,-0.8394598393338359,1.318724097496812,-0.6795644514950139,0.4619964738654305,2.2064048823996742,-4.5144334150058665,0.6529133283252059,1.9093495214956906,2.459231205217613,0.4770922052463731,1.6671159748665347,3
-3.367798055621889,0.8648530597769781,2.055529144789004,1.237359715735833,-1.4329553283346206,-4.357166124669006,7.28308691518206,2.62308101193313,1.966676191896291,-0.8959626212260536,-2.094336123479354,3.830287670922516,2.80016991130208,-1.8782834332733063,-0.6279127400146319,-0.6882614475232963,11.547876327202513,0.7800120015428897,1.929549888219178,0.7033777899369346,0
1.8880984690742513,-4.569599977112462,-1.4880159669691546,0.8838047968929744,-1.764812756382131,0.5667746870280954,-7.075009226882082,-2.414301420599941,-1.468542997168794,1.140331822557814,-0.6985817025335246,0.36730591847784977,-1.5023721352515786,2.7401413229561973,4.685918894135577,0.0065960021115937075,-13.384887668704307,-0.3437432975774038,-3.096081529420686,-0.45513398957897927,2
-0.2197588490741842,-3.9970883280941942,3.734412083326835,-0.2927533408708017,-2.3025973379923648,-3.696265250790526,-9.735928426929993,3.738956285269117,1.9827938904566622,2.2400913746947206,-3.6142105002352367,-3.227635272268953,2.1521297372926944,-2.938003795907223,0.9510411624322459,1.7003324439360643,5.006083402409824,-0.7877542901387656,-1.792846067247749,0.9690968460267542,0
-1.3078513679550177,-0.2521187762370285,-1.2572184475993455,-0.2772301693268274,-3.915501494121815,-1.1874027745793116,5.0680938210651965,-1.3500568574510614,1.4695701844207993,-2.8222053815551287,6.39297906901616,-0.6710836462659581,0.42117612017504436,0.5199298486929742,-5.203532876219702,0.3101234130895267,3.6350711312527992,0.8633299122015056,0.8406360328001875,-0.4083886005353367,3
-2.5779660841116243,-5.116832899773252,3.731039525826062,0.749842223524697,-1.6989261643455336,-4.803809802138364,1.5884585870853916,3.638547804604157,4.317474082536712,-2.9445004084096693,3.204861624850937,3.419955920885115,4.826941921117865,-5.153694785782064,-0.4810712029807751,1.466945106744465,12.611211891761645,-0.09935782126530102,1.30492485559332,1.0250456494261013,0
-0.35328191302309464,0.7163084525507313,0.7033546576518249,-0.6798123530765451,3.187432470210123,1.4756393958497431,1.673254445578417,1.7756896279439451,-0.9829635831391217,0.13558147290139755,-2.411348508328842,-2.6754981852241073,3.810509299366154,-0.6669041424040333,-2.463311004127012,1.1024326416172194,3.9860968067136384,-0.9611550352626188,1.0592485382214263,-0.6037797959731513,1
-4.661243362387818,0.06015714031520547,0.21030466226254863,1.3985807959181764,-3.300617869646605,0.990057795253175,7.225846009509493,-2.1507688004682337,1.4220714046201681,-3.6134727189652147,11.440857418235774,2.881236896239394,1.008655024716636,-1.6669513577585868,-4.378532574518159,1.022522815599407,3.1327816078541306,-0.14388601621784777,0.07188445738107418,0.3398500543522677,0
-0.3002202328195669,-1.829301658633796,1.4619346518799001,-0.9826083441351695,-6.695054232816399,-1.4382892569507262,-0.5709946040503414,1.0268333459793069,1.2595923117116856,-0.26621056072552873,-2.823724388196992,-0.5439070956520532,-1.6902472507339616,3.4194238356368505,0.06998381912490137,-0.551055678822625,-0.6737400053247836,1.242702871261137,0.7529527668813206,-0.4013942098204272,3
1.4914162527168595,-0.2145388129364474,-1.5989433829644208,0.5605188649500721,6.773909107981577,-0.7327668930872022,0.6700464821134389,-0.04674164906077549,-0.19750938119911754,1.7150399577920954,-2.3260403317773246,-0.8150280755744823,3.4711118222753874,-5.198882177099582,1.5101112595718815,1.0211384028132737,6.582696911868356,0.964183434571187,4.456639277257221,1.777794163030617,1
1.5710242210613672,-1.2809530609046236,3.449922629827746,0.20770703659525896,-10.166417054024976,-1.559572821028521,2.927367944460593,-1.2457177430558755,-0.06190754332814885,0.8084268562107598,-4.887409169086083,-0.5831605439556686,-1.0603608556669237,7.039993900310144,-0.1722260469798096,-0.6888939996592579,-4.130740690629337,1.0016934767752033,-1.337770372820484,-1.895321639816814,2
-1.6271347651496817,1.0325125928916021,1.0213902529790542,0.39764497401543053,-3.2853754904595474,0.6943113584067007,4.972466935600348,-0.47191308924997033,2.5980381073203773,-0.559092316087064,5.142358425860163,3.0077765502573426,-0.131476135499889,0.6721009232234083,-4.178359190878506,-0.2916074837743749,3.0995807620026756,-0.2881468896381896,-0.22045030109758312,0.3749015427999338,0
0.005346548982621435,0.08859502437171929,1.9062867627979747,0.9017828201219706,-4.678159087947196,-4.959438186678506,2.0875821450896472,-4.306820167105189,-0.030426905393465375,2.711418184255047,6.634406642296385,-0.9142761595235224,-0.8334306007238017,-3.696589238612393,-3.0414060494579394,-1.7567942024100804,4.820494501123333,-1.4254314497397504,-1.1899552048830482,-0.4936683215525061,3
-2.2702681892498444,-1.6119085659434667,-1.8687953354072362,0.6948869238638791,-10.895066314341324,-1.795635118140145,0.924355203840927,-3.23142019724553,4.609298632983002,2.457242924469947,1.4478973216276474,1.9860304899986398,0.4434914970877848,3.05777524764883,-1.3200725553294566,-0.03726407922452962,-0.8707390044294162,0.537606348847432,0.33887173938486015,-0.22466255277775368,3
-1.4575469700640473,-5.253672186035651,-0.8601690184250237,-0.1024708409451572,-6.014820492960647,-0.004136773435089225,4.69975946276654,-1.556722166103028,0.6830173883932763,1.911130085438212,3.0061991349939863,3.427064352326989,-1.1286362418386662,3.7301137576111687,-4.082362921018454,0.7510906237346867,-4.711675569837005,0.2421466071705104,2.7780593919468233,0.22321873206843668,3
-2.113725939235006,-3.060121609116222,5.955445668525423,-0.4588286584021518,-13.629767348313084,-3.831805126656395,0.8264299797616184,1.0019541368386085,2.8787417604318684,0.9192777581469007,-3.5524785680467743,-0.9672983209963547,-2.344749282161506,1.5097132368418746,1.049360872141886,0.9956845304814996,6.184614553011703,-0.25178019093159926,4.3152336272494365,-2.295152440146726,3
0.33806041773887285,-2.7298983773792793,2.7025877130242653,-0.7582625940182287,3.0657753947660504,-2.1607051194187754,2.1718513854200765,4.220918052401535,0.09248618013412169,-1.8283449119388737,0.34095695976093676,0.3362235273104832,1.381295360038236,-2.3426318561691524,-2.9938809560394004,-0.12878767590384546,7.620798521296315,-0.23572946928579877,1.9041921768494676,-1.6876508375746309,0
-1.953638905451152,-0.24178435830100997,-0.6990443605266291,-1.9167939813894224,-4.432993484080007,2.3315203497204267,-0.4085261713995068,-0.9759597478028388,3.888589788439087,0.7571858339248624,3.0170016767430723,3.124560754245648,-0.30321848507738136,1.3194969310013844,-0.5933020318226339,1.1636158094751863,-1.5600116010985088,1.3393057838943894,0.05168628589108559,-1.2770028837819292,2
1.6807091422782137,2.7249043902047,5.513784025665878,0.592526478922906,-3.911455538581112,-0.8274041694125276,2.290522718804936,1.2747831724704668,3.0196115883921393,1.7265707260189422,-1.4714222969521185,0.956188144880604,1.1472262646897295,1.334934407206127,-3.251710241924048,1.9452029978617604,6.49689272171534,-0.8239768544082984,-3.0447631269760893,1.2944090225607126,1
2.273048714668497,1.4783545927403896,-1.389668339658205,-3.246638381110081,-9.18255979824453,-1.2416520196883567,-1.1944919679859194,-5.106978029058386,1.864355926745476,-0.3514893347691308,1.8568637664776406,-2.5933998938540093,-3.6125519691994303,3.1640249756794496,1.2594420453364341,-0.6601733138515575,-3.681913164682312,-1.3650102435272065,-0.6024024531767234,-0.25765563981748146,3
3.2271877167258047,-0.9588195788878688,2.1718646298705555,-0.0554595853308533,6.337524688229735,2.405559823350255,-6.691037982347786,2.7784457506758495,-1.016367676953672,4.073553353624899,-6.547074571361677,-1.3401159796130158,1.8484680900992538,-0.9433187910591734,1.7103543806123178,-0.041802933253188235,-1.8917972829963412,-1.536581016686793,-1.1082879462611337,0.3214845658500596,1
-3.1892427143777873,-0.7725673799833838,0.096283109216732,0.6546841886257846,-9.709159494413784,-0.858349164464712,5.6032568827385605,-3.1201313319579533,3.048458138428519,-0.12066337972993835,4.97458079215895,1.1687288249690422,1.4076903407881054,1.9137542010492912,-3.72227185672037,0.513870604646475,2.1795707617426907,-0.6855102427793475,0.7566059971645911,0.9737074943561306,3
1.6662702203071693,-1.7033560906355738,-3.108549582019439,-0.13399608166897928,2.4406676333347477,-1.4525168165114748,0.9062962269993241,-0.1391528441757568,1.271739746953299,-1.7609431550134995,0.697503676101124,3.3770016258238993,-0.10949566787074172,-0.01706367714540913,1.7281763427137897,0.8259325946054098,-0.9448269799354639,1.4579761150343555,0.7798543893869758,0.23754442277323748,2
1.1869014530606867,-3.102338627799961,-3.4429026411057277,-1.0012337459182774,-0.6803620836095915,-0.2865768496628036,-8.415177360440707,-2.5233963243077926,1.9200390318496705,-0.4539318606579499,5.36412664401993,1.0828536203155563,-2.802095369377531,-1.5454499233649108,3.7253020440804185,1.0601729335314705,-7.078754277558985,0.4302475311168626,-1.7629272048358264,-0.5669754285166912,2
-2.613081414379363,1.7052706465372998,-2.003900430158231,-2.2934262786165016,-0.23347987878647633,0.7740306200562475,8.091300536559823,-1.5738526913092437,1.6725622637248914,-2.7325871595174407,7.167508452936699,3.5734866090662467,1.6056199848847825,-0.3280890825630478,-3.961728931154854,-0.1681137742177196,3.311210720067051,1.271919995586886,0.3752448200893208,1.932582008504309,0
-2.547641386069937,0.9301156699999565,0.5101074594900086,0.5661748357484111,-1.2760389229252305,-0.5404558645700188,7.63287676812852,-0.5979524264197933,-0.8430745042712792,-0.7134372535844076,-0.10139932353681691,-2.45089119024825,4.462271249027086,-1.0579953074465105,-3.3767447726059063,1.4946249860383953,7.588463826824208,-0.35929109102973045,3.404255610196572,0.5020787334180099,1
-2.5240377708774844,-2.6873890284644677,-1.0494827650237881,-0.31270429194281313,7.824367572824045,-1.4441654276383369,0.3637905492231731,5.067443541861046,-2.573076686099235,-0.9316726791577605,-1.8034554839570693,-0.5840745634246853,-0.48663036930971826,-4.913176568098176,-0.37448287892079546,-0.37112799059578944,6.496082886352887,0.7302224586486861,6.536846236161338,-1.1623002592070144,0
2.0485623772786923,-3.3445885521609977,-1.16313796059113,0.880108704075035,-3.9041776912368396,-1.3968309844691331,-7.248972618281701,-4.763491419814601,0.5372468307296514,2.2975434225376556,5.182007348092752,-0.5962565610101127,-4.1107992636964665,-1.88287182451946,3.239943495141957,-2.15814094845207,-6.831928290170897,-0.7514534266412563,-0.5649471616061926,-1.707444546247452,2
-2.65096108738776,-2.8193738546004288,1.685689908266984,0.49511245476591187,-11.19665053586415,-0.21475012181055808,-1.622291747836374,-1.44967370675842,3.402691191137859,1.4142063903756434,4.183594781336526,0.4960352596399542,-3.130002492048382,1.8825592797647985,-1.97776561367365,-0.36012244033065033,-1.3146710632193026,0.9264640866477932,1.1851857918526294,0.2128738722434851,3
-0.9656061547581509,-0.1958179773732358,-0.24036838536628835,-0.523982961850257,-2.2439016347941707,0.3156394807897225,-0.28815800264308117,-0.9127021972577052,0.4947923981297604,2.409740976608767,-3.751533428293224,-5.541790474094821,4.476684023726882,-1.5458771909408087,-0.8512620540018956,0.238586760388034,5.557185199030794,0.997779762009926,4.117639977631924,0.2202953952722512,1
-1.9020434164461237,0.6799134235536668,1.5315009365767627,0.08937461864230185,-10.58377980463513,-1.568344839695966,5.390975279803201,-1.2306331292545625,2.344783470746889,0.4578366768479373,-3.048894585707004,1.882053558276246,2.046026359567532,6.470310136590562,-1.6238395474924494,0.20784460109847455,-0.7112705871459992,0.16499473175635002,-2.6432195553533058,-0.02907749102598135,2
2.3786305527116625,-2.4328916333531243,1.6439672549667796,0.6760570554492639,-8.197160932858845,2.4492724390799507,-10.697190583588194,-1.054812292054284,4.415448427509416,0.5059880148039507,0.3451772887793871,0.3854048309978271,-3.8889936128788567,3.686449805899682,4.363843565297586,1.747113708930617,-9.197987165491162,0.16040498706894918,-3.3448273473859373,0.005680216139648045,2
-1.4370212673210436,-0.45769582622882354,2.0414006144049948,0.4114751047730993,3.345692032058186,-4.208817103039482,6.919365847238531,6.053223447729248,1.6126438649300225,0.03204664879606289,-7.913881873367589,2.7133422034031227,5.876738794671708,-1.5076077748999055,-1.896562817958674,-0.7827264930341773,14.205945895891523,-0.7931641335333789,3.3032824479338334,-1.7860898641824954,0
1.6433136149357275,-1.6435000299110611,-1.3199365194081878,0.0659443360040075,-2.7554389157254375,-0.6473384550061179,-4.736415361728907,-1.434996314355684,3.501597561855584,-0.7582645864051729,4.977800550392304,2.7616159242686047,-3.2750338790175135,0.022308870257977675,1.538142394278951,3.1324346948578454,-3.557470027910234,1.8564423155838048,-1.9372643058042416,-0.9987056858555311,2
2.11568605110259,2.7250593428504657,2.2163691732844306,-0.7017980160972538,8.305594002339951,2.112279869042689,3.787883543736706,2.6529017540782167,-1.1733846256945915,1.293723323772168,-4.029879992860498,2.9247939346321403,0.4683349596534,-1.7021313751905058,0.5899390277433723,-1.3781112573773986,3.9633632102929086,1.9007819401105994,1.8371246032707882,0.9340681999161204,1
-0.39595362675984713,-1.2398612087903484,-2.983024083678348,-0.602644055648309,0.2561334407310802,-0.19469846006702674,-0.7431659405594545,2.227556274659325,3.336192064414826,3.8108187785662393,-7.465220943184432,5.746533266955884,3.2972270464620954,4.30520864461101,0.5631885882681238,-0.11996847025493386,-3.029888160733068,-1.3086989352791796,-1.773724298868347,2.243911747123873,2
2.1925973289209777,0.6882564083715401,4.212243991072388,1.7330286234787105,-14.856365351635237,-4.410255471777308,1.1402355569057496,-0.6368918228863546,4.569353099688272,2.448129333054617,-4.759272209591756,-0.3172750192010063,-2.5514134004104774,6.656803331946163,-2.1174837326329614,0.5745779008502121,2.5651125790127023,0.134818364901707,-1.9279671198858477,-0.3607112925300729,2
2.728270695742153,-3.1726211552259906,1.8423918812130098,0.8576164654762617,-12.952188536928155,-3.0115730805149123,-5.854041345371892,-3.810056976828951,3.2751205313269605,0.45130209428087953,5.0954629529266775,0.0309821069492886,-5.5754001437240035,4.145385869672037,0.17458708566051762,0.8852911216680753,-7.491013953495419,-0.13193633077317146,-4.735555732099732,0.9092503141649018,2
-4.543978643389021,-2.1177784265669004,-0.41747269354953764,0.3602290361831347,-13.340855427115176,0.803794817943932,-5.488967244948497,-2.5644199764064215,5.1211051892754975,2.5042802279398377,1.678260134126175,-2.0112674020460086,-0.37239329013100986,1.1868848860811512,0.6176979736187476,-0.8498183768015674,-0.8769861697848818,0.521268034681237,1.998997987147797,0.8202007417756949,3
0.5104235722756354,-1.9947961212757732,-2.7832935543989192,-1.7629309869053835,-3.429503736973378,-1.1021711145132462,-9.380379474048459,-2.521227504992737,3.1501077939642856,4.733415654739813,2.6039417143086507,0.5869387787835997,-2.905934015138656,-1.1917967533775844,1.3151000618278912,-0.47380990226578573,-4.772533504207783,0.1243536491714303,-1.471278928001766,-1.378397710917807,2
-1.7099035473344033,0.5799728800419115,0.11534502254756496,-0.4346235762006521,6.012518781520989,3.6400270043351424,6.620825943297379,1.3961901563881063,-3.474845190675867,-0.20738876369613224,1.924201912280585,0.30047857255692745,-0.19532358229443192,-1.011867118337479,-4.222105453645744,-0.09482560881430213,1.2465679220719454,0.048895850696547866,4.252860965055575,-0.018613354083096178,0
1.795006717019969,0.13009027591050848,-1.9759523552458935,-0.8845113209944421,4.087583923894239,-1.3400211412820657,5.272528192049853,-1.8801302888670919,-2.404543989399597,-0.8767149135574419,4.932814306538759,-0.6393009020315465,1.059594526422197,-0.8699436173754496,-4.90529673404056,0.8780809711262261,0.7696843656819924,-0.9870323656247848,-0.6783027987089394,-0.10598125389648388,3
-1.8969742211740708,0.025379174313200803,4.694896241606042,-1.432838696151378,-0.8809198676446204,-2.5505537516751895,7.459687802093386,3.5800637044782873,1.929270202934302,-0.7343648244413494,-2.7630838545160152,3.252195893169395,3.5835029314254587,-1.5378649483683138,-1.5099392162583198,-1.4104987739842465,11.984877893814899,0.5849053048679346,2.3262012597090314,-0.6621461519194501,0
0.48482126267583014,-1.3379184931646169,1.4647529235696444,0.14722987638136054,-5.34228050448551,-2.9194577037649205,4.986619244036068,-3.615116015092767,-0.6254821561767856,1.9473288560029645,3.1327254661570136,-0.2853782375507534,-0.4535724767638759,0.014476051669844336,-2.8090658657264376,0.08530886464193833,1.517183378402181,-0.19453659561221126,1.1401899750430744,0.5495926935056342,3
1.0467265146481777,-1.0750004531382658,3.5209211740492177,0.32095507744910967,3.9202136409212662,1.4122674855379493,-5.033586739488751,2.83592054611523,-1.4360562625779438,2.4725389170023826,-2.4614833773654814,-1.623643698154301,1.9566626831286165,-0.9686081279804544,-1.031391091092754,1.886856835109503,-0.822990072985952,-0.9024949080578915,-3.2328200133046407,0.6168729245846997,1
1.4576801438787648,-1.9882681259782777,-2.184465437442743,1.0727113052021655,-1.7153800930165626,-1.9208460294879024,-5.407292329971645,-0.12859015695409637,0.547308200251725,4.17656761394487,-4.7911936548829175,0.23531665301181937,-0.8526713438033809,2.6486126781373107,1.01244386239656,0.262193188197056,-5.500355262922118,-0.8279258603815794,-1.7739341298609774,0.5588595776747464,2
-0.5865436092400667,-0.3477271652530274,2.1140895655983543,-2.098182585294138,-2.8243505127925443,-1.9438155247400202,0.5289078718847214,-2.4809566980206013,0.09560603462218786,1.0113754814378992,6.816325694936106,-1.171793940480483,-0.9555807770589619,-3.5318120800904365,-2.6509610707148012,0.23391719847305223,3.610658083044406,-0.8265058115593552,-0.32909092901979253,0.6961075536701157,3
1.735560938231934,1.2120391507458,0.13945645606137602,1.0116536702289607,3.594258392897992,-0.02046195534182238,8.629128910541276,-1.5226010813311106,-0.019741508022729004,0.4629194991464768,1.5159009524966298,0.9139010936807779,1.545521765963692,-3.367744187802219,-2.1167457255312545,-0.07491333176426088,8.342272932693524,1.1344252757979094,6.038567768535495,0.26070729077451305,1
-0.8296684496797462,1.4935296590926073,0.8001512271436448,-0.3780336709649653,-7.596940259767237,-1.1623853587080422,3.913514474504571,-2.1583993355780215,4.303455909463431,3.0407698326539343,-0.6154899735402948,3.3746450790807394,0.8727226603223843,2.1447192998006495,-1.214440423066586,0.37707056285741797,3.077004720862167,-0.36313193347455824,-0.0018917451100695093,0.031760494273413736,2
5.365377383573703,-2.132772028439802,-1.6511853584186262,0.8319950068987261,-5.416397827328397,-5.196814986136848,-10.26300906661314,-2.6350641215363364,2.108629580882903,0.16969646558402918,2.273827545278164,-1.7979394941323141,-5.918172757945063,1.1691803343069362,2.743763531123565,0.03695902364868769,-6.029906893355998,-0.4800152494222218,-4.611970075851879,-1.790682925821381,2
-3.1900425685763674,-1.9531050573186075,2.7600371839485787,-0.5252876363534668,0.3184214782837766,1.8822541580647574,3.7896432473817487,1.1898982935669098,-1.7545918193284207,-0.6758088864640085,1.4448782146032741,0.7307038222128498,-0.9984055945491299,-2.4663330424107035,0.30086241000264424,-0.3707448115871774,2.697785838548618,1.3015334610822733,5.731633605852123,-0.7468229894047271,0
-2.6667308419061113,-1.0863257822316719,0.03410897126379986,-0.9343581850344876,-4.132127923037608,2.945286831661774,-4.793416917760768,-2.1938178436247147,1.6769098335971435,2.811073046499977,4.367748760636508,0.5119277808930999,-2.3380837192721886,-1.2083701898712156,0.8038107994490908,-1.1913690898049225,-4.140313277373784,0.4379561089912478,0.7652059662125789,0.33704677463669824,0
0.5801410983275367,-2.4338896644033863,4.414909511880057,-0.8639628998930726,3.4152683388332172,2.097884857862644,-10.753319167350973,3.49584874270495,-1.4142351227210603,4.115684468358534,-4.632936502884614,-4.146670153979814,2.720928450249299,-2.1394929651846186,0.8049760939472521,-0.750379467691763,-1.6794384281087595,-0.7048238828801665,-3.2155365921465875,-1.8009703127692567,1
4.501078279634566,1.7711211412944277,0.4282675116848699,1.1801242979890694,11.875582338694636,1.5729849629812354,-0.7991667076340668,2.794723288919007,-2.392239699040243,1.1720794997683737,-1.1808081323367197,0.14710666532866368,-1.6682882953073639,-3.10714752990813,-1.2390383970590344,0.3457566364533697,2.0089388744976397,-0.8550526566194235,0.894163526009458,-1.2063835620211405,1
-0.6472386379240184,-0.1514121241755766,-0.7823286789928972,-0.8718636075653284,1.8359167197346196,-1.7169470405924985,8.383375479366766,1.2196278758775965,0.8352224212764771,-3.2922177449006655,1.7115575792085236,2.5224956703227877,2.7737505322797125,-0.4475538455128175,-3.005062834892879,-0.468810719194351,6.882910717299146,0.2689535543767578,2.177781592955272,-1.2244430652472726,0
-0.2042303239205261,-0.046717316040527646,-0.37001477969962604,-0.010054952182778205,-3.074705615971582,1.172846608490055,3.2734396807610047,-0.05171785432621667,3.8315830051793145,-2.3362590792041473,0.19649655198853463,4.860954561518338,1.310425231241323,2.8618016721225192,1.3959831877925184,-2.2642186390825274,-0.42184704487811875,-1.4909403095192553,-0.4022177193566827,0.43628383826505956,2
-4.84734817941963,-6.810321299707107,3.5925045291685103,1.3033802721435495,-11.440245791485086,0.03698461228193661,2.464549339762132,-0.3135482768542919,2.144085899929438,3.264484720082389,2.396910437546794,2.5260640057610875,-0.6036980572760628,1.8502457544388449,-3.0562713347875743,0.0829173897511967,-0.6126488023417139,0.1419124088535019,4.436410326267932,1.055700820396321,3
-0.7150511621526561,1.9551859595515482,-2.53202485590193,0.8151826087877762,1.5917200415419543,1.2407226474567306,2.89044584576919,-0.9867140253708975,-0.9566696028354118,1.6297657395461582,-3.79831110795011,-4.67339437551454,3.578148021927914,-1.0243327462211291,-1.5007518698263362,-0.8443161809739343,4.729916144307223,0.30488192102187855,4.932141628665134,0.2511387434175476,1
-0.12496789081224069,-0.4548221403133723,4.601802841528496,-0.30330182219937346,1.6249212311608703,1.5873751462180994,-3.607729015398677,3.5507518417847526,-1.7510786564481733,0.6106503364793132,-2.1985881449588596,-3.8951472187918723,2.177310188215051,-0.07868481791815118,-2.6343914963923787,1.107079460723044,1.1358794220891069,-0.6920812311179787,-2.9096581627261275,1.186687477227967,1
1.3047941289892344,1.2136416842371245,2.3718016873374057,-1.160332257704715,5.187793454826968,2.215875859400635,-0.3899707328448708,2.187313768656451,-3.303815890150835,3.0382284383015037,-3.9951712869878664,-2.6994591972075117,-0.5077587652040585,-0.6870510368454628,-1.974296974061657,0.5027218606030097,0.7238585506856329,-1.5447410652212306,1.4529662569522572,1.5066254640896946,1
0.6086925820544815,0.9127996951059103,-1.4292328147064488,-0.026576639462883526,3.959274108778035,0.811316726668696,3.1901616435599003,1.5775433735176767,-2.360369374958044,-2.346998501927407,0.817897991147436,-2.405866205799025,0.44948022231939544,1.3793823530557154,-4.643694645741398,-0.46312986404850326,0.44153441356353074,-0.02007619849174149,-0.035630545354868204,-0.9104596307850624,3
0.6893258903279889,-2.1028745817892593,-3.698095271174274,0.7295631652931404,2.1607764437531363,0.47345757558621804,-3.183670579047715,-4.235763415010746,-2.4923853953894666,4.801243829464768,1.1970814370662977,3.2137977216548483,0.16570227820402383,1.556540887838687,1.6545491930907459,-0.2779990460831506,-13.295283646355323,0.3842775561160934,-4.789412666988476,-1.9861599284719766,2
3.567914537695542,1.7610341759441814,-0.9184479665426202,-2.9252966361978454,-0.03190347987834088,-3.747940708835761,7.377241500422111,-2.2547360791178774,-2.8724209788696267,0.37095945120861784,-1.7017272666168177,-2.0739044260987844,0.4263773153900623,2.6368720435228576,-3.9641198261839734,1.264022009297565,1.3773396438068433,0.5131403990789575,-0.581427517722009,-0.34549365333836113,3
1.7368174235633846,-1.9593515239733157,-1.9464249685743962,0.603050785148942,0.11162635885896748,-2.582555017792207,1.261354341039782,-5.330822058908731,-4.285445605379081,3.240257260936059,2.0173404405235913,0.7124221071527174,-1.1395827293675695,0.5365928172140836,0.7665373443666725,1.9991888813176482,-8.660666793847476,-1.9216444829287525,-2.2603091140237788,0.6195808062039528,2
-0.09373501695059039,-1.712404004312455,2.393083533836932,-1.1376788652301149,1.0137513862714995,-0.08392101995566059,3.991270019461656,2.1314747894713646,0.5412756015724247,-0.16433060911714614,-1.3072685915927282,1.4869528200162205,2.2466924017727816,-0.7275076327810046,-1.5078498358180235,-1.5503105856192012,5.089054897653223,0.3572945583682187,2.6420590110052644,1.933632702522386,0
-1.2298079429042192,1.4816518637095144,-0.18070536430360562,-0.02419770203240646,-10.757809665575731,-1.0676144258423368,-4.229258104560422,-0.5680369398374385,3.394675428981526,-0.5911413964205088,-2.7180566177561514,-5.089840294341476,-0.8892021279804984,3.4793888523308683,0.1412532158997406,0.4875399932607903,1.2809154324148926,0.031592885976245044,-0.4055034863582154,-0.3075264351366598,3
-1.6366839852391155,-0.31213465286998776,0.48692500043409725,-0.8310055603566285,-5.285848528155334,1.7197605905957256,-5.902494455875158,-0.4739431272700747,2.7649835494067077,-1.0373083772763518,5.8779539895991855,-2.3537338540147736,-2.8792834567308123,-0.6839639796096026,-1.168022388007744,-0.7666885532306174,-0.723188802694467,0.9912875604445797,-0.6037361649735788,0.5426109726905568,3
5.212113333719142,4.922528610566632,-0.6881640116656627,0.18480719638566717,13.029402927853598,-0.3274042956467682,8.92935272329392,0.5437535502004179,-1.2161398800184429,-2.078854584928636,5.384320239178806,3.213710201612994,-3.5111973971054344,-5.8831587428764465,-3.180791763360477,-0.08637315484441452,10.009344628092752,0.4763794026798399,4.433058647967147,-0.28247131234600603,1
-2.246935588017691,-1.5032223038553978,1.9231621581288265,0.9325294858465353,-10.466523425764116,-0.14067807015059808,-1.9043843635748072,1.2302620446625938,2.2979466663702945,1.7709314553041084,-7.7096861614347025,-2.498031631641843,0.35286423576944004,4.663829111272097,1.2775435509129456,-1.2355725894423146,0.09157120055712671,-0.49422048151866427,2.4282495519028164,0.8075530144855749,3
-1.7991243458344641,-1.5855480900828598,6.925094195534536,1.0067496355982357,-4.280838648974266,-5.025709558374373,9.888507326006867,3.0990329797171636,3.1610390275643017,-3.06467721122106,-2.7255394612450567,3.5993846499431283,7.628156991869837,-1.484728508142399,-0.5356255949212086,0.8297383440918719,15.336677951211163,-0.38130810080264066,0.6385462814328815,0.959173625095324,0
-4.5017689646965575,-4.072630600973952,3.316058475636291,-0.00851101909709665,-5.27329199385759,-2.947810621955477,3.395937703863565,1.815215974931799,0.9025451182887566,1.6054350382126241,2.6964715420722323,0.9544394233210962,1.1195867822982506,-1.7151505361779944,-4.85243721727012,-2.5901532491685173,6.796906451311102,-0.17837552157611578,2.6646690152769343,-0.3627786047376945,3
3.7428229282700554,2.9030596462741682,0.4927680851471328,1.745694719613615,2.680119856942059,3.4056461787034653,1.5093570861406145,0.43723941378464903,-0.7081434554407703,2.462757241325632,-3.936754421016584,-2.2134154298869584,0.14178742852556203,2.9778226507775822,-3.4920588515856363,0.01588264118713211,-0.8133940725410506,0.8326321494865513,0.2786696271551743,-0.3379983451634577,1
0.5299190425011571,-2.245590994019164,2.2548640298044127,-0.7055711977561145,-1.9452491776790928,2.520664001249689,-3.7786768154058623,-1.1539735529800903,0.49736562014810703,0.012817967790582863,6.303384269352553,-2.7394182183828844,-1.155726997679444,-1.8410798220017317,-2.1497943914015507,-0.8871715942317684,-1.2355538528574646,-0.15289107683072373,0.2562142649896162,-0.4198892083193451,0
-1.1322402704504482,-4.267542267586284,2.1421032112087905,-1.4371876911985555,-4.998093052431941,-1.9185313695199975,7.418746627080112,-1.0782420742943635,-0.36321431599087584,1.5614708262766097,4.528986567082403,2.8057842907074604,-1.6144108355809754,0.8964061607562449,-5.325569657044756,0.0015033164045851067,1.2590865044886266,1.0505054812667218,3.480011292279203,0.1333367089299953,3
5.406098341064979,0.048483754482236074,-0.7337655622376532,-1.108060826450161,-4.90838454766824,-3.9614351901551372,-9.548041883629368,-2.388045418134025,3.152418986274284,3.4820894234886905,0.5093981302233884,-1.8024827810137638,-6.0356716602466705,0.14848258375307788,1.3959581505510665,1.311934849363757,-2.309198457754647,1.1182352545748198,-2.584264002474577,-0.7098601030765912,2
-1.3559838821522265,-0.09922614181873546,0.5741201420450385,-1.9525130597011675,-2.0272934939153235,1.2362663837556882,-0.8371484318692928,-0.8057756313973168,-0.13676129175569685,1.3588047196876367,2.4137695308347604,0.045002146260431086,-2.1920424587524403,-0.10189899780945644,-0.9305882485570587,1.3101188485969855,-1.8822731810054218,0.9888608893915006,0.5060071004403363,-0.2981732938984983,0
1.3220110554779803,1.2009568372234938,0.2625784703007714,0.0017438630774695295,3.7518621853811203,0.3155852883636385,5.237703839577965,-0.10788604523416168,-1.0839864481973078,0.31002451032658795,0.5964323231930471,-1.0760452392781796,1.2450127631441443,-1.9587081503843486,-3.086142840776886,-0.3786084835482334,5.563371703072888,-0.898787219459433,3.2999203305534284,-0.03614798170551399,1
1.6857208895487301,-2.8094015243011112,2.561784926983206,-0.9727609296498728,-0.40166585682672074,0.7032730551015947,-2.683390067394089,0.7840551183697512,0.1399171337408618,1.4910306893563563,0.8261595127276093,-0.4766801644248453,-0.9716650625829408,-0.3211181686885438,-1.184877274716602,-0.4037699000588062,-1.0626687314406582,-1.1228149627385904,0.2926418653150422,1.8119738944354276,0
-0.9984626436089649,1.8504760402327203,1.580014604153722,-0.20241174628443354,-10.597513338109321,-2.8277036422088466,2.477248198245619,-2.780792186410773,0.890707356554758,2.8448276633291885,-1.5824758761337325,-2.6905745972186077,-0.5345763714293406,3.5299729510493645,-2.894675358664994,0.23501404919982627,1.4569665560402603,0.9889540896941548,-1.1621410257099658,1.8637672086298276,3
2.634988067928816,0.20471056276450028,-0.27780643241848746,-1.2731856911056016,7.801804626185752,2.749682765267296,1.8188136221696964,1.5320509845537222,-1.2234161548629163,-2.325027776138618,1.771704203492099,-0.8945790214795069,3.0429716434108647,-0.7822559777400863,-3.0705512172959164,-0.1465581539678684,0.9478954784700717,0.022316556559238487,-0.8101486263293696,-0.0054836380492575415,1
0.08467586500410018,0.3523957686854664,-0.012025424396816753,-0.08523429395109815,-9.64458674356245,-0.27467503665198945,5.982576855016744,-1.1196074673197183,2.603678076515962,2.002671461987684,-6.095800459677441,1.5320491520858934,1.994968747253627,8.470508446108267,-2.5721864579302043,1.4431770138315412,-2.1262499933614643,-1.7475054868925834,-0.46330089548949593,-1.012457625452728,3
-1.3255675656321253,-2.5880221258335103,1.144033629200019,-0.5321562226979468,-11.421543328366944,-0.8267669801644942,-1.8171567606168815,-1.5094087778210716,3.188357033339127,-1.4747270794724932,7.755744594623412,-0.4393776043958296,-6.417380654506941,2.1560148529027297,-3.0085127911617158,-1.500737881718778,-1.8498878661454625,0.22702971978349157,1.0268260070932675,0.5781732293132317,3
-1.4953859806675474,-5.757206656124541,3.0629615523482947,-2.510596255098983,-2.7390670558349917,-1.6624307222199228,1.9666941026355829,0.2632364143287673,-1.3283812203622083,3.4129954426893927,2.7772814163933677,2.2601019575367087,-2.7444733800948136,-1.429545590573488,-2.61455452913056,0.3442316047372998,-0.06695199419464776,-1.1454385472298,4.007415668416254,0.20277364695437022,3
-4.1560759916508,-2.693276119562055,1.0152605682017986,-0.012577649742340179,-11.421975172065224,-0.8441607080945887,-2.5588255615962683,-3.1725535514702803,2.6364812021862916,2.864789993254912,4.442175791993883,-1.4182132348446113,-2.3716985051468282,-1.0708694135395689,-0.45909244716174424,0.14280053938900147,0.4882875722289771,1.2185677005298081,3.189128687570164,0.21319817991515186,3
0.23115756979624802,3.231534561167413,0.16563643921086424,-0.39147565176429105,4.92747234028623,1.204145830632876,6.6305454808307545,1.6703862735237716,-3.812711631238502,1.5374030892647979,-5.4670089736110015,-2.2032451504213424,-0.29506394299496197,0.3629374045205136,-2.728322873496227,0.9770115228452543,4.106960122360766,-0.09008352799152032,4.848678326885824,-1.0004732492028947,1
1.137559802780303,-6.026299942020955,-0.26513954759719915,1.5189290130617579,6.388286581063727,0.025766254530470434,-7.064905267445148,4.17085571001946,-0.793500685457269,-0.1495927197298481,1.522245653544682,-2.091889817803973,-1.5492358171720642,-4.438352805111718,-0.9274924749603829,0.03883962864776756,1.2639486027113327,-0.18789292388725287,4.003515509202332,-0.7134418413281709,0
-1.542129635665098,-1.9239339446854415,-2.52330305385259,0.25917944228925327,-3.098666211752478,2.1446778580074453,-3.880790284107761,-1.289784777381894,2.591672404802895,1.2867574769516104,5.48593976609959,2.845913243810956,-2.1006899885940435,1.8437901486071753,-1.7425319678747626,0.7840493366236075,-7.08878390239686,1.9865843144873676,-2.1480380250161843,0.8882201111828142,2
4.4529945197463725,-0.8762155724753105,3.434329756600676,0.481652284156514,4.872010744910978,2.654231139481041,-2.7176968552633967,1.3903840496440583,0.6268406619518943,2.656426274924306,-2.459429456385746,1.1708215183163069,2.1023152098842903,-0.6686069182612328,0.30152487649625925,-0.9626551295887802,-0.5773206514669329,0.5349960353716641,-1.6889270037977848,1.0494322900076833,1
0.0037207862210009157,-1.0547510249804204,-0.11155787227729141,0.21359501257046531,-9.676138202378615,-0.2461005597965824,-6.601976427977748,-2.83224585111886,1.7862462080213388,1.3381674737031168,0.6759319681722391,-4.429992691808154,-4.114902420395733,1.5264690903196438,1.6863906253669514,0.34124036603470553,-3.6481064661683864,0.6558894429555857,1.1776315476575268,0.38916379676224916,3
-0.30885325452556733,-2.1914078589109987,0.7337060640178721,0.2590404774877085,-7.985790247810306,0.6224162421027701,-1.4789705359757799,-2.840840677300508,1.9111198988659739,2.6914215505859755,-0.5978868797352631,1.2773775929336544,-0.26393523025234344,3.343488796209246,1.403787205565018,-0.4715589948654349,-5.764102490975352,0.13608134850539483,-0.8011538673073225,-0.7602120759470232,2
-5.29199036551769,-3.651996039585397,2.234442576179984,-0.29048218393752273,-14.50341768717046,-3.8504606179217484,-5.119895439664333,-0.6530148314510429,4.311159057295176,2.492721906215797,1.6160807057514053,-1.722584208845491,-1.9515891682650404,-0.731040196627518,0.09137117811344986,-0.08076556887905209,3.8011419057070395,0.438896929523789,2.0971033025933528,0.36297920901534775,2
-2.5834942836654915,-1.7552710530240656,-2.8206877921065607,-1.8987217263414953,2.282664413366787,1.0036282254822781,6.544700826642626,-3.5496145151678187,-4.240930193294073,1.7961631907982984,2.8881249916297826,3.3785722224288706,2.082977490216327,1.17720535558432,-1.4058788977649148,0.06688656002678375,-7.724142812515901,-0.6265137559979094,-0.5585319925052992,-0.972501718348895,2
-2.8806219053228626,3.615309589666324,1.2870739103635158,0.2662572073877487,-5.812846775055788,-3.0205595872363618,13.52749414458371,-0.6079504170759282,2.569609992375944,-3.7238567379571115,2.000241080713437,4.979033084108748,2.8531292652993523,2.7860276098934285,-3.3431863014103764,-0.4949271205663885,8.081336172125033,-0.2657821783948851,-1.3147146064253201,0.23813769177684987,0
2.0003602905950375,0.6623981390725896,3.035555317596243,-0.7685982841060229,5.249614483635318,2.789503544917211,-9.281658662182986,2.3077678481614328,-1.8133811895732739,3.5655897790258395,-2.9369988199730077,-3.0679428272934595,0.5600524557891957,-1.2159052857836237,0.3047465802719731,0.7369628241849298,-3.6393494925556333,0.9950973398329115,-4.880419262945793,1.2578784603459052,1
-0.39746481234080555,-6.78328820351221,1.3870247635856108,-0.26273902337074706,-6.2329500961512,5.971173952133844,-2.790635954437706,-0.3117814014591851,1.1151129707276146,2.467922047045723,2.2117864051916007,2.7193588711349608,-5.602165070699854,4.360659898322831,-0.34358396236804345,1.668976640457176,-11.4762786526065,0.4645321350415728,4.957171803809079,0.260377859039821,3
-0.2338348964012884,-3.7708150498171187,5.464382911379758,0.9224133208057412,4.9544581821864915,-1.021870135197243,-5.731531883112967,2.489660884010676,-2.0043044795924914,6.596851633691667,-6.818972668228272,0.21703323874504532,2.1310220575891705,-6.874452291321369,5.411705525897911,-0.5641125387869906,4.138281221068191,0.8599460279533878,3.2875212283508772,0.483178537434971,1
-3.811725473911807,-2.728260827891047,-0.03680657361737749,0.3600752658775715,-7.869391960714751,1.4135690460584658,0.7426659796606678,1.0107990982376531,2.2718907007857885,-0.5141012139105186,-0.23392076198478384,-0.17691173578741415,0.36102016213539034,3.820573110797144,-2.267501657249249,-1.1417624275159435,-1.2324274886548394,1.0713360795412783,2.1758552588726228,1.1312372200050091,3
-4.340287166085819,-1.3247652085185093,-0.9770273247581178,-1.1578365887232838,0.12888376205308988,-2.7617226065749954,7.724785651910865,0.41828300538204466,1.0074728961166952,-6.9198483695160835,8.073114797963632,2.2380524592316506,1.1455564241289244,-4.801316258335401,-0.7304100401707039,0.5578498212639947,9.691410829462244,-1.6960021871916122,4.522248806517341,-0.5101669854062516,0
-3.42319443452965,1.8239011651909882,-1.861545004544729,-0.7089181164826989,-5.202134691737577,-0.0790592947356743,9.45426546401395,-3.0604347119336697,1.4637986835568404,-5.883459211432612,9.0053162256194,2.4278058564297735,-0.8655011673121122,0.9091998682952442,-2.4049263579524474,0.7118888480489975,2.3422092008006588,-1.81775659745302,1.3195259806512347,-0.20994034622339364,0
2.419333674927402,-0.22355813430998395,2.1944807196357003,0.3961914597593817,-10.064267112696289,-1.818710164928177,-3.7128109796277164,2.758018237109441,7.195301524117939,0.825892494060753,-8.443138527303676,1.8086223099236456,-0.5317209243684677,6.30206844239328,1.8814318603887512,-0.42579507888138557,1.8986668109679676,1.450452498019211,-1.4148064782336343,0.4236421244576275,2
-0.32952231674161014,0.319595893978855,2.0248462833687637,-1.1332640290356875,-14.191849886781887,-2.62152287166286,0.7433128607428497,-4.4409137596332044,4.302393013839981,0.9941496213588603,0.4163401295719688,-1.489782252154145,-0.924826452094208,1.8441580112640035,1.528845868549845,1.4295733613753383,2.8629732016994978,-0.44876750002430743,1.2374050403750632,-0.2980205036595017,3
-3.2112713474864143,-1.81237928448506,-0.5376426346616215,0.34840721792864904,-5.643731363602964,1.3334045713366294,4.113368606261372,-2.1863821527107126,3.669533684824665,-1.2752014660414646,4.7519050133322445,5.666497420125246,1.8770240481043534,1.3981679886603064,0.48086467147653245,1.0961580628816563,-1.5663429379076041,-1.2977562868448156,0.06636850584235132,0.17885472363291863,2
0.3456100650140659,-2.1041471178072664,-2.5404387363893255,1.5080352293172778,-5.517667534473916,-4.2474788400786725,-2.7690202734249345,-4.0205223274768125,1.5743299132055253,6.007817027530896,0.9861114483162013,2.4684213170643208,-0.6516096217293408,1.413122658639765,-0.7828297343261164,-0.4841621175499265,-5.081056984346825,-0.5307116576087029,-3.4729124898050805,-0.014777497707374061,2
2.2192260608005165,3.1453636320944067,-0.04783403229124561,-2.353232827286805,7.9714821993127245,1.3287764104556747,7.032520404715066,2.0706451540657524,-0.5374465423669009,-1.4509759659565744,-1.8365077698856256,2.0676982612246984,1.8872006850122898,-0.9251613824528139,-1.7839551981748953,1.6277873203939814,5.988893964671038,0.32429175432076146,2.093040745131977,0.9558724244240359,1
3.2621352852542183,-2.9185061633131753,0.22043961446157434,0.3202546466164826,-6.610520506696218,-1.2047042290067713,-10.809677158000397,3.4125607975209626,7.943821583225958,-0.9364892565340837,-3.142652725474118,1.6531116274398618,-3.759895054727411,2.879182191597161,3.4793907112486067,1.6488955071910214,-0.4714505280055008,0.005000038520967509,-0.7293716035509222,0.5900468298515722,2
0.5465843532786536,1.55829526645226,0.1178313624232401,-0.23638586951837476,-1.0467451100723228,-0.733936927166161,2.2385636320552953,0.12000817335711789,-0.785574618172816,-0.667696422920312,-3.584361007259553,-3.0137366158487824,1.9008624298051595,1.5640949545191716,-0.8051495013569658,0.5041142690147961,2.3951608733104797,0.28333222463394814,0.2649060502018612,1.6539189406905979,3
-1.7874909192205435,-0.43650383109223145,1.466634742741533,-0.6378255221768903,-1.7290370024757886,-1.784310821066052,12.936845598348654,0.22772745492927915,1.0205113910145136,-7.484250070370166,6.523662398154605,3.4420440385314426,1.595052703618952,-0.7287221245246566,-2.7323310205691858,-0.008250969400476564,8.760260018630753,-0.334586248567961,3.2993089217565412,-1.5784249760812215,0
1.6181269324800578,0.09575297092517387,2.7826556920899232,0.2784044599378596,4.206686375013461,3.127188253798411,-1.9224124507894749,1.8132280944504489,-0.7480897891848463,3.9048648384510707,-8.07384062848749,-2.260434535136447,4.249310014337633,-1.302496364397482,1.8649791812198186,0.42199208102511115,2.456015105909875,0.002043510228310226,2.425442103438392,-0.13968617229875865,1
3.2758583417576053,-1.4394923039911927,-2.873231112526536,-0.45927761990784854,-1.5417271321239483,-2.4589613440197855,-8.888804232749457,-2.2354808247400504,1.1400658867374223,3.771398218873945,-0.7999048944582259,-0.06900596520722835,-2.8888803384161417,1.0164785566431314,2.3274555593915958,-0.7522547410609043,-7.349952302648809,-0.04990816754011691,-3.814710830102933,-0.4935143899095874,2
2.11941477492337,2.4843724020547935,1.7024445696493729,-1.3403242623891805,7.731268585335183,-0.8196508199035923,9.249301158831974,0.9252380410647879,-2.9644169222100754,-1.192463208351961,3.588085206379297,2.239502871786718,-1.9652250019258202,-2.9964040039639315,-4.1601842175216515,1.719471166538944,6.543676458750075,0.6534818781035305,2.447508322479634,-0.08093245847865765,1
-0.7910781380833516,1.3598803539677973,2.671838263631797,0.5215887638018595,1.1322855228292887,1.4783164390987427,5.72863778793317,2.3431247420953234,0.12430780487944748,-1.2928471504947265,-2.174182593764851,-2.0194684267011818,4.427064980541049,-0.3618654886342674,-3.4731641205248,-1.135254184956991,8.273047645162368,-1.6405810393333864,2.5083747914606684,1.2683279525805389,1
2.075759937576063,-1.5311244814574443,-2.494236821946963,-0.4063387307001358,-0.8079545394662845,-3.1527009669426356,-0.8554477556281148,-2.972420009597018,1.1151162368018994,-1.2738842674570914,3.8843861991688637,1.5773232681172897,-1.608191541172134,-1.526205660725319,2.4207217314229412,0.49189728463657234,-1.1841738435005418,0.8394825702488456,-0.1943279178707351,-1.6415802975082197,2
1.0663249816873335,3.5776757249700144,1.4965416183592808,-1.198588227683282,0.5466725627205931,1.4388882428351868,4.515746962990988,0.7743973293175563,1.8641908724612657,-1.7372423294340478,0.7808238342163433,-0.9429137674657171,3.325523279845193,0.7555173449963504,-4.211162644855806,0.0736180902345777,6.284096026726604,-0.8075531115528402,-1.4129397826413537,-1.4327410542585208,1
-3.9697491215762972,-2.941867223036594,-1.4206220789413235,0.3156653180784559,4.453753904875511,-0.5342790796834403,3.8290330305467397,1.0659832165044372,-1.384615324337545,-4.557940716926544,7.793712289177121,0.9676699310820919,-0.6643585992013836,-6.355724185497207,-0.49987449617163926,1.186073075353902,5.860911445426115,-0.21131693307716393,6.296246742272716,-0.0027854492889701106,0
1.7007092379178652,-1.7136556537108134,1.1255481245091032,-1.194465249343915,-8.014129367492757,-1.1728301435003385,8.921853300071467,-1.9853040225109226,0.16038409451831792,0.2657238810327962,-4.939162636691954,0.296217282164458,0.2676599038188896,5.893760787618287,-0.9068243820238959,0.12540678294127205,-0.13858947875969738,1.017817286474413,4.565168474046501,1.242516123807333,3
-3.3429277343141517,-1.0918231418517501,4.354054613888595,-0.9383682509412495,-5.539833980409408,2.247383574462772,0.11348011498182797,-0.47465702813521093,1.6620355378379164,3.1954718921572396,-5.761992536607711,-2.0102514961627107,7.936124075081583,-0.5444363102223542,2.23444652380392,0.2790088871604647,4.067747372436197,-1.3817436413087925,1.3752937422059983,-0.6402164662342589,1
0.26465926071952883,-4.40212513199665,-2.231656440277898,0.31675871449377097,0.15332631001045863,1.031216635231094,-0.25212722194084314,-1.364523452204137,0.7368529006614917,-5.103610843300222,7.48488158789029,2.7376919144366054,-2.0608587790432207,-0.643668611111496,2.1849591983815655,-0.38065317223556067,-4.967363215118334,1.7392964090893754,1.5850683165938007,0.0857131827220793,2
-1.660627279652668,2.553156768234107,2.2785546507340193,1.1925308283388183,-10.238438874868745,-2.0616466746802953,-7.408106298699186,-2.3790595310458778,0.9703375104888292,2.562817462617942,0.2452884895529517,-7.3683459003183405,-3.1890898159724204,-0.6709576398757169,0.2653345893604453,-0.5986018139252923,1.7985408531311584,0.5191969805350971,-1.530276889635748,-0.040970121029351415,3
-2.4728510425934127,-2.581582692771517,0.8295197084830715,-0.8658755823112031,5.158312783114325,-1.80122181666384,6.6689154385681135,2.633914504693861,-0.4615655201974769,-4.544357399997589,7.071512762611605,2.681503934042224,0.0983221223948374,-6.14706636572757,-2.4629359697003896,0.972661304489664,9.952762007201176,1.3809530899180293,5.546438564118436,0.4920270962781857,0
3.143542938023185,-1.8553903477283793,-0.4427092989572027,0.21586380631858418,-4.901734081511549,-4.094710168624088,-5.283317194468781,-4.306492485994063,-0.6601704051330688,0.9234740755379381,1.9452545150108689,-1.6990771429819378,-3.620598805845867,0.17470543058038657,3.4235091722605855,-0.35134637394460094,-5.879004435308511,0.09954802211869346,-2.8915764895262748,-0.1079341006313043,2
2.1472448764574903,-1.0790887482553162,-2.72734368861852,0.010150540361517989,-0.87934913837145,-5.573184230062887,0.6033539969524803,-2.773423497823371,-0.025467200012934788,-1.113215878139524,2.9625206554252568,0.5683361526652073,-1.7936494231271476,-1.4042522056946596,1.1277202004505023,-1.5036168937789685,0.5705877661177213,-0.06296561883770217,-0.4705392030586083,-0.5032287997801623,2
-0.791147302910074,-1.331160261645537,-1.171034637888992,1.0277898181657332,-6.7596684208262925,-0.427691419105509,-4.419797483875943,-3.2482857768279816,0.4181992836239019,0.6534006554307755,7.657082111612971,-3.743847187744543,-5.83156925391107,-0.4953067679377883,-2.604055437410519,-0.6360609025487026,-3.264632939291148,-0.1406678784110732,1.0876322077814877,-0.3657252743771365,3
-2.040123541592071,-0.2675457376594259,4.07336588593648,0.1278724954109077,-5.444074117876563,-0.5864288954295165,3.9033829264502917,-0.29080904267173646,2.177926026669403,-0.6955287128101272,2.80099440251464,1.67232144669229,1.0102897381856983,-0.8730158150037037,-1.0120517754803624,-1.8050291283624669,5.459591300063999,-1.051284356794708,0.6850102336719048,-0.2221367867485983,0
-2.179021173835838,-1.905468192510096,0.391129915285634,0.23978958176160342,-6.777223498628475,-1.3647547572353065,6.365062946741136,-1.9381594742857735,1.3772396377949232,1.0317736631769767,3.6624195408835534,-0.42084152919168283,1.6284078806745188,0.8934009795607795,-5.745407963754456,0.20092503702355216,4.155860579164858,1.7838873299188238,2.8881166333079262,0.43558408766094686,3
1.405644482992922,2.3842956569902176,0.5649444191887253,-0.5497077331624505,4.689594771110624,-0.09128514553051681,10.061594333131762,0.6344353351030367,0.5890522150520985,0.4384198385377075,-1.8143089062042044,3.3358943175573246,2.0116831824649584,-1.8339169717348613,-1.8069912296498236,-1.8920862872326545,9.233377626379475,-0.01450148280422892,5.139546276799495,-1.8982213516244113,1
-3.6203880560786077,-2.9488811808019726,0.5618165118735509,-0.5643736428579179,-6.646603858050032,-1.37412156838533,4.805079096589713,1.378052308649079,1.7473714320373799,-1.7172647299145964,1.804356285910504,0.17789043807632599,0.39238199405387575,1.6779280722301482,-4.1478080414941445,-0.9907698239541098,4.358663842960806,1.503700318435293,3.717811102627613,-0.8306263486018566,3
0.3904149023126695,-2.3840241682478465,0.16125771265920674,0.07183459790796395,-3.1345218574276865,1.1485341834797178,8.804290119206792,-1.6014029872780164,0.6817485827173527,-0.8984916626631394,3.830214082081445,2.645488243666937,0.31765772458202757,2.7294977068555966,-4.576830686603812,1.918869254267176,-0.08604297617423853,0.13555096440925926,3.3781837149393548,-0.1059273865210423,3
3.224662594255152,2.3115838767849644,1.76178666304011,1.3862914245533249,3.98559291718565,0.14883931124663574,3.4332941687624547,-1.2658718687217774,0.2972732661167301,4.515703569072256,-3.3131085194555645,3.8334471428330104,-0.126016330176415,-2.200336428533523,2.1196813310453297,0.12245977632726805,3.216876871217307,-0.6132572264770123,2.158044175257025,-0.21586175006666974,1
2.313695934389867,-0.08840704818766687,-0.22862958126008004,-0.6129042117062509,-3.652686048259321,-4.511537282837842,3.5500626881096027,-2.7193720884423542,-2.048457481951065,2.0964891827065975,-2.378861304012356,-1.0438271409948054,-1.265586266988998,2.4644854840440704,-1.0408370650939611,-0.28606689920016165,-1.2057018303506226,-0.7197935356577019,-0.5322316120245578,0.04171528938763135,2
0.6309809902435536,1.9995477755725148,-1.8361809620269396,1.0354933086972697,11.134950304905104,1.0794450124902226,3.7236870358244394,1.5240244912158962,-5.583859391451863,0.05514395822948304,-2.113498048688216,-3.008215227770081,-0.2370688776347858,-3.7807051176408826,-1.1855663575336428,1.963832086739877,3.493314602168339,1.0119070664923786,5.137675778165416,0.4128348908575941,1
-0.7543383112005941,-2.8330883625356917,-0.3222930062401086,0.4678971960549774,3.4358337131772503,0.014132140014639916,-0.431154971064953,1.901022548217767,-0.6948395466583528,-1.2355640579046563,0.4709256672272095,-1.0063784148345585,1.0587499597680248,-3.008982487995832,0.055757616572808644,0.6703023546736777,3.161655268708067,-1.3255462574350425,3.8100416314968784,0.9070110131446675,0
0.6494919289658757,-0.8157513654808666,-4.450216072885187,-1.2687180485683893,4.284607148171249,-1.653948966037848,-0.3735873899819053,-0.8252553916782126,2.326663457462343,0.6264367948256109,4.407094963673909,4.567568978981389,-1.0578345332713237,-3.1454319539987963,0.0321884344440575,0.159543580779141,1.1443668878532325,1.308128592853521,1.06641928805022,0.30205750732747416,2
-0.9630425298745884,-1.9975798244456038,-0.6456682884874096,-0.3086668473413452,-3.081324182517629,-0.21365062999925977,2.542129466148049,-5.23481128777931,-2.885175785873884,3.609640952158471,3.4355664323240958,2.3474671577976682,-0.2445697227058432,1.7973979505539095,-0.42614676156609765,0.5671911366188188,-9.375297252865137,-1.5644339848308997,-2.581373560364531,0.3392781429709935,2
0.997079043692136,3.434050627150502,3.779507080974933,1.5235501258213286,1.1680767323602383,2.4272368124704986,1.81779953893871,2.657622941290762,0.3789432509919932,0.6362161042374491,-2.9712557445473884,-1.4448807268660844,1.1785380475178835,1.1556695068474223,-3.2063953363746753,-1.1454684681353065,4.5315240449966785,0.4458512278689073,-0.8736342841603326,1.1414128204262801,1
2.658400259635112,5.307239211341334,-1.0036897569603038,-1.4560438306165067,4.0141667198096975,1.1205252221267041,6.003278079176574,-0.6924595183455793,0.625852212554407,2.4686778013541337,-2.9219732967277876,2.213718756413849,-0.22859695973387506,0.45312368121519286,-1.5334287817545016,0.3650240292301431,3.944368413435199,0.2913405485865777,1.7765028069506217,-0.3167882617840185,1
2.3549698651262743,3.647846625100373,0.1277323151639469,0.9164824334265004,3.926072262650221,-2.668507625775811,9.693148590413989,-0.8371706259208467,0.7306741368423628,0.24346912311842894,3.232776143753402,3.241777050071511,-1.8433959261637374,-3.531510707830918,-3.442495945351684,2.292516573796697,10.629103925791995,-0.8596846452452493,4.123427076454297,-0.19383917324442895,1
2.479944040309102,-2.6759870038656874,1.9441136639420802,-0.2762440351748786,-11.3998434532632,-4.314893717844731,-2.3810772403728313,-3.237847521573279,2.311580043134861,1.8376384659332552,1.4137884779076169,-0.12131488726994322,-3.95062620242694,3.3156819638549333,-0.0024090793577498104,1.2831772257784435,-3.3523353110816765,-0.9410620165179995,-2.0935827964959204,-0.7229917281109741,2
-0.2275234167773441,-1.1133544311832155,1.4293422885749711,0.6465407345217379,-3.910943651509144,-1.5380602822505813,9.289831462953753,-0.9622302103799762,0.9001034283412547,-2.6350645256805243,4.1758221633374895,2.6593933180287217,0.32019998964143825,1.4627547467317557,-3.7113858324133533,0.16953238312800195,3.787175061389823,0.2144916195474207,1.7961067942725455,0.257052765897236,3
5.041312982479914,-0.4174675999965224,-0.9585124953598974,-1.4819658425744429,-5.91847878141452,-7.172977322448888,-6.732239778725201,0.44222603133629357,5.50728201947333,3.676822501643391,-3.7414579397911387,2.0181954689198482,-3.735168541331765,2.6895969706903493,0.10586923535620385,0.05522688311379082,1.072196515133106,0.9291036089519498,-4.215890244863906,0.6932858498067399,2
2.208173278746313,-3.1296151037332596,-1.498942150499636,-0.713008914070897,-2.575549138417889,-1.7246248013734515,-6.14672254304237,-1.7944100857179128,0.781740022149182,2.6042601654287862,1.0616886014744293,1.2450877928290938,-3.192392461029485,1.3935347208758355,1.4140049404166333,-1.1915241407739223,-7.512862757961308,-0.11658813763049258,-2.4534483236344236,-0.10396651320817613,2
1.416250839610284,0.5534248046391802,1.0521960980638005,0.3565419827267528,4.880953332602975,0.932980082391003,0.5168181151392769,1.6880079134097232,-2.640392091621538,2.173976931043187,-3.316507276329151,-3.1288150523221807,0.7487805866395125,-1.2267943207236889,-2.3470578055868567,-0.6735313929333132,2.6249135573911495,0.5762413008952402,2.2209803366965994,0.5696443121930809,1
3.1770797623499814,1.945014750370483,0.6408528808892227,-1.1087494084358942,11.446455273967286,-0.030004378170803925,2.665506921346361,1.6622604779584675,-2.303657192534063,0.46729737082387157,0.46820556271003494,0.7496445688737281,-1.1970753685347741,-6.063387173678912,-0.18995552250233727,-0.11037333647843295,6.978032890946925,-0.7557922248247553,3.879978089612155,1.442821474751471,0
-2.8746204107569913,-0.6903341725447144,0.6579830901112966,-0.06766145010198361,-0.3407266674874005,1.1743729438602197,0.4203065067960864,0.7544751391919782,-0.10594661736784539,0.4269737152063977,2.785141190165959,0.6477665405480251,-1.2284187035096896,-1.5529222155926186,-1.4296236103352933,1.5582729897346623,1.106996773196132,-0.3456114159169913,2.021623634450247,1.4812176960243855,0
-4.114808491766466,-0.01203621858918602,-3.834193729771052,0.0951185219022376,8.548420948585864,0.21824817330157287,5.098017977164119,2.7792733189390617,-2.2654990309259535,-3.1724681298913695,6.1374143894087005,1.1014006717313363,-0.1455681948651788,-4.243540852453757,-4.870246432267217,1.9011559761970447,5.183790565588372,-0.22113133218871947,3.887227658227842,-1.1079321269556315,0
0.39704350762554586,-1.4171166010361511,-2.839322004854914,0.7015087736901845,2.933939804150281,0.8408086251481635,-0.6531678424145659,0.07575066373647377,0.03142251920168704,2.1937579007674284,-2.298036161958999,2.551071121075623,0.46755185573659497,0.8170168005970267,0.9410477630078908,-1.182597500733714,-3.7608484588982942,0.544108088953219,0.9676493065614871,0.766602063173473,2
0.6914835063631838,0.8373737989624497,1.1687755184955468,0.7198621745858793,1.0575749507037808,0.648760396022406,0.7863584277208707,-0.6154106380793776,-0.40563098180514123,3.0316419341697616,-2.9720340505325,-1.1450222979454605,2.7641901301415004,-0.8288641608687071,-0.33423426984450866,-0.5127184445709714,2.1048187929430253,-0.22900389244356928,0.5904861072784086,-0.3583545049852123,1
-2.4421181540007755,-1.2157353824650055,5.464725393907852,0.6546310170095015,-10.112082340677125,-2.570177971746346,7.7718486789481185,-1.903647151669058,3.3316139579599167,-4.990303708776326,7.29805471792201,2.431562221230114,3.914555822858272,0.4327901445787259,-1.9964009049782279,0.9911531319470703,6.483611429088808,-0.4369213240594682,-2.965882593658191,0.07045959065910236,0
-2.4960208289598946,-0.03313501999631718,3.55570204978143,0.2772380338010739,-13.97570126484124,-2.212138029572557,-10.284886783674223,-0.6351888297304962,2.454986929522144,5.92552530366271,-4.834932606516937,-4.988769058782966,-3.1723803413768623,2.4191212965349127,1.2731905999933506,-0.897097426943374,-1.631453268997875,-1.668853435191086,-2.3035188903576524,0.8627054772549474,3
2.799937213138671,6.523004635194182,2.9190180069592633,-1.1882913506953199,7.21076759822296,3.4951212240186607,5.894668423638713,2.5625855405270634,-3.1336615594917028,-0.17159889600887857,-1.9391039638450127,-1.2239416150453706,-2.669692912989771,0.6801949029124281,-4.273704867023886,-0.7008768162808939,3.79080573567597,-0.7068187852951947,0.7709935228663907,-0.2669563071338542,1
3.7088170790146937,-0.6905067034466769,-2.274596843091136,-0.0740514820774309,1.7182332358197767,-2.094285229558559,-3.5077655993731343,-0.19441464548732035,0.739413450213022,1.1141789766933976,-2.0614245821745416,-0.24883302723654221,-2.521056052424642,-0.3581865416800356,1.754890698492122,-0.5298854990344523,-0.7181378797394068,0.5186778375428804,1.1457045259999115,0.5871649728645045,2
0.5369604532449719,-2.591871234529349,-0.21372504094048517,0.03823432284649213,-3.192422059524335,-2.5526768089034673,6.312891881684146,-1.5166233910898852,0.2812558019477802,0.4423404323707576,0.35844315520214354,-0.002308665361514528,2.1301965983079763,0.7285513518283107,-3.057403066617271,-0.05135926426682004,3.562465648936834,0.8140197855685259,3.25938427122993,-0.5543716936134911,3
0.8518367084347256,-2.2324160027617035,-2.5744273190181914,-1.3926323445526287,0.5836369471936883,-1.7214904686958152,-0.5137328160977666,-1.2079988999793734,-0.3277666399379435,2.646849610968908,-2.811543036932907,3.456747208268328,1.0757770879088868,2.0726272409254927,1.8033774232110469,0.41097044051906834,-5.923243776311354,0.13626963452988514,-1.954572850734808,1.5136159813466097,2
1.0047976768125255,3.1975140772108688,0.9404675296992202,0.0985391542782287,3.5573719723832085,1.640607778171753,6.939982083254215,0.5651145216893727,-1.615875154442673,-0.9900339682575545,-0.33537144909610633,-1.9490398492068968,1.4661550369078515,-0.2518068671153293,-3.9949338092942206,-0.003967200593762774,5.599274706556827,-0.8241260961828591,2.4381145447762744,1.3201575929942566,1
0.28396707326527526,-0.25236238241042397,-0.1450260373939094,-1.2278061236923676,0.5516249199006146,2.2907036515438155,2.0166296978185834,-1.2770559181814733,-1.6158950566707913,3.9780931923442098,-5.227877664708646,3.203024611583575,1.8982454697839213,3.854588473866335,1.5340138256327043,-0.15962418404178724,-7.620701281919824,-1.7121170675492081,-1.5521380689865056,0.2650264210536502,2
-0.7756340639937446,0.11908535986660218,2.3063173804345936,1.1939759140879942,-9.344695388962805,-1.012005854231184,-3.900821291494863,-2.3752023164894376,2.074262120746928,-0.6733096654612725,5.875117269181445,-4.0716281128550005,-4.201259318361165,-0.8865554199121792,-1.0060588831942305,-0.08042657631461005,1.5887256151109055,-0.5263661430490939,0.14620491653625245,-0.33294111110205044,3
-0.9750507440918967,-1.7390534530174906,0.45399468214667227,0.31246641072733516,-3.0285747644267538,-2.0444520107316686,-1.0782169689955183,1.1959315599756573,2.524489234016401,-0.7660185661385571,-1.1481986140075326,0.17394558821009598,0.7455896430408573,-1.0587328592934027,1.3573651468818575,1.1559001794174555,4.5165636934104745,0.1590436047237478,2.046620133707556,0.03233116996234788,0
-3.4951378087803935,-5.935051326922647,6.0916771426580105,1.2781551703357357,-18.84345244494966,-2.461241823429477,-4.9589305747705215,-1.4199700679360394,4.881182750823617,4.123572672059318,-0.6464553679786884,0.14198733632527372,-4.721443212335974,0.8331329255563911,3.3025314681701308,-0.07258592159281166,0.971285444266985,-0.062407818121021356,4.959428735834314,-1.05559626636206,3
-0.685382107370233,-2.8810223146253326,-1.5862344443744987,-1.1865240224250626,1.4951248577488807,3.234330203556786,5.153574505542804,0.37678441964340226,-0.6451464664468443,-0.19474370015356368,0.7184715667360586,1.0760638096096087,3.0331148443856555,2.610601802356146,-4.198761370315854,-0.9652342401331475,-2.5365734037915733,-1.2599344141513182,2.5464182546021426,1.1818533979923775,3
4.235905361656431,-2.617660579201373,0.6300316304286744,-1.3463791186299465,-7.867540423832045,-2.769523045928339,-7.555462116710892,-1.3425941301488087,1.8895123554111195,-0.26380604363693516,1.401746563206717,-0.7062691345427599,-5.668516674135008,4.710324219048588,0.8111250642475895,-0.9747501698510022,-8.407237097240857,1.9658598927787385,-5.1668893811661,0.09817302563104215,2
-1.2653180470771188,0.9773828638145314,0.22388173917110765,1.2004279371806503,-8.75339202510471,-1.7611607217655654,-5.699715583429471,-2.5909799862915652,2.5992887959896356,0.33923531360854575,3.9192351502025438,-3.6120133124650766,-2.865187363705287,-0.4437475229947465,0.07726479169213851,-0.33154474857200145,0.39650886765039756,-0.5363645247522444,-1.7590529327986042,0.15020437883634008,3
1.5625827721459167,-2.515213611755717,-2.842959835197301,1.3680343026182376,-0.26377063325742944,-0.7540625470281737,-6.135912709723299,0.6080442861211082,1.7147471834682866,1.1110287738760083,-2.604664865364923,1.4785325514961905,-0.9215090036530128,2.1264490106310996,2.3674153884549094,1.411087311506997,-5.809286936917995,0.17303963494566998,-1.7393544210296301,-0.09913512886764737,2
-2.2553370370797374,1.88838938134472,0.38828209958840687,-0.13600032419034236,-3.71638164780771,0.8847831396385941,4.423097398565607,-1.5065410107035384,1.8772898316552271,-1.3724842716233152,5.212639934516338,0.6000316652779345,0.6426207634354405,-0.014074587252363768,-3.239407801905045,0.4849209461622381,3.3827295358188683,0.2004826426914454,0.03659283663391588,-0.20976524563626447,0
-3.8281136388354904,1.746016716702135,1.600462597215826,0.7298264345456617,-2.339379479196935,-0.5029916997971143,13.331272733472435,-0.7739734382738201,2.4530224815111756,-3.671711427622719,6.092674820237899,5.51728462836002,3.447414614118781,-1.296668260212604,-3.294013713194328,-0.6667936022751275,9.574857015466993,-1.7014352225909024,2.070206619982393,0.9599663437990721,0
-1.1551079763284657,-0.5075469991827302,1.2505936976280245,0.5346769711633083,-3.0010641522122627,-0.3813941504634044,-3.350784658206418,-1.3123939260284394,0.3120325296967774,2.8979081192000846,0.11305431987249517,-3.199950796961992,3.345918871307635,-0.907357842769369,-1.441876917724393,1.6179586944363975,0.6066818086819079,-0.32569448124509914,-2.5112115020671437,-0.2592720822205378,1
-2.635358775751329,-3.299608507748361,2.1315589945430586,0.99634220813059,-11.348325211034904,-0.7452520718742158,-8.932201415933019,-0.2568098422164604,0.9340587176482918,3.340654643712952,-2.2491390724403098,-5.510703502134309,-4.753424424910252,0.8927941947554889,1.6479537723343491,-0.17554987460042074,-2.427197775218302,0.05586532144432558,3.196665185984059,-0.34329331807607655,3
2.831718779936899,5.546121305393045,-0.36912750099496017,-0.41783777611218503,8.730804296977833,1.3815621376436638,7.5255292131531215,1.576819842926202,-4.6003950394473305,-1.3216745667789662,-0.1604602344335211,-1.8765508816508654,-3.1188429342881583,0.23515889392731348,-5.274344238562962,0.1613969135784465,3.2624249010618924,1.6368505112904632,1.8581335452582335,0.26972952708746156,1
-0.9087130313495067,-0.7821517585703569,-0.296812132260736,0.7495062692410364,-6.0580226558945816,-1.7562183905075845,-3.3503958072246167,-0.8033931037630924,2.1670234259906196,-0.16432563991895344,-0.18710772019346342,-1.3996952601540333,-1.356055632516464,0.35582177967725404,1.7806968504349063,-0.6074904348900177,0.4730897629826561,-0.16793297871636328,0.5349469752542169,1.116046386201141,3
1.8267563121200046,-1.1562996068845184,2.0124662975806427,-0.6586633472108137,0.7915601467096831,-3.5849713795175515,1.0361857569195612,4.8388043413958135,1.3304601918435106,-0.013018295568073768,-7.8541644815714555,-1.1920910601041457,3.976378565134057,1.1306134294684766,-1.9194674790669,-1.2625977986764545,8.104500793531104,0.8924309800481935,0.2840515863988182,-0.5529594331405667,0
-2.2958221932889034,-3.8581406886523526,-0.7783038644157232,0.3033597102859862,1.1551966866263095,2.9599950920065647,7.11768155923575,-0.5675787440143831,-0.5142649356126863,-0.35795054771755863,5.226819558245803,2.434680339696826,3.207706383266277,0.12856953128462156,-5.110394673501304,0.5090899509607385,-0.5033169126225313,-0.6780546125845033,3.491410504855257,1.4916138497725873,3
-0.4637355369466275,0.6141053384834669,6.601468642781022,1.3736332718451807,-4.285648518104019,-3.572102003245167,4.649944417644149,3.3746256740281706,2.9585005041351415,3.041400798752846,-5.997867439274167,3.800440593775543,3.15501995598656,0.9931677097410234,-1.8255846886750582,-0.594345708009482,9.613575457321623,2.026988756200049,-1.4999462160883148,0.8025606718547863,0
-1.7298756063608645,1.2586696061972718,0.8930531008857044,0.2880128961700591,-15.857840108676825,-3.1431279958145413,4.0068036960678945,-3.382389386952797,5.34137284290688,1.9611337331516114,-1.6040914578934522,0.12327225150562238,1.05741762885979,5.31521973646507,-2.077185351289995,-0.06009167765968855,3.198113197028479,-0.19657698705041687,-0.6147748671602971,-0.15036292750853983,0
0.7148164978589298,-1.4687935711655387,3.6993611249570586,-1.3556875216784023,6.737137615134879,0.6982778632013286,-4.924165174253388,2.2005148152077254,-3.5716316444376823,4.718331708328906,-4.828914580169297,-1.567175415216258,0.5537881398359619,-4.638710889202784,2.7076025605188625,-1.6183026869487434,0.7888859679632585,1.1162233475877619,1.379966888481607,1.2517028558791827,1
-2.6204281498132502,-1.5161233181306164,3.01304944041392,0.9142230459945025,-11.125487382086735,0.20776973984344016,-5.994352449554737,-1.711818113446847,2.570171346113872,2.940523265136867,-2.4867717506777587,-4.204325949384312,-1.0711739550120236,-0.6090226161166306,3.593590621234384,1.1777161320057281,1.3436346445129608,0.16751286654443023,3.454954389542912,-1.637022409195429,3
-1.0248343603849719,-0.4173705796704029,3.572829963517206,0.8917709956062757,-16.06245111921705,-2.283932767534756,-1.5074591599799478,-4.993455609838209,4.5015145198692075,1.5290271752432618,6.6924236266684805,-0.10028124451751164,-5.697170023078831,0.7469529671564518,0.06891054898868809,-1.3856160542311489,0.4941872442286447,-0.8401619008497354,0.2205022099357956,-0.048170661875511216,3
0.609735093396388,-0.703471740054307,-2.060680026283833,-2.17436744544711,-0.7732808385639371,-2.090241376950615,0.4034277196624571,-1.13263336479442,-1.3894050029787741,0.42707664734900386,-4.299120580277185,-0.46133511171530306,1.2648800409285434,2.1150566257888745,2.245800960121192,0.9355651508412061,-3.164693897908191,-0.6913327725360816,-0.637277263819075,1.2448855777355154,2
-0.6417396237193734,-4.845066482769427,2.0124870228282252,-0.35642216780681196,-1.357207417057097,-3.8943755187898623,-7.072291519657381,3.394617771808142,1.2717123666398598,0.7709801277180572,-4.030348480941649,-1.5502828105784392,0.6829893488454776,-3.1679794651806836,3.3305967769787013,-0.7099519004865639,4.409861941821118,-1.5927377584740732,1.8683084255475615,0.18928511812748675,0
-1.3676179906911574,-2.5251941746450517,1.6101865123077908,0.27816797168509916,-2.6824678245267615,-1.2075570126716277,1.7522463600416,3.6300562714164584,-1.5885605629662387,-0.20653871365365029,-5.025770258749282,-2.1927534860338542,-0.49565213068201386,3.0675338918208754,-2.615151879532502,1.728473826909446,1.2956820496192223,0.8429305629091586,2.759935759012481,0.9890540175353475,3
0.5705917858356594,0.3138567570003634,2.9011165996783177,1.4663357827377086,6.089490219633803,1.7132869703897977,-1.0506908936532906,3.1560734674493354,-3.31190782079665,3.2628724509650295,-5.638148599970783,-1.657276396731813,0.46800071847390945,-1.5728423043698132,-0.23927729614309867,-0.7968951440214327,1.417503857414956,-0.7987848556863677,1.6819710458962294,0.052691471105740975,1
-2.6973141046958684,0.8662353652341026,-1.1073711453935906,-0.7177862563134088,3.274716997231642,0.3040757500372995,4.534484205988616,2.7731627146288336,-0.1517847637383074,-0.9540045082264047,1.9208147012621302,0.7574814447797296,0.08716165145264054,-1.30330687975668,-4.8018152761584485,1.740451821415559,5.748191528827772,-1.1856179643680285,2.9421157926189148,0.3441858355951282,0
-1.7168486675869623,1.66746479283788,-0.6796787106230457,-0.21026246358886974,2.7102485670315564,0.7323730585537973,5.918301599120382,-0.3699402126571001,-0.5090616947847963,-2.879021535700843,5.647985692347908,-1.2285720152823594,3.1224680631334887,-2.3482305382366357,-4.729720010049464,1.7931014293216418,5.933924036605842,1.9605679382237304,0.7106125595405846,0.39757220796139736,3
-2.3710684368044683,-0.8450485550137128,3.4359069159656745,-0.5765124719563917,-5.980132160133436,-2.0772290944393936,8.802389444201106,0.7685470786160309,4.362822818100533,-3.418613836912969,3.327902210690604,4.395244020398353,6.820235348700072,1.7420605911136007,-4.199770063116903,-0.4509938670467188,7.8839226031909835,0.13294893361066681,-3.2748066554524953,-0.30256426671990966,0
2.6006983237608505,-2.9569785299462783,0.5441649460662625,-0.6097084255868115,-6.455078074448714,-0.5929154336011322,-8.84064023009969,1.565350939623357,7.260176475258271,-0.7005304827470717,-0.2446028673761363,4.031960333336808,-3.187354418468841,2.738323681532127,3.726992054143678,-0.9127230524499315,-3.201127467020048,0.6958521595532422,-2.579739240971458,0.9287306868470748,2
2.7603906898704826,0.8890730549579562,0.18368966554167332,-0.6146847557172178,-10.282707472938862,-4.818492797457758,-6.137199552160534,-3.205862843026698,1.9251379681315193,3.267840397739126,0.08273510336153439,-4.6007185976052,-5.0731536081637305,2.314848943583955,-1.2594549374688544,-0.4650727035260094,-1.295678860015475,-0.0316795269621239,-2.7843273283372305,1.7462507127319375,2
-2.377167334890771,-2.63140257697694,5.0239677065410655,0.5476211509296341,-8.760194694528735,-0.43195398194652423,-3.2833974691268524,-0.4114318511276125,0.5833709340144652,1.1965569037095645,3.821803578795285,-0.5109288431384454,-6.172753595977911,-1.0331107474260262,0.7822031188858776,-0.6033055876283868,-0.5565192120747043,-0.42602329320928056,2.2965222354768273,0.3103969302662344,3
0.47493227789291803,1.8087460847561667,0.14608727980320269,0.17949770308305615,0.26038996060532205,0.705095049486284,6.345334159931796,-1.5552279332530565,-2.0116569019990447,0.1429794053037985,2.6253932303607024,0.44047182348351344,-2.2866119664058844,1.1135650173065061,-3.4710454570514835,-0.5748944828366166,-0.2725637149112485,-0.8944669797383765,1.4305640932637944,-0.024434616561998607,2
2.2741862173889094,-0.3110231535114978,-3.1655287986034772,0.7715288435480483,10.242312322529562,-0.9424567094388938,3.341953712325076,0.03558472926579048,-2.175703343194861,0.33236600850374964,-0.014348986667269312,-0.14257801090124067,1.6388101587168893,-5.185821967450575,-0.21155855342757013,-0.8228378218861797,5.2896583779382365,-0.8315532081341397,5.173694503515833,-0.3392519625592835,1
-3.637565115202393,-3.6656109288112115,3.940288467419374,0.3730596216917193,-17.91283444761402,-2.081592231067785,-1.074632934389534,-1.5298998192167512,5.591759690527967,3.3404243954942423,-0.42921654733354037,-0.1380588325045231,-1.3719978644698863,2.8153561676421335,-0.6841060580558906,0.32589787530611,2.7033556599968906,-0.25799395091871935,3.0599503117366456,-0.4770586214451073,3
-0.7337409153618948,-3.4231582424618856,-0.9093237304543145,0.6640398899151843,-8.141601486662994,1.7375511758718365,-10.891632284241581,-1.8603189776103273,6.1668918883703565,1.980730217840656,5.911972196160806,2.9531260747477215,-3.4384177288794375,1.2544499373227247,1.796362504097084,0.845849400930816,-8.035661617094057,-0.9497778541533884,-3.430540665960506,0.06228758004588094,2
4.59026465471973,2.046498086491352,0.8478819161310274,-0.2816456145174668,15.166901828294215,1.7699228478577012,2.303617287914991,3.190964517873442,-4.302229938653829,2.692533564433474,-4.290090307310635,1.6807563238374716,-2.5989867177243555,-4.439891529790753,0.6405949112752043,-0.30834403267420096,3.2861831893414153,0.14096928199946532,4.77868615745631,-0.10097610491818541,1
0.9480297234301015,-2.5187314510041956,-3.213817703069628,0.3634805361705626,-4.188417718135179,-4.120508377345584,-6.25952649235429,-3.3584401376644477,2.291335087982265,4.961991930929889,4.321825168585297,0.9120915146633757,-3.4787523497187367,-1.0853935259290015,-1.2228580568131169,-0.3089144572926366,-3.446888366068687,0.34573839448342647,-1.7639780879646931,-0.8391224078059876,2
-3.6626736708290495,0.045558941108080564,-1.738817919331526,-0.6642710100718509,-5.120932920284799,-2.120549346489704,5.630329370644598,-3.7979693446469622,2.1270326541661673,-4.170392898288596,9.812057802451973,3.667930071285688,-2.1890278439766075,-2.7357314171802445,1.1099228506368548,0.783558079083946,3.1176091438422247,1.3033449887867108,2.4190162350474367,-1.6646514582806153,0
1.9965622084963202,1.9812708804218682,0.05239920628301764,-0.11460203908417219,-3.231302614613092,-1.5203593853385768,2.779210457424326,-2.7539312392304978,-1.353831527724386,0.40704157812619735,-0.685633180012291,-3.786792452987198,-0.226084617275627,1.7654210227137668,-1.866163551327051,-0.871507591670486,0.5449274873470673,0.509230232571057,-0.28386751538484334,1.0746754475278533,3
0.2829124322696428,0.23659034237234855,-1.0674356391200992,-0.9960203884140494,-5.272651790159354,-2.7804793915774897,0.9109747309655073,-3.5044653147790954,-0.05598710623921743,1.9423808911238383,-1.4741452682580483,-4.879781516829806,1.9600894822426773,-0.20287964026900407,-0.7559915742787158,0.7392415271226874,3.008483295466923,1.205860359584199,1.8000757262613787,-1.0032053914699748,3
-1.6997254458286504,-0.6443279935078675,-3.1157859771082843,-0.4705826564233987,4.1268588530399235,1.6124235992787166,5.690048857238896,-0.9282875719813743,-1.5907303698451343,-2.0176249920461347,6.435414358604593,2.9370190139092514,-2.875978501805196,-1.9718081924826918,-1.6980325970141399,0.7110265465820134,-0.6116389592254643,0.9133920236370419,4.851245740094133,0.7022623719135461,0
2.194050567894606,1.1628604796894826,-3.7945289518562757,-0.899634314458813,4.314625645022114,-4.139975714971818,3.5331348281433925,-2.322097098369705,-4.285683668207568,-0.05369186121215708,0.47847781113195725,-0.6040887928616949,-1.095008687366356,0.20711227578980163,-1.1770057848043645,0.26876068199381253,-2.4660424898540314,1.3441341532477045,-1.7528537356423521,-1.67250864711855,2
0.9601704840793663,0.23949704827927953,-3.107808343865715,0.28147113818281994,2.045537878311355,-2.8310995417037126,1.5246591587320286,1.650766031034351,1.9798580322521149,1.3136960511119604,-6.974256024057256,3.066363943403183,2.5245434226872154,1.3544288866876442,1.6009446122425335,0.1651172966259204,2.7403192035409196,-0.9172000627865342,0.7763431717645592,-1.8736279249021563,2
2.2371348595699807,0.43365859567828746,-0.20763706376129898,-0.42887985977369414,-3.613341890835251,-1.3448584968129174,-1.7767239806747464,2.4141598439074343,3.472077270460609,1.7628867452234926,-9.057328557966313,1.8693522022990667,0.7263425522872868,5.635621443811091,1.154194303337883,-0.20713185800304348,-0.8242335614118552,1.3493597892858187,-1.9362220914411363,-0.904871176840103,2
-3.5331345646893713,-0.37028127679906087,1.7872780807370248,0.43012929438191017,-13.504490497223413,-5.093807223534887,-1.212817750985618,-1.0221404991211727,5.031436059859101,1.514326180890413,2.090582977128878,-1.2344852109653466,-0.13193366559547104,0.674741169750543,-2.900170826611257,1.4816681687994537,6.631372938398633,1.3437587136937807,-1.2830408622473306,-0.06540827834938145,3
-0.8026765614931706,-1.7088308767806826,4.7578945400207,-2.2365451073845644,-2.857326563762161,2.1977947898806725,-6.823586869468896,2.973563935342619,0.37361895009011015,-0.5488075745775949,-0.3982099115512621,-8.218071702503584,5.266782877003521,0.1320288258225517,-4.42555107668778,-1.1683744557718352,2.6653148746501514,1.505700359810788,-3.8125088197358825,-1.5325820085360287,1
0.5278884230417784,-0.5223054761937367,2.8690848692580504,-1.2654744928492883,-8.234117668232162,-0.056390163762025214,-3.115283512898032,-2.904230298601927,1.9608249584145772,2.3819893579106868,2.4386005846313124,-1.2284284450086878,-3.264393693581104,0.2677238812110636,0.6237694725070995,0.5878480909293224,-1.3122441605213264,0.728894936385296,0.12625606808980816,-0.4068957823311872,3
0.6182906078020476,2.940183716621945,-0.7469684287991685,-0.2188141095678043,6.469224352229148,0.2712449315218666,9.614064885210983,1.3926020025105084,-2.018580865914307,-2.1582672381150227,0.7900477957278947,1.2532261423907456,1.083280676019003,-0.32589774905346003,-4.481679228954203,-0.885339715971146,5.58979926956164,-1.5366631052851007,2.070200008401794,0.9874957424612907,1
4.134760233360874,-1.4877703549550156,-1.4960330600495286,-0.0839440957959558,-1.8124560833408645,-3.9841139536566423,-5.174472028281839,-1.6156282515005058,-0.6811664407699016,0.8465257631252697,-4.618620093493765,-1.1420153610380313,-1.4072535461481652,2.3832228661099486,4.363469998040949,0.009842585296628294,-5.89766114816029,1.2651719909659205,-3.213888621433349,1.0347676118091833,2
0.07714803741066567,-0.907281058052734,3.9456818363945714,-1.3609957246514444,-2.3602090637148723,-3.8579566421477525,1.89080343803643,2.7151418038173736,2.4159833023060395,-0.18933653414413065,-1.1925006376486593,0.8060498357411557,2.055316876733083,-1.3757423992170237,-1.9552456306103303,0.8628588414252775,9.359951823762964,0.18351446075409206,-0.20493559133624561,0.4639951312070514,0
1.8101067118944625,0.3835323881276602,-0.038738723490015836,-0.5680837785526937,3.0243698876219365,3.2926855122206193,-3.20490611853305,0.5992992215172526,-1.3283820011326883,2.505457069384038,-4.750976024968137,-5.081509982552028,3.086950920337113,0.5309929152078814,-1.149258835161404,-1.9073614662652976,-1.0030014909209208,0.8700296418993061,0.6882802611892455,0.24156428118708145,1
-2.0685695112970457,0.30430800699951766,-1.5582387028587759,-0.2598680431397575,0.2950581517870963,-1.1777552766414159,2.111535262483471,1.5158243858238887,-0.9442502388816787,-1.571920376158829,-0.03296277090153115,-3.245044350857598,2.352504255176709,0.37288893902408216,-4.185509782989533,-0.5058801947766937,3.691041555285299,-0.3973289735410362,0.31333279488331245,-1.437894963447144,3
4.402870921941873,-1.151170071386404,-0.5289324631589016,0.1139198900600012,-0.7904442690791152,-0.5414738318614313,-6.684293608603136,0.30044114512377607,2.4367481596103366,-2.4026727990381866,0.202344471933563,-0.1653371947553337,-4.222301258703681,0.5041406310138647,4.049128137282336,0.06913446291673474,-2.8411249894094968,-1.762722639856609,-0.4694723598339565,0.379838247296991,2
-1.3374344319613258,-1.6747637517115097,-2.5888094479533814,0.41752421812602925,-0.20020306213187122,1.2082381225491945,-3.155093506140558,-1.135753305815926,1.4992116649697254,2.9349139915810856,3.0337127302193747,2.123124803369022,-1.5233299091954182,-0.906854342357684,-0.5153614386051808,-0.16475744384870006,-3.447554378609946,0.9190155202794079,0.926928332963076,-1.260485993146582,2
-1.2522275327716987,0.35305228824151547,3.827493738207864,-0.1892162238342964,-5.7052664650293705,-0.8184571531050744,2.254955964511059,-0.1711463726151985,0.8775974423503796,2.7625302546895014,-2.193600760417758,-1.9660819424451437,2.278910230142145,0.5202101195223008,-2.6044710995843863,1.502896423254235,5.0687220382411855,-1.508631581873575,0.575541314045165,-0.0028861801395627545,1
-0.6601551405941389,-0.7288310984655443,1.1579246010947082,-1.3599013581294075,-8.955774606593378,-0.7713649791707927,-0.312012246969232,-1.9066677435896866,1.4468445648913835,2.9407229599938374,-1.7306745216604444,-0.49335895665488394,-1.1459341084372898,3.772831514164307,-0.820246137206495,0.3285547273506335,-2.7129071993051594,2.3072387338959883,-0.4506283584198565,-0.708072939775065,3
-3.44187646742925,-1.6233202408215486,2.2714405775350044,-0.6545537832511146,2.098276450690693,0.221827531772137,8.895532530701951,2.5068462668226563,0.8325433554968886,-4.171441413199638,7.030091667956389,2.3985070924519243,4.164915738209926,-3.061890740975673,-6.03868655891781,0.5338419044002284,9.71233142051421,-0.99419135018988,2.2232872611715893,-0.29858868806615135,0
-1.6847214569418596,-2.2650878290841012,-0.058364340247771596,-0.6820256813698264,-8.59129230166939,-0.4907317115143415,0.15716443733434016,-2.9705384166153603,1.7404786223410282,2.1906351030694027,6.142943513300803,0.23806144032290555,-2.9344260337757833,1.7371381319938715,-4.171297554512387,-0.33968901246706706,-2.8721940733671953,0.9576182306939518,0.276749076834258,1.0717104705127767,3
0.057763937606327254,1.5958112149754808,1.4275721011168439,-1.0247313270014613,0.0976272379120184,1.7891930455831697,0.8784089263712628,-0.5603790317837631,-1.6584581851012123,4.882048374919915,-6.586513416455798,-1.8768811039545379,1.547171980528963,0.6815356034423856,0.5407091730018414,-0.8202698544203911,0.05596756189789346,-0.3225214534410989,2.0979291536015485,-0.398864451480884,1
-1.887738356474915,-1.7222134955790471,2.7941680299143425,1.4216735039955732,2.496862390270592,0.5224882989947826,1.0388294575527655,0.5005175923967011,-2.4803989302815337,2.267196739910211,-3.374214483433015,-1.0819761855387355,4.997454873539325,-2.8867247350108682,1.451293131603669,3.0098621957879157,2.4824904054781114,1.5853624054214313,1.4234900583197594,-0.12821212900966686,1
-1.189678837780495,2.695727916765732,-0.7553158019081796,0.5636405038287773,-2.3858337850630615,2.1439142663893236,3.573552880274824,0.2689767059057657,2.5840544832821815,-1.2225019740576633,1.9081248543898393,2.1679528231507166,-0.4718173014649264,2.877690918504597,-3.002768169580454,-0.7938611521066621,0.6561402669498534,0.6212782528292109,-0.6267863181462857,1.5289561645587122,2
-0.872755831373303,-1.1776726060490292,1.0612118108954427,0.18570257493901915,-9.527872170172401,-1.0129439186287947,1.1061812160404345,-2.167973463434241,1.8306217232462285,2.911933372291654,1.7185058162477902,0.7580658014503423,-1.942320247173915,4.116620688311024,-3.6212633169422905,2.2230752431053107,-3.0191908006702213,0.8471949161302109,-1.317995764594444,0.07027520637206978,3
-0.9251473044202712,1.1030203936758567,-0.6169274242862426,0.09048799653082809,-6.327854038200842,-3.272895793280422,1.432425737389281,-3.174993062230957,0.23288073972269574,2.4541078297855217,-2.7587335917089573,-3.3768925471318836,2.0264162504918994,0.4455828652812328,0.021535945491052644,1.1577189171293591,2.964212432653622,0.933016739439527,0.6877091747984826,-0.3930788646074401,3
1.1850581548883952,-1.7003331981585506,-1.4529363996486402,0.9143383840645927,7.345795899956793,2.78647555813569,-5.9261702568739425,1.4313131839231237,-1.1561149252719272,2.962679463134261,-4.356337292108837,-2.287453972212644,5.395187449250161,-1.5278108649872097,0.7596707433266703,1.0896749664445613,-2.5850759495415847,-0.016425144304349583,-1.1765564749298734,0.20208608496204095,1
-2.737464109027407,-2.8900142789200145,2.3526940728576307,-0.35911559596865567,-11.102860664719437,-0.7508586844397414,-9.343815217432423,-1.2895755073818118,1.001237486140183,1.9814395224184125,1.3584545155603585,-4.858212982555335,-5.92496070738115,-0.6846681841879207,2.64257009060688,0.1356883049294096,-2.6637046337634764,-1.1018391773021816,2.4507726067123183,-2.0703998911808252,3
0.2973834470689032,2.5494656842802623,-1.991680225355506,1.560005301725322,0.7407506579677047,-2.7933787812584345,2.3827937405483035,-0.3882330458363352,-0.912654437559365,0.1312545177427593,-2.357343223989818,-3.7585541738381476,3.7635307729951966,0.4853364870151905,-3.2446518540974063,-0.5263859284424071,4.351762376127202,-2.1417773352996803,-1.8177790712031396,-0.8319850015856797,3
0.10816458114325478,-4.322680391447537,7.947985168677711,0.9771804785810942,-7.548051297313345,-3.488819708827302,-7.917851275033308,1.201687211136668,3.776036916644431,4.397924771820053,-6.223599487081418,-0.17979528766273023,1.6637422390112269,-4.1407328063619895,7.210915325561103,-0.2197862509378595,6.649250086865878,-1.0077851950050316,1.530351241831438,1.4622389865751582,0
2.5960303747055793,0.8036822939688117,-2.0190279834850235,-0.03747945381375968,0.6451521679418621,-2.5586872655471957,2.5702438696448966,-3.347194695523383,-1.0119041388715262,2.3560638523535955,1.4746509264576166,-0.8229389897311683,0.2673140409517596,-0.3336514896490903,-2.491235996750377,-0.6263885747157267,0.20706581611053373,-0.6519394259647784,-0.6409783118524932,-0.1923825508200384,3
2.352527622586746,3.287163127790474,-2.7696359197278038,-0.2823146245015085,8.533193300764214,2.7869852082962625,11.320216643609005,-0.19841349738125147,-1.105057201778333,-1.3019226298585282,-0.7394201186783239,1.2528131281402142,2.2579382220406288,-0.9320020921900858,-3.0558380593908807,-0.7291790521766582,6.213990898948463,1.127185075343519,6.509901370056543,0.14270307586198502,1
2.1793417623012705,-2.6759646642057384,-1.0450928411090992,0.05648624420889385,-3.881381795176441,-2.339651569433707,-5.2173069473325295,-1.34230727737341,1.0211155443248234,2.826621041750919,-1.5547138146225143,0.2979477931961916,-2.5086264713781024,2.0186237920780545,1.4791029366972615,0.9597304129182669,-5.423347597802317,-0.877876687480775,-1.4682825280339245,0.6399365138322546,2
-2.5356465816886558,-2.851869691972273,1.0133710044706479,-2.8446531204324543,-6.7293330790852295,0.5141782763868366,-2.9145785754903173,0.44975872866381494,0.4953088379119486,1.3443664995479823,1.0168413315442295,-2.0896226367301396,-2.6056626971448735,1.7946645786182054,-2.135071924994641,-0.47550023427775334,-2.3844907256299672,-0.08837511569229335,1.691516945020512,0.15763855342549715,3
3.644714581864062,-0.04226369508220529,-0.26122925300304956,0.8188879602852079,-1.5355290170536544,0.8877768709731981,-6.8808699913686135,-1.1073724392455486,1.2744138592730843,1.433670876332562,0.6575585916802827,-1.6585292513819696,-4.960211673883165,0.5326115291376973,1.4935428764242245,-0.29544488598206675,-4.275069175456626,2.0665487944844614,-0.22979383306769718,-1.2731142002252251,2
0.3177849700123423,-1.5588883462704684,-1.5888908759411184,1.9959963233183722,0.4144500457509509,0.6261165876648582,1.2989851213502384,-2.7638910516332427,-1.2772825316371255,-0.36230667489193635,0.5459585513442166,1.8819742233716876,0.9227496853911665,0.6246413005856674,3.2033390421692047,0.47614866241373394,-5.620906324904855,-1.8769369758266783,-0.11839812838865127,-0.7526803316894867,2
-3.246233042567189,-0.7635962879135668,3.8675716541988154,-1.1426988863036047,-4.508265337524601,1.1024792569940032,-0.009133126582915381,0.22458013171805313,0.2674651108082935,1.405512702282231,1.6777372773134935,-0.20085657549859315,-0.2943641862244881,-0.8398382912105797,-0.925687561622798,0.20922213379179402,1.4712424118311866,-1.6142785808623101,0.6799286348563277,-0.9531843385632386,0
1.1866121934829075,-0.033541367998263016,4.681315099087816,-1.6762594209957002,-0.8699543537292131,-1.0817363523460584,1.3770645530867633,0.8586557942384635,1.6730096797513094,0.880380171874858,-0.3059894412384496,-1.2768715373574289,2.8724408162194033,-3.018340760960106,-1.4141568193209035,1.0037482481462472,9.034809396085965,-1.4809177057252645,1.0921192502440387,-0.9540629221345474,1
-0.29715153046981824,-2.5462017454396983,0.0321135839459461,-0.1830775224038034,-0.5145927301718471,-1.073311274763801,-4.509969555487577,2.3382150377271684,1.7820562687262553,-0.7711465085738115,0.5174932384433877,-2.226875865345802,0.9995783808635389,-1.3969148468427448,-1.3300296535159863,-0.4858761213856593,3.139548955863591,1.3810383237024915,0.3842378868135212,0.5922446040804317,0
-2.0443294070265083,-0.5575724676462936,-4.717021379700588,0.13757146916885518,7.9932455670405735,-1.8869149584815375,-4.801154142008068,5.236597198649502,-1.290718836705539,-0.24967600472648077,0.986904148919921,-3.1350063512545767,-1.462091415601967,-3.269000023109376,-5.240941633361576,-0.6300009056631399,4.220828381259353,-0.3231176059461702,1.4410625363583702,1.836285174827357,0
-1.9443359795858477,-0.07140691879118899,0.617113328899145,-1.296189020088053,-5.2438854778049215,-1.0928751719676062,6.949561258935427,-5.219211562860545,-2.27212187452443,3.368791625655722,0.8522091422561928,2.48985144471879,1.936105978398973,2.409142631195281,-0.5286880544360575,0.9393983789380939,-4.759957720116611,1.2338147298388065,-1.9050882693784585,-1.6269913775001823,2
0.8043382637665111,-5.851321510881432,-4.909932509487812,0.3994963105676744,2.673077738899387,1.5311129192303272,-12.093750915402817,0.8456895086504286,2.489776433395852,-2.2200397999288586,3.115320096545138,2.3021931401328932,-2.0837358146823908,-0.7211469280855414,5.502747226907941,1.1868484915931339,-10.022570158482356,-0.2656096096068746,-1.2836414194139179,-0.5209079902658963,2
-2.2494377469461457,-4.9183409860939395,2.615346214816314,-1.3124839471328773,-14.002130435045467,0.041691931246006675,-1.4052378143550939,0.4588273191470551,4.069336268702505,0.43989215016837657,-0.621049373885144,0.2046974590353896,-3.6097305526426786,4.532282387747803,-0.3404792411169222,-0.4711106262038626,-1.5641946821165937,0.46707678694327465,4.227122563872532,0.0878983616908724,3
-1.4211470507492072,-1.3861172399786537,-1.1958070908090388,1.9631190116484514,-10.47461900584071,-0.8819545301562348,2.7697236299575083,-3.206165336375407,1.2123951659299605,1.5927142856834666,0.7942858288017202,-0.7039547714586611,-1.6289357117778107,4.990939259415349,-2.7963518761512236,0.7355989953168233,-3.726605207232925,-0.2929286350790185,1.1689383719011182,-0.6210090533888766,3
0.13711094754714592,-1.3687132466850076,-1.330374491943266,-1.0730501478738235,7.5053885034658405,-4.109382877952465,3.8258963905986643,6.807062455617693,0.8001676799894779,-2.569920649214642,-0.6188965389011862,1.2731067715956623,2.4688551301142287,-1.8155671032463847,-6.673594722945172,-0.8393757425688726,10.95803577564598,0.2790342605936326,1.2408511996150826,-0.9928364171711314,0
0.8496048350843141,3.187841428224971,2.702345109663579,-0.10737609967119621,5.418973552984444,0.3202604298242546,1.3407220591588644,1.8492529898835177,-2.352063964703337,1.5224652333811768,-0.9156513585556123,-0.5733613554406267,-1.8048153493714176,-2.684433253231295,-1.4243036898633545,-2.4212987370397947,4.311507106027138,1.7377038231896242,0.5143528691923026,0.39087414813768584,1
2.5959525727929904,1.6197104267957467,0.5914742403155423,0.01020212755346111,-0.7910471766582107,-4.319822228448483,11.498827012353184,-1.3210313276232382,-3.300887604850464,1.9299807553190367,-6.495004319683765,-0.5070266379190033,2.6053285197208402,3.840741929428212,-3.6857807692674047,-1.881077004784077,3.4958610655083886,0.896153845119251,0.8505870484141661,0.5876651588481077,3
-0.33931465188193544,-3.8076785202064123,3.2728922500989723,0.19032019005961767,7.565558628112273,1.2899883349015209,3.7428044610861377,4.4658327359287275,-1.8378912247551447,0.20054845643711228,-2.817661837276815,0.9432443046841814,2.6707837636810963,-4.609701089877557,-0.26038265891442847,0.39652889731301955,7.558784036752622,-1.7937958881257403,7.377104641410792,-0.6513106999128772,0
1.8988978415886637,-3.2986570645541944,-4.296725234420857,0.2979900267874884,0.013786783933520983,-0.5397102895050144,-13.612498271588407,-2.0957637818417005,2.570604139653595,2.988953473226589,6.394109042285517,-1.0671462409295978,-6.058343372391317,-3.6970114343757268,1.6895588741710932,-0.6992704671819557,-5.976245379379335,0.28241234692587197,-0.017646423911424458,0.6031398506301803,2
-1.7274343165900494,-2.2761053381403533,-2.891643072940476,-0.24334608652830114,-4.5224857166325885,1.333870880112027,-7.5374266535671115,-1.7324654168217135,4.550214120606615,0.4476984814396351,6.955451430041,2.2016328328120145,-2.3942628012592113,-0.24702953929206317,0.5127837506127402,0.5568355356477739,-5.371039669404777,1.3183173911916646,-1.944684503585499,0.7770568983660517,2
3.5307263353848435,3.6038614284529205,1.50138836218306,-0.6331824582332768,9.904905231268367,1.4956006177171808,5.0003066290291125,4.374397959570588,-0.9378859741057346,-1.2467247952717435,-1.2236913338219901,0.9487409692063049,-0.8228794929217709,-1.3390185490888606,-4.220519378376486,-1.5797265171330634,7.2651224348435095,-0.7248546835600852,1.738754118726443,0.5087703666647688,1
3.0734972758833847,6.510881282636316,0.957615994288374,-0.40278982136852115,2.846988824197119,2.4886430667375974,5.075531061289457,-0.30683961033003304,2.365946747460899,0.3524070560527255,-1.0769403545076714,0.4232478445950716,0.9569041523721517,-0.33243186607974007,-2.001292591203028,-0.3884118404305299,7.235377314399173,-0.5570164095196565,0.9441741869965694,-1.0568466580562912,1
-0.2427562796431233,-2.3737102898081055,0.26825523689782615,2.0593949894594332,-6.712818263055141,0.11884569554642876,-1.3049276324389882,-2.8701020227696974,2.996175755055619,2.099655348374341,0.7697770621357158,4.163320165803394,0.40655929215424735,2.7126247845616547,2.4080199905058812,1.202405356974703,-5.898600676808798,-1.1153438708087038,-2.333091202241138,-1.056586574426533,2
-1.7262889225831748,1.187931411168619,-2.916170363654548,1.3471297675692413,5.635881436267845,-1.1340238702314789,13.471508687388543,1.734075798215866,0.04528863607923195,-6.568611091277576,7.47731166775095,3.5259160462946744,1.8143315561478999,-1.45602285620836,-7.061093752349816,-0.3860039345465349,9.267883780091465,0.003806834228125691,3.2720305566338617,-0.09820827963886006,0
-2.9008704448861486,-2.789005313886955,-1.5582915253910068,-0.7082019045090993,-0.0005080352255974797,-1.3654281710091698,-8.166711721307596,2.0072670968672575,0.39146747077143407,1.4721659789486807,-0.20872704476445333,-1.1633018323539202,-3.4853649181906667,-3.612211233336654,2.762897701667536,1.4462797072440468,0.1850638799559371,0.6979984442936197,3.196069214142931,-0.5640446141319949,0
2.771302796382887,2.0163752115426954,2.0196893183894007,-1.8311160916004434,5.12403163601723,3.8009493404795744,2.1289011866416634,2.115325037236071,1.982157006347708,1.166007398553528,-4.683885984432635,2.101489456961334,3.7407834365263604,0.022700038742212714,0.2932849123401424,-1.817847858329859,3.840611665891675,1.0405875045535475,0.9851121812453325,1.2549288299150514,1
1.2523575456121188,-1.8908892676225677,-3.1716971038568484,1.6406964316034696,0.449301889610535,-1.01376009905658,-3.9793441361079034,-0.018636325440562818,1.9038470557752372,2.0681426083350996,-1.5257438265833623,3.159454314127717,-0.37927400580239135,1.7331286972879882,1.280876515487072,-1.3929129809866054,-5.012542577460259,1.3937009080193097,-2.0668979902197764,-0.094301822460428,2
-0.018511954418027,-2.4955480324608716,-1.6751486914592841,1.5822675489907776,-1.328117364382886,2.659103431681808,4.454535185067764,-1.9697201580593346,-0.7963424711628475,-2.532651640415535,6.689629314211847,1.0480409263414816,-2.848860294406303,1.8349336524868374,-2.928363391343295,0.5469166486701501,-4.774236393686947,-2.136961683578511,3.234175452427017,0.3923094168875058,3
-1.4000258508878567,-1.3420752297713814,0.3218069899365976,-0.20123757670768927,-12.08991919798385,-4.946500612423481,4.965035918719106,-3.7318810135251734,1.1243085606401912,3.626680251994996,-2.2807467347131074,-0.017604589072473864,0.05341136923331535,3.8070556507738598,-1.749299374371302,-0.5703088552444631,0.7389894734316741,0.8105633914334438,1.1325746285949343,0.25668120029016234,3
-1.0368678705380305,-1.6514339732710446,0.8194743899489468,0.6723837158313631,-3.1332774758020356,0.30035178794057726,8.772047551700583,-1.7154008901565367,-0.31565032584766506,-0.30980256791463945,2.4034960712590316,0.9373781503480592,1.6323406518223762,0.9993670979080869,-3.622557331834392,-2.6897131334542244,2.5176352185672717,0.7673393527779184,3.9623234661945443,0.23617230939780226,3
-2.007337222815165,-0.7957343276757292,5.374859846485237,0.130043062916625,-11.23066888340203,-0.4799797180960491,2.2264179806841238,-2.8387851091242875,3.8390628258729067,0.5102871933708433,4.735919099907139,3.735092941040325,-2.1485025791077144,-0.027937003460214216,1.6303521238849483,0.04864713191439982,1.819715049615113,0.4701396886843902,0.27300977151738315,-0.09071432284511756,0
-3.7720316986692,0.7778879879728451,3.1672179400644733,-0.7524929265669714,-6.436393441224574,0.6185997781441763,4.657078140313396,-2.33861203924574,3.1683937723038578,-1.0319781563928898,6.910865457649003,2.411345567941387,1.5875652797451758,-2.2144467075398113,-1.0667793330177286,-0.47143887390655664,5.58021110962811,-0.3860977848152785,0.46760216659495424,-1.1754589912628686,0
1.2825516104492096,1.5444656300415673,4.186951684154787,0.4785462707157706,3.707697446584794,-0.7408500381203607,3.919084084519759,2.3418139073153714,-0.18290501610235066,1.5964085097222014,-1.129518797200345,0.6110012107507594,-0.3325793436723643,-3.6864393739583825,-2.0084881100943623,-0.1836122223827938,9.641105262820009,-0.3293224391069385,3.3577589653570543,-0.055855004142837915,1
2.3259077322943593,-2.573373696847815,-1.0271663002920937,1.4412338864439933,-4.379082640986457,-3.045304406422254,-4.6445278170590525,-2.8484622369793478,-0.45906994400830037,4.838749515944085,-4.385573032516197,0.5142009295122397,-0.5375934948028659,3.368531647162219,2.6686516613403537,-0.743298152201003,-8.52768783926735,0.6468865558139618,-3.67938055301313,-1.3437466219039276,2
-1.2849965264325869,-4.182132966056514,3.325449589626178,-0.3986373138141493,-6.618678465619143,0.5942599644418365,6.099650472781622,0.11199909064414437,-0.03378602897685723,1.2117891640901195,0.25304244815708127,2.162667626692651,-1.7429588121547925,3.107778693245307,-2.8801066681943297,-1.4979017725881936,-0.7353605991555112,-0.6563037778504419,4.700152682389454,0.8682014539825893,3
-1.6497976937358443,0.29788174711266957,-0.399444693331773,1.4076661345536252,-0.28883195114324905,0.6668716514331234,1.1348373828212914,-0.4117299919085131,1.032384751830937,1.8358711737581186,-0.9117531346459754,0.9635187507528493,2.465750860823003,-0.7108349687070655,-0.1254055291246141,-0.5453779545349459,1.7979475886280294,0.15699799095958783,0.9099163620155201,-0.09586726733486632,0
2.936593621120674,0.19022490656443325,1.939789212334364,-1.490153446383707,9.691223593490012,2.874327257731886,1.1023300278260852,2.886277617431887,-3.2111058714327636,1.376891630499642,-3.9619641968281476,-0.6861826846046606,0.7761264962682833,-2.005378964091528,-0.4150407769782719,0.8947336081196483,1.6157715434078486,-0.43778264760517055,2.8087065581367323,-0.5391590984956093,1
0.7268491014664842,0.10278678308819345,1.8723275248370466,-0.029520860640499306,7.20133050364493,0.10825682393666214,3.1793797450698986,2.732415671334744,-3.61479485574655,0.2191371403922613,-1.7709703841075055,-2.753031754103404,0.46925136514106447,-3.7222015123862535,-2.2958047902923604,0.9223872319110653,6.607504757047794,0.8312630343791975,4.615980495399084,-0.16811019417166392,1
-0.20800281259676145,-0.3265997445233124,2.6255183893137235,-0.7434925189520001,1.0452019046514978,-3.1201778764475105,5.734527705970056,0.7151058841649527,-1.4030163342965367,1.143501453464745,-1.5713446030509504,-1.1525986016834446,1.0600122935434582,-3.7787581259655942,-1.4744725671898304,0.7371895253737577,9.95034736125214,0.4641742169274627,5.249784047385679,-0.32610447947899124,1
-0.34194640437026824,-2.8291662501540795,-3.978197161896796,-1.3586376273906842,0.18441838834365537,0.04725699754749502,-5.437954807184773,-3.978673380211248,0.48003340084389656,1.943777476823162,6.542410199081404,2.309028664157152,-1.722816978118634,-1.893872880228372,1.907803387073855,0.24670505055658354,-8.125277738303966,0.36976706299280687,-1.8913193900919438,-1.0644428012131624,2
-1.414490489764512,-1.8221997022870842,-0.26703230125713473,-0.5220405763453202,4.007884013817655,-0.3581373625055746,-0.5353176408279443,4.625889889310411,0.5627071766980867,0.8556534180202386,0.15533300336078848,0.16548984415909684,0.025857742691501207,-1.9095781342727642,-4.738148008799866,1.551779919298436,5.3715559029563025,-0.9166420194219062,2.6236679350564716,0.7163655644651753,0
0.9630901867096853,-3.0328358273014584,4.297450735570102,0.709615218728623,-1.5749305825676532,-3.6290857143284696,4.45567960809585,4.2431347198934475,2.481192114735861,-3.0365103678817693,-2.285878288351379,1.357192658053425,3.955580380366352,0.048156635386542135,-2.1162154361884253,-0.08055565092003034,9.880925343337854,2.157515217436302,0.821911867453276,-0.8215733043450757,0
1.6186524009343877,4.248382200102,1.7886343948303864,-0.7567662205978792,5.974015676237282,3.5388691309260114,3.0727048626979623,3.8814390032019266,-4.015463265933253,0.024523658479277177,-4.628441131271844,-4.127103150140751,-1.4274699400175646,2.4781643949687027,-5.11975112517022,2.1498433985724352,1.358635668242579,-0.646288208252031,0.9010596646382178,-0.23200560821835076,1
-3.20780376893618,-0.05069829186069441,-1.3994064581389414,-0.9890589695792729,-11.258944457625338,-2.273872239179031,-0.814068548242781,-2.356563041354133,4.25830767508095,3.0270281384399547,0.06899648986442887,-2.3746712949496795,2.5773225996147975,2.3607703765667707,-3.5790107073142865,2.190735779361357,2.769032018774687,-0.4444624713008951,-0.7431188442538517,-0.876239774485943,3
4.090350980179719,-2.0631278036728258,-1.4715700098221003,-1.331896686058595,-3.001860447445381,-4.7304931356193425,-6.766528220126899,1.705039143243332,3.442686985254926,0.7599456249056687,-7.584305952203312,0.8577367960830808,-0.919267558905528,3.0853311347158847,4.206402305997642,0.4719892891015315,-1.4663219732281094,0.9517401067711184,-2.210726958905247,-1.0238534465633355,2
0.2760986888665,-0.8032354735419529,4.112627465523779,0.4010732502533232,-11.013884493126136,-5.0002669160724995,-3.850994857942621,-2.3881334213994156,1.838873480476871,3.8418877349878686,-1.0466869199674589,-2.3188429966586668,-3.068883903160564,-0.48857388641777044,1.5015641511913524,0.6002969801540358,2.744988789313147,1.9379995262491134,-0.3992305992937748,0.41979591008171774,3
-1.2021573509339838,-1.786768409970372,0.07385620341481247,-0.29390839947593383,-3.950641666555569,1.533055098065657,-0.2560718565718908,0.9759641401367527,1.6128612209548654,1.1447350706033028,-5.624957331113671,2.730893593637507,2.122823022977582,4.958264628770824,1.9293530945164115,-0.7520818009635463,-5.015385177855278,-0.7742059388339192,-1.0022157947660548,1.3069742988380024,2
1.5814892214551008,6.1241300764718645,0.4082630047054109,-2.3229618783157724,7.331612424187064,3.740619180702712,9.2544249966748,2.0118269025560447,-2.052715155017113,-1.3178612767198183,-2.9446822783896685,0.5411255843224037,0.37724905465344527,1.3751636366742255,-3.4031714419943615,-0.5084867458572053,4.491769319802473,0.38197377012161615,2.322801265149895,0.8559726967944306,1
5.105452137138493,-3.630846281660772,0.03151331812697089,-2.0354884557373083,-6.6807781421062495,-4.213656857384638,-12.647504068225103,-0.07134811021985565,4.031464705321172,3.584361252559142,-7.357359560007629,0.1363811053246764,-2.690645257784243,3.376983327374772,6.294683761719666,0.1880557122123576,-6.411133281208636,0.5924079940592246,-3.880188759380832,-0.5207463051740456,2
-2.8396805155032094,0.5427255097411958,-0.2151461335545688,2.014422456650858,-2.7537652603149727,-1.8929840374082592,3.4457913095952515,0.06285735685559835,3.0563771768541406,-1.7686604897941747,5.772101575760405,2.3812596643524966,0.975126164778667,-1.5419671894801317,-3.3049614078621206,1.232579728695679,6.18428572068961,0.11921331775690192,-0.5233790564432601,-1.311038150542693,0
-1.1254907402290533,-1.0582446340646343,3.1251276770786616,0.028846469319529385,-1.2301183334827739,0.16898906714195627,-3.649876111209367,1.245625241573245,-0.5777788263056103,5.676425255483748,-7.667443131870005,-3.1840615974317616,2.91453066585925,-1.5608766104771579,1.4708480362376752,1.961309387544953,3.0379472135829952,-0.9076755707922347,2.323503593461721,-0.48220568000144387,1
-0.34718620700247715,-2.360275148797521,0.8607933996529495,-0.7999036849913026,2.135495759096978,0.7541297721745854,0.0663136901286896,1.4556712047247016,0.5475880112474878,-0.21158513265470136,2.98701297590726,0.9761383544253964,-0.9035452497971845,-2.8050977139286593,-1.2581729470194656,-0.7537740554091886,2.8891873926137652,0.7671030308171415,3.387015292886008,1.0040648102763774,0
-1.6845505046629954,-1.5846936323455312,2.407934722538949,-1.3978700155499755,-7.382823098973396,0.9850801931594089,-6.16652825602068,-0.12001036846088864,1.7741111531106983,2.6992792687529144,-0.24446059932620964,-1.6835334545961258,-2.653382604731737,1.00113990823103,0.6653933937466716,-1.782589914006777,-2.60809778937398,-0.22644635581676942,0.06518389004990954,-0.38706860666917053,3
-2.9015552115282777,-2.7546854594228507,4.190757212498759,-0.5853461891053252,-10.246670243751023,-0.8811151021644916,-3.701781975443395,0.2178065447452584,2.0989177268925587,2.399745251264304,-0.1531749788183457,-1.5044074090014137,-3.0532486961490957,-0.05931501031333131,0.6155858599648338,-0.4385307180026674,1.6073812005521426,0.4250875521152404,2.7767007656756713,-0.37795383522901277,3
-1.4578494194161935,-2.213535313998838,4.098011342797614,-0.4988756528697456,-9.029637221679323,-1.4239230573230026,-6.261392358917889,1.300091960475215,0.585762941389288,2.226752701657393,-5.004389887069341,-5.040764128178701,-3.3027855849945564,0.3237202872540519,2.4358187395150837,-0.449713195415727,1.6960899687744546,1.0972257331197,3.5096998090733167,-0.2031009672814164,3
2.5661729417182713,4.045087139794687,-0.912388087818123,-0.5685655721790324,5.741372043944107,3.1272519566346797,-1.1951353533740174,0.5133272601875633,-1.847052274773208,6.055860630993539,-9.84733382083716,-2.7336115043189806,-0.731035001359825,-0.406198721154442,1.7428692660827956,1.065754931805672,0.9274206235209098,-1.2304839709253996,4.855205718552367,-0.0363072206724688,1
-0.8658660165831235,1.9218537291106248,1.5112132527517792,0.9896039874934642,-4.646852786789047,-2.1524989152201344,1.6594621746711724,-2.0732136985952265,0.014916920405830147,1.3349812266819105,1.129200296975661,-4.2589891193530125,0.9692639252545217,-1.427393769715306,-2.6556147263320846,1.0005628783232146,5.852242197066978,0.17618931864220516,0.4893857604734184,0.5668378287876918,3
-1.654469064992135,-0.4093919690500507,3.712722528238284,1.6986713062334942,-7.08163824990815,-0.6935724746470997,-0.9342996359287815,-0.02223123521466297,4.0597213168517925,2.9674061612922507,-1.137851360267102,2.0597289344255816,1.7840645188567799,0.3447161027235983,0.1395512699674719,0.08801138215993357,3.449548116668323,-1.9662740949042303,-1.2409070232179458,-0.026756335988941612,0
-0.5698008760350589,1.5746156649691736,-0.14485246963035192,-1.8290987347292245,-0.9196063737745129,-0.04525426850409642,5.61743958525161,0.6176931611916279,2.325302865651958,-0.7580516774250257,4.24623020753621,3.1485193057863405,-1.032849648679257,0.8787022962151969,-5.248763276945507,0.4215629025033875,4.11700634256145,1.1746443679507879,0.33865707352518903,-0.33913086014818533,0
-0.5640081694762553,-2.41460975986669,0.0049975790735719006,-2.003343978082159,-3.5205559779611373,0.48916858754409565,-2.544034723008556,-1.777770498412718,0.8460666180228176,-0.9162944672774662,3.8955428946439614,-0.43923886771101683,-1.1652542518051718,-0.5380514015832061,1.2499698135281911,-0.23689485262799195,-2.7721613307658046,0.28441841139848745,0.45905437211015365,-0.8530113086096413,0
-1.4230116518212754,-2.6922035570592935,0.5575279593039064,-0.532042607290571,0.9877717444044559,-2.9195823555045033,3.2609163571020328,2.995909338672506,2.329803169443943,-2.664829612813911,1.135792029839449,2.5351433151006484,2.8270974575659507,-2.5772264731899046,-1.1606774022193167,0.16681030484677933,8.542941070997065,-0.1723470691996438,2.3623977658130197,0.49832358747086336,0
-0.489433526235345,-0.3145750554828899,2.587746507642746,0.6694975570550015,-16.384149198426243,-5.968138546013847,-4.882476162030784,-1.3629960660486387,3.8523195032442725,3.8807126869227218,-8.16150437257503,-3.9747402389911364,-1.4266429066930961,3.9565040601771226,2.6576642834413398,0.12585280368712068,2.6509508645741136,-0.4314973802465361,-0.320321639769769,0.44299270611619035,3
1.1007335784691408,0.620224281010624,1.660742816255485,-0.15385257293782761,-7.459922732321013,-1.4541130120185648,-1.0999305408657987,-0.2958855799230615,1.1930722661065556,2.017305726494624,-5.944239220282229,-0.9819436342537462,-0.7168915651445118,5.180588574619212,0.6041035348301308,-0.28152170136410787,-2.4118840062107174,1.2558456732241978,-2.160791659535099,0.5276704722747589,2
0.5881975143152234,6.103563316407081,-0.1787410257624198,-0.5976575580599799,-1.446234853098146,0.3709588355045308,6.983985847763402,-1.1319753815038158,1.6344467991105587,0.47003796894226735,-1.016235508792337,-2.6366987625514042,0.4777196024764335,-0.24736621190713426,-3.8587326621561635,1.829252833017573,9.860587271074612,0.9934872795141109,3.88499673506739,0.15851615768696828,1
2.6964639301745006,-1.6841316096391812,0.7829271928064103,-1.0043605376647147,-9.886120740982722,-5.255011468385295,-6.026171428928705,0.4530465985675036,6.968100713543478,2.5008446813258693,-1.8202475571465133,1.777878552989235,-3.5739307103551936,2.2419012428533405,0.37216797184789585,2.047713565966319,2.725704853525408,-1.7140611909622818,-1.415738296485811,-0.9241849887163102,2
0.21420817236660117,-1.4671972276054,-1.3386824911899544,0.8262958862336164,-1.7825717650534203,1.5672050667207067,-1.779046863666815,-1.6319623176117561,-0.13545649184369224,1.071704110281174,-0.22759052533902746,1.1233386152714764,-0.4027908377418028,2.724078934623388,1.2549117668989742,0.23988224280378506,-7.473039275946362,0.33636651302579235,-1.4431984782267977,0.9059948429159368,2
-0.9732510017815181,-4.227065607576528,3.178095748707813,-0.06859200923225259,5.806627886676785,-3.896863748109949,5.220052204162692,7.926673649047238,-0.960256844061107,-2.8000908680862056,-10.410026040605945,0.16507018661257522,5.004363965296681,-3.583388739880561,2.340395657108125,-0.2739500165702044,14.357503831657104,0.5616653288263578,8.513213728248274,0.07071266600637727,0
0.4023419193299985,-2.092376292819305,-1.9052414000217792,1.2553904794316448,-3.284060456059415,-1.1097502488289623,-4.237143256881207,-3.068569131513015,0.8501922490196662,4.323199816896617,1.0125143533391643,0.5802837099405542,-1.5325207319606906,0.13300390028257358,0.8082706331303998,-0.002663063778187417,-5.089110341323304,-0.09018371236051975,-0.5799359015271301,0.12728748871425696,2
0.4034692032720648,-3.558159964737844,0.22851257287270754,-0.03882772723444496,-0.5388429632766866,-4.6258238388739965,-4.399671871318282,2.2885937475884988,1.5387795229257484,-1.218087287013111,-3.3659537766957133,-1.2787838697809009,1.0776829359840985,-3.02931898750995,3.788753251656584,-0.3254592029026878,5.570916223736231,0.5498478356799932,2.2387638701428565,1.7511835130121287,0
-0.1824347177754415,-0.4239578265184061,-0.8654675246358794,0.7724881040567858,-4.862837437541478,-1.1140797171133276,-4.151016149878691,-1.0240468495658006,-0.05522916726901794,-1.3698619745251044,4.421421905808748,-5.390663613621122,-4.406003190643206,-0.056106091594170904,-2.3916876822089224,0.5580918633215245,-0.5178589664802427,-0.46942886092647357,0.7476618185378153,-1.7128819081087614,3
-1.823100594222944,-0.17515794934903273,3.72012807066371,1.1441352827365865,0.5625996235312108,0.11090062226882513,5.1481964129024576,2.032582297196859,-3.7456165816652,1.5232754207316193,-1.9424666715136318,-2.560410922676935,0.6657351645579341,-0.12565111234488735,-4.563784230833413,0.9716401123139338,3.978145673394547,-0.2981856423311868,2.552065618020441,0.6185752841414097,1
-0.5200592407011696,-5.912275632386532,-1.48050024540475,-0.4431932788708083,5.957163043925296,-1.653653677673405,-10.461582556231068,6.4525502119741045,0.42261238908710774,0.40318012510398016,-0.13908262408350483,-3.4578748032354505,-0.2183692891377429,-4.259977278021033,-2.713477836118656,1.0589318311994182,3.4184231727682626,1.476036509393675,2.0695720859701265,0.27768714710403647,0
1.414866145656811,1.6093007338636927,-0.5433814693130987,0.2051444407136414,7.2913768701713,2.361660340791157,1.6732888134900026,0.7144282492314881,-4.76142088315804,0.2339820173891629,0.2761817558630867,-4.993147851520112,-0.356905022887964,-1.488279802517392,-4.049653391859385,0.9235225992019515,0.6682750603392156,1.4247643919729034,2.239141182076379,0.5884181095165424,1
1.1134190152357235,-2.0740768418574715,-3.66146426487497,-0.3024775423838356,0.5757134532042864,0.7264409117730861,-10.003967602881083,1.3183461822342468,4.050941177304354,2.327352184162579,-2.7028563612543124,2.090356587777654,-0.8978086997918098,0.7670463268724258,3.3638893968809347,-0.5587882727386152,-5.034683553027832,1.7060158222174924,-1.3306396283019182,0.3559364858711921,2
2.380502213496126,0.10556910022547861,-1.4513999846005095,0.7438403890414885,-0.14018654171264747,-1.3401055190520383,-1.055554018925532,-0.21767662784307928,1.2531282268677215,1.8720731018597345,-1.628492148690236,1.1792778494437988,-1.905542463362297,1.183417919761109,-0.19601172832392644,1.780234650554455,-0.830547325363313,-1.270763833198704,0.09942415652103587,0.7497898783937291,2
-0.9422226579254833,-0.7688816274971727,3.0485606991934677,-1.4335249350782149,-7.335002238662562,-0.4426128336290096,-5.267662869976114,2.102044099665485,-1.1669058129989431,1.1305572717267611,-4.91151244751947,-5.244044518657643,-5.22844450036979,3.0743661182168847,0.3691583025515244,1.6140945218075398,-2.0187879877921233,0.7064440979436094,1.6672771364629169,0.15213645724219255,3
-0.1668797962800992,-1.411777722675195,-3.3626502087315027,-0.4335219167928854,3.5300280497776226,-0.3864540386422901,2.9584707976117848,-1.6899692760245317,-2.4252053186870874,0.004757432646390614,-1.5853399899482274,2.8320405143760086,2.57481692880978,1.216167805918292,2.293412795880556,1.565018881555325,-5.7166749176377305,-1.5121017789772726,-0.892561661265837,-0.7591513723595318,2
1.3370063696959673,-5.453384564334687,3.491127294035512,-0.7355932450563072,6.9810248941496065,-3.1216389615529465,-4.859158839307139,6.243826718924293,-0.124284950639721,2.1977340149418283,-4.918830526348473,-1.5989197590400739,3.9087243629061836,-5.9005658973012025,-0.5393200374850106,-0.9555651013138681,9.541669166972698,-1.293982154515715,2.907987873736348,-0.5739667311244007,0
2.3348317532521556,8.354272221637107,-1.5120255285338455,0.07264050264846107,9.62799587864787,2.0095211303215166,14.734263294110821,1.7071903373311461,-1.823044807546259,-1.5075481842104326,-3.682297460646934,1.5142293712216301,-1.2712935714138025,-0.5336892407486062,-3.615579757017842,-0.4980416961943884,10.933942807769514,-1.1389918645639934,7.5750089133775855,1.8985654586840015,1
-3.7404363779475167,-2.4353895780447967,4.783309004216553,-0.6599447901509816,-17.728371011983185,-0.9088593945660612,-7.787220254944052,-2.113772709832737,6.326773235742575,2.232269028274561,2.178244936072341,-1.8271641337374465,-3.9734369688572198,-0.597448202594679,3.521379842942356,-1.639842424076987,2.3203897761149093,0.4703205105842162,2.4738519405852246,1.2733741402790253,3
-1.131691207011499,-2.2564332469495323,1.1362120562519058,0.04497972732860987,-0.6242745242322032,0.5250813867681743,-0.36087904151423694,-0.4199095090700704,0.7407345522457955,-0.04938354129735201,2.9616103452524594,0.5556561715168026,-0.24896079388222425,-3.0702624412177784,1.0167053938466304,-1.5193420734923568,2.1113637603487847,-1.0976103535087083,3.190053926082973,0.04324399659815945,0
-1.1671491168432984,-1.2889150343867724,1.9446134132394728,0.10276837014844108,-10.333625396953927,-3.202630525573298,-3.6034475827016603,-0.2296223475887189,1.5196137677447876,2.5935181193903274,-4.261340054113789,-2.585967870426309,-3.0907039072309965,2.181670913295175,1.380960106200328,-1.2861273396193522,0.5504942180661098,-0.06579190814734022,1.5122345801502628,1.0843440303282166,3
1.1986907311696922,4.028630172747599,-1.5391533517137685,-0.5374437659180945,4.630047800293466,0.11770157387307179,10.190992377911584,0.11477176316632298,-1.2524313799495868,-0.3907337782467446,-1.4970382992138038,-0.6728465860356991,0.45690774070490137,-0.8482287384223047,-3.9338874540717894,-0.27061452442523043,8.441436853782754,-1.82099724625092,5.94768824505309,0.19765629251706274,1
1.5561142123149478,-0.6279875078508774,1.7121682713445134,2.7800262232389477,2.9985392169235223,2.6360085240578055,-5.734293408684938,1.8096702640845868,-0.23423320172868678,3.750533342348526,-4.542958799683429,-3.3518252636756416,2.9637766891091317,-0.5818937660533506,-0.6929142693284049,1.8465128490851697,-0.3209631793019328,-0.9796111918085042,-0.7769445191070541,-0.5025757236384878,1
-1.7945353729404305,1.4220312661903542,1.1515170102034789,0.5573094686182766,-2.2359454893535116,-0.8841252612487354,9.031283485315532,1.277306630754653,2.5081911996264328,-2.3508198625872567,2.0432785923852537,2.5905775459192917,4.254101593630564,1.7938014506584423,-5.7905592941724535,-0.7890161780532787,7.439540784155726,0.31812909398027156,-1.0384962804279874,0.5099893873676294,0
-0.4003068345198326,-4.634051079582898,5.438849013969074,-0.6069179674999988,-1.8288825428643787,-4.2030170385994605,-0.3795155945253482,4.329966837422095,2.6343223629584385,1.5493343250412375,-3.66183188531111,3.195142273194362,2.2659491656092476,-2.4280743614228726,0.7025857930977502,-0.9428350001009562,8.466672957960478,-0.8515270464257608,1.4338734481761861,-0.05281424781697,0
1.5377149597812805,2.809358244654102,-2.0553771589794505,-1.3941476923100862,2.009407874184153,-0.13862906776309236,10.108631912287912,-0.5754092850562211,1.5130059791422035,-4.427160065007065,3.1000157753156796,-2.9089076188932346,3.3447332483765173,-1.5928643624600902,-5.582444590965045,-0.10060322842528291,12.13702310761163,0.6181701014709549,5.645704697017109,1.120580095192963,1
2.2640574983868516,-1.7741160672700818,-0.7182021985442008,-0.2782541894484231,-5.002104381374859,-1.738686719280813,-8.985809989759248,-0.2785485293955581,4.1861614979021695,4.683618088269633,-4.658129322559433,1.7483722682244038,-1.4781465632258277,2.466184822768915,3.2609731427496187,0.7500299525947391,-4.717514839237869,1.06752520814143,-2.9536796319384524,-0.02937113657072291,2
2.6895560283940787,-1.0614344705191416,4.54533827111897,0.22050451327674225,8.01325569518275,0.0651248865136802,-1.9103622983962818,3.6317111528021613,-1.9406553132168767,3.435831033581899,-2.985870083498434,-0.6387838008832071,-0.9105719151530383,-5.5866828750228805,-0.0036230441596840635,-0.19254671060150505,6.53191567078273,1.234146987461962,3.808004819966087,-1.3947414423263114,1
2.9747638449344738,-3.0549898466713685,-2.537609958231262,-0.4372939967807726,0.7538400534033999,-1.8413861526167923,-5.223400401763351,-1.5143879268358915,-0.7122427429643197,-0.5501753318756348,2.1754529920416226,-0.31252075855164585,-3.593010597390212,-0.234198593196153,2.3870774622442177,-0.0893095004113244,-6.1468813953244945,0.6406270932920324,-0.6254179043797473,-2.490388895114171,2
0.3057824369222668,-1.271458714680984,1.181368224904836,-0.2657443949983303,-3.685399707910644,-0.6121045159656825,3.386325237488756,-0.836824059285302,-0.4019648479182718,0.8944500032689632,-0.21196008991385767,-0.9273223391628609,-0.3536776785826077,1.6335871357635516,-2.418781972499108,-1.234323206294148,0.6726966595873484,0.04107518089541687,2.0750243617383646,-0.0799915128941307,3
1.0152405808583933,2.2345341948317814,1.0118218693342633,0.6099168907834213,2.7493157066478338,3.1600306048581395,-6.417208661585756,1.7320416462506216,-0.9208426700831767,4.493442205497901,-5.572380365320499,-5.445441460079124,0.9174938299787633,-0.2873305185917743,-1.2490328950329361,0.5590494463418602,0.04956152519533603,2.102969676593723,-0.28682232970016464,0.5262192639929443,1
-1.8127300760131098,0.025207595733114818,6.144336999540842,-0.7414276075172421,1.469248319883278,1.0899126735220221,-2.236565195299971,4.912825863727496,-2.3767120499143353,-0.19033295255903404,-1.833679848464976,-4.797011703815972,2.014561060896149,-1.2953707291184386,-3.689182267009399,0.47200514950793604,4.850692906375437,-1.2298089514662585,-1.8401517633114532,1.8860412971149425,1
1.0774593934752663,-1.5209599690568258,-1.2338219888255901,-1.3189687218513533,-0.47739312434886744,0.4707093996446412,-1.839109579915411,-0.21383986233214847,0.4984686123616616,-0.8730296221043772,-1.941085248848007,2.551212145849452,0.24085075828751767,3.058498684544822,3.128039278052177,0.0447391619327608,-6.617313255482322,1.3384141991201113,-2.5420787572953243,1.4141109872966209,2
-1.2879562508696494,-1.6254407149087364,-0.36540216264522085,-0.21699334824872105,-16.544003213324654,-1.5827327008018768,-8.958003331211447,-4.616407200712837,4.694089148134757,2.587864892922783,2.579555280264964,-4.521504821523306,-5.185796537149802,1.9481909903798589,1.7068323447181801,0.6322488819271014,-3.4826553455909295,1.0059814772731703,0.876559956879088,1.1062782204340331,3
-2.925633047739205,-2.382390126488182,-0.010219434674745953,-0.4469714214201595,-9.38499740887141,-2.934253973004472,-4.305822258287319,1.2140890822633552,2.699217274139039,3.2673797796374666,-5.573611920827658,-2.173526079699613,1.169163950920649,3.1325080030485752,-0.7424147313116647,0.4837119709608474,0.6997962735293506,-0.7415600394049936,-0.12839437015456223,-0.1586520023681132,3
2.4281369037998513,0.005762309648420949,1.9269570181480309,0.07384969274093699,-12.637484116214809,-2.9381131693075266,-5.462114836968465,-1.1963972261221525,8.004678352742738,-0.6686502781566701,3.718390944843628,-0.06735090663594767,-5.3284028770167815,1.3685097593820335,0.05918236167462809,-0.93277536446136,3.957174993656871,0.06313664377863586,-0.5661495618285793,-0.08484847276566371,2
0.2460196367737555,-1.4173977442949655,-1.1050884101137919,1.5248709712594537,-2.678707956478736,1.7851001489523695,-3.1007929973172925,-2.7030704315072693,3.1526566983577418,-2.5990779031470503,8.552842681137626,3.208782371893137,-2.808310097666478,-0.7432445765931806,2.114979010949485,0.03132111301107029,-4.767329228560396,1.4098947600536296,-1.4643734816948035,1.5340008781807577,2
-1.681725796978451,-2.9053483943619174,0.9938745079511262,-1.954570518102855,-9.225109481739084,-1.417209496795289,-1.603909686115759,-0.542410541167661,1.1254787756710818,2.7483972430057646,-0.8594095018722463,-1.7781277204383976,-1.968939792406597,3.0121917137466276,-2.3401165265657933,-0.21365988606341335,-1.7383708320831877,1.3365724912657901,1.349991944125881,-1.2544379386072644,3
-5.453908292671327,-3.472687125402913,1.079603097896887,0.6292581392963357,-11.039154761156105,2.7583082094394746,-4.631395600693509,0.08497926196522454,4.7940829719201545,-0.9704702060919361,6.277303264593643,-0.7861248211217378,-3.021788183214202,0.08674345209483958,-1.0033596216296061,0.10169002375444793,-0.10697490867269875,-0.9968928890583314,3.691900225678027,-0.7151638065523851,3
0.8367626745137401,3.5381732564545194,0.7327795304958395,0.5063360046354866,6.87154810551651,3.2427603127712237,5.509913729811458,2.666905700074386,-3.7314613641221417,0.0681483956194937,-3.7555070453043204,-2.197729963891584,0.5370992741015678,1.1520122447185672,-4.066895974415475,-0.029308621251211395,2.2693578044609786,-0.8326520748325636,2.080306912653985,0.2210345430124662,1
-0.27936219084687397,-1.5291713195086567,-0.7254697704869175,-0.9092111139264698,-5.257764309258731,-1.8246942957885572,-1.2173343771644458,-4.08208174004837,0.6460597897039809,3.100192168799788,3.880759736690171,1.7021533997060936,-1.7137604236714508,0.5466398117655613,-0.17272419186893817,0.6111745622427399,-4.821574590602553,0.02316270146960744,-2.1303346267841334,1.7947316088815726,2
-0.24998777847372788,-3.835396501843017,-1.6711121674998473,-1.5987205371305813,-3.866768857120511,-1.24265753958759,-4.012966691124532,-0.09237210196205736,0.8419944685431385,2.498773115659034,-3.2123525356080247,-2.622038691251719,0.775637800834239,1.1992760791401316,-0.09107533724454564,-1.454026236736245,-1.6309777232722884,0.6836509511914323,2.2427812406358365,-0.10077462351911741,3
-2.527477522840563,-0.2656622750117239,0.9849875587139868,-1.9378786649767805,3.69011083948992,0.02569366564931075,7.3097575792195615,2.045803421133895,-0.0949864640725544,-3.444934111593042,6.722767978751097,1.9169974262815974,0.6899718711131136,-3.81472649290167,-4.7477558053627344,1.6703571847542045,8.53215434740489,-1.014430410967562,3.4590735518045506,1.3092529698878164,0
0.9802732823862383,-0.4173474858736894,3.166593969836665,-0.6008907156250872,-0.9003284811040477,-1.0233173617660358,9.660914353038311,1.6711446577067528,2.672566118778054,-0.4171118940875471,-1.4732021064713883,4.945352046222329,3.1999974286155792,1.1305554437274714,-2.8990974222493,0.024166138725236413,7.956306175828001,0.21596970972569457,2.1826206207234415,-0.39867118284230546,0
1.5414807443190732,-2.088336095396871,1.376482087725282,-0.07211865492814971,-10.103918464252445,-2.338189564140853,-6.025340982660572,-5.1787519695274025,1.6289159579164396,6.825364168989179,-2.1602170406333965,0.8186284023509988,-1.2401243633196752,2.946002658075015,3.367709212648191,0.6819277380032486,-8.492850452997507,0.0306144647983506,-4.333515364439181,-0.22116279482803627,2
-2.192791053744974,-2.62991919251101,4.297637613935155,-1.7270575328396187,-7.468888648718206,-3.037884617913977,-2.179232016203885,0.7065062577951795,5.454569628121398,0.42269378037503813,-0.4749213468663209,1.1315434870490437,6.417409490229108,-1.7802764936756872,1.1954770009883604,-1.2006428573958614,7.712141675135766,1.1244174681466639,-2.6625682203654084,-1.1475636788775472,0
3.998451398411876,1.9574650371093831,3.317380032153768,0.04396779600074701,-0.07126849001704497,-0.2251230031033602,-1.2655839169265144,-0.8659302463654348,1.8554989897884648,3.3119086942095795,-0.48923666420389383,0.4275156345517366,-0.6216481757749444,-1.1738889647049486,-0.4576327173865775,1.958654794071419,3.047322838879435,-2.0173773848289542,-1.5178005787455926,0.540002948924055,1
-0.2800688030603551,-1.1912232565422616,6.754855274154663,1.9735368959351094,-7.219267047735635,-3.401165333122158,13.962198944621404,1.516228894528255,2.2540673892833247,-6.1343335918691455,-0.7412266674363388,3.3025056547498135,5.227433519249663,2.733778329808341,-1.76543665710795,0.18898664574364774,10.805278992094978,-2.106877890149133,0.7692818891601708,-1.352660995101244,0
1.927332720506405,2.5241884232862137,3.5921618996164635,0.5314100023954796,7.989056107392908,1.0898233211066204,5.840411423333021,2.4010364452527564,-4.5521609290060985,0.07507976330931188,-1.2284966571978841,-0.2416836912881093,-2.3679431139769807,-2.3870709764927023,-1.9861079211922925,-0.6862387173194351,4.559326649681566,1.2280779229623224,3.1558673121719605,-1.2085746333301841,1
-2.6188642028550584,-3.788239098624226,3.2276490653877348,-1.9100245617938043,-2.75478683784328,2.333905513619807,-2.022459696870041,1.2541409531503,1.2755124739734174,1.479446704115214,2.2389764762449493,1.3727333741666614,-1.000448317190573,-1.71440986490509,0.03386686468403721,0.7724254110872284,0.23711427667942744,-0.3430353050142959,3.2410920918825274,0.1582391268790533,3
0.47321429616389676,1.8990077575253097,2.4159425469694122,0.9114833024566436,-3.422359227502727,-3.361637460095996,4.54144969993004,-2.1886882483349615,-0.9387335577520015,1.141638162592863,-0.6987890376939506,-2.9829055087619256,1.6668000602826014,-1.2232071158237945,-1.620128639026799,1.495645205078405,6.56685599183241,-0.10404700799707245,0.5140250411952197,0.153053160089564,3
0.928683725403642,1.7873260526536225,1.2701759877250107,-0.18234567638896107,5.052325094682488,1.1930669759574444,3.3802619510721588,0.9461660819193916,-1.9289497816238148,1.5627160675970704,-2.7286577685257294,-1.181374677178373,1.3654089725632512,-2.0302984562963213,-1.14548594781507,-0.7087032926622471,4.587029588278909,0.14020652420620688,2.9960833644461387,-0.40020178320956384,1
1.224625441292818,-1.8815238178480505,-3.990472074752017,0.18139773689109745,-0.87732846507496,-2.226226107540382,-9.392294650521729,1.9989222578443933,2.5670510359685057,4.468765978360592,-10.505614530796612,1.499745232558269,2.10434202859268,4.564639787472828,3.702011718317477,-0.614771114144766,-6.933071695191778,0.8115613246901698,-4.637923487776829,1.1524556587048451,2
-0.2287218847184509,-2.2873324406824227,-2.3584738552359763,0.24059080491400553,-0.849904952483581,-0.45402579942781085,-1.7034166613183808,1.0636086706027963,2.932034995144603,-1.308794004575526,-0.6139750263241901,3.5085772880346418,0.44655739510990644,1.5109911913683973,1.9309042428255414,0.7537704952597987,-2.0039712105603478,0.46912695330352666,-0.24940584284941236,0.44749782283112766,2
3.052219200438247,3.2102118266476913,1.7388809193779102,-1.8269801204286438,9.336953549583058,4.205308153179729,3.1098019841266646,3.593068952354118,-3.729938949300832,-0.6581232195575057,-1.5359863439356878,-1.196397386470572,-0.962876552959536,1.4734631587355809,-4.813249011749807,0.903789141852706,-0.4740926901676872,-0.507526431488076,-0.8271855882767709,0.4943594804974143,1
-0.361905507833731,0.9756290570871453,-1.3344854888877995,0.46619695470557376,-3.277719857128351,-2.5979547989297007,6.370342730475929,-4.377394107736667,0.17031580590616624,1.6633219374185917,1.58881016456943,-0.5414907219268112,3.6247976708965823,-0.43168456714939296,-2.3022901937111806,-1.1062033090646939,3.6097062710509973,0.45335972780472655,0.503829611440131,-0.303582784050061,3
2.210473644344105,-5.597704585564623,5.980295424033132,-0.4767324706503288,0.37225474631178035,-0.15107210030256435,-5.664466176658931,4.217975850772111,0.27885395565299387,4.1311768461907405,-6.107791432158617,-0.2358990466707076,1.7489031246444031,-0.377903916403431,0.3851624045076343,-0.6433097999411301,0.6626404518868414,-0.581230267829545,0.19817742169304653,-1.239229843952728,0
1.2705549844605293,-1.1312811919833134,-2.469632065878261,1.1811188482232942,0.5468153008350927,-1.6708934267315032,1.0619413123700636,-3.214555291947888,-0.6441343482382105,0.05902653072721065,4.318860339780242,2.5338373106641825,-1.3824421988252384,-0.2415996213628222,0.48535641852415123,0.9825070386222116,-4.365170393020468,0.6126864178143371,-1.463469041815941,0.1487235001567928,2
-2.7823298685987705,-0.41547169930588235,-0.0502119096294289,0.5243985057008649,-1.2575898479104886,-1.0034527591689155,2.410257952399917,2.076664221434938,1.6049392342944353,-2.9414024103390504,5.569328548656312,0.41433667748012926,-0.21324991648703917,-0.8289809950825393,-5.007322871696704,0.982176172838533,5.216228489669143,-1.181935869887245,0.20711720856420435,-0.7137702745857607,0
0.37180675448662925,3.0741647661020983,0.4057174468511202,-0.8242449527881008,0.7858650482020881,-4.307764042525303,4.988169363490369,-0.9775538488370699,-1.4146131184470176,-0.573989284442207,-0.7489344870886168,-3.366958791250739,3.4325775862097223,-2.260849579003305,-2.3230925380839373,-0.5640227314246962,8.791630228398256,1.136894996913597,-0.6341576597455001,0.5943366087369891,3
0.5589825515489143,0.30956487732223703,-0.5638535892344915,0.015796692825586035,-5.488148976462595,-1.1327895472916778,0.49989657436428164,-5.903436718649479,-0.6392955461319803,1.285665190404772,8.899916143689444,0.0024360499700790683,-4.061951295620186,0.4430241634308243,-2.3689604112648714,0.7245695833783397,-5.63051904488138,-0.34520684181816413,-2.9687526875115946,0.6225892309360672,2
-1.8064783378668845,-1.1012188372651655,4.143058575386361,-1.99887773613191,-2.4113083211399844,0.9645379216562069,-1.5808618742430791,1.187406390733389,-0.2893300919805619,4.987390284901071,-7.809729065978662,-2.4162856021577057,4.322560129627339,-0.7440689634397475,1.5106175794357224,-0.30192165006322197,3.2541577268666977,-0.03290189104022517,2.1672244903516416,0.2193706480379118,1
3.2294653008427074,0.9333221083203584,-1.9368292405955039,-0.5088751954202513,0.8453556832310123,-4.301519854673116,0.33340482662070847,-0.26246343179997367,1.003535459148958,0.29750626452735296,-1.7179696461327005,0.9336218678684165,-1.6713192687504534,0.0012969617999316618,0.4367266931119336,-0.17278800544025036,2.515008228126736,-1.803400451510371,-0.287800389839733,-1.822958986433903,2
-3.17668751041919,-4.283661733119498,2.9439097323490375,0.5605032358336176,-6.633156845036769,-0.7609072016273228,6.313257904209823,1.0550252519341061,1.4365133213787828,1.7943669509833633,3.6311862908081642,3.2763897613286663,-0.6199480051434372,1.8402324818200324,-6.666926180083491,0.7563899600802455,2.584266453686619,1.0490333789886384,2.991485661250123,0.6374292216692861,3
-2.3229634993617365,-0.6775154937321151,2.8455600421102925,0.9263875444446998,-4.644053569410728,-0.8054823137706612,7.89620983107608,-0.051151444064618135,4.060398614299409,-1.8467386259942928,-1.4502749085091655,4.53299895587309,5.661313183364548,-0.6003802362945146,2.179248770913512,-0.8759061546935356,8.58139457330736,0.5922452166433445,2.865113113941085,0.42320557277182697,0
-1.9654956968455115,-2.671524868759585,2.0280993929603253,-0.6551589463725652,-1.7228162850965625,-4.113465100793357,4.578035994469967,2.6900801843940254,3.2984521602519106,-5.7010689680781645,6.530976709914965,1.5803092327866386,3.7632882130626415,-2.88529332572241,-4.147293879844257,0.5001986209124233,11.280955624578636,2.1143762679708056,-0.3907083346930813,-0.11426613409281816,0
-0.16321692133440568,0.4486085494391141,3.542114788330436,2.3319836960691767,-1.7571905764597398,-2.1484574503461986,9.714443106740053,1.8747611836391482,2.978284022272962,-0.5605720118103594,-1.8100386110417948,5.0097379962480435,3.4189987322283377,0.3643274988480709,-2.2443413239465,0.12432700862847032,10.036798802176806,0.8583846974345173,1.7967702692049292,0.9399195274635567,0
-2.492430134243345,-1.6339250776509973,2.646678369059157,-1.3868267606651243,-11.80108196739877,-4.739286427875645,0.32253451290823104,-3.2439138654796413,2.0791496288847546,2.5264970237235147,1.9371827249950764,-2.688804330006438,-0.770821744683117,-1.8726339895872162,-0.43966543036966,2.0517650982021998,6.1330636153463045,0.011208238384341861,2.731009637102866,-2.075316769306431,3
1.5820025409528893,0.8424688939642193,-2.674000863622239,-1.0840587365062233,1.2749829092271463,-1.4758432210563146,-0.8939661014382196,1.1284626607500452,-1.2838598100631287,3.6624306978549264,-8.26468842427927,-1.1931087722730522,0.4289896485052427,3.805083979846385,-0.9571121052060572,1.375308643403814,-2.70548683935656,-0.4130765341917451,-0.7336639466795328,1.5860024210129813,2
-1.709306112004672,-0.047231793800925015,-1.0731517417184606,0.591078476506341,-4.631847511054071,-1.567838874851733,-2.4897309939472936,-2.0103791946230074,0.4883340253560008,1.8091093145028128,0.25174139883025193,-4.180946619780171,1.6357934806019312,-0.5972800228827133,-1.152772439821141,0.6250908336340693,1.3595595513715597,0.1888472928565346,-0.21900985756093805,0.31801149266751344,3
1.0514529169949398,-4.664272900900836,-2.115231227430251,-0.3392185933131189,10.269197369564287,-0.9474025475631207,-5.213911613293694,5.562367376976786,-2.303439336640797,0.18608457184835325,-2.4910649020950673,-2.4529690798619748,-0.8335322953214885,-4.5848209666715585,-0.8600028255685158,1.032815996755306,3.2796593788887938,1.6800615248022515,5.472610201205169,0.4340533769214515,0
3.6995211590698,-0.4459367529501119,2.0378041121425374,0.4026592511977565,7.9912869665156565,0.29535360830057766,-7.881448241832771,1.9539901401842088,-3.822975520618047,4.680244205607357,-2.299117887660909,-2.2390249078385787,-2.7919340392527014,-2.680517313249919,-0.03944211010657739,0.14845060760144596,-3.558741793316739,-0.30131576210132405,-2.437268676952906,0.49652544131145304,1
-3.7213571038897797,-2.7196308292091276,6.050647961544399,0.11721179981621889,-10.030626441473148,-1.3114222844316448,-6.664372524249697,-0.22071943698754226,0.8897737225114916,1.7958581094418007,6.25967743211646,-2.9297537794366173,-6.7247721514132195,-3.6298231584829197,-0.22308969466452444,-0.4580831804105587,2.1365109497720804,1.3245549621255597,1.9481425377772374,0.32316396875962894,3
2.2584428142668806,2.4048926819270395,1.436584747632496,-1.6822956315292419,10.98370218106597,1.6308233938665178,4.929494813979347,3.2480756069202714,-2.6497444120549454,-0.42049382464865204,-0.4635690289525992,0.18537225317778105,-1.1294962469725944,-4.211733024001221,-2.344135746666165,-1.9431551957661923,7.511243025504109,0.33394597322591446,4.8264603991703785,0.24689052251398397,1
-1.9661000234311565,-3.832902078137145,-0.08310849500517903,-0.6158749704199612,-4.9282070464754515,2.9694837893284203,-4.279441045309756,1.8184139335572804,1.8335853576289762,-1.779075040151719,3.585047913766941,-0.5101972151013905,-3.882823660566126,2.5402490751109923,-1.8021403992000278,-2.6144410761839096,-4.82668507042037,-0.29491226766924467,1.8662776434827855,0.8532694724924376,3
-1.630862300179417,0.982838918396383,-1.1553366786837742,1.1013278116336973,-2.829258305396782,0.359647712523828,4.676789882751451,-1.4082284758651857,1.9572106261261364,-2.761672497573821,7.167715657392933,1.5441481717538785,-0.3314583060253342,0.5563277475742743,-4.014190217135306,-0.9521708826740738,1.8575667653604617,0.7215628536713528,-0.3430823326798751,-0.8267411458526538,0
-3.750063899852293,-1.2685089534566139,4.037372582545389,1.6730506415650022,-14.302466036709609,-5.013632371323366,-1.4741691111323132,-1.8144277677725789,3.643063015097717,1.8761600718166163,2.355911464321754,-3.349250295046942,-0.9268259359390856,-1.8393045455879835,-1.2217029345831574,0.46018298114511125,8.443976431247497,0.20658766319247332,1.7116690840437014,0.7057453801697587,3
-0.08522021674337443,1.8587332342685587,1.5923421137884022,0.8553500246075812,-5.611904491541494,0.9894852499446354,2.910322678743323,-2.3332675309654496,0.7011919691418119,2.312500226863795,1.6298954243846984,1.66057726655016,-1.834024998324328,3.6411278677167584,-2.715880709268808,0.28474360524550013,-3.2889350568351956,-2.4538467760310962,-2.3892123108679884,1.1096070568847811,2
0.7419737536426609,-4.062035664944919,0.6433214205454878,1.135133005106634,4.746417104389745,-5.000002647633696,0.46472459415388545,5.4285854136927245,1.9728423233906356,-4.660421033149724,1.6506970231707205,-1.0990193075036485,5.211010386627227,-4.260214780485281,-3.9206906218866773,0.7041972061427514,12.483119430586042,-1.6088486744468955,0.49208654249167216,1.4086154010445082,0
-2.099454357193227,2.894490683708069,2.5834160663043764,-0.3078474166026751,0.7368062448708828,2.5033600981985082,0.9338754504447591,2.2185644679612206,-3.89821108183905,4.16485428307006,-7.9373717302577385,-3.154953149970162,1.4092938792609486,3.0733260186343556,-2.3148645215075536,-0.406774350873722,-1.622598952156747,-1.2039525252417818,-1.0620650630545208,0.3874185903062068,1
4.81212761069064,1.0587904617664057,0.25026419503462205,0.8104146665346127,15.04683580581788,2.62480852953138,1.3797789608186926,2.6928274058382584,-1.598067675172917,0.22838556995800685,-0.4067765183146925,2.9628011352484083,0.2785785967739156,-5.0300736118763245,0.6579875899830823,0.8431479827782506,3.625015855921794,-0.006579586492056268,2.587874138719077,0.43776708766868255,1
-1.3247246667879706,-1.4202279413711745,4.365192158430638,-1.008334009634352,-3.9684069082881424,-1.457751387446975,2.6356190993763935,1.4708810447748435,2.752774112119166,-0.35342764689303086,2.426990561649938,2.1763820053077962,2.3181267803484342,-0.6120815266590071,-2.8717625156532254,-1.1754437473511672,6.1209121828388815,-0.6256864237493913,-1.2843922758813098,-1.0405656649726316,0
4.658771448735523,-1.9399165515417245,0.8949724457284295,-0.3419287783636575,6.68411549324573,1.8573842126083209,-8.903775637829552,-0.19092973770963484,-0.8144048160182059,6.44965340955976,-4.3864950257873385,-1.6804630346270044,1.179584668739135,-3.50559807968534,3.039397660205005,-1.3852909087781309,-2.9020669544674784,-0.46967948271876303,0.12179002769229763,0.8414859502841106,1
-2.0409363199851467,-5.915177488646782,4.009772789431253,0.032293618677986365,-2.703252356639677,0.04309003845644255,1.4851807302445599,3.005664587435849,-2.0542195896882682,0.6174326820495801,2.0878563132905525,-0.09624217708623495,-4.204897214120617,-0.0934168025049622,-3.7711826767604983,0.32107214220451946,0.24782424428210806,0.6567804225628722,5.44063974146219,0.5269673310290053,3
2.0005883365264294,-0.7677828984723095,-0.7769621549712667,0.6149520506403946,1.3701579746675427,0.04568646495631423,1.6303381414740565,-1.0454684415305473,-1.1264414679192094,-0.3084740058195803,0.6760319790122122,2.1225592721389535,-1.6142097405651668,1.5012231807540108,0.5664386810113257,-0.20505876243870444,-4.361407144840183,1.1890029658884764,-0.5058634247674075,0.5782825101265522,2
-2.7017453318634566,-0.17009987204133825,1.935314727352622,1.017906792301055,-10.29850934326294,0.17637260324957538,-0.5335649583744746,-2.031555465488491,3.471439427571668,-0.10497767923854906,5.237872532052084,-0.9370165083648756,-2.053244820102849,0.529500999478483,-1.8319752135427065,-0.7162481481989085,1.8002530684179103,-0.7140423554361316,0.6764242180375419,0.14712084084557622,3
-1.8604022390849928,-1.0747723368000461,2.4126043138234134,0.5441233503995898,-10.002384890128498,-0.6700679083069301,-4.421206776879012,-3.1944271910316173,2.1198526709519836,1.3662044323845701,6.3710796510730905,-1.5860368144879151,-4.307717807045372,-0.9063293294041328,-0.07984951654705408,-0.6024899379467953,-1.3481484026633486,-1.2903001767802595,-0.43380419989331864,-0.48511506348364153,3
1.0645758528483755,-1.552528123775347,0.6401437735151974,1.377801844701744,-3.1507819606033953,2.148658406661906,0.08046706863006278,-2.0017960120499794,0.8186395350214407,0.49482568974160235,3.705246379995538,0.785959237950614,-1.9722624705402436,1.570484510719606,-1.1963275920125238,1.1741520976709512,-4.239007447708781,1.8668381128971872,0.39721092002654146,-0.6351921266573415,3
3.0948181517981217,-2.378681043362901,0.9499221007514387,1.5723285878615685,-4.7738224551540345,0.4468938098922117,-4.901489692643436,-1.2985242539413373,0.3832418886653397,1.2112030032234946,-2.357422393513274,0.10176596525942516,-2.689168595826901,4.445101750314763,2.6899652402173277,-0.5081820432654086,-9.130611345092184,1.0048567242110273,-2.5998649126967863,-0.42696166245849027,2
2.8753870511789765,0.22518754077511005,-1.898354164915613,-1.1110630779790542,2.4243521183670964,-1.7623246790229548,-0.7616244638127966,1.165554585821345,0.5366823729207034,0.9027417791785488,-6.826504924668157,1.31000237114048,0.5249756224200699,1.7354874903061819,2.7528418062124267,-1.4271299075484865,-0.4785344590072345,0.47778873052675525,0.11256060034633486,-0.9376142856903709,2
1.8758944554546904,-0.612253973518108,0.09714914511717754,-1.0662357196170114,-6.070980518008447,-1.7271885450668807,-5.66491458163188,1.5098724416596019,4.667374292800199,0.024048203927947265,-3.2678000209733673,-0.7899944590469525,-2.5877143864464687,2.2175239653991152,1.4895328203288143,-1.6643206918519255,1.474993512727025,1.1947449491979394,0.3580999671692777,0.8366148966095085,2
-0.5340248174521434,-0.666459500243108,3.845857795124221,0.8802785678460828,-4.465902483242622,1.0744386666785912,0.5833877819957408,0.10216465842570277,1.3629488601034554,0.6067059341522341,0.11854315528938224,-1.1241301123071359,5.0015389212211385,2.2812852053410757,-3.295193499669894,-0.4481498192305659,0.6341134927806918,0.6448784658791357,-4.381065225282747,-0.09508681878642976,1
-2.221828730525522,-3.7330419644374855,-1.1906980106093925,-0.9489309831011078,-1.62110012484726,3.3761156689261074,-0.4636238660510588,-4.034256720009077,-0.410233163224871,-1.6261007816147064,9.554074683497806,3.57760997453205,-1.3257265703726924,-0.7043177671754028,1.933035536566344,0.07917248305030788,-9.483314083924,0.4413390851441676,-0.5577257253989764,-0.8928024557366314,2
3.1315766796090383,0.3681624336958902,2.0784391514049076,-0.15483134139670418,-9.607293939008287,-3.057300770872334,-3.8255636337259253,-1.435955710703681,2.582566348640532,1.2552353792057631,-3.0601684469322543,-2.020642624311907,-3.2971076543234323,3.9981457649677323,1.1778226098665276,0.014692239452757739,-1.4693985500628965,1.5394832426265759,-2.4217250739211433,1.804033599559732,2
1.5250866221101045,-0.23963837348161898,-0.005326597564692781,-0.39949103807895414,1.153788203390917,0.6476288558687426,4.47224612882335,-0.03812579850311826,-0.35406696353719935,-0.839527785824822,-1.563581261523744,3.838108877409897,0.15636162771104134,2.8203484205565177,0.7484139506382699,0.7199767961795186,-2.957055432575003,0.5045473404932355,-0.35173733768780413,-2.4218875425350954,2
1.2062245902040902,-4.143342041879716,4.707721686354365,1.3140127427792712,-5.1246135762739735,-1.9249274351910266,-5.899620763529659,0.9930656929203054,3.211383826832021,1.8959364317537903,-0.1107650087660172,-0.17596770049173838,1.1830155263035522,-1.1934758777751888,0.7512957641393649,-0.9842160761758001,2.218654613956424,1.1005318874451913,-1.7635245826754118,1.0179915997989697,0
2.9105868337646643,3.1999361461344957,0.23028373122209111,1.0214939278517772,2.236481323760911,1.3232333949148716,-1.0841283665896702,-0.006166270367505389,0.8653285289910868,-0.0695941970491527,2.5695212716543048,-3.425655770344971,0.27601820104972785,-0.5278239994816398,-4.5791903951839705,0.16330279114628138,3.148761429240296,1.0090961343923965,-2.0811789093920243,-0.1789599428757498,1
6.9511170046813096,5.160895337543441,2.566291592170793,-0.9226747498788312,11.908499030787798,2.3307359247982227,4.609082195336718,1.8306473448514902,-3.707904685955428,2.462408566101378,-0.44659088817536907,3.4416702810607442,-7.415673893617406,-0.7976606232372052,-2.6680351674365044,-0.029223995255898087,0.10744396944121393,1.1538011180639218,0.984284135450108,0.17665642836204934,1
-1.242653648857553,-1.2112063154804376,-0.11015191881006325,1.2589178216756192,-10.617901103367295,-3.2735109936836793,0.8857624120737638,-3.184197475217493,3.357662569826849,1.5264340702555503,-0.031123440610184128,-1.3770803657935076,0.9903068035449998,1.0689034253412175,-0.1482439365131838,0.8685231934970208,3.1979843801089074,-1.5797201503991545,1.683216468632044,0.6517430491753388,3
-4.314260841243092,-2.678887788509435,-2.245782271688225,0.3310465109707287,-4.104297277293238,2.9868342726752384,-2.2076309944410237,-2.90323892375769,3.573396654887587,3.9427645700443836,3.15904898264802,5.007692097421323,2.3338486362865067,-0.1357157815865213,1.5689818070976569,-0.9014217104970028,-5.391963196075414,2.6840578153676145,0.025722280317477253,-0.2926347126954538,2
-0.8623300706270025,4.694731292503326,-0.6115881023083309,0.03399869933980326,2.8132422474490837,0.4264756235094008,6.377859936830899,-0.24598529954835113,-2.3852772953240216,2.0380648682729534,-3.1394551351321045,-1.7699473645868453,-0.10355553781783722,-0.7947951740978272,-2.3425589689933677,-1.100176204583657,5.367063508163062,-0.8164571438462908,3.8724649311237966,-1.6069010137807576,1
3.2109369360178173,0.37838650846039656,1.5814077492593683,-0.6700558585271362,4.738798068182435,1.3768565697599047,-0.2579393656050761,0.8881691651583692,0.23061709330828073,0.2738246787850871,0.336644544943805,-2.1911649983764403,1.685011071584494,-2.829566436860201,-1.759494120534718,-1.4859856920698316,4.987200377376836,0.9297909614316462,1.609165412166706,1.8585984529679487,1
0.9983748795366414,-0.49292555544717,-2.043292452253862,0.5912108179569687,0.6273949291060508,2.2484582920698832,-6.481576453254768,-0.10108405047255453,4.205503454114794,1.6328928113238455,3.3517447447930473,2.5206912668587798,-3.2241440104364028,-1.6577704431046243,1.1728461168695663,2.021813005135027,-1.7841967816141753,1.7932016464713076,0.8916258920363407,-2.3033707323524153,2
1.0791107831569753,-3.5465192057326993,-0.08499960879714274,0.8492556391503083,-1.0394696849367162,0.6574493327344197,2.0858087387213367,-3.876482465596737,-3.230242946974965,-2.1583689844341003,4.784429236051324,1.9662627620421178,-1.6278580938550997,1.604818168575133,2.4761921502864586,-0.019068258767330027,-10.088861251116708,-0.5290036805286251,-1.3087690711158626,-0.8369198285056192,2
-1.3955084547876018,-0.5538742637786482,1.405943842893727,0.36138272780148734,-2.592567727008614,3.867142930599068,4.863616492443743,-1.648350257034741,-0.4170518366735525,0.07338475359413188,0.850009770519449,3.1912708220063406,0.566424773476708,3.042574097174704,0.29783704539713307,-0.3977424900256608,-5.118505533542222,-1.42724395192426,0.5679343656682756,0.5278265527475743,2
4.145849158222267,-1.2663660426792964,-0.4982052336486821,1.1137140574986275,-6.6967192288028965,-4.77971883423478,-9.125828214955233,-0.5388740729063525,4.780428370292329,2.7939656812419855,-0.04612189012281231,-0.4752184100642374,-5.598746631263598,0.9862517042319283,0.5144788061389051,-0.9183022309691533,-0.4642532032549141,-0.22525868215359596,-2.139693605240776,-0.8096500501949813,2
0.3207388102805173,-0.33897892271420704,1.7417756376689966,-1.8701895621449662,1.857383266111815,-0.08294408858409441,-0.8019500023291265,0.5887731352149964,-1.3801265134247689,1.7126726930655545,-0.8183946377471529,-1.6280290540783648,1.8115061402409163,-1.2006537577587035,-1.4430399044270934,-1.1282563407019532,1.1907026060063244,0.9835046171580215,-1.0581066129309775,0.5024058434128431,1
-0.6388924981018198,-1.9092090738019767,0.25191850956144,0.4775256411263925,-0.37199936575059955,-0.20337308668018506,0.3081162268314118,1.147865993005519,1.4573172917442367,-1.926215642170452,3.4366422001113937,-0.2189955360763216,1.3119257661037025,-0.9732701823045197,-2.588370676904863,-0.07540184706659356,3.015447764177972,0.9400258953931735,0.4224707475322721,3.103201276114097,0
3.09957882742588,0.0750218072718194,-0.5889104800512472,-1.0999248365507592,1.8940608418154101,-1.8396307259994185,5.141380722865169,-1.834612575146338,-5.017833687533635,-1.0352722856320073,-5.687493759465257,-1.3351125445627292,0.8898321681351629,3.097753198339704,2.5971942361437015,-1.2940773395031906,-4.392519732329765,-1.022301641755062,-0.06373089850731573,0.9859868882962404,2
-3.887775868882266,1.4804475892738753,-0.203578098631773,0.013103258278297057,-2.33308329617279,0.7125886354748578,12.595147050057395,-2.292710982590645,1.0861009547137213,-4.118317205779157,8.959699271661332,5.62878908235702,-0.503390640546377,-0.8094796710461917,-2.712313314074769,-1.652830220784731,4.446844120173386,2.4178825780364845,3.2096018110714537,0.311303605987119,0
0.30680897812743124,0.11679028761130827,2.618531925008843,1.1552791033227872,-11.402033962830489,-5.294330686487194,2.642962112892778,-1.2813190496005946,0.37349731344948034,2.901990187767355,-5.264301253155991,-3.8068249598430164,-0.802342295705995,4.117930626523207,-2.6324381599372324,-1.0873517077567594,3.502197253090405,-0.6057299809433621,0.4152989687032471,-1.4403491149827736,3
0.9023802035293513,2.879039389998581,-2.609864361129503,-1.6415112152476155,1.4950519639849271,-2.2745589132466026,3.0643357619941405,-2.92121225260946,-2.7746035962425855,1.6561847748606724,0.15298394682819016,-0.7554318595528655,-0.5572702395363014,0.6392116795997888,-1.4887891706412626,-0.7619577962497457,-1.8143989909776337,-0.9675771650031598,-2.055673610661527,-0.33926183823890094,2
4.415311620675549,2.489377579053353,-1.6888475483716974,-0.18638334069979584,12.062335101809753,4.319408185429284,2.5760869199211016,1.0636690902464399,-3.3626128545593463,2.1596084722279523,-5.059089591362382,-0.5559742179521463,0.6668184482763753,-0.7902703441896965,-0.2919531369624644,0.92695571243999,-0.6689115024839822,1.181832557152932,3.6483623376071987,0.13015385483669048,1
1.7649778004187553,0.5595987159076445,-2.9509231912373126,-1.0065274309849317,-1.4624575469462842,-3.187935834461774,-5.107520944721452,-3.26606577841728,1.2695985565060193,2.655588166249885,1.7738743278275717,-0.5353431281494239,-2.182304611235131,-1.6223916701891445,1.6030561233587026,-2.3635693119404295,-1.6980153278118757,0.04705349779187311,-1.8912029383838844,-0.3811557454961726,2
1.5125369789461545,0.18831174761406433,1.5371744081654124,0.6776728700934422,-8.9569204430628,-1.3054225903666412,-5.508558015328701,0.04382982406193903,4.783579393613557,0.5678576568195913,0.8683368202448715,-0.34315988127199337,-4.507173773767192,2.8890134267653824,-0.5440156570588306,-0.7721802450624601,-0.48452099556674877,-1.3970537329926653,-2.082105170747052,0.7427068457256457,2
1.8633126134966105,-0.17061889856241508,-1.8655255373034447,0.29630324755773246,3.4006198419903773,-1.9517458293117298,1.2469539065433348,-0.633311650233262,-2.332187411352639,-0.5349466332128514,1.404814553224306,-2.3336254885927126,0.2905722723283428,-0.7423556791640356,-2.6188323092599766,-0.5305600376356708,0.45018227570977026,-0.31813211325341345,-0.39954466185144977,-0.794045681610099,3
-2.7589333004865866,-1.3044455032508155,4.186264475086742,0.5795255252509753,-5.844590396607199,-2.834742075015691,-0.320960158417064,1.3267611798847585,3.8652674101199502,0.6043857021905912,-0.2886636033885287,1.3604416771929801,3.115596141823788,-2.3486028030013073,0.6327298473531586,0.7564688367602417,8.405064471854901,0.40692174114878144,-0.2554211244065796,-0.9796085967942189,0
-1.7395006919679266,-4.248973070386323,3.9673330970632064,-0.8944957572277883,-2.4627275765747734,-1.2826954444257168,3.770738427249069,0.5976619247166679,1.89374140569923,-3.2452296152948135,4.304460694636394,1.9208171166201338,3.7939246424938284,-3.3781484650407765,0.26997180835628143,-0.4397630440943282,6.943561788619759,-0.6837276584862456,2.1748449385286692,1.6919153911091072,0
-2.787797605430282,-0.3368475479531843,2.886028964808898,1.2456682634615757,-7.484939988934682,-0.7200598725996412,-3.486665395830824,-1.2325219246194257,0.9787551972014692,2.62539177438864,2.480411062689756,-2.668341100251715,-1.9643510231008565,-1.266630858325346,-1.1014000329217852,-0.9170648959284549,1.5156747540962956,0.6500383348494176,0.08170474133622219,-1.0203824492364142,3
-0.05924759719022887,-1.0812998622586543,-0.22630480701196998,-0.2960312957365682,-2.5153576029104188,-0.6542645959642449,5.506823085820291,-3.743915184349861,-1.4155643874326622,0.4453943782831721,2.1428955655624136,2.8791362270791616,0.4841213937876663,1.751902062273032,0.3547974764952122,-1.5690037440759366,-4.38975004611429,0.9351765467299625,-0.6952542865826356,-0.04226391470724283,2
1.5599298071057668,7.036863690829131,0.8982977135660998,-0.020382443580227366,-2.0790009582011653,0.47913706412825086,16.757564847981662,-2.114313688069703,-0.8702501800626946,-1.8522512580174078,2.3446949122547553,0.043021118588124185,-2.389262028338149,3.3285179906135647,-7.832195118962074,1.4912286454833776,7.766046241494243,-2.356183314269409,3.9800746657576345,0.5111705243542427,1
0.6181205648615459,-2.4406654266329224,-0.0510403206273613,-1.1794532077383435,10.859384350983245,1.870101878656668,-3.547557992007169,4.042761635802243,-3.3763953961157585,0.1043286268593897,-2.235381219046365,-3.5187489032751955,3.76742413013718,-4.060967997810015,-1.1343427193429991,0.45026372105796786,2.027860784581426,-0.27509172017931244,1.5695585776822116,0.40686392721469383,1
2.6305750510010903,-3.673667415990836,1.402682475714464,0.47531251451012557,3.1083312107141587,-0.04470400727469981,-3.8128197819537752,3.159630396354764,0.38931698626215394,-0.2883117125830421,0.13642690098467483,-1.9634054343260647,0.12498753580090205,-1.447340599530278,-2.262918604375915,0.4773899306542641,2.1690129501471844,-1.7568098454570265,1.2875940586748822,-1.2853904794030626,0
1.6027139868346876,-2.4493485003311357,2.3082186476238453,0.23040953544501222,1.9578178951293845,-1.0580006889421805,0.07881973068764876,0.12127920171194151,0.961219873030152,-0.015024507507240825,2.1439354484323445,-0.945280236612122,3.5070449006704854,-4.234689449510162,-0.8272324764551944,1.0092305845283072,6.306222985247631,-1.1229310934596568,1.3479029032541059,-0.6673696990185946,1
3.0999568471930337,-0.522371102067228,-0.8946153905563513,0.1972979697141192,-3.7978378409561446,-3.4104612365299287,-6.672531705252583,-0.006498240623906915,3.8187901818016448,3.4083253525059725,-2.9461000797251558,0.9941171438237336,-2.8372571311366803,1.3041494079116487,1.3858032249719032,1.420359459433266,-0.782062477252943,0.8515888167970365,-1.9916045627819308,-0.2944369684856497,2
0.8870058578553441,2.4885737447431424,2.4096370336782234,0.5656160443786991,6.769838600875139,-0.5526867994475595,7.037765187382141,2.165022782655347,-1.4639205784984983,-0.5987223224171663,-0.6292675678210301,2.760761294433878,0.5491625219471556,-2.899841388975749,-1.2167296301184554,0.03163807757917268,7.600827147892034,0.13982616113750748,1.971603798359253,1.8812440003514055,1
1.569224230500261,1.3259675062696714,0.026752071947673706,0.7260519247168118,-2.362423843126858,0.4598529039668986,1.688144272118163,-2.5822794444577006,-0.8981266486639576,0.49060151419900133,2.7783597636737074,-0.0018172832697991304,-2.9532950917349066,2.373674435188846,-1.8183472046641946,0.4687389483466597,-4.269929968767402,-1.0082814750945666,-1.6976184169079152,-1.5476330577994981,2
-0.1803096956826178,-2.3184887715400144,-2.800158686172136,-0.9799254806899371,1.4532465880730663,0.6838931494267344,-1.403768615761245,-0.5737597879373454,0.14762171477717323,-0.6866012905692482,1.492955441987103,3.7507430786391396,0.1945751402325402,1.692039501824342,1.6687222787454794,-0.6651466062961522,-7.300887317264394,-0.4017760866629911,-2.3882106222348716,0.17264470216994066,2
-0.4220662547859001,-2.3789045308560954,3.4676886329275214,0.28566138159977295,-5.022623039161139,1.5997448396816831,2.558726991096796,2.389659643094861,-0.019575429613054585,-1.1818857215904028,-1.7513752330053813,0.22883498801810176,-3.2422245748289944,3.8366443618155928,-1.439948066186923,-0.9376848308395843,-1.0449357471336784,-0.5988812624352399,3.517062324037987,-1.2469096516029368,3
-0.5203044028521602,2.9526881696230793,0.1594614117413311,1.8535978941835618,0.5427683326218887,1.8455488247538439,11.511806240839233,-0.18135019646068473,-0.46058111246794753,-2.916991720133853,-0.500403399653951,-2.059251756334127,4.682844455664123,1.1723681665905406,-4.780951763413018,-0.9501507370707677,7.891890963717586,-1.9477307682909732,4.003307118766708,0.31638199897925784,1
-2.8810681620371197,-2.1718167184039467,1.8815443760446993,0.21771159951343028,-20.27043560582336,-0.967220034536491,-7.163217176785607,-4.435159366570377,6.718246556451458,2.803321034744263,2.312230685985077,-3.116966800480024,-4.163644229361276,1.8484399277916963,2.24493084407938,-0.6866045180249896,-0.5232173804715224,-1.5506340144902515,2.6294057934150814,-0.8222472822507779,3
1.2607767895413715,-1.7057996021821076,-2.522833903652834,-0.5959097689345687,3.188097332781304,-0.5409672127747133,0.3718846150671895,-1.3695995366518101,-0.4079343939424347,-1.2928870333208295,0.5237475295078459,3.0412605685586946,0.476846128417153,-0.6739994938112956,3.7888381917133067,0.4073301441379906,-3.5249365703735633,1.0338018213867068,0.16491235145277483,-0.38243935720973443,2
4.363446854347872,-1.9898433855630338,-0.7388243066171983,1.0132743345276953,-6.82514377494814,-5.520774841210551,-10.751664622227944,-0.9498595489150943,4.329571989435575,6.058298976931674,-6.272147328598687,0.7396579742935645,-2.5070558258403977,2.723878315457087,3.463616009339049,-0.3466224216534656,-4.044176708842683,0.6588009251223399,-4.436105452253479,-0.5284183590379147,2
-2.4004082515286553,0.12327709708747547,-0.47029341816844883,0.4481534001069268,-2.0283632360482913,-1.7771894722638941,9.76613783214631,-0.34979758871491873,0.33256105394712154,-2.1292340207135707,1.4003091874533555,5.628998337157016,-0.794106479213506,1.2581065919030365,-0.31672656861968984,0.7143103295997947,2.5078132702123077,-0.8802622518266464,2.74862190000818,-0.9636897256181444,0
-1.6028664399616375,-1.7581089419865763,0.39235159151457655,-0.7972317639036733,-11.818256901827754,-1.1794320808014593,2.5382139090751026,-3.1844415221036435,1.9546229091170233,2.3377442256558627,1.062939290758686,-0.5947728729991457,-1.6169754535350895,3.9830062098267955,-2.6740524079210433,0.5389156935760494,-1.7001755021586868,-0.7233917193814029,1.8105046130897848,-1.2976359980148868,3
0.9395879096231521,2.647106830733863,2.782330683361808,1.0682940119000273,4.709434226929033,3.7509935434088115,-4.288915791534156,3.0478618980118526,-1.820313447427477,1.7704315659939385,-3.9890880266632633,-3.423353450984084,1.428192135864282,0.48281284060357144,-1.5711284827776515,-0.36451263691417274,-0.8971063854503112,-1.4079400156538877,-3.2804189957675303,1.5725741471116155,1
4.253039151633221,1.606364075081141,1.9107960948994829,0.326338780395426,-6.762163763137126,-3.7286648715345496,0.33961642307387974,0.15432576138193266,2.51288848527114,0.358346590031245,-3.0760706656195067,-1.981877848199911,-4.248607766600084,3.20389500645602,-1.6113479334839602,0.19045580699658687,4.055392424968846,-0.17310191815233217,0.5824627262947915,0.6373523721936323,2
-2.104328034888954,-2.9952900348171303,2.7004276645659973,1.103042215191317,4.413063668657611,1.9031029608492172,-0.6550598313596222,4.055364572592249,-1.167507318456285,1.150741832159548,0.9096607642159003,-0.33485028097429237,0.12866062536389555,-3.714079581683653,-2.7290122081521293,0.3355054412351294,4.264199360451506,1.097793351904618,4.202627046197876,0.2048634031467095,0
1.184294567517703,-1.4157971074947733,0.05846634494984859,-0.4332051702965669,3.1842117349316377,-0.7530858380163196,2.4177068415329512,1.424111380248609,-1.0573172769916188,-0.15230070719485878,-3.628140136087999,-0.0446956187643075,1.9364168519250036,-0.4984636542026861,0.4415247600500465,1.3689240138058605,2.563073640641623,-1.235366616253304,2.703668562097472,-0.21043060591518795,0
0.589427680017625,-3.226240546866986,2.96214445356421,-0.5938390587341567,-3.39434639424543,-1.4211647975062602,-6.867267383880625,0.6880340123097429,0.4761789978163784,0.4294425780334383,3.934203538650356,-2.3553648565303105,-3.216772539002608,-1.5632503108367486,-1.0251846807595655,0.2383172072583706,-0.8479732130560573,0.4681317328674863,-1.5369832808483617,1.1649737776570268,0
-0.40646460961633213,-1.266094800165332,1.659273548126347,0.8197837246405497,-2.639215160508107,-1.6106132152945267,0.22130527413547615,1.5029860477116803,1.8140051355790456,-1.0145234372389595,2.785461894245408,-0.32391801628548644,1.3886967915706494,0.4958873614277495,-4.322852495008102,0.7113836170455102,3.391526400292166,-0.8896014909026162,-2.3622257968171065,1.0550725378273207,0
0.6783135342279372,1.0512740366274471,-2.1108798081891953,-0.40231629050902346,-4.258543295710221,-0.8907892963339835,-0.8758642097497182,-0.8317744780437076,-0.4753449966253023,-0.2895859210823992,-3.756471681620859,-4.609134577587562,0.04472297583267304,4.152009562635406,-1.0969472211106308,0.14889230895045483,-2.253792211525857,-0.016973593963597246,-0.6778008843030525,-1.0709775474137453,3
-1.0134478092450163,-2.4816128701674085,2.2358525272471512,-0.16309383857185028,1.1249058535346503,-1.7168106888368133,0.898311177549552,3.6331589512037903,1.5723697116815059,1.18985783257093,-2.707422761270414,2.8209806276495994,0.037195314522420864,-2.5948239133140367,0.5236569012740546,0.11912310867344743,6.867093102610605,-0.5829569213210068,4.32553730343551,-0.7510296034113052,0
-0.31281998714683756,0.7842199667424898,-0.19914857097253202,-1.3272811702138445,-6.684030806457238,-2.5957250533526333,2.028694294248382,-2.7329848001003287,1.8411189740542335,1.9393451016700625,2.7345856965806106,0.3321485981048289,-1.9504228002764403,1.1047685128081657,-2.684177992709978,0.873163707911803,1.397348428340278,0.7955963657030938,-0.2793776633643277,-0.019977785947138255,2
-0.46809092970386457,3.1453121961549413,0.2414458119330931,-0.3926308616970928,-1.8148509429466324,-1.4886034971451123,-0.9134927673797743,-2.202569983751939,-0.21373143938794303,-1.5431534096007509,5.537832446829653,-4.476125960931909,-0.5683331718955262,-2.737002518280758,-2.1278793851921285,1.826772342601296,4.086622578918145,0.23877694995201437,-2.049850838395766,-0.938207410404187,3
-3.217511859749673,-1.2937750185713,-3.0380795827143547,0.8219455439123987,2.3840216153400555,5.813867807354075,-1.7480968825588041,-2.495665178858146,0.46742020835184905,-0.2152273896869603,3.8391765614188627,3.5939287276720573,2.254384006042464,-1.0294842450868642,3.9905947332632197,-1.527006453907412,-7.947029848506519,-0.19170980862834258,0.13484088005256667,0.29163870804976677,2
2.42186636117847,1.3504799673010375,2.189634899780879,0.6509978414411176,-5.331757947748706,-2.103238945517038,6.211620853559031,-1.3918962632473386,-1.390698406914662,-0.07145905528248564,-5.87664194837003,0.23913209444016736,0.5099261717304209,6.2023375505034135,0.21442801164480563,-0.7266021541026827,-2.3303390214897584,0.8144879935894928,-2.2088558310838238,-1.6003696944634487,2
1.8721459234271678,3.4663711027703146,0.37903786824699925,-0.6547551971967829,2.9997727926510187,0.042705756458264243,6.748742835484056,0.037818716069712766,0.1722799663512884,1.0570353046718335,-1.6088400175681625,1.4401496962829983,0.2534644850917649,-0.38704938746002227,-2.2366470311498663,0.9782078138323237,5.892336845316955,0.25788346978481974,2.4827266202525253,0.5516682071016812,1
-2.319147668289359,-0.08479832053834668,-3.9442948908935365,1.1875894738309067,4.053316439257973,-0.7309195933192132,1.6057173409516832,2.3194979554130675,1.8077506885046553,-3.3247183899675763,7.6635265618259005,0.554579803193773,0.6140573987407997,-2.496690630629634,-6.5648124386109235,-1.034406823438497,5.681889583324198,0.20712803265232385,0.3817491997361846,-0.27466013095650416,0
-0.5527933698986386,-0.7325521489751718,4.680639365816812,0.0328195129298009,-4.787450886796995,-0.6234512062578228,9.239198925778458,0.4428101716095342,1.7967706941305934,-2.661883072623799,0.3286281284285462,2.3741358150521803,3.118053010430174,1.1767400582381935,-1.6005418736789807,0.5866838142124214,7.01164095200439,0.45415790519185606,1.9545903231277317,1.1641135237115698,0
1.847795125282738,-2.456100350018529,-1.6978532328449498,0.24798632209671595,-3.206174154239119,-1.462463501333202,-7.955045564836067,-0.9170388471397428,0.8179157387380263,1.142462492530874,-1.6620251947933569,-0.9830580431635996,-2.240130284067722,2.086743063381938,3.0492076430312838,0.6649271272603037,-7.176227609986735,-1.222577369642008,-2.647135119441869,0.30358987715996166,2
3.5446063324456403,0.4368843155675086,-0.2660579566098049,0.8967958803511784,-5.375995354804397,-3.206947679466814,-4.396135646472193,-2.8540146527838712,0.5516113825277913,2.3644653246433625,-0.36240186047413125,-2.275075014138544,-3.971854505812425,2.0072785775656814,0.37830779227477707,0.05091085078397355,-3.558309134385811,-1.3709571815723334,-2.677857023692342,-0.3556131918592389,2
-3.9262544295185977,-2.5386270436299534,2.1353324643454927,-0.18421828623376477,-15.024625729939784,-1.9429017583895087,-10.443565662077267,-3.5073568629208856,3.6912892655263274,3.790812341133971,5.527241162231179,-4.397460982795396,-5.3829817150464,-2.2405172218543963,1.0809479572634673,-1.2939537191008974,-0.46841543499780186,0.1051946560589399,1.112891548269731,-0.2706758799750176,3
0.8304929283510532,-2.980163045386561,2.2594536353041734,0.5322096846274724,4.874734679214383,-1.5019426254908685,-1.803159581556608,-0.4043283537501938,-3.7708318475606704,3.659058237836286,-0.31047636333073136,-1.516013497614182,0.65436758610371,-5.303856460139977,1.0941195373935684,1.185648580130672,1.281849682923424,1.4050636339660671,2.069549388830639,0.2578341294254629,1
-0.22832809419792133,-0.5931635262931854,0.25722018313767814,-1.5379898312727664,-0.10640287727740314,0.9493716592138415,1.4854210211467347,-0.46880377004297236,-0.3057920873700968,2.2692864602760197,-4.430244593114655,-2.1015031223392477,4.793843179512295,0.1015607868094155,-0.1791562661983701,1.7841287001951118,1.9709963361346141,1.3707573933854915,1.971848866667112,0.5356454688228328,1
-0.4731532196027358,-2.791097538911102,3.1299030362431033,1.5848242578186038,-13.219110160650715,-1.4910621428843382,3.1943071565664827,-2.4645985362457195,2.1249191583356497,1.9237445505720485,0.8286153944885793,0.3285579725285248,-3.9259349842902043,3.9246408136665387,-1.7040938100931333,1.5563990906717151,-0.7259104065022381,1.1928602184302324,3.4571331084668224,-1.5367151960532217,3
4.7726395395748655,8.141013877680663,-3.0295296106921215,0.839379253931732,15.313848043714762,2.463840705227107,14.360646273029632,0.6620220161944356,-4.970018266565303,-1.3445890779416567,-0.4852887449264456,2.2536736077980533,-4.32170612793143,-1.2862344586989565,-4.1679752590468855,-0.8733966694994213,5.679348143958987,1.2663210739596187,6.517140639532959,0.0052371491401199625,1
1.5500709069140182,-1.1349230749449197,-1.6157790669434176,0.5617247539155873,-6.804433673433222,-3.3588479185535656,-7.669136923863032,-3.7182840458276947,4.456057306033324,3.0846077388592485,5.427466490790463,0.7075617587388272,-4.250062786503415,-1.3223768496124917,0.7564960679415822,2.338170675807456,-1.9374966130795732,-0.048759324465583884,-2.341156895052113,-0.22412790224099816,2
-0.8643960873039077,-3.8652511641514544,-1.1041916558879454,-0.36527538958389244,6.59663673022871,-3.0285008949140675,-0.763892134204158,4.37084982879869,-0.47358048377673634,-2.5352857707986343,0.6409073697734102,-0.400700748189154,1.321897434545852,-5.2341202652018595,-0.6248887199975418,-0.8016217753583335,7.678521812448041,0.8330031954806495,4.17282863967224,0.2399966717186017,0
-3.01709689430949,-2.538987275842901,-0.3223634235861026,-0.7630155041847068,3.5613216373407974,2.269365127012835,-2.494696558073654,0.8743740057245207,0.28078749774606204,0.6064692447914917,7.386058374650452,0.6132093489574612,-1.02176304256154,-5.469779365251799,-2.211925869339425,-0.1361633163505026,1.9534482354748783,0.048491805367348165,3.1955966947418872,-1.3205827873200229,0
-1.1054756811564508,-0.5670058765308594,0.7973493799420114,-0.3629770779469078,-4.943905072528959,0.9551683783479534,3.5947279845313016,-2.630689765058245,2.1649219313382035,-1.627778289868698,9.086898742981651,2.228736335656553,0.6426733905786324,1.3586763827429587,-4.631597076724153,0.11273975115933205,-1.3239780854526104,-1.9794595759767684,-3.2177381719768134,-0.4016703090941095,0
-1.4077912126057865,0.6034732022278275,2.7023259901156527,0.3755433726655682,-4.590926533214072,-2.7730206804136484,1.082893541888783,-0.5957627504186589,1.6416663808141827,1.0159211702649689,1.752856412350202,-1.4830264316317419,1.4966967156120736,-2.15284223688602,-2.137617928457598,0.2602814730902011,7.2643308710430174,-1.1126295374985595,-0.3061375556228265,-0.2731518716604363,3
-0.9148586540375829,0.48632626390838196,3.528507251269603,1.02601511105376,1.57433035420319,0.8428951456232661,0.24560819584057686,2.595110864660314,-0.2958504957279038,2.276544921977588,-5.714057701069587,-2.5487372433387296,3.080287980346445,-2.6630256465563136,0.3768909543393901,1.5155323967536716,7.585355423546887,0.09832901542281522,3.7244122012824703,0.45679810983621366,1
1.870560544607475,-1.758920600240587,-0.7918907590767912,0.13485492902590848,-6.452550449086662,-0.5581728060411499,-10.76135791533758,-3.8044901886623523,2.4686766481244105,4.296816635705401,1.6666788706777371,-0.5165167410674487,-3.5295377881785526,0.9493856333824172,3.18119483232074,-0.18271254675727835,-8.783732556136577,-0.36773970358225494,-3.974489887465526,-0.3493359966632474,2
0.8025856129427331,2.5066910287574635,1.6544370778536779,-1.0355267512555562,-0.3398472465477453,-3.6439525726671764,4.264172802724425,-1.2436514512291248,-1.9306259213414534,1.801456028269481,-3.5379761557138227,-3.277555124265138,3.3340555664667915,-1.1819098782923145,-1.4457811873697453,0.791094751967693,6.6245066130553045,0.2391966979999522,-0.42577061028619045,0.7798517450462621,3
-2.396443505527462,-0.4458325775318306,0.9290397605835337,0.9850795519730822,-1.7192895169232945,-4.459569416823538,4.572344457275449,1.6829957367942678,3.1462645248018557,-3.3100142499618723,2.0779985407314006,1.2864930531266676,5.563672460873272,-2.4915985950834143,-2.2249117878358877,0.341138476590899,11.384303764648159,0.8046915051941578,-0.8574260687694175,-0.27830000892351964,0
-4.560472597439463,-1.7312028911270805,-0.7644832406349673,0.6874644521900439,-5.883270538775408,0.004494217104394904,-4.382650607124632,-0.1387032653165683,3.86165773364218,0.4401957700349274,5.76648969085631,-0.21357897562629824,0.45304430927260686,-1.451402860136496,-2.349615778417919,1.450747259655328,1.5673500741034632,0.00982651224218834,-0.7762235361994048,0.38608215849825045,3
-0.26504532407512604,-2.5552398779673693,1.8926417179343729,0.9227741186910345,-8.650996622344156,-2.8415108680503263,-3.7022659527476325,-1.3164747209757024,1.1142584203146997,3.2905292690015147,-2.4268358742572667,-2.9038541478541333,-2.5544084294890044,0.17890375671794634,1.3252424890935521,-0.8543012741425021,0.8700378193282104,-1.2161215595267485,2.880946867843973,0.7170743586144145,3
-2.8558119891415834,-4.663132799243758,6.406765518131298,1.3502663956647487,-11.742570418128935,-1.3364850921100986,0.6103155851529485,0.03447963850507185,1.3489880993644803,2.816626056306272,-1.186061511970991,0.45249731802019966,-2.553651307065076,0.7137979834779445,0.7712662895594171,0.33052795901231263,1.920176341389405,-1.285169644171519,4.571388351206336,2.478542012033887,3
-1.1725527177097,-1.9675160931771072,0.34335244913632135,0.4872185402850995,-3.1308398541028084,0.8902712184230088,2.8361068158950333,-2.5583641825894103,0.1280275462361946,-0.9222767681873818,4.700125329994718,-0.7584160335371254,-0.24338899705610828,-1.6648502497539455,-0.4324196099169323,0.8004171833021931,1.133632412625803,0.22248521327634643,4.102644269308847,0.8132532099181279,3
-4.133424042312413,1.601128245978682,0.6964771471567249,-0.3349142915775115,-4.3669373330584245,-1.2242505151109657,13.9340951195313,-2.621155646493318,1.6427932014931987,-7.747551013095041,13.0490108601574,3.7581512908006602,1.0364699312482453,-1.583363060001734,-4.608536402113819,1.2282038263558728,8.142707771293734,-1.194565503439707,1.1088459026764517,-0.13947281605210232,0
-0.8571071032298376,-1.5350175108975348,-0.11566059520470406,0.9172919790721819,-4.895125859047857,2.7625396983330623,-2.250726304766447,-0.17372914836427067,2.3983664924396955,-3.7422987466718953,6.380140907251429,-0.028746971279693057,-3.9002932833044683,1.6962045740623253,-0.8595995190780079,1.5813147159437841,-3.4949538198486967,-0.3727365585747615,0.6897595261130536,-0.9763025928007426,2
-2.689390209863125,-2.6148664916066977,0.872561040312278,-0.3118407509267648,-2.3436108494136163,-0.20941282104522374,0.7920879110508243,3.6525416163196645,-0.7676016002538204,-0.3452015142303564,-2.884520513473811,-2.0268935778057005,0.31435986442783737,2.199366686329447,-3.402952345789218,-0.05446495212628591,1.495863813992252,-0.33588695089433135,2.448630219281258,0.8464664168260783,3
-0.9549423003340287,1.8238898650792614,2.1889928615186585,0.739942716268342,0.9978567103029493,2.8556160742057006,3.0401841932677196,2.38357747026999,-1.4575928956874902,0.7830181169151221,-6.564353644248912,-4.229046233337048,4.390942832916878,1.420052503403657,-2.3240142922320715,-0.6105136666753445,4.311156375009964,0.7773061216035901,2.271534002772093,0.8247838922883395,1
2.039378600187487,0.0035547952486429946,2.940377429313042,0.8524411125939316,5.328090019199129,0.6520850962195285,5.115301819803568,2.3391040150413103,-0.6884384088423379,-1.9982772366421626,2.7242655129059754,-0.26481338833528256,1.3118758380331128,-2.5506279139034675,-4.443997573534706,-0.6639193999806624,7.385715533046313,-0.40809069712871204,2.040952227217157,0.49574051254883705,1
