3.720075976021e-44,3.349094004834e-43,2.869830354504e-42,2.340660740392e-41,1.817080114825e-40,1.342650690470e-39,9.442899384722e-39,6.321222014038e-38,4.027634798284e-37,2.442600737741e-36,1.409964708360e-35,7.746711093407e-35,4.051164104019e-34,2.016488135329e-33,9.553551852504e-33,4.308116292984e-32,1.849112481133e-31,7.554271700866e-31,2.937482111711e-30,1.087204444788e-29,3.830015811049e-29,1.284231367268e-28,4.098635890728e-28,1.245055648974e-27,3.599909196503e-27,9.907126047283e-27,2.595118475649e-26,6.470234925645e-26,1.535452085188e-25,3.468213675652e-25,7.456392881249e-25,1.525826238407e-24,2.971903705279e-24,5.509570529521e-24,9.721966480995e-24,1.632840826846e-23,2.610279069668e-23,3.971763590020e-23,5.752189676676e-23,7.929327678118e-23,1.040382147575e-22,1.299280068329e-22,1.544422144135e-22,1.747360937115e-22,1.881709529472e-22,1.928749847964e-22,1.881709529472e-22,1.747360937115e-22,1.544422144135e-22,1.299280068329e-22,1.040382147575e-22,7.929327678118e-23,5.752189676676e-23,3.971763590020e-23,2.610279069668e-23,1.632840826846e-23,9.721966480995e-24,5.509570529521e-24,2.971903705279e-24,1.525826238407e-24,7.456392881249e-25,3.468213675652e-25,1.535452085188e-25,6.470234925645e-26,2.595118475649e-26,9.907126047283e-27,3.599909196503e-27,1.245055648974e-27,4.098635890728e-28,1.284231367268e-28,3.830015811049e-29,1.087204444788e-29,2.937482111711e-30,7.554271700867e-31,1.849112481133e-31,4.308116292984e-32,9.553551852504e-33,2.016488135329e-33,4.051164104019e-34,7.746711093407e-35,1.409964708360e-35,2.442600737740e-36,4.027634798284e-37,6.321222014038e-38,9.442899384722e-39,1.342650690470e-39,1.817080114825e-40,2.340660740392e-41,2.869830354504e-42,3.349094004834e-43,3.720075976021e-44
3.349094004834e-43,2.002724772539e-16,5.256253065719e-16,1.168965040377e-15,2.489710624769e-15,5.185292536575e-15,1.060235526369e-14,2.129909923867e-14,4.204355567934e-14,8.154778031829e-14,1.554117812971e-13,2.910029955614e-13,5.353467096148e-13,9.675636626475e-13,1.717961818317e-12,2.996540065664e-12,5.134316793652e-12,8.641415792557e-12,1.428600558760e-11,2.319769076316e-11,3.699742000267e-11,5.795300730190e-11,8.915462534176e-11,1.346979796651e-10,1.998545147581e-10,2.911986544916e-10,4.166530843754e-10,5.854064310336e-10,8.076558716144e-10,1.094132841852e-9,1.455385315657e-9,1.900816180071e-9,2.437513248900e-9,3.068949264280e-9,3.793674095214e-9,4.604158411694e-9,5.485969545566e-9,6.417457888642e-9,7.370100563626e-9,8.309587340290e-9,9.197646754004e-9,9.994508913605e-9,1.066180100673e-8,1.116558957094e-8,1.147923643825e-8,1.158573426523e-8,1.147923643825e-8,1.116558957094e-8,1.066180100673e-8,9.994508913605e-9,9.197646754004e-9,8.309587340290e-9,7.370100563626e-9,6.417457888642e-9,5.485969545566e-9,4.604158411694e-9,3.793674095214e-9,3.068949264280e-9,2.437513248900e-9,1.900816180071e-9,1.455385315657e-9,1.094132841852e-9,8.076558716144e-10,5.854064310336e-10,4.166530843754e-10,2.911986544916e-10,1.998545147581e-10,1.346979796651e-10,8.915462534176e-11,5.795300730190e-11,3.699742000267e-11,2.319769076316e-11,1.428600558760e-11,8.641415792557e-12,5.134316793652e-12,2.996540065664e-12,1.717961818317e-12,9.675636626475e-13,5.353467096148e-13,2.910029955614e-13,1.554117812971e-13,8.154778031829e-14,4.204355567934e-14,2.129909923867e-14,1.060235526369e-14,5.185292536575e-15,2.489710624769e-15,1.168965040377e-15,5.256253065719e-16,2.002724772539e-16,3.349094004834e-43
2.869830354504e-42,5.256253065719e-16,1.378773054378e-15,3.064132251747e-15,6.521115946011e-15,1.357100658437e-14,2.772761235420e-14,5.566089685924e-14,1.097931553384e-13,2.128055702027e-13,4.052826309828e-13,7.583731017632e-13,1.394248600629e-12,2.518328999025e-12,4.468713260676e-12,7.789926699091e-12,1.333977457916e-11,2.243941516320e-11,3.707716460829e-11,6.017523540181e-11,9.592462560771e-11,1.501856979129e-10,2.309397616160e-10,3.487598386105e-10,5.172472983505e-10,7.533570419298e-10,1.077510870283e-9,1.513381704433e-9,2.087226821362e-9,2.826662965180e-9,3.758815733919e-9,4.907842754722e-9,6.291922796973e-9,7.919912918592e-9,9.787988246556e-9,1.187667391618e-8,1.414873334948e-8,1.654837056032e-8,1.900212259116e-8,2.142165929890e-8,2.370848414819e-8,2.576026918624e-8,2.747829960154e-8,2.877529320077e-8,2.958273938492e-8,2.985689991463e-8,2.958273938492e-8,2.877529320077e-8,2.747829960154e-8,2.576026918624e-8,2.370848414819e-8,2.142165929890e-8,1.900212259116e-8,1.654837056032e-8,1.414873334948e-8,1.187667391618e-8,9.787988246556e-9,7.919912918592e-9,6.291922796973e-9,4.907842754722e-9,3.758815733919e-9,2.826662965180e-9,2.087226821362e-9,1.513381704433e-9,1.077510870283e-9,7.533570419298e-10,5.172472983505e-10,3.487598386105e-10,2.309397616160e-10,1.501856979129e-10,9.592462560771e-11,6.017523540181e-11,3.707716460829e-11,2.243941516320e-11,1.333977457916e-11,7.789926699091e-12,4.468713260676e-12,2.518328999025e-12,1.394248600629e-12,7.583731017632e-13,4.052826309828e-13,2.128055702027e-13,1.097931553384e-13,5.566089685924e-14,2.772761235420e-14,1.357100658437e-14,6.521115946011e-15,3.064132251747e-15,1.378773054378e-15,5.256253065719e-16,2.869830354504e-42
2.340660740392e-41,1.168965040377e-15,3.064132251747e-15,6.803267998998e-15,1.446431555253e-14,3.007128292546e-14,6.137950142632e-14,1.230953613773e-13,2.425814877766e-13,4.697499682270e-13,8.938274264725e-13,1.671094813351e-12,3.069668422244e-12,5.539969983674e-12,9.822720122170e-12,1.710990713555e-11,2.927780134939e-11,4.921391355324e-11,8.126059879825e-11,1.317950792239e-10,2.099569176162e-10,3.285172187542e-10,5.048572404251e-10,7.619869144545e-10,1.129487222565e-9,1.644208498352e-9,2.350507074913e-9,3.299766357715e-9,4.548939171757e-9,6.157880632044e-9,8.185326929726e-9,1.068352108566e-8,1.369168733403e-8,1.722879347960e-8,2.128628336949e-8,2.582166600281e-8,3.075396483479e-8,3.596201557073e-8,4.128642329011e-8,4.653564554069e-8,5.149618456728e-8,5.594630911488e-8,5.967216985812e-8,6.248471949713e-8,6.423558858781e-8,6.483006398033e-8,6.423558858781e-8,6.248471949713e-8,5.967216985812e-8,5.594630911488e-8,5.149618456728e-8,4.653564554069e-8,4.128642329011e-8,3.596201557073e-8,3.075396483479e-8,2.582166600281e-8,2.128628336949e-8,1.722879347960e-8,1.369168733403e-8,1.068352108566e-8,8.185326929726e-9,6.157880632044e-9,4.548939171757e-9,3.299766357715e-9,2.350507074913e-9,1.644208498352e-9,1.129487222565e-9,7.619869144545e-10,5.048572404251e-10,3.285172187542e-10,2.099569176162e-10,1.317950792239e-10,8.126059879825e-11,4.921391355324e-11,2.927780134939e-11,1.710990713555e-11,9.822720122170e-12,5.539969983674e-12,3.069668422244e-12,1.671094813351e-12,8.938274264725e-13,4.697499682270e-13,2.425814877766e-13,1.230953613773e-13,6.137950142632e-14,3.007128292546e-14,1.446431555253e-14,6.803267998998e-15,3.064132251747e-15,1.168965040377e-15,2.340660740392e-41
1.817080114825e-40,2.489710624769e-15,6.521115946011e-15,1.446431555253e-14,3.071936365294e-14,6.379666641455e-14,1.300793914916e-13,2.606010270086e-13,5.130412832880e-13,9.925051636939e-13,1.886697435030e-12,3.524061613811e-12,6.467537796829e-12,1.166195469894e-11,2.065967543256e-11,3.595659460033e-11,6.147803280367e-11,1.032598440394e-10,1.703715732038e-10,2.761222412421e-10,4.395709880768e-10,6.873298433358e-10,1.055590586124e-9,1.592230523458e-9,2.358755656833e-9,3.431732598035e-9,4.903258406617e-9,6.879943216985e-9,9.479862594203e-9,1.282700489921e-8,1.704291838114e-8,2.223556489386e-8,2.848580231953e-8,3.583240876219e-8,4.425706218994e-8,5.367110955646e-8,6.390619868172e-8,7.471081190233e-8,8.575437149202e-8,9.663987422095e-8,1.069250132784e-7,1.161505842141e-7,1.238738241318e-7,1.297034000535e-7,1.333322277341e-7,1.345642952371e-7,1.333322277341e-7,1.297034000535e-7,1.238738241318e-7,1.161505842141e-7,1.069250132784e-7,9.663987422095e-8,8.575437149202e-8,7.471081190233e-8,6.390619868172e-8,5.367110955646e-8,4.425706218994e-8,3.583240876219e-8,2.848580231953e-8,2.223556489386e-8,1.704291838114e-8,1.282700489921e-8,9.479862594203e-9,6.879943216985e-9,4.903258406617e-9,3.431732598035e-9,2.358755656833e-9,1.592230523458e-9,1.055590586124e-9,6.873298433358e-10,4.395709880768e-10,2.761222412421e-10,1.703715732038e-10,1.032598440394e-10,6.147803280367e-11,3.595659460033e-11,2.065967543256e-11,1.166195469894e-11,6.467537796829e-12,3.524061613811e-12,1.886697435030e-12,9.925051636939e-13,5.130412832880e-13,2.606010270086e-13,1.300793914916e-13,6.379666641455e-14,3.071936365294e-14,1.446431555253e-14,6.521115946011e-15,2.489710624769e-15,1.817080114825e-40
1.342650690470e-39,5.185292536575e-15,1.357100658437e-14,3.007128292546e-14,6.379666641455e-14,1.323466608783e-13,2.695628758540e-13,5.394788861718e-13,1.060982715831e-12,2.050489614001e-12,3.894099800649e-12,7.266739566808e-12,1.332409336814e-11,2.400401971215e-11,4.248752510441e-11,7.388448140816e-11,1.262242600240e-10,2.118429563291e-10,3.492616694548e-10,5.656372250541e-10,8.998290832438e-10,1.406054855773e-9,2.157994402970e-9,3.253046051424e-9,4.816243490795e-9,7.003125706294e-9,1.000064671222e-8,1.402506336124e-8,1.931570562851e-8,2.612367467403e-8,3.469487940067e-8,4.524743510589e-8,5.794428788011e-8,7.286291993520e-8,8.996500012619e-8,1.090696890692e-7,1.298347863041e-7,1.517498321471e-7,1.741445266880e-7,1.962143859317e-7,2.170635364384e-7,2.357622057578e-7,2.514141526204e-7,2.632274010427e-7,2.705805676597e-7,2.730770609691e-7,2.705805676597e-7,2.632274010427e-7,2.514141526204e-7,2.357622057578e-7,2.170635364384e-7,1.962143859317e-7,1.741445266880e-7,1.517498321471e-7,1.298347863041e-7,1.090696890692e-7,8.996500012619e-8,7.286291993520e-8,5.794428788011e-8,4.524743510589e-8,3.469487940067e-8,2.612367467403e-8,1.931570562851e-8,1.402506336124e-8,1.000064671222e-8,7.003125706294e-9,4.816243490795e-9,3.253046051424e-9,2.157994402970e-9,1.406054855773e-9,8.998290832438e-10,5.656372250541e-10,3.492616694548e-10,2.118429563291e-10,1.262242600240e-10,7.388448140816e-11,4.248752510441e-11,2.400401971215e-11,1.332409336814e-11,7.266739566808e-12,3.894099800649e-12,2.050489614001e-12,1.060982715831e-12,5.394788861718e-13,2.695628758540e-13,1.323466608783e-13,6.379666641455e-14,3.007128292546e-14,1.357100658437e-14,5.185292536575e-15,1.342650690470e-39
9.442899384722e-39,1.060235526369e-14,2.772761235420e-14,6.137950142632e-14,1.300793914916e-13,2.695628758540e-13,5.484675503404e-13,1.096526281823e-12,2.154355479630e-12,4.159508695551e-12,7.891834512909e-12,1.471322882769e-11,2.695346949149e-11,4.851552688344e-11,8.580037249303e-11,1.490812969934e-10,2.544873690866e-10,4.267781763648e-10,7.030969696237e-10,1.137862532351e-9,1.808884259053e-9,2.824642057489e-9,4.332448150476e-9,6.526896276369e-9,9.657616291540e-9,1.403492355130e-8,2.003154619174e-8,2.807832198597e-8,3.865169383640e-8,5.225111811930e-8,6.936523086486e-8,9.042683756694e-8,1.157584617904e-7,1.455121544537e-7,1.796092634511e-7,2.176875322717e-7,2.590638344738e-7,3.027206915466e-7,3.473232239299e-7,3.912703173502e-7,4.327797808488e-7,4.700026267112e-7,5.011570214918e-7,5.246687384522e-7,5.393028192180e-7,5.442711381011e-7,5.393028192180e-7,5.246687384522e-7,5.011570214918e-7,4.700026267112e-7,4.327797808488e-7,3.912703173502e-7,3.473232239299e-7,3.027206915466e-7,2.590638344738e-7,2.176875322717e-7,1.796092634511e-7,1.455121544537e-7,1.157584617904e-7,9.042683756694e-8,6.936523086486e-8,5.225111811930e-8,3.865169383640e-8,2.807832198597e-8,2.003154619174e-8,1.403492355130e-8,9.657616291540e-9,6.526896276369e-9,4.332448150476e-9,2.824642057489e-9,1.808884259053e-9,1.137862532351e-9,7.030969696237e-10,4.267781763648e-10,2.544873690866e-10,1.490812969934e-10,8.580037249303e-11,4.851552688344e-11,2.695346949149e-11,1.471322882769e-11,7.891834512909e-12,4.159508695551e-12,2.154355479630e-12,1.096526281823e-12,5.484675503404e-13,2.695628758540e-13,1.300793914916e-13,6.137950142632e-14,2.772761235420e-14,1.060235526369e-14,9.442899384722e-39
6.321222014038e-38,2.129909923867e-14,5.566089685924e-14,1.230953613773e-13,2.606010270086e-13,5.394788861718e-13,1.096526281823e-12,2.190032845215e-12,4.298559165172e-12,8.291483441021e-12,1.571678119744e-11,2.927520124169e-11,5.358259041794e-11,9.636466535991e-11,1.702806189806e-10,2.956304573192e-10,5.042585071233e-10,8.450088466649e-10,1.391097048260e-9,2.249708704057e-9,3.573985076850e-9,5.577274919950e-9,8.549090808206e-9,1.287159826662e-8,1.903470894534e-8,2.764701368448e-8,3.943900207592e-8,5.525445272156e-8,7.602576507433e-8,1.027295706608e-7,1.363203979039e-7,1.776425552265e-7,2.273236583812e-7,2.856570630744e-7,3.524843525512e-7,4.270922703485e-7,5.081402988313e-7,5.936347525325e-7,6.809623160026e-7,7.669903515379e-7,8.482334872994e-7,9.210769423917e-7,9.820381265573e-7,1.028040818723e-6,1.056672107624e-6,1.066392262556e-6,1.056672107624e-6,1.028040818723e-6,9.820381265573e-7,9.210769423917e-7,8.482334872994e-7,7.669903515379e-7,6.809623160026e-7,5.936347525325e-7,5.081402988313e-7,4.270922703485e-7,3.524843525512e-7,2.856570630744e-7,2.273236583812e-7,1.776425552265e-7,1.363203979039e-7,1.027295706608e-7,7.602576507433e-8,5.525445272156e-8,3.943900207592e-8,2.764701368448e-8,1.903470894534e-8,1.287159826662e-8,8.549090808206e-9,5.577274919951e-9,3.573985076850e-9,2.249708704057e-9,1.391097048260e-9,8.450088466649e-10,5.042585071233e-10,2.956304573192e-10,1.702806189806e-10,9.636466535991e-11,5.358259041794e-11,2.927520124169e-11,1.571678119744e-11,8.291483441021e-12,4.298559165172e-12,2.190032845215e-12,1.096526281823e-12,5.394788861718e-13,2.606010270086e-13,1.230953613773e-13,5.566089685924e-14,2.129909923867e-14,6.321222014038e-38
4.027634798284e-37,4.204355567934e-14,1.097931553384e-13,2.425814877766e-13,5.130412832880e-13,1.060982715831e-12,2.154355479630e-12,4.298559165172e-12,8.429064563505e-12,1.624363946478e-11,3.076237505165e-11,5.724952178953e-11,1.046940510955e-10,1.881278479578e-10,3.321606209019e-10,5.762228460845e-10,9.821179870796e-10,1.644567171481e-9,2.705444028193e-9,4.372290879396e-9,6.941415390451e-9,1.082532233436e-8,1.658338477421e-8,2.495348460012e-8,3.688089816999e-8,5.353910181566e-8,7.633566428824e-8,1.068953260004e-7,1.470121641630e-7,1.985638503073e-7,2.633837823113e-7,3.430914750506e-7,4.388878581757e-7,5.513294830628e-7,6.801030837382e-7,8.238281238015e-7,9.799183969391e-7,1.144533073651e-6,1.312641915964e-6,1.478218612603e-6,1.634561196015e-6,1.774721153659e-6,1.892005770940e-6,1.980504407887e-6,2.035581543380e-6,2.054279415630e-6,2.035581543380e-6,1.980504407887e-6,1.892005770940e-6,1.774721153659e-6,1.634561196015e-6,1.478218612603e-6,1.312641915964e-6,1.144533073651e-6,9.799183969391e-7,8.238281238015e-7,6.801030837382e-7,5.513294830628e-7,4.388878581757e-7,3.430914750506e-7,2.633837823113e-7,1.985638503073e-7,1.470121641630e-7,1.068953260004e-7,7.633566428824e-8,5.353910181566e-8,3.688089816999e-8,2.495348460012e-8,1.658338477421e-8,1.082532233436e-8,6.941415390451e-9,4.372290879396e-9,2.705444028193e-9,1.644567171481e-9,9.821179870796e-10,5.762228460845e-10,3.321606209019e-10,1.881278479578e-10,1.046940510955e-10,5.724952178953e-11,3.076237505165e-11,1.624363946478e-11,8.429064563505e-12,4.298559165172e-12,2.154355479630e-12,1.060982715831e-12,5.130412832880e-13,2.425814877766e-13,1.097931553384e-13,4.204355567934e-14,4.027634798284e-37
2.442600737741e-36,8.154778031829e-14,2.128055702027e-13,4.697499682270e-13,9.925051636939e-13,2.050489614001e-12,4.159508695551e-12,8.291483441021e-12,1.624363946478e-11,3.127462531572e-11,5.917574124800e-11,1.100325254701e-10,2.010513246027e-10,3.609808115207e-10,6.368478474448e-10,1.103938755502e-9,1.880163543472e-9,3.146093032492e-9,5.171982445098e-9,8.352888394464e-9,1.325242769064e-8,2.065469050758e-8,3.162220736863e-8,4.755564676253e-8,7.024817371202e-8,1.019243827539e-7,1.452508866432e-7,2.033036506204e-7,2.794768140461e-7,3.773198666536e-7,5.002953192207e-7,6.514577190109e-7,8.330666916192e-7,1.046160555100e-6,1.290131060173e-6,1.562351427326e-6,1.857916263247e-6,2.169550594463e-6,2.487734499948e-6,2.801069477050e-6,3.096884398397e-6,3.362046228408e-6,3.583908522682e-6,3.751304711448e-6,3.855478394496e-6,3.890842909469e-6,3.855478394496e-6,3.751304711448e-6,3.583908522682e-6,3.362046228408e-6,3.096884398397e-6,2.801069477050e-6,2.487734499948e-6,2.169550594463e-6,1.857916263247e-6,1.562351427326e-6,1.290131060173e-6,1.046160555100e-6,8.330666916192e-7,6.514577190109e-7,5.002953192207e-7,3.773198666536e-7,2.794768140461e-7,2.033036506204e-7,1.452508866432e-7,1.019243827539e-7,7.024817371202e-8,4.755564676253e-8,3.162220736863e-8,2.065469050758e-8,1.325242769064e-8,8.352888394464e-9,5.171982445098e-9,3.146093032492e-9,1.880163543472e-9,1.103938755502e-9,6.368478474448e-10,3.609808115207e-10,2.010513246027e-10,1.100325254701e-10,5.917574124800e-11,3.127462531572e-11,1.624363946478e-11,8.291483441021e-12,4.159508695551e-12,2.050489614001e-12,9.925051636939e-13,4.697499682270e-13,2.128055702027e-13,8.154778031829e-14,2.442600737741e-36
1.409964708360e-35,1.554117812971e-13,4.052826309828e-13,8.938274264725e-13,1.886697435030e-12,3.894099800649e-12,7.891834512909e-12,1.571678119744e-11,3.076237505165e-11,5.917574124800e-11,1.118717320426e-10,2.078417732114e-10,3.794581416631e-10,6.807636291407e-10,1.200088716282e-9,2.078730892721e-9,3.537812073882e-9,5.915708832389e-9,9.718486998099e-9,1.568537859905e-8,2.487028948837e-8,3.873838865661e-8,5.927382202333e-8,8.909045772872e-8,1.315324698447e-7,1.907459777250e-7,2.716977269154e-7,3.801131431898e-7,5.223055013532e-7,7.048719587271e-7,9.342420489974e-7,1.216080441459e-6,1.554567740940e-6,1.951608805588e-6,2.406043983662e-6,2.912960119229e-6,3.463209944018e-6,4.043245849947e-6,4.635353980553e-6,5.218336780522e-6,5.768639699003e-6,6.261857178477e-6,6.674493554469e-6,6.985806363126e-6,7.179532275490e-6,7.245296020588e-6,7.179532275490e-6,6.985806363126e-6,6.674493554469e-6,6.261857178477e-6,5.768639699003e-6,5.218336780522e-6,4.635353980553e-6,4.043245849947e-6,3.463209944018e-6,2.912960119229e-6,2.406043983662e-6,1.951608805588e-6,1.554567740940e-6,1.216080441459e-6,9.342420489974e-7,7.048719587271e-7,5.223055013532e-7,3.801131431898e-7,2.716977269154e-7,1.907459777250e-7,1.315324698447e-7,8.909045772872e-8,5.927382202333e-8,3.873838865661e-8,2.487028948837e-8,1.568537859905e-8,9.718486998099e-9,5.915708832389e-9,3.537812073882e-9,2.078730892721e-9,1.200088716282e-9,6.807636291407e-10,3.794581416631e-10,2.078417732114e-10,1.118717320426e-10,5.917574124800e-11,3.076237505165e-11,1.571678119744e-11,7.891834512909e-12,3.894099800649e-12,1.886697435030e-12,8.938274264725e-13,4.052826309828e-13,1.554117812971e-13,1.409964708360e-35
7.746711093407e-35,2.910029955614e-13,7.583731017632e-13,1.671094813351e-12,3.524061613811e-12,7.266739566808e-12,1.471322882769e-11,2.927520124169e-11,5.724952178953e-11,1.100325254701e-10,2.078417732114e-10,3.858248453624e-10,7.038431870643e-10,1.261748822573e-9,2.222615413146e-9,3.847100738265e-9,6.542810086176e-9,1.093303133472e-8,1.794926726188e-8,2.895125434563e-8,4.587621874449e-8,7.141555855774e-8,1.092116266045e-7,1.640597222754e-7,2.420910897616e-7,3.509025370487e-7,4.995887888500e-7,6.986270926327e-7,9.595626200718e-7,1.294450633408e-6,1.715029459263e-6,2.231627967118e-6,2.851851361439e-6,3.579135944222e-6,4.411310678564e-6,5.339342324678e-6,6.346462157848e-6,7.407867266368e-6,8.491152663440e-6,9.557561409650e-6,1.056404430941e-5,1.146601041519e-5,1.222054125889e-5,1.278975420213e-5,1.314395077059e-5,1.326418623896e-5,1.314395077059e-5,1.278975420213e-5,1.222054125889e-5,1.146601041519e-5,1.056404430941e-5,9.557561409650e-6,8.491152663440e-6,7.407867266368e-6,6.346462157848e-6,5.339342324678e-6,4.411310678564e-6,3.579135944222e-6,2.851851361439e-6,2.231627967118e-6,1.715029459263e-6,1.294450633408e-6,9.595626200718e-7,6.986270926327e-7,4.995887888500e-7,3.509025370487e-7,2.420910897616e-7,1.640597222754e-7,1.092116266045e-7,7.141555855774e-8,4.587621874449e-8,2.895125434563e-8,1.794926726188e-8,1.093303133472e-8,6.542810086176e-9,3.847100738265e-9,2.222615413146e-9,1.261748822573e-9,7.038431870643e-10,3.858248453624e-10,2.078417732114e-10,1.100325254701e-10,5.724952178953e-11,2.927520124169e-11,1.471322882769e-11,7.266739566808e-12,3.524061613811e-12,1.671094813351e-12,7.583731017632e-13,2.910029955614e-13,7.746711093407e-35
4.051164104019e-34,5.353467096148e-13,1.394248600629e-12,3.069668422244e-12,6.467537796829e-12,1.332409336814e-11,2.695346949149e-11,5.358259041794e-11,1.046940510955e-10,2.010513246027e-10,3.794581416631e-10,7.038431870643e-10,1.282997634602e-9,2.298246730593e-9,4.045493153432e-9,6.997352530126e-9,1.189233765634e-8,1.985893427721e-8,3.258248761626e-8,5.252146618438e-8,8.317615080423e-8,1.294063609832e-7,1.977848922101e-7,2.969597317816e-7,4.379814079212e-7,6.345335883511e-7,9.029880772560e-7,1.262193659705e-6,1.732906664310e-6,2.336784636762e-6,3.094897127210e-6,4.025760929228e-6,5.142979107390e-6,6.452647106274e-6,7.950773637020e-6,9.621033553748e-6,1.143320762581e-5,1.334265472816e-5,1.529109572638e-5,1.720886436634e-5,1.901860901841e-5,2.064023151084e-5,2.199665543544e-5,2.301985979329e-5,2.365652542683e-5,2.387264265020e-5,2.365652542683e-5,2.301985979329e-5,2.199665543544e-5,2.064023151084e-5,1.901860901841e-5,1.720886436634e-5,1.529109572638e-5,1.334265472816e-5,1.143320762581e-5,9.621033553748e-6,7.950773637020e-6,6.452647106274e-6,5.142979107390e-6,4.025760929228e-6,3.094897127210e-6,2.336784636762e-6,1.732906664310e-6,1.262193659705e-6,9.029880772560e-7,6.345335883511e-7,4.379814079212e-7,2.969597317816e-7,1.977848922101e-7,1.294063609832e-7,8.317615080423e-8,5.252146618438e-8,3.258248761626e-8,1.985893427721e-8,1.189233765634e-8,6.997352530126e-9,4.045493153432e-9,2.298246730593e-9,1.282997634602e-9,7.038431870643e-10,3.794581416631e-10,2.010513246027e-10,1.046940510955e-10,5.358259041794e-11,2.695346949149e-11,1.332409336814e-11,6.467537796829e-12,3.069668422244e-12,1.394248600629e-12,5.353467096148e-13,4.051164104019e-34
2.016488135329e-33,9.675636626475e-13,2.518328999025e-12,5.539969983674e-12,1.166195469894e-11,2.400401971215e-11,4.851552688344e-11,9.636466535991e-11,1.881278479578e-10,3.609808115207e-10,6.807636291407e-10,1.261748822573e-9,2.298246730593e-9,4.113869850815e-9,7.236320685857e-9,1.250782781902e-8,2.124352473822e-8,3.545160660576e-8,5.812919696700e-8,9.364541591414e-8,1.482168651509e-7,2.304693148262e-7,3.520617710802e-7,5.283250493539e-7,7.788374874552e-7,1.127828315572e-6,1.604269409109e-6,2.241495737874e-6,3.076192340386e-6,4.146609839866e-6,5.489928355164e-6,7.138783958218e-6,9.117098883242e-6,1.143550461588e-5,1.408679546753e-5,1.704197226027e-5,2.024750153228e-5,2.362439845086e-5,2.706962428166e-5,3.046007042396e-5,3.365909878992e-5,3.652526030332e-5,3.892247218185e-5,4.073065948174e-5,4.185571116627e-5,4.223760307888e-5,4.185571116627e-5,4.073065948174e-5,3.892247218185e-5,3.652526030332e-5,3.365909878992e-5,3.046007042396e-5,2.706962428166e-5,2.362439845086e-5,2.024750153228e-5,1.704197226027e-5,1.408679546753e-5,1.143550461588e-5,9.117098883242e-6,7.138783958218e-6,5.489928355164e-6,4.146609839866e-6,3.076192340386e-6,2.241495737874e-6,1.604269409109e-6,1.127828315572e-6,7.788374874552e-7,5.283250493539e-7,3.520617710802e-7,2.304693148262e-7,1.482168651509e-7,9.364541591414e-8,5.812919696700e-8,3.545160660576e-8,2.124352473822e-8,1.250782781902e-8,7.236320685857e-9,4.113869850815e-9,2.298246730593e-9,1.261748822573e-9,6.807636291407e-10,3.609808115207e-10,1.881278479578e-10,9.636466535991e-11,4.851552688344e-11,2.400401971215e-11,1.166195469894e-11,5.539969983674e-12,2.518328999025e-12,9.675636626475e-13,2.016488135329e-33
9.553551852504e-33,1.717961818317e-12,4.468713260676e-12,9.822720122170e-12,2.065967543256e-11,4.248752510441e-11,8.580037249303e-11,1.702806189806e-10,3.321606209019e-10,6.368478474448e-10,1.200088716282e-9,2.222615413146e-9,4.045493153432e-9,7.236320685857e-9,1.271998390811e-8,2.197157779891e-8,3.729285619935e-8,6.219620206066e-8,1.019202144624e-7,1.640966844609e-7,2.595777310354e-7,4.034119145728e-7,6.159274885846e-7,9.238391480151e-7,1.361243474503e-6,1.970312678404e-6,2.801444809018e-6,3.912593587831e-6,5.367497215185e-6,7.232568011085e-6,9.572305574598e-6,1.244326003846e-5,1.588679240649e-5,1.992113519071e-5,2.453351335935e-5,2.967329619183e-5,3.524726353054e-5,4.111803892570e-5,4.710653787678e-5,5.299889959540e-5,5.855784696631e-5,6.353781687483e-5,6.770261293275e-5,7.084385693803e-5,7.279824749769e-5,7.346163861839e-5,7.279824749769e-5,7.084385693803e-5,6.770261293275e-5,6.353781687483e-5,5.855784696631e-5,5.299889959540e-5,4.710653787678e-5,4.111803892570e-5,3.524726353054e-5,2.967329619183e-5,2.453351335935e-5,1.992113519071e-5,1.588679240649e-5,1.244326003846e-5,9.572305574598e-6,7.232568011085e-6,5.367497215185e-6,3.912593587831e-6,2.801444809018e-6,1.970312678404e-6,1.361243474503e-6,9.238391480151e-7,6.159274885846e-7,4.034119145728e-7,2.595777310354e-7,1.640966844609e-7,1.019202144624e-7,6.219620206066e-8,3.729285619935e-8,2.197157779891e-8,1.271998390811e-8,7.236320685857e-9,4.045493153432e-9,2.222615413146e-9,1.200088716282e-9,6.368478474448e-10,3.321606209019e-10,1.702806189806e-10,8.580037249303e-11,4.248752510441e-11,2.065967543256e-11,9.822720122170e-12,4.468713260676e-12,1.717961818317e-12,9.553551852504e-33
4.308116292984e-32,2.996540065664e-12,7.789926699091e-12,1.710990713555e-11,3.595659460033e-11,7.388448140816e-11,1.490812969934e-10,2.956304573192e-10,5.762228460845e-10,1.103938755502e-9,2.078730892721e-9,3.847100738265e-9,6.997352530126e-9,1.250782781902e-8,2.197157779891e-8,3.792759814667e-8,6.433510340802e-8,1.072317421956e-7,1.756167244056e-7,2.825923068255e-7,4.467781353939e-7,6.939787080019e-7,1.059031751801e-6,1.587693898780e-6,2.338332805546e-6,3.383100235601e-6,4.808173338150e-6,6.712592294543e-6,9.205216853066e-6,1.239939767733e-5,1.640513118408e-5,2.131874654589e-5,2.721054941678e-5,3.411128326772e-5,4.199870585910e-5,5.078593569770e-5,6.031341382489e-5,7.034627158829e-5,8.057854543789e-5,9.064503189149e-5,1.001406835456e-4,1.086464214808e-4,1.157592356716e-4,1.211236365503e-4,1.244610662360e-4,1.255938865546e-4,1.244610662360e-4,1.211236365503e-4,1.157592356716e-4,1.086464214808e-4,1.001406835456e-4,9.064503189149e-5,8.057854543789e-5,7.034627158829e-5,6.031341382489e-5,5.078593569770e-5,4.199870585910e-5,3.411128326772e-5,2.721054941678e-5,2.131874654589e-5,1.640513118408e-5,1.239939767733e-5,9.205216853066e-6,6.712592294543e-6,4.808173338150e-6,3.383100235601e-6,2.338332805546e-6,1.587693898780e-6,1.059031751801e-6,6.939787080019e-7,4.467781353939e-7,2.825923068255e-7,1.756167244056e-7,1.072317421956e-7,6.433510340802e-8,3.792759814667e-8,2.197157779891e-8,1.250782781902e-8,6.997352530126e-9,3.847100738265e-9,2.078730892721e-9,1.103938755502e-9,5.762228460845e-10,2.956304573192e-10,1.490812969934e-10,7.388448140816e-11,3.595659460033e-11,1.710990713555e-11,7.789926699091e-12,2.996540065664e-12,4.308116292984e-32
1.849112481133e-31,5.134316793652e-12,1.333977457916e-11,2.927780134939e-11,6.147803280367e-11,1.262242600240e-10,2.544873690866e-10,5.042585071233e-10,9.821179870796e-10,1.880163543472e-9,3.537812073882e-9,6.542810086176e-9,1.189233765634e-8,2.124352473822e-8,3.729285619935e-8,6.433510340802e-8,1.090630146511e-7,1.816763051040e-7,2.973684297165e-7,4.782467624944e-7,7.557097354775e-7,1.173246765854e-6,1.789538532864e-6,2.681615257647e-6,3.947684404613e-6,5.709080903428e-6,8.110647352102e-6,1.131875371172e-5,1.551615789184e-5,2.089303315612e-5,2.763377918779e-5,3.589970386052e-5,4.580829288711e-5,5.741051494686e-5,7.066833978368e-5,8.543524285492e-5,1.014427861806e-4,1.182962703730e-4,1.354818647688e-4,1.523865360724e-4,1.683306015968e-4,1.826110171823e-4,1.945518315056e-4,2.035568876738e-4,2.091590944718e-4,2.110606059275e-4,2.091590944718e-4,2.035568876738e-4,1.945518315056e-4,1.826110171823e-4,1.683306015968e-4,1.523865360724e-4,1.354818647688e-4,1.182962703730e-4,1.014427861806e-4,8.543524285492e-5,7.066833978368e-5,5.741051494686e-5,4.580829288711e-5,3.589970386052e-5,2.763377918779e-5,2.089303315612e-5,1.551615789184e-5,1.131875371172e-5,8.110647352102e-6,5.709080903428e-6,3.947684404613e-6,2.681615257647e-6,1.789538532864e-6,1.173246765854e-6,7.557097354775e-7,4.782467624944e-7,2.973684297165e-7,1.816763051040e-7,1.090630146511e-7,6.433510340802e-8,3.729285619935e-8,2.124352473822e-8,1.189233765634e-8,6.542810086176e-9,3.537812073882e-9,1.880163543472e-9,9.821179870796e-10,5.042585071233e-10,2.544873690866e-10,1.262242600240e-10,6.147803280367e-11,2.927780134939e-11,1.333977457916e-11,5.134316793652e-12,1.849112481133e-31
7.554271700866e-31,8.641415792557e-12,2.243941516320e-11,4.921391355324e-11,1.032598440394e-10,2.118429563291e-10,4.267781763648e-10,8.450088466649e-10,1.644567171481e-9,3.146093032492e-9,5.915708832389e-9,1.093303133472e-8,1.985893427721e-8,3.545160660576e-8,6.219620206066e-8,1.072317421956e-7,1.816763051040e-7,3.024634013272e-7,4.948020639003e-7,7.953515955303e-7,1.256148580139e-6,1.949228109621e-6,2.971735237281e-6,4.451124765007e-6,6.549806516949e-6,9.468332868065e-6,1.344598639899e-5,1.875746583819e-5,2.570435725691e-5,3.460028504248e-5,4.574911864449e-5,5.941638721768e-5,7.579509264461e-5,9.496831341870e-5,1.168721913022e-4,1.412638702896e-4,1.676994730285e-4,1.955270391033e-4,2.238983774185e-4,2.518019938738e-4,2.781167954280e-4,3.016834489511e-4,3.213875143630e-4,3.362462527064e-4,3.454897656113e-4,3.486271524078e-4,3.454897656113e-4,3.362462527064e-4,3.213875143630e-4,3.016834489511e-4,2.781167954280e-4,2.518019938738e-4,2.238983774185e-4,1.955270391033e-4,1.676994730285e-4,1.412638702896e-4,1.168721913022e-4,9.496831341870e-5,7.579509264461e-5,5.941638721768e-5,4.574911864449e-5,3.460028504248e-5,2.570435725691e-5,1.875746583819e-5,1.344598639899e-5,9.468332868065e-6,6.549806516949e-6,4.451124765007e-6,2.971735237281e-6,1.949228109621e-6,1.256148580139e-6,7.953515955303e-7,4.948020639003e-7,3.024634013272e-7,1.816763051040e-7,1.072317421956e-7,6.219620206066e-8,3.545160660576e-8,1.985893427721e-8,1.093303133472e-8,5.915708832389e-9,3.146093032492e-9,1.644567171481e-9,8.450088466649e-10,4.267781763648e-10,2.118429563291e-10,1.032598440394e-10,4.921391355324e-11,2.243941516320e-11,8.641415792557e-12,7.554271700866e-31
2.937482111711e-30,1.428600558760e-11,3.707716460829e-11,8.126059879825e-11,1.703715732038e-10,3.492616694548e-10,7.030969696237e-10,1.391097048260e-9,2.705444028193e-9,5.171982445098e-9,9.718486998099e-9,1.794926726188e-8,3.258248761626e-8,5.812919696700e-8,1.019202144624e-7,1.756167244056e-7,2.973684297165e-7,4.948020639003e-7,8.090220141486e-7,1.299769230384e-6,2.051797437441e-6,3.182369891030e-6,4.849542768698e-6,7.260580244356e-6,1.067945604313e-5,1.543197530845e-5,2.190666537817e-5,3.054932803579e-5,4.184913106856e-5,5.631445684136e-5,7.443750872284e-5,9.664793536669e-5,1.232574147312e-4,1.543990840916e-4,1.899676398899e-4,2.295675075048e-4,2.724773080474e-4,3.176385815241e-4,3.636751461205e-4,4.089465713415e-4,4.516352616073e-4,4.898620826753e-4,5.218210051145e-4,5.459196561390e-4,5.609106647696e-4,5.659987381779e-4,5.609106647696e-4,5.459196561390e-4,5.218210051145e-4,4.898620826753e-4,4.516352616073e-4,4.089465713415e-4,3.636751461205e-4,3.176385815241e-4,2.724773080474e-4,2.295675075048e-4,1.899676398899e-4,1.543990840916e-4,1.232574147312e-4,9.664793536669e-5,7.443750872284e-5,5.631445684136e-5,4.184913106856e-5,3.054932803579e-5,2.190666537817e-5,1.543197530845e-5,1.067945604313e-5,7.260580244356e-6,4.849542768698e-6,3.182369891030e-6,2.051797437441e-6,1.299769230384e-6,8.090220141486e-7,4.948020639003e-7,2.973684297165e-7,1.756167244056e-7,1.019202144624e-7,5.812919696700e-8,3.258248761626e-8,1.794926726188e-8,9.718486998099e-9,5.171982445098e-9,2.705444028193e-9,1.391097048260e-9,7.030969696237e-10,3.492616694548e-10,1.703715732038e-10,8.126059879825e-11,3.707716460829e-11,1.428600558760e-11,2.937482111711e-30
1.087204444788e-29,2.319769076316e-11,6.017523540181e-11,1.317950792239e-10,2.761222412421e-10,5.656372250541e-10,1.137862532351e-9,2.249708704057e-9,4.372290879396e-9,8.352888394464e-9,1.568537859905e-8,2.895125434563e-8,5.252146618438e-8,9.364541591414e-8,1.640966844609e-7,2.825923068255e-7,4.782467624944e-7,7.953515955303e-7,1.299769230384e-6,2.087171955071e-6,3.293217100656e-6,5.105500150730e-6,7.776748782132e-6,1.163820897022e-5,1.711155304060e-5,2.471697056840e-5,3.507449235130e-5,4.889519415633e-5,6.695890870943e-5,9.007562115916e-5,1.190289750618e-4,1.545023237323e-4,1.969904394792e-4,2.467030848834e-4,3.034697271100e-4,3.666571745911e-4,4.351132196175e-4,5.071489327170e-4,5.805697323556e-4,6.527607317421e-4,7.208255317636e-4,7.817703744491e-4,8.327184898495e-4,8.711337818525e-4,8.950298178968e-4,9.031401788037e-4,8.950298178968e-4,8.711337818525e-4,8.327184898495e-4,7.817703744491e-4,7.208255317636e-4,6.527607317421e-4,5.805697323556e-4,5.071489327170e-4,4.351132196175e-4,3.666571745911e-4,3.034697271100e-4,2.467030848834e-4,1.969904394792e-4,1.545023237323e-4,1.190289750618e-4,9.007562115916e-5,6.695890870943e-5,4.889519415633e-5,3.507449235130e-5,2.471697056840e-5,1.711155304060e-5,1.163820897022e-5,7.776748782132e-6,5.105500150730e-6,3.293217100656e-6,2.087171955071e-6,1.299769230384e-6,7.953515955303e-7,4.782467624944e-7,2.825923068255e-7,1.640966844609e-7,9.364541591414e-8,5.252146618438e-8,2.895125434563e-8,1.568537859905e-8,8.352888394464e-9,4.372290879396e-9,2.249708704057e-9,1.137862532351e-9,5.656372250541e-10,2.761222412421e-10,1.317950792239e-10,6.017523540181e-11,2.319769076316e-11,1.087204444788e-29
3.830015811049e-29,3.699742000267e-11,9.592462560771e-11,2.099569176162e-10,4.395709880768e-10,8.998290832438e-10,1.808884259053e-9,3.573985076850e-9,6.941415390451e-9,1.325242769064e-8,2.487028948837e-8,4.587621874449e-8,8.317615080423e-8,1.482168651509e-7,2.595777310354e-7,4.467781353939e-7,7.557097354775e-7,1.256148580139e-6,2.051797437441e-6,3.293217100656e-6,5.193784673894e-6,8.048424792704e-6,1.225426531922e-5,1.833156695254e-5,2.694230414512e-5,3.890272974135e-5,5.518530416219e-5,7.690474469633e-5,1.052829298147e-4,1.415882575343e-4,1.870470232849e-4,2.427275292584e-4,3.094018272885e-4,3.873948292419e-4,4.764353215997e-4,5.755273136296e-4,6.828621705873e-4,7.957912814515e-4,9.108750523484e-4,1.024016782277e-3,1.130680076375e-3,1.226177117689e-3,1.306004061412e-3,1.366190941183e-3,1.403628520601e-3,1.416334676487e-3,1.403628520601e-3,1.366190941183e-3,1.306004061412e-3,1.226177117689e-3,1.130680076375e-3,1.024016782277e-3,9.108750523484e-4,7.957912814515e-4,6.828621705873e-4,5.755273136296e-4,4.764353215997e-4,3.873948292419e-4,3.094018272885e-4,2.427275292584e-4,1.870470232849e-4,1.415882575343e-4,1.052829298147e-4,7.690474469633e-5,5.518530416219e-5,3.890272974135e-5,2.694230414512e-5,1.833156695254e-5,1.225426531922e-5,8.048424792704e-6,5.193784673894e-6,3.293217100656e-6,2.051797437441e-6,1.256148580139e-6,7.557097354775e-7,4.467781353939e-7,2.595777310354e-7,1.482168651509e-7,8.317615080423e-8,4.587621874449e-8,2.487028948837e-8,1.325242769064e-8,6.941415390451e-9,3.573985076850e-9,1.808884259053e-9,8.998290832438e-10,4.395709880768e-10,2.099569176162e-10,9.592462560771e-11,3.699742000267e-11,3.830015811049e-29
1.284231367268e-28,5.795300730190e-11,1.501856979129e-10,3.285172187542e-10,6.873298433358e-10,1.406054855773e-9,2.824642057489e-9,5.577274919950e-9,1.082532233436e-8,2.065469050758e-8,3.873838865661e-8,7.141555855774e-8,1.294063609832e-7,2.304693148262e-7,4.034119145728e-7,6.939787080019e-7,1.173246765854e-6,1.949228109621e-6,3.182369891030e-6,5.105500150730e-6,8.048424792704e-6,1.246677557091e-5,1.897379206740e-5,2.837248537812e-5,4.168413637888e-5,6.016747705639e-5,8.532144579512e-5,1.188634550250e-4,1.626750895591e-4,2.187084955510e-4,2.888497555135e-4,3.747403910830e-4,4.775645794538e-4,5.978170920922e-4,7.350743331144e-4,8.877968169329e-4,1.053194506887e-3,1.227185331788e-3,1.404471092666e-3,1.578743841911e-3,1.743020600924e-3,1.890086876822e-3,2.013012468939e-3,2.105689444574e-3,2.163334570742e-3,2.182898740219e-3,2.163334570742e-3,2.105689444574e-3,2.013012468939e-3,1.890086876822e-3,1.743020600924e-3,1.578743841911e-3,1.404471092666e-3,1.227185331788e-3,1.053194506887e-3,8.877968169329e-4,7.350743331144e-4,5.978170920922e-4,4.775645794538e-4,3.747403910830e-4,2.888497555135e-4,2.187084955510e-4,1.626750895591e-4,1.188634550250e-4,8.532144579512e-5,6.016747705639e-5,4.168413637888e-5,2.837248537812e-5,1.897379206740e-5,1.246677557091e-5,8.048424792704e-6,5.105500150730e-6,3.182369891030e-6,1.949228109621e-6,1.173246765854e-6,6.939787080019e-7,4.034119145728e-7,2.304693148262e-7,1.294063609832e-7,7.141555855774e-8,3.873838865661e-8,2.065469050758e-8,1.082532233436e-8,5.577274919951e-9,2.824642057489e-9,1.406054855773e-9,6.873298433358e-10,3.285172187542e-10,1.501856979129e-10,5.795300730190e-11,1.284231367268e-28
4.098635890728e-28,8.915462534176e-11,2.309397616160e-10,5.048572404251e-10,1.055590586124e-9,2.157994402970e-9,4.332448150476e-9,8.549090808206e-9,1.658338477421e-8,3.162220736863e-8,5.927382202333e-8,1.092116266045e-7,1.977848922101e-7,3.520617710802e-7,6.159274885846e-7,1.059031751801e-6,1.789538532864e-6,2.971735237281e-6,4.849542768698e-6,7.776748782132e-6,1.225426531922e-5,1.897379206740e-5,2.886587686166e-5,4.314849548454e-5,6.337001350779e-5,9.143797182099e-5,1.296229428917e-4,1.805252783725e-4,2.469925552826e-4,3.319775742152e-4,4.383313676209e-4,5.685330116687e-4,7.243677760578e-4,9.065763533221e-4,1.114509021911e-3,1.345827573778e-3,1.596302455812e-3,1.859750867963e-3,2.128152308993e-3,2.391961231867e-3,2.640613488079e-3,2.863196968629e-3,3.049231249959e-3,3.189480532791e-3,3.276712728597e-3,3.306317951373e-3,3.276712728597e-3,3.189480532791e-3,3.049231249959e-3,2.863196968629e-3,2.640613488079e-3,2.391961231867e-3,2.128152308993e-3,1.859750867963e-3,1.596302455812e-3,1.345827573778e-3,1.114509021911e-3,9.065763533221e-4,7.243677760578e-4,5.685330116687e-4,4.383313676209e-4,3.319775742152e-4,2.469925552826e-4,1.805252783725e-4,1.296229428917e-4,9.143797182099e-5,6.337001350779e-5,4.314849548454e-5,2.886587686166e-5,1.897379206740e-5,1.225426531922e-5,7.776748782132e-6,4.849542768698e-6,2.971735237281e-6,1.789538532864e-6,1.059031751801e-6,6.159274885846e-7,3.520617710802e-7,1.977848922101e-7,1.092116266045e-7,5.927382202333e-8,3.162220736863e-8,1.658338477421e-8,8.549090808206e-9,4.332448150476e-9,2.157994402970e-9,1.055590586124e-9,5.048572404251e-10,2.309397616160e-10,8.915462534176e-11,4.098635890728e-28
1.245055648974e-27,1.346979796651e-10,3.487598386105e-10,7.619869144545e-10,1.592230523458e-9,3.253046051424e-9,6.526896276369e-9,1.287159826662e-8,2.495348460012e-8,4.755564676253e-8,8.909045772872e-8,1.640597222754e-7,2.969597317816e-7,5.283250493539e-7,9.238391480151e-7,1.587693898780e-6,2.681615257647e-6,4.451124765007e-6,7.260580244356e-6,1.163820897022e-5,1.833156695254e-5,2.837248537812e-5,4.314849548454e-5,6.447494242120e-5,9.465864268176e-5,1.365403487971e-4,1.935000371192e-4,2.694069344739e-4,3.684962037377e-4,4.951572742421e-4,6.536256663927e-4,8.475810714096e-4,1.079668917668e-3,1.350979285953e-3,1.660533508064e-3,2.004842067319e-3,2.377604223539e-3,2.769617198031e-3,3.168948975312e-3,3.561403770589e-3,3.931275094556e-3,4.262342372990e-3,4.539029122421e-3,4.747610275382e-3,4.877339326120e-3,4.921366598350e-3,4.877339326120e-3,4.747610275382e-3,4.539029122421e-3,4.262342372990e-3,3.931275094556e-3,3.561403770589e-3,3.168948975312e-3,2.769617198031e-3,2.377604223539e-3,2.004842067319e-3,1.660533508064e-3,1.350979285953e-3,1.079668917668e-3,8.475810714096e-4,6.536256663927e-4,4.951572742421e-4,3.684962037377e-4,2.694069344739e-4,1.935000371192e-4,1.365403487971e-4,9.465864268176e-5,6.447494242120e-5,4.314849548454e-5,2.837248537812e-5,1.833156695254e-5,1.163820897022e-5,7.260580244356e-6,4.451124765007e-6,2.681615257647e-6,1.587693898780e-6,9.238391480151e-7,5.283250493539e-7,2.969597317816e-7,1.640597222754e-7,8.909045772872e-8,4.755564676253e-8,2.495348460012e-8,1.287159826662e-8,6.526896276369e-9,3.253046051424e-9,1.592230523458e-9,7.619869144545e-10,3.487598386105e-10,1.346979796651e-10,1.245055648974e-27
3.599909196503e-27,1.998545147581e-10,5.172472983505e-10,1.129487222565e-9,2.358755656833e-9,4.816243490795e-9,9.657616291540e-9,1.903470894534e-8,3.688089816999e-8,7.024817371202e-8,1.315324698447e-7,2.420910897616e-7,4.379814079212e-7,7.788374874552e-7,1.361243474503e-6,2.338332805546e-6,3.947684404613e-6,6.549806516949e-6,1.067945604313e-5,1.711155304060e-5,2.694230414512e-5,4.168413637888e-5,6.337001350779e-5,9.465864268176e-5,1.389271800699e-4,2.003328097752e-4,2.838198458728e-4,3.950459679935e-4,5.402012408839e-4,7.256980807907e-4,9.577203841240e-4,1.241635984111e-3,1.581297727487e-3,1.978282718319e-3,2.431143273795e-3,2.934762459942e-3,3.479916929193e-3,4.053145932227e-3,4.637005211841e-3,5.210747966182e-3,5.751425292736e-3,6.235341699113e-3,6.639745953799e-3,6.944593262543e-3,7.134190135939e-3,7.198534279413e-3,7.134190135939e-3,6.944593262543e-3,6.639745953799e-3,6.235341699113e-3,5.751425292736e-3,5.210747966182e-3,4.637005211841e-3,4.053145932227e-3,3.479916929193e-3,2.934762459942e-3,2.431143273795e-3,1.978282718319e-3,1.581297727487e-3,1.241635984111e-3,9.577203841240e-4,7.256980807907e-4,5.402012408839e-4,3.950459679935e-4,2.838198458728e-4,2.003328097752e-4,1.389271800699e-4,9.465864268176e-5,6.337001350779e-5,4.168413637888e-5,2.694230414512e-5,1.711155304060e-5,1.067945604313e-5,6.549806516949e-6,3.947684404613e-6,2.338332805546e-6,1.361243474503e-6,7.788374874552e-7,4.379814079212e-7,2.420910897616e-7,1.315324698447e-7,7.024817371202e-8,3.688089816999e-8,1.903470894534e-8,9.657616291540e-9,4.816243490795e-9,2.358755656833e-9,1.129487222565e-9,5.172472983505e-10,1.998545147581e-10,3.599909196503e-27
9.907126047283e-27,2.911986544916e-10,7.533570419298e-10,1.644208498352e-9,3.431732598035e-9,7.003125706294e-9,1.403492355130e-8,2.764701368448e-8,5.353910181566e-8,1.019243827539e-7,1.907459777250e-7,3.509025370487e-7,6.345335883511e-7,1.127828315572e-6,1.970312678404e-6,3.383100235601e-6,5.709080903428e-6,9.468332868065e-6,1.543197530845e-5,2.471697056840e-5,3.890272974135e-5,6.016747705639e-5,9.143797182099e-5,1.365403487971e-4,2.003328097752e-4,2.887934001583e-4,4.090293496855e-4,5.691701320126e-4,7.781065015496e-4,1.045044290037e-3,1.378856212498e-3,1.787237844190e-3,2.275704241236e-3,2.846498443188e-3,3.497517457122e-3,4.221388949712e-3,5.004845902800e-3,5.828540865834e-3,6.667412441067e-3,7.491664225272e-3,8.268345061891e-3,8.963438029003e-3,9.544286366742e-3,9.982121151019e-3,1.025442031429e-2,1.034683006080e-2,1.025442031429e-2,9.982121151019e-3,9.544286366742e-3,8.963438029003e-3,8.268345061891e-3,7.491664225272e-3,6.667412441067e-3,5.828540865834e-3,5.004845902800e-3,4.221388949712e-3,3.497517457122e-3,2.846498443188e-3,2.275704241236e-3,1.787237844190e-3,1.378856212498e-3,1.045044290037e-3,7.781065015496e-4,5.691701320126e-4,4.090293496855e-4,2.887934001583e-4,2.003328097752e-4,1.365403487971e-4,9.143797182099e-5,6.016747705639e-5,3.890272974135e-5,2.471697056840e-5,1.543197530845e-5,9.468332868065e-6,5.709080903428e-6,3.383100235601e-6,1.970312678404e-6,1.127828315572e-6,6.345335883511e-7,3.509025370487e-7,1.907459777250e-7,1.019243827539e-7,5.353910181566e-8,2.764701368448e-8,1.403492355130e-8,7.003125706294e-9,3.431732598035e-9,1.644208498352e-9,7.533570419298e-10,2.911986544916e-10,9.907126047283e-27
2.595118475649e-26,4.166530843754e-10,1.077510870283e-9,2.350507074913e-9,4.903258406617e-9,1.000064671222e-8,2.003154619174e-8,3.943900207592e-8,7.633566428824e-8,1.452508866432e-7,2.716977269154e-7,4.995887888500e-7,9.029880772560e-7,1.604269409109e-6,2.801444809018e-6,4.808173338150e-6,8.110647352102e-6,1.344598639899e-5,2.190666537817e-5,3.507449235130e-5,5.518530416219e-5,8.532144579512e-5,1.296229428917e-4,1.935000371192e-4,2.838198458728e-4,4.090293496855e-4,5.791674188568e-4,8.057125425529e-4,1.101213131978e-3,1.478656534830e-3,1.950553355498e-3,2.527746016903e-3,3.217993236953e-3,4.024431064239e-3,4.944059472248e-3,5.966442333808e-3,7.072828231750e-3,8.235891501999e-3,9.420251931487e-3,1.058385761529e-2,1.168021491103e-2,1.266133475453e-2,1.348115308674e-2,1.409909394969e-2,1.448339432727e-2,1.461381192857e-2,1.448339432727e-2,1.409909394969e-2,1.348115308674e-2,1.266133475453e-2,1.168021491103e-2,1.058385761529e-2,9.420251931487e-3,8.235891501999e-3,7.072828231750e-3,5.966442333808e-3,4.944059472248e-3,4.024431064239e-3,3.217993236953e-3,2.527746016903e-3,1.950553355498e-3,1.478656534830e-3,1.101213131978e-3,8.057125425529e-4,5.791674188568e-4,4.090293496855e-4,2.838198458728e-4,1.935000371192e-4,1.296229428917e-4,8.532144579512e-5,5.518530416219e-5,3.507449235130e-5,2.190666537817e-5,1.344598639899e-5,8.110647352102e-6,4.808173338150e-6,2.801444809018e-6,1.604269409109e-6,9.029880772560e-7,4.995887888500e-7,2.716977269154e-7,1.452508866432e-7,7.633566428824e-8,3.943900207592e-8,2.003154619174e-8,1.000064671222e-8,4.903258406617e-9,2.350507074913e-9,1.077510870283e-9,4.166530843754e-10,2.595118475649e-26
6.470234925645e-26,5.854064310336e-10,1.513381704433e-9,3.299766357715e-9,6.879943216985e-9,1.402506336124e-8,2.807832198597e-8,5.525445272156e-8,1.068953260004e-7,2.033036506204e-7,3.801131431898e-7,6.986270926327e-7,1.262193659705e-6,2.241495737874e-6,3.912593587831e-6,6.712592294543e-6,1.131875371172e-5,1.875746583819e-5,3.054932803579e-5,4.889519415633e-5,7.690474469633e-5,1.188634550250e-4,1.805252783725e-4,2.694069344739e-4,3.950459679935e-4,5.691701320126e-4,8.057125425529e-4,1.120598734464e-3,1.531232119512e-3,2.055617273567e-3,2.711088902142e-3,3.512659192249e-3,4.471055472584e-3,5.590587895831e-3,6.867053731968e-3,8.285938480721e-3,9.821201023664e-3,1.143491869466e-2,1.307801125962e-2,1.469216035401e-2,1.621290166816e-2,1.757370846256e-2,1.871073073046e-2,1.956773099893e-2,2.010068940700e-2,2.028155374650e-2,2.010068940700e-2,1.956773099893e-2,1.871073073046e-2,1.757370846256e-2,1.621290166816e-2,1.469216035401e-2,1.307801125962e-2,1.143491869466e-2,9.821201023664e-3,8.285938480721e-3,6.867053731968e-3,5.590587895831e-3,4.471055472584e-3,3.512659192249e-3,2.711088902142e-3,2.055617273567e-3,1.531232119512e-3,1.120598734464e-3,8.057125425529e-4,5.691701320126e-4,3.950459679935e-4,2.694069344739e-4,1.805252783725e-4,1.188634550250e-4,7.690474469633e-5,4.889519415633e-5,3.054932803579e-5,1.875746583819e-5,1.131875371172e-5,6.712592294543e-6,3.912593587831e-6,2.241495737874e-6,1.262193659705e-6,6.986270926327e-7,3.801131431898e-7,2.033036506204e-7,1.068953260004e-7,5.525445272156e-8,2.807832198597e-8,1.402506336124e-8,6.879943216985e-9,3.299766357715e-9,1.513381704433e-9,5.854064310336e-10,6.470234925645e-26
1.535452085188e-25,8.076558716144e-10,2.087226821362e-9,4.548939171757e-9,9.479862594203e-9,1.931570562851e-8,3.865169383640e-8,7.602576507433e-8,1.470121641630e-7,2.794768140461e-7,5.223055013532e-7,9.595626200718e-7,1.732906664310e-6,3.076192340386e-6,5.367497215185e-6,9.205216853066e-6,1.551615789184e-5,2.570435725691e-5,4.184913106856e-5,6.695890870943e-5,1.052829298147e-4,1.626750895591e-4,2.469925552826e-4,3.684962037377e-4,5.402012408839e-4,7.781065015496e-4,1.101213131978e-3,1.531232119512e-3,2.091880743708e-3,2.807685735964e-3,3.702249733037e-3,4.795998748251e-3,6.103509005698e-3,7.630603704990e-3,9.371501178774e-3,1.130636868925e-2,1.339967264102e-2,1.559970032061e-2,1.783955066846e-2,2.003975207734e-2,2.211247571017e-2,2.396709697435e-2,2.551664806485e-2,2.668453690307e-2,2.741081499935e-2,2.765728105450e-2,2.741081499935e-2,2.668453690307e-2,2.551664806485e-2,2.396709697435e-2,2.211247571017e-2,2.003975207734e-2,1.783955066846e-2,1.559970032061e-2,1.339967264102e-2,1.130636868925e-2,9.371501178774e-3,7.630603704990e-3,6.103509005698e-3,4.795998748251e-3,3.702249733037e-3,2.807685735964e-3,2.091880743708e-3,1.531232119512e-3,1.101213131978e-3,7.781065015496e-4,5.402012408839e-4,3.684962037377e-4,2.469925552826e-4,1.626750895591e-4,1.052829298147e-4,6.695890870943e-5,4.184913106856e-5,2.570435725691e-5,1.551615789184e-5,9.205216853066e-6,5.367497215185e-6,3.076192340386e-6,1.732906664310e-6,9.595626200718e-7,5.223055013532e-7,2.794768140461e-7,1.470121641630e-7,7.602576507433e-8,3.865169383640e-8,1.931570562851e-8,9.479862594203e-9,4.548939171757e-9,2.087226821362e-9,8.076558716144e-10,1.535452085188e-25
3.468213675652e-25,1.094132841852e-9,2.826662965180e-9,6.157880632044e-9,1.282700489921e-8,2.612367467403e-8,5.225111811930e-8,1.027295706608e-7,1.985638503073e-7,3.773198666536e-7,7.048719587271e-7,1.294450633408e-6,2.336784636762e-6,4.146609839866e-6,7.232568011085e-6,1.239939767733e-5,2.089303315612e-5,3.460028504248e-5,5.631445684136e-5,9.007562115916e-5,1.415882575343e-4,2.187084955510e-4,3.319775742152e-4,4.951572742421e-4,7.256980807907e-4,1.045044290037e-3,1.478656534830e-3,2.055617273567e-3,2.807685735964e-3,3.767692660735e-3,4.967217195069e-3,6.433570201023e-3,8.186216077024e-3,1.023288848798e-2,1.256577680635e-2,1.515825716645e-2,1.796269059761e-2,2.090978945776e-2,2.390994937191e-2,2.685675718554e-2,2.963263203958e-2,3.211626816874e-2,3.419126782692e-2,3.575512894190e-2,3.672762828007e-2,3.705764681257e-2,3.672762828007e-2,3.575512894190e-2,3.419126782692e-2,3.211626816874e-2,2.963263203958e-2,2.685675718554e-2,2.390994937191e-2,2.090978945776e-2,1.796269059761e-2,1.515825716645e-2,1.256577680635e-2,1.023288848798e-2,8.186216077024e-3,6.433570201023e-3,4.967217195069e-3,3.767692660735e-3,2.807685735964e-3,2.055617273567e-3,1.478656534830e-3,1.045044290037e-3,7.256980807907e-4,4.951572742421e-4,3.319775742152e-4,2.187084955510e-4,1.415882575343e-4,9.007562115916e-5,5.631445684136e-5,3.460028504248e-5,2.089303315612e-5,1.239939767733e-5,7.232568011085e-6,4.146609839866e-6,2.336784636762e-6,1.294450633408e-6,7.048719587271e-7,3.773198666536e-7,1.985638503073e-7,1.027295706608e-7,5.225111811930e-8,2.612367467403e-8,1.282700489921e-8,6.157880632044e-9,2.826662965180e-9,1.094132841852e-9,3.468213675652e-25
7.456392881249e-25,1.455385315657e-9,3.758815733919e-9,8.185326929726e-9,1.704291838114e-8,3.469487940067e-8,6.936523086486e-8,1.363203979039e-7,2.633837823113e-7,5.002953192207e-7,9.342420489974e-7,1.715029459263e-6,3.094897127210e-6,5.489928355164e-6,9.572305574598e-6,1.640513118408e-5,2.763377918779e-5,4.574911864449e-5,7.443750872284e-5,1.190289750618e-4,1.870470232849e-4,2.888497555135e-4,4.383313676209e-4,6.536256663927e-4,9.577203841240e-4,1.378856212498e-3,1.950553355498e-3,2.711088902142e-3,3.702249733037e-3,4.967217195069e-3,6.547508342658e-3,8.479006277797e-3,1.078725392280e-2,1.348234751462e-2,1.655392547388e-2,1.996687561126e-2,2.365844709321e-2,2.753742531002e-2,3.148589080975e-2,3.536383797070e-2,3.901659610870e-2,4.228461678819e-2,4.501482322670e-2,4.707242396886e-2,4.835193063563e-2,4.878612754019e-2,4.835193063563e-2,4.707242396886e-2,4.501482322670e-2,4.228461678819e-2,3.901659610870e-2,3.536383797070e-2,3.148589080975e-2,2.753742531002e-2,2.365844709321e-2,1.996687561126e-2,1.655392547388e-2,1.348234751462e-2,1.078725392280e-2,8.479006277797e-3,6.547508342658e-3,4.967217195069e-3,3.702249733037e-3,2.711088902142e-3,1.950553355498e-3,1.378856212498e-3,9.577203841240e-4,6.536256663927e-4,4.383313676209e-4,2.888497555135e-4,1.870470232849e-4,1.190289750618e-4,7.443750872284e-5,4.574911864449e-5,2.763377918779e-5,1.640513118408e-5,9.572305574598e-6,5.489928355164e-6,3.094897127210e-6,1.715029459263e-6,9.342420489974e-7,5.002953192207e-7,2.633837823113e-7,1.363203979039e-7,6.936523086486e-8,3.469487940067e-8,1.704291838114e-8,8.185326929726e-9,3.758815733919e-9,1.455385315657e-9,7.456392881249e-25
1.525826238407e-24,1.900816180071e-9,4.907842754722e-9,1.068352108566e-8,2.223556489386e-8,4.524743510589e-8,9.042683756694e-8,1.776425552265e-7,3.430914750506e-7,6.514577190109e-7,1.216080441459e-6,2.231627967118e-6,4.025760929228e-6,7.138783958218e-6,1.244326003846e-5,2.131874654589e-5,3.589970386052e-5,5.941638721768e-5,9.664793536669e-5,1.545023237323e-4,2.427275292584e-4,3.747403910830e-4,5.685330116687e-4,8.475810714096e-4,1.241635984111e-3,1.787237844190e-3,2.527746016903e-3,3.512659192249e-3,4.795998748251e-3,6.433570201023e-3,8.479006277797e-3,1.097863443388e-2,1.396539481011e-2,1.745224368978e-2,2.142568307989e-2,2.584022108330e-2,3.061464923852e-2,3.563098605152e-2,4.073675871321e-2,4.575097781323e-2,5.047372992198e-2,5.469882385087e-2,5.822845176573e-2,6.088844752636e-2,6.254251537577e-2,6.310381267824e-2,6.254251537577e-2,6.088844752636e-2,5.822845176573e-2,5.469882385087e-2,5.047372992198e-2,4.575097781323e-2,4.073675871321e-2,3.563098605152e-2,3.061464923852e-2,2.584022108330e-2,2.142568307989e-2,1.745224368978e-2,1.396539481011e-2,1.097863443388e-2,8.479006277797e-3,6.433570201023e-3,4.795998748251e-3,3.512659192249e-3,2.527746016903e-3,1.787237844190e-3,1.241635984111e-3,8.475810714096e-4,5.685330116687e-4,3.747403910830e-4,2.427275292584e-4,1.545023237323e-4,9.664793536669e-5,5.941638721768e-5,3.589970386052e-5,2.131874654589e-5,1.244326003846e-5,7.138783958218e-6,4.025760929228e-6,2.231627967118e-6,1.216080441459e-6,6.514577190109e-7,3.430914750506e-7,1.776425552265e-7,9.042683756694e-8,4.524743510589e-8,2.223556489386e-8,1.068352108566e-8,4.907842754722e-9,1.900816180071e-9,1.525826238407e-24
2.971903705279e-24,2.437513248900e-9,6.291922796973e-9,1.369168733403e-8,2.848580231953e-8,5.794428788011e-8,1.157584617904e-7,2.273236583812e-7,4.388878581757e-7,8.330666916192e-7,1.554567740940e-6,2.851851361439e-6,5.142979107390e-6,9.117098883242e-6,1.588679240649e-5,2.721054941678e-5,4.580829288711e-5,7.579509264461e-5,1.232574147312e-4,1.969904394792e-4,3.094018272885e-4,4.775645794538e-4,7.243677760578e-4,1.079668917668e-3,1.581297727487e-3,2.275704241236e-3,3.217993236953e-3,4.471055472584e-3,6.103509005698e-3,8.186216077024e-3,1.078725392280e-2,1.396539481011e-2,1.776238308946e-2,2.219456224290e-2,2.724466547587e-2,3.285479112532e-2,3.892168706784e-2,4.529542090820e-2,5.178228743948e-2,5.815240219607e-2,6.415188443561e-2,6.951891263508e-2,7.400233382890e-2,7.738102803241e-2,7.948196398429e-2,8.019489617169e-2,7.948196398429e-2,7.738102803241e-2,7.400233382890e-2,6.951891263508e-2,6.415188443561e-2,5.815240219607e-2,5.178228743948e-2,4.529542090820e-2,3.892168706784e-2,3.285479112532e-2,2.724466547587e-2,2.219456224290e-2,1.776238308946e-2,1.396539481011e-2,1.078725392280e-2,8.186216077024e-3,6.103509005698e-3,4.471055472584e-3,3.217993236953e-3,2.275704241236e-3,1.581297727487e-3,1.079668917668e-3,7.243677760578e-4,4.775645794538e-4,3.094018272885e-4,1.969904394792e-4,1.232574147312e-4,7.579509264461e-5,4.580829288711e-5,2.721054941678e-5,1.588679240649e-5,9.117098883242e-6,5.142979107390e-6,2.851851361439e-6,1.554567740940e-6,8.330666916192e-7,4.388878581757e-7,2.273236583812e-7,1.157584617904e-7,5.794428788011e-8,2.848580231953e-8,1.369168733403e-8,6.291922796973e-9,2.437513248900e-9,2.971903705279e-24
5.509570529521e-24,3.068949264280e-9,7.919912918592e-9,1.722879347960e-8,3.583240876219e-8,7.286291993520e-8,1.455121544537e-7,2.856570630744e-7,5.513294830628e-7,1.046160555100e-6,1.951608805588e-6,3.579135944222e-6,6.452647106274e-6,1.143550461588e-5,1.992113519071e-5,3.411128326772e-5,5.741051494686e-5,9.496831341870e-5,1.543990840916e-4,2.467030848834e-4,3.873948292419e-4,5.978170920922e-4,9.065763533221e-4,1.350979285953e-3,1.978282718319e-3,2.846498443188e-3,4.024431064239e-3,5.590587895831e-3,7.630603704990e-3,1.023288848798e-2,1.348234751462e-2,1.745224368978e-2,2.219456224290e-2,2.772956827915e-2,3.403557228988e-2,4.104017721847e-2,4.861440838926e-2,5.657106791163e-2,6.466837381525e-2,7.261944189503e-2,8.010748820394e-2,8.680585716790e-2,9.240123060807e-2,9.661777504920e-2,9.923965486181e-2,1.001293562636e-1,9.923965486181e-2,9.661777504920e-2,9.240123060807e-2,8.680585716790e-2,8.010748820394e-2,7.261944189503e-2,6.466837381525e-2,5.657106791163e-2,4.861440838926e-2,4.104017721847e-2,3.403557228988e-2,2.772956827915e-2,2.219456224290e-2,1.745224368978e-2,1.348234751462e-2,1.023288848798e-2,7.630603704990e-3,5.590587895831e-3,4.024431064239e-3,2.846498443188e-3,1.978282718319e-3,1.350979285953e-3,9.065763533221e-4,5.978170920922e-4,3.873948292419e-4,2.467030848834e-4,1.543990840916e-4,9.496831341870e-5,5.741051494686e-5,3.411128326772e-5,1.992113519071e-5,1.143550461588e-5,6.452647106274e-6,3.579135944222e-6,1.951608805588e-6,1.046160555100e-6,5.513294830628e-7,2.856570630744e-7,1.455121544537e-7,7.286291993520e-8,3.583240876219e-8,1.722879347960e-8,7.919912918592e-9,3.068949264280e-9,5.509570529521e-24
9.721966480995e-24,3.793674095214e-9,9.787988246556e-9,2.128628336949e-8,4.425706218994e-8,8.996500012619e-8,1.796092634511e-7,3.524843525512e-7,6.801030837382e-7,1.290131060173e-6,2.406043983662e-6,4.411310678564e-6,7.950773637020e-6,1.408679546753e-5,2.453351335935e-5,4.199870585910e-5,7.066833978368e-5,1.168721913022e-4,1.899676398899e-4,3.034697271100e-4,4.764353215997e-4,7.350743331144e-4,1.114509021911e-3,1.660533508064e-3,2.431143273795e-3,3.497517457122e-3,4.944059472248e-3,6.867053731968e-3,9.371501178774e-3,1.256577680635e-2,1.655392547388e-2,2.142568307989e-2,2.724466547587e-2,3.403557228988e-2,4.177165008997e-2,5.036397543961e-2,5.965427417943e-2,6.941291946898e-2,7.934340591672e-2,8.909398154383e-2,9.827628630939e-2,1.064898994006e-1,1.133507797252e-1,1.185208523141e-1,1.217355899302e-1,1.228264609984e-1,1.217355899302e-1,1.185208523141e-1,1.133507797252e-1,1.064898994006e-1,9.827628630939e-2,8.909398154383e-2,7.934340591672e-2,6.941291946898e-2,5.965427417943e-2,5.036397543961e-2,4.177165008997e-2,3.403557228988e-2,2.724466547587e-2,2.142568307989e-2,1.655392547388e-2,1.256577680635e-2,9.371501178774e-3,6.867053731968e-3,4.944059472248e-3,3.497517457122e-3,2.431143273795e-3,1.660533508064e-3,1.114509021911e-3,7.350743331144e-4,4.764353215997e-4,3.034697271100e-4,1.899676398899e-4,1.168721913022e-4,7.066833978368e-5,4.199870585910e-5,2.453351335935e-5,1.408679546753e-5,7.950773637020e-6,4.411310678564e-6,2.406043983662e-6,1.290131060173e-6,6.801030837382e-7,3.524843525512e-7,1.796092634511e-7,8.996500012619e-8,4.425706218994e-8,2.128628336949e-8,9.787988246556e-9,3.793674095214e-9,9.721966480995e-24
1.632840826846e-23,4.604158411694e-9,1.187667391618e-8,2.582166600281e-8,5.367110955646e-8,1.090696890692e-7,2.176875322717e-7,4.270922703485e-7,8.238281238015e-7,1.562351427326e-6,2.912960119229e-6,5.339342324678e-6,9.621033553748e-6,1.704197226027e-5,2.967329619183e-5,5.078593569770e-5,8.543524285492e-5,1.412638702896e-4,2.295675075048e-4,3.666571745911e-4,5.755273136296e-4,8.877968169329e-4,1.345827573778e-3,2.004842067319e-3,2.934762459942e-3,4.221388949712e-3,5.966442333808e-3,8.285938480721e-3,1.130636868925e-2,1.515825716645e-2,1.996687561126e-2,2.584022108330e-2,3.285479112532e-2,4.104017721847e-2,5.036397543961e-2,6.071889309580e-2,7.191411688443e-2,8.367291855817e-2,9.563805797406e-2,1.073858021452e-1,1.184483762973e-1,1.283435240538e-1,1.366087498758e-1,1.428369369236e-1,1.467095486399e-1,1.480236490622e-1,1.467095486399e-1,1.428369369236e-1,1.366087498758e-1,1.283435240538e-1,1.184483762973e-1,1.073858021452e-1,9.563805797406e-2,8.367291855817e-2,7.191411688443e-2,6.071889309580e-2,5.036397543961e-2,4.104017721847e-2,3.285479112532e-2,2.584022108330e-2,1.996687561126e-2,1.515825716645e-2,1.130636868925e-2,8.285938480721e-3,5.966442333808e-3,4.221388949712e-3,2.934762459942e-3,2.004842067319e-3,1.345827573778e-3,8.877968169329e-4,5.755273136296e-4,3.666571745911e-4,2.295675075048e-4,1.412638702896e-4,8.543524285492e-5,5.078593569770e-5,2.967329619183e-5,1.704197226027e-5,9.621033553748e-6,5.339342324678e-6,2.912960119229e-6,1.562351427326e-6,8.238281238015e-7,4.270922703485e-7,2.176875322717e-7,1.090696890692e-7,5.367110955646e-8,2.582166600281e-8,1.187667391618e-8,4.604158411694e-9,1.632840826846e-23
2.610279069668e-23,5.485969545566e-9,1.414873334948e-8,3.075396483479e-8,6.390619868172e-8,1.298347863041e-7,2.590638344738e-7,5.081402988313e-7,9.799183969391e-7,1.857916263247e-6,3.463209944018e-6,6.346462157848e-6,1.143320762581e-5,2.024750153228e-5,3.524726353054e-5,6.031341382489e-5,1.014427861806e-4,1.676994730285e-4,2.724773080474e-4,4.351132196175e-4,6.828621705873e-4,1.053194506887e-3,1.596302455812e-3,2.377604223539e-3,3.479916929193e-3,5.004845902800e-3,7.072828231750e-3,9.821201023664e-3,1.339967264102e-2,1.796269059761e-2,2.365844709321e-2,3.061464923852e-2,3.892168706784e-2,4.861440838926e-2,5.965427417943e-2,7.191411688443e-2,8.516794408843e-2,9.908812329323e-2,1.132517908185e-1,1.271574508521e-1,1.402515449929e-1,1.519634261764e-1,1.617458659640e-1,1.691171843353e-1,1.737005184542e-1,1.752557789393e-1,1.737005184542e-1,1.691171843353e-1,1.617458659640e-1,1.519634261764e-1,1.402515449929e-1,1.271574508521e-1,1.132517908185e-1,9.908812329323e-2,8.516794408843e-2,7.191411688443e-2,5.965427417943e-2,4.861440838926e-2,3.892168706784e-2,3.061464923852e-2,2.365844709321e-2,1.796269059761e-2,1.339967264102e-2,9.821201023664e-3,7.072828231750e-3,5.004845902800e-3,3.479916929193e-3,2.377604223539e-3,1.596302455812e-3,1.053194506887e-3,6.828621705873e-4,4.351132196175e-4,2.724773080474e-4,1.676994730285e-4,1.014427861806e-4,6.031341382489e-5,3.524726353054e-5,2.024750153228e-5,1.143320762581e-5,6.346462157848e-6,3.463209944018e-6,1.857916263247e-6,9.799183969391e-7,5.081402988313e-7,2.590638344738e-7,1.298347863041e-7,6.390619868172e-8,3.075396483479e-8,1.414873334948e-8,5.485969545566e-9,2.610279069668e-23
3.971763590020e-23,6.417457888642e-9,1.654837056032e-8,3.596201557073e-8,7.471081190233e-8,1.517498321471e-7,3.027206915466e-7,5.936347525325e-7,1.144533073651e-6,2.169550594463e-6,4.043245849947e-6,7.407867266368e-6,1.334265472816e-5,2.362439845086e-5,4.111803892570e-5,7.034627158829e-5,1.182962703730e-4,1.955270391033e-4,3.176385815241e-4,5.071489327170e-4,7.957912814515e-4,1.227185331788e-3,1.859750867963e-3,2.769617198031e-3,4.053145932227e-3,5.828540865834e-3,8.235891501999e-3,1.143491869466e-2,1.559970032061e-2,2.090978945776e-2,2.753742531002e-2,3.563098605152e-2,4.529542090820e-2,5.657106791163e-2,6.941291946898e-2,8.367291855817e-2,9.908812329323e-2,1.152774527767e-1,1.317491539479e-1,1.479201097491e-1,1.631467312357e-1,1.767656121487e-1,1.881406089374e-1,1.967118018121e-1,2.020411277553e-1,2.038495141680e-1,2.020411277553e-1,1.967118018121e-1,1.881406089374e-1,1.767656121487e-1,1.631467312357e-1,1.479201097491e-1,1.317491539479e-1,1.152774527767e-1,9.908812329323e-2,8.367291855817e-2,6.941291946898e-2,5.657106791163e-2,4.529542090820e-2,3.563098605152e-2,2.753742531002e-2,2.090978945776e-2,1.559970032061e-2,1.143491869466e-2,8.235891501999e-3,5.828540865834e-3,4.053145932227e-3,2.769617198031e-3,1.859750867963e-3,1.227185331788e-3,7.957912814515e-4,5.071489327170e-4,3.176385815241e-4,1.955270391033e-4,1.182962703730e-4,7.034627158829e-5,4.111803892570e-5,2.362439845086e-5,1.334265472816e-5,7.407867266368e-6,4.043245849947e-6,2.169550594463e-6,1.144533073651e-6,5.936347525325e-7,3.027206915466e-7,1.517498321471e-7,7.471081190233e-8,3.596201557073e-8,1.654837056032e-8,6.417457888642e-9,3.971763590020e-23
5.752189676676e-23,7.370100563626e-9,1.900212259116e-8,4.128642329011e-8,8.575437149202e-8,1.741445266880e-7,3.473232239299e-7,6.809623160026e-7,1.312641915964e-6,2.487734499948e-6,4.635353980553e-6,8.491152663440e-6,1.529109572638e-5,2.706962428166e-5,4.710653787678e-5,8.057854543789e-5,1.354818647688e-4,2.238983774185e-4,3.636751461205e-4,5.805697323556e-4,9.108750523484e-4,1.404471092666e-3,2.128152308993e-3,3.168948975312e-3,4.637005211841e-3,6.667412441067e-3,9.420251931487e-3,1.307801125962e-2,1.783955066846e-2,2.390994937191e-2,3.148589080975e-2,4.073675871321e-2,5.178228743948e-2,6.466837381525e-2,7.934340591672e-2,9.563805797406e-2,1.132517908185e-1,1.317491539479e-1,1.505683302054e-1,1.690431999086e-1,1.864386284374e-1,2.019968960470e-1,2.149914591830e-1,2.247828549926e-1,2.308708026955e-1,2.329365990720e-1,2.308708026955e-1,2.247828549926e-1,2.149914591830e-1,2.019968960470e-1,1.864386284374e-1,1.690431999086e-1,1.505683302054e-1,1.317491539479e-1,1.132517908185e-1,9.563805797406e-2,7.934340591672e-2,6.466837381525e-2,5.178228743948e-2,4.073675871321e-2,3.148589080975e-2,2.390994937191e-2,1.783955066846e-2,1.307801125962e-2,9.420251931487e-3,6.667412441067e-3,4.637005211841e-3,3.168948975312e-3,2.128152308993e-3,1.404471092666e-3,9.108750523484e-4,5.805697323556e-4,3.636751461205e-4,2.238983774185e-4,1.354818647688e-4,8.057854543789e-5,4.710653787678e-5,2.706962428166e-5,1.529109572638e-5,8.491152663440e-6,4.635353980553e-6,2.487734499948e-6,1.312641915964e-6,6.809623160026e-7,3.473232239299e-7,1.741445266880e-7,8.575437149202e-8,4.128642329011e-8,1.900212259116e-8,7.370100563626e-9,5.752189676676e-23
7.929327678118e-23,8.309587340290e-9,2.142165929890e-8,4.653564554069e-8,9.663987422095e-8,1.962143859317e-7,3.912703173502e-7,7.669903515379e-7,1.478218612603e-6,2.801069477050e-6,5.218336780522e-6,9.557561409650e-6,1.720886436634e-5,3.046007042396e-5,5.299889959540e-5,9.064503189149e-5,1.523865360724e-4,2.518019938738e-4,4.089465713415e-4,6.527607317421e-4,1.024016782277e-3,1.578743841911e-3,2.391961231867e-3,3.561403770589e-3,5.210747966182e-3,7.491664225272e-3,1.058385761529e-2,1.469216035401e-2,2.003975207734e-2,2.685675718554e-2,3.536383797070e-2,4.575097781323e-2,5.815240219607e-2,7.261944189503e-2,8.909398154383e-2,1.073858021452e-1,1.271574508521e-1,1.479201097491e-1,1.690431999086e-1,1.897791508123e-1,2.093030010309e-1,2.267644939740e-1,2.413483932865e-1,2.523371980722e-1,2.591695886058e-1,2.614879825799e-1,2.591695886058e-1,2.523371980722e-1,2.413483932865e-1,2.267644939740e-1,2.093030010309e-1,1.897791508123e-1,1.690431999086e-1,1.479201097491e-1,1.271574508521e-1,1.073858021452e-1,8.909398154383e-2,7.261944189503e-2,5.815240219607e-2,4.575097781323e-2,3.536383797070e-2,2.685675718554e-2,2.003975207734e-2,1.469216035401e-2,1.058385761529e-2,7.491664225272e-3,5.210747966182e-3,3.561403770589e-3,2.391961231867e-3,1.578743841911e-3,1.024016782277e-3,6.527607317421e-4,4.089465713415e-4,2.518019938738e-4,1.523865360724e-4,9.064503189149e-5,5.299889959540e-5,3.046007042396e-5,1.720886436634e-5,9.557561409650e-6,5.218336780522e-6,2.801069477050e-6,1.478218612603e-6,7.669903515379e-7,3.912703173502e-7,1.962143859317e-7,9.663987422095e-8,4.653564554069e-8,2.142165929890e-8,8.309587340290e-9,7.929327678118e-23
1.040382147575e-22,9.197646754004e-9,2.370848414819e-8,5.149618456728e-8,1.069250132784e-7,2.170635364384e-7,4.327797808488e-7,8.482334872994e-7,1.634561196015e-6,3.096884398397e-6,5.768639699003e-6,1.056404430941e-5,1.901860901841e-5,3.365909878992e-5,5.855784696631e-5,1.001406835456e-4,1.683306015968e-4,2.781167954280e-4,4.516352616073e-4,7.208255317636e-4,1.130680076375e-3,1.743020600924e-3,2.640613488079e-3,3.931275094556e-3,5.751425292736e-3,8.268345061891e-3,1.168021491103e-2,1.621290166816e-2,2.211247571017e-2,2.963263203958e-2,3.901659610870e-2,5.047372992198e-2,6.415188443561e-2,8.010748820394e-2,9.827628630939e-2,1.184483762973e-1,1.402515449929e-1,1.631467312357e-1,1.864386284374e-1,2.093030010309e-1,2.308303446466e-1,2.500833138151e-1,2.661632044902e-1,2.782790774438e-1,2.858121730546e-1,2.883683228981e-1,2.858121730546e-1,2.782790774438e-1,2.661632044902e-1,2.500833138151e-1,2.308303446466e-1,2.093030010309e-1,1.864386284374e-1,1.631467312357e-1,1.402515449929e-1,1.184483762973e-1,9.827628630939e-2,8.010748820394e-2,6.415188443561e-2,5.047372992198e-2,3.901659610870e-2,2.963263203958e-2,2.211247571017e-2,1.621290166816e-2,1.168021491103e-2,8.268345061891e-3,5.751425292736e-3,3.931275094556e-3,2.640613488079e-3,1.743020600924e-3,1.130680076375e-3,7.208255317636e-4,4.516352616073e-4,2.781167954280e-4,1.683306015968e-4,1.001406835456e-4,5.855784696631e-5,3.365909878992e-5,1.901860901841e-5,1.056404430941e-5,5.768639699003e-6,3.096884398397e-6,1.634561196015e-6,8.482334872994e-7,4.327797808488e-7,2.170635364384e-7,1.069250132784e-7,5.149618456728e-8,2.370848414819e-8,9.197646754004e-9,1.040382147575e-22
1.299280068329e-22,9.994508913605e-9,2.576026918624e-8,5.594630911488e-8,1.161505842141e-7,2.357622057578e-7,4.700026267112e-7,9.210769423917e-7,1.774721153659e-6,3.362046228408e-6,6.261857178477e-6,1.146601041519e-5,2.064023151084e-5,3.652526030332e-5,6.353781687483e-5,1.086464214808e-4,1.826110171823e-4,3.016834489511e-4,4.898620826753e-4,7.817703744491e-4,1.226177117689e-3,1.890086876822e-3,2.863196968629e-3,4.262342372990e-3,6.235341699113e-3,8.963438029003e-3,1.266133475453e-2,1.757370846256e-2,2.396709697435e-2,3.211626816874e-2,4.228461678819e-2,5.469882385087e-2,6.951891263508e-2,8.680585716790e-2,1.064898994006e-1,1.283435240538e-1,1.519634261764e-1,1.767656121487e-1,2.019968960470e-1,2.267644939740e-1,2.500833138151e-1,2.709381495858e-1,2.883556767701e-1,3.014793036719e-1,3.096389214660e-1,3.124076554529e-1,3.096389214660e-1,3.014793036719e-1,2.883556767701e-1,2.709381495858e-1,2.500833138151e-1,2.267644939740e-1,2.019968960470e-1,1.767656121487e-1,1.519634261764e-1,1.283435240538e-1,1.064898994006e-1,8.680585716790e-2,6.951891263508e-2,5.469882385087e-2,4.228461678819e-2,3.211626816874e-2,2.396709697435e-2,1.757370846256e-2,1.266133475453e-2,8.963438029003e-3,6.235341699113e-3,4.262342372990e-3,2.863196968629e-3,1.890086876822e-3,1.226177117689e-3,7.817703744491e-4,4.898620826753e-4,3.016834489511e-4,1.826110171823e-4,1.086464214808e-4,6.353781687483e-5,3.652526030332e-5,2.064023151084e-5,1.146601041519e-5,6.261857178477e-6,3.362046228408e-6,1.774721153659e-6,9.210769423917e-7,4.700026267112e-7,2.357622057578e-7,1.161505842141e-7,5.594630911488e-8,2.576026918624e-8,9.994508913605e-9,1.299280068329e-22
1.544422144135e-22,1.066180100673e-8,2.747829960154e-8,5.967216985812e-8,1.238738241318e-7,2.514141526204e-7,5.011570214918e-7,9.820381265573e-7,1.892005770940e-6,3.583908522682e-6,6.674493554469e-6,1.222054125889e-5,2.199665543544e-5,3.892247218185e-5,6.770261293275e-5,1.157592356716e-4,1.945518315056e-4,3.213875143630e-4,5.218210051145e-4,8.327184898495e-4,1.306004061412e-3,2.013012468939e-3,3.049231249959e-3,4.539029122421e-3,6.639745953799e-3,9.544286366742e-3,1.348115308674e-2,1.871073073046e-2,2.551664806485e-2,3.419126782692e-2,4.501482322670e-2,5.822845176573e-2,7.400233382890e-2,9.240123060807e-2,1.133507797252e-1,1.366087498758e-1,1.617458659640e-1,1.881406089374e-1,2.149914591830e-1,2.413483932865e-1,2.661632044902e-1,2.883556767701e-1,3.068901825825e-1,3.208553160224e-1,3.295380967059e-1,3.324843436624e-1,3.295380967059e-1,3.208553160224e-1,3.068901825825e-1,2.883556767701e-1,2.661632044902e-1,2.413483932865e-1,2.149914591830e-1,1.881406089374e-1,1.617458659640e-1,1.366087498758e-1,1.133507797252e-1,9.240123060807e-2,7.400233382890e-2,5.822845176573e-2,4.501482322670e-2,3.419126782692e-2,2.551664806485e-2,1.871073073046e-2,1.348115308674e-2,9.544286366742e-3,6.639745953799e-3,4.539029122421e-3,3.049231249959e-3,2.013012468939e-3,1.306004061412e-3,8.327184898495e-4,5.218210051145e-4,3.213875143630e-4,1.945518315056e-4,1.157592356716e-4,6.770261293275e-5,3.892247218185e-5,2.199665543544e-5,1.222054125889e-5,6.674493554469e-6,3.583908522682e-6,1.892005770940e-6,9.820381265573e-7,5.011570214918e-7,2.514141526204e-7,1.238738241318e-7,5.967216985812e-8,2.747829960154e-8,1.066180100673e-8,1.544422144135e-22
1.747360937115e-22,1.116558957094e-8,2.877529320077e-8,6.248471949713e-8,1.297034000535e-7,2.632274010427e-7,5.246687384522e-7,1.028040818723e-6,1.980504407887e-6,3.751304711448e-6,6.985806363126e-6,1.278975420213e-5,2.301985979329e-5,4.073065948174e-5,7.084385693803e-5,1.211236365503e-4,2.035568876738e-4,3.362462527064e-4,5.459196561390e-4,8.711337818525e-4,1.366190941183e-3,2.105689444574e-3,3.189480532791e-3,4.747610275382e-3,6.944593262543e-3,9.982121151019e-3,1.409909394969e-2,1.956773099893e-2,2.668453690307e-2,3.575512894190e-2,4.707242396886e-2,6.088844752636e-2,7.738102803241e-2,9.661777504920e-2,1.185208523141e-1,1.428369369236e-1,1.691171843353e-1,1.967118018121e-1,2.247828549926e-1,2.523371980722e-1,2.782790774438e-1,3.014793036719e-1,3.208553160224e-1,3.354544174118e-1,3.445313329613e-1,3.476113124517e-1,3.445313329613e-1,3.354544174118e-1,3.208553160224e-1,3.014793036719e-1,2.782790774438e-1,2.523371980722e-1,2.247828549926e-1,1.967118018121e-1,1.691171843353e-1,1.428369369236e-1,1.185208523141e-1,9.661777504920e-2,7.738102803241e-2,6.088844752636e-2,4.707242396886e-2,3.575512894190e-2,2.668453690307e-2,1.956773099893e-2,1.409909394969e-2,9.982121151019e-3,6.944593262543e-3,4.747610275382e-3,3.189480532791e-3,2.105689444574e-3,1.366190941183e-3,8.711337818525e-4,5.459196561390e-4,3.362462527064e-4,2.035568876738e-4,1.211236365503e-4,7.084385693803e-5,4.073065948174e-5,2.301985979329e-5,1.278975420213e-5,6.985806363126e-6,3.751304711448e-6,1.980504407887e-6,1.028040818723e-6,5.246687384522e-7,2.632274010427e-7,1.297034000535e-7,6.248471949713e-8,2.877529320077e-8,1.116558957094e-8,1.747360937115e-22
1.881709529472e-22,1.147923643825e-8,2.958273938492e-8,6.423558858781e-8,1.333322277341e-7,2.705805676597e-7,5.393028192180e-7,1.056672107624e-6,2.035581543380e-6,3.855478394496e-6,7.179532275490e-6,1.314395077059e-5,2.365652542683e-5,4.185571116627e-5,7.279824749769e-5,1.244610662360e-4,2.091590944718e-4,3.454897656113e-4,5.609106647696e-4,8.950298178968e-4,1.403628520601e-3,2.163334570742e-3,3.276712728597e-3,4.877339326120e-3,7.134190135939e-3,1.025442031429e-2,1.448339432727e-2,2.010068940700e-2,2.741081499935e-2,3.672762828007e-2,4.835193063563e-2,6.254251537577e-2,7.948196398429e-2,9.923965486181e-2,1.217355899302e-1,1.467095486399e-1,1.737005184542e-1,2.020411277553e-1,2.308708026955e-1,2.591695886058e-1,2.858121730546e-1,3.096389214660e-1,3.295380967059e-1,3.445313329613e-1,3.538532795786e-1,3.570163995904e-1,3.538532795786e-1,3.445313329613e-1,3.295380967059e-1,3.096389214660e-1,2.858121730546e-1,2.591695886058e-1,2.308708026955e-1,2.020411277553e-1,1.737005184542e-1,1.467095486399e-1,1.217355899302e-1,9.923965486181e-2,7.948196398429e-2,6.254251537577e-2,4.835193063563e-2,3.672762828007e-2,2.741081499935e-2,2.010068940700e-2,1.448339432727e-2,1.025442031429e-2,7.134190135939e-3,4.877339326120e-3,3.276712728597e-3,2.163334570742e-3,1.403628520601e-3,8.950298178968e-4,5.609106647696e-4,3.454897656113e-4,2.091590944718e-4,1.244610662360e-4,7.279824749769e-5,4.185571116627e-5,2.365652542683e-5,1.314395077059e-5,7.179532275490e-6,3.855478394496e-6,2.035581543380e-6,1.056672107624e-6,5.393028192180e-7,2.705805676597e-7,1.333322277341e-7,6.423558858781e-8,2.958273938492e-8,1.147923643825e-8,1.881709529472e-22
1.928749847964e-22,1.158573426523e-8,2.985689991463e-8,6.483006398033e-8,1.345642952371e-7,2.730770609691e-7,5.442711381011e-7,1.066392262556e-6,2.054279415630e-6,3.890842909469e-6,7.245296020588e-6,1.326418623896e-5,2.387264265020e-5,4.223760307888e-5,7.346163861839e-5,1.255938865546e-4,2.110606059275e-4,3.486271524078e-4,5.659987381779e-4,9.031401788037e-4,1.416334676487e-3,2.182898740219e-3,3.306317951373e-3,4.921366598350e-3,7.198534279413e-3,1.034683006080e-2,1.461381192857e-2,2.028155374650e-2,2.765728105450e-2,3.705764681257e-2,4.878612754019e-2,6.310381267824e-2,8.019489617169e-2,1.001293562636e-1,1.228264609984e-1,1.480236490622e-1,1.752557789393e-1,2.038495141680e-1,2.329365990720e-1,2.614879825799e-1,2.883683228981e-1,3.124076554529e-1,3.324843436624e-1,3.476113124517e-1,3.570163995904e-1,3.602077296630e-1,3.570163995904e-1,3.476113124517e-1,3.324843436624e-1,3.124076554529e-1,2.883683228981e-1,2.614879825799e-1,2.329365990720e-1,2.038495141680e-1,1.752557789393e-1,1.480236490622e-1,1.228264609984e-1,1.001293562636e-1,8.019489617169e-2,6.310381267824e-2,4.878612754019e-2,3.705764681257e-2,2.765728105450e-2,2.028155374650e-2,1.461381192857e-2,1.034683006080e-2,7.198534279413e-3,4.921366598350e-3,3.306317951373e-3,2.182898740219e-3,1.416334676487e-3,9.031401788037e-4,5.659987381779e-4,3.486271524078e-4,2.110606059275e-4,1.255938865546e-4,7.346163861839e-5,4.223760307888e-5,2.387264265020e-5,1.326418623896e-5,7.245296020588e-6,3.890842909469e-6,2.054279415630e-6,1.066392262556e-6,5.442711381011e-7,2.730770609691e-7,1.345642952371e-7,6.483006398033e-8,2.985689991463e-8,1.158573426523e-8,1.928749847964e-22
1.881709529472e-22,1.147923643825e-8,2.958273938492e-8,6.423558858781e-8,1.333322277341e-7,2.705805676597e-7,5.393028192180e-7,1.056672107624e-6,2.035581543380e-6,3.855478394496e-6,7.179532275490e-6,1.314395077059e-5,2.365652542683e-5,4.185571116627e-5,7.279824749769e-5,1.244610662360e-4,2.091590944718e-4,3.454897656113e-4,5.609106647696e-4,8.950298178968e-4,1.403628520601e-3,2.163334570742e-3,3.276712728597e-3,4.877339326120e-3,7.134190135939e-3,1.025442031429e-2,1.448339432727e-2,2.010068940700e-2,2.741081499935e-2,3.672762828007e-2,4.835193063563e-2,6.254251537577e-2,7.948196398429e-2,9.923965486181e-2,1.217355899302e-1,1.467095486399e-1,1.737005184542e-1,2.020411277553e-1,2.308708026955e-1,2.591695886058e-1,2.858121730546e-1,3.096389214660e-1,3.295380967059e-1,3.445313329613e-1,3.538532795786e-1,3.570163995904e-1,3.538532795786e-1,3.445313329613e-1,3.295380967059e-1,3.096389214660e-1,2.858121730546e-1,2.591695886058e-1,2.308708026955e-1,2.020411277553e-1,1.737005184542e-1,1.467095486399e-1,1.217355899302e-1,9.923965486181e-2,7.948196398429e-2,6.254251537577e-2,4.835193063563e-2,3.672762828007e-2,2.741081499935e-2,2.010068940700e-2,1.448339432727e-2,1.025442031429e-2,7.134190135939e-3,4.877339326120e-3,3.276712728597e-3,2.163334570742e-3,1.403628520601e-3,8.950298178968e-4,5.609106647696e-4,3.454897656113e-4,2.091590944718e-4,1.244610662360e-4,7.279824749769e-5,4.185571116627e-5,2.365652542683e-5,1.314395077059e-5,7.179532275490e-6,3.855478394496e-6,2.035581543380e-6,1.056672107624e-6,5.393028192180e-7,2.705805676597e-7,1.333322277341e-7,6.423558858781e-8,2.958273938492e-8,1.147923643825e-8,1.881709529472e-22
1.747360937115e-22,1.116558957094e-8,2.877529320077e-8,6.248471949713e-8,1.297034000535e-7,2.632274010427e-7,5.246687384522e-7,1.028040818723e-6,1.980504407887e-6,3.751304711448e-6,6.985806363126e-6,1.278975420213e-5,2.301985979329e-5,4.073065948174e-5,7.084385693803e-5,1.211236365503e-4,2.035568876738e-4,3.362462527064e-4,5.459196561390e-4,8.711337818525e-4,1.366190941183e-3,2.105689444574e-3,3.189480532791e-3,4.747610275382e-3,6.944593262543e-3,9.982121151019e-3,1.409909394969e-2,1.956773099893e-2,2.668453690307e-2,3.575512894190e-2,4.707242396886e-2,6.088844752636e-2,7.738102803241e-2,9.661777504920e-2,1.185208523141e-1,1.428369369236e-1,1.691171843353e-1,1.967118018121e-1,2.247828549926e-1,2.523371980722e-1,2.782790774438e-1,3.014793036719e-1,3.208553160224e-1,3.354544174118e-1,3.445313329613e-1,3.476113124517e-1,3.445313329613e-1,3.354544174118e-1,3.208553160224e-1,3.014793036719e-1,2.782790774438e-1,2.523371980722e-1,2.247828549926e-1,1.967118018121e-1,1.691171843353e-1,1.428369369236e-1,1.185208523141e-1,9.661777504920e-2,7.738102803241e-2,6.088844752636e-2,4.707242396886e-2,3.575512894190e-2,2.668453690307e-2,1.956773099893e-2,1.409909394969e-2,9.982121151019e-3,6.944593262543e-3,4.747610275382e-3,3.189480532791e-3,2.105689444574e-3,1.366190941183e-3,8.711337818525e-4,5.459196561390e-4,3.362462527064e-4,2.035568876738e-4,1.211236365503e-4,7.084385693803e-5,4.073065948174e-5,2.301985979329e-5,1.278975420213e-5,6.985806363126e-6,3.751304711448e-6,1.980504407887e-6,1.028040818723e-6,5.246687384522e-7,2.632274010427e-7,1.297034000535e-7,6.248471949713e-8,2.877529320077e-8,1.116558957094e-8,1.747360937115e-22
1.544422144135e-22,1.066180100673e-8,2.747829960154e-8,5.967216985812e-8,1.238738241318e-7,2.514141526204e-7,5.011570214918e-7,9.820381265573e-7,1.892005770940e-6,3.583908522682e-6,6.674493554469e-6,1.222054125889e-5,2.199665543544e-5,3.892247218185e-5,6.770261293275e-5,1.157592356716e-4,1.945518315056e-4,3.213875143630e-4,5.218210051145e-4,8.327184898495e-4,1.306004061412e-3,2.013012468939e-3,3.049231249959e-3,4.539029122421e-3,6.639745953799e-3,9.544286366742e-3,1.348115308674e-2,1.871073073046e-2,2.551664806485e-2,3.419126782692e-2,4.501482322670e-2,5.822845176573e-2,7.400233382890e-2,9.240123060807e-2,1.133507797252e-1,1.366087498758e-1,1.617458659640e-1,1.881406089374e-1,2.149914591830e-1,2.413483932865e-1,2.661632044902e-1,2.883556767701e-1,3.068901825825e-1,3.208553160224e-1,3.295380967059e-1,3.324843436624e-1,3.295380967059e-1,3.208553160224e-1,3.068901825825e-1,2.883556767701e-1,2.661632044902e-1,2.413483932865e-1,2.149914591830e-1,1.881406089374e-1,1.617458659640e-1,1.366087498758e-1,1.133507797252e-1,9.240123060807e-2,7.400233382890e-2,5.822845176573e-2,4.501482322670e-2,3.419126782692e-2,2.551664806485e-2,1.871073073046e-2,1.348115308674e-2,9.544286366742e-3,6.639745953799e-3,4.539029122421e-3,3.049231249959e-3,2.013012468939e-3,1.306004061412e-3,8.327184898495e-4,5.218210051145e-4,3.213875143630e-4,1.945518315056e-4,1.157592356716e-4,6.770261293275e-5,3.892247218185e-5,2.199665543544e-5,1.222054125889e-5,6.674493554469e-6,3.583908522682e-6,1.892005770940e-6,9.820381265573e-7,5.011570214918e-7,2.514141526204e-7,1.238738241318e-7,5.967216985812e-8,2.747829960154e-8,1.066180100673e-8,1.544422144135e-22
1.299280068329e-22,9.994508913605e-9,2.576026918624e-8,5.594630911488e-8,1.161505842141e-7,2.357622057578e-7,4.700026267112e-7,9.210769423917e-7,1.774721153659e-6,3.362046228408e-6,6.261857178477e-6,1.146601041519e-5,2.064023151084e-5,3.652526030332e-5,6.353781687483e-5,1.086464214808e-4,1.826110171823e-4,3.016834489511e-4,4.898620826753e-4,7.817703744491e-4,1.226177117689e-3,1.890086876822e-3,2.863196968629e-3,4.262342372990e-3,6.235341699113e-3,8.963438029003e-3,1.266133475453e-2,1.757370846256e-2,2.396709697435e-2,3.211626816874e-2,4.228461678819e-2,5.469882385087e-2,6.951891263508e-2,8.680585716790e-2,1.064898994006e-1,1.283435240538e-1,1.519634261764e-1,1.767656121487e-1,2.019968960470e-1,2.267644939740e-1,2.500833138151e-1,2.709381495858e-1,2.883556767701e-1,3.014793036719e-1,3.096389214660e-1,3.124076554529e-1,3.096389214660e-1,3.014793036719e-1,2.883556767701e-1,2.709381495858e-1,2.500833138151e-1,2.267644939740e-1,2.019968960470e-1,1.767656121487e-1,1.519634261764e-1,1.283435240538e-1,1.064898994006e-1,8.680585716790e-2,6.951891263508e-2,5.469882385087e-2,4.228461678819e-2,3.211626816874e-2,2.396709697435e-2,1.757370846256e-2,1.266133475453e-2,8.963438029003e-3,6.235341699113e-3,4.262342372990e-3,2.863196968629e-3,1.890086876822e-3,1.226177117689e-3,7.817703744491e-4,4.898620826753e-4,3.016834489511e-4,1.826110171823e-4,1.086464214808e-4,6.353781687483e-5,3.652526030332e-5,2.064023151084e-5,1.146601041519e-5,6.261857178477e-6,3.362046228408e-6,1.774721153659e-6,9.210769423917e-7,4.700026267112e-7,2.357622057578e-7,1.161505842141e-7,5.594630911488e-8,2.576026918624e-8,9.994508913605e-9,1.299280068329e-22
1.040382147575e-22,9.197646754004e-9,2.370848414819e-8,5.149618456728e-8,1.069250132784e-7,2.170635364384e-7,4.327797808488e-7,8.482334872994e-7,1.634561196015e-6,3.096884398397e-6,5.768639699003e-6,1.056404430941e-5,1.901860901841e-5,3.365909878992e-5,5.855784696631e-5,1.001406835456e-4,1.683306015968e-4,2.781167954280e-4,4.516352616073e-4,7.208255317636e-4,1.130680076375e-3,1.743020600924e-3,2.640613488079e-3,3.931275094556e-3,5.751425292736e-3,8.268345061891e-3,1.168021491103e-2,1.621290166816e-2,2.211247571017e-2,2.963263203958e-2,3.901659610870e-2,5.047372992198e-2,6.415188443561e-2,8.010748820394e-2,9.827628630939e-2,1.184483762973e-1,1.402515449929e-1,1.631467312357e-1,1.864386284374e-1,2.093030010309e-1,2.308303446466e-1,2.500833138151e-1,2.661632044902e-1,2.782790774438e-1,2.858121730546e-1,2.883683228981e-1,2.858121730546e-1,2.782790774438e-1,2.661632044902e-1,2.500833138151e-1,2.308303446466e-1,2.093030010309e-1,1.864386284374e-1,1.631467312357e-1,1.402515449929e-1,1.184483762973e-1,9.827628630939e-2,8.010748820394e-2,6.415188443561e-2,5.047372992198e-2,3.901659610870e-2,2.963263203958e-2,2.211247571017e-2,1.621290166816e-2,1.168021491103e-2,8.268345061891e-3,5.751425292736e-3,3.931275094556e-3,2.640613488079e-3,1.743020600924e-3,1.130680076375e-3,7.208255317636e-4,4.516352616073e-4,2.781167954280e-4,1.683306015968e-4,1.001406835456e-4,5.855784696631e-5,3.365909878992e-5,1.901860901841e-5,1.056404430941e-5,5.768639699003e-6,3.096884398397e-6,1.634561196015e-6,8.482334872994e-7,4.327797808488e-7,2.170635364384e-7,1.069250132784e-7,5.149618456728e-8,2.370848414819e-8,9.197646754004e-9,1.040382147575e-22
7.929327678118e-23,8.309587340290e-9,2.142165929890e-8,4.653564554069e-8,9.663987422095e-8,1.962143859317e-7,3.912703173502e-7,7.669903515379e-7,1.478218612603e-6,2.801069477050e-6,5.218336780522e-6,9.557561409650e-6,1.720886436634e-5,3.046007042396e-5,5.299889959540e-5,9.064503189149e-5,1.523865360724e-4,2.518019938738e-4,4.089465713415e-4,6.527607317421e-4,1.024016782277e-3,1.578743841911e-3,2.391961231867e-3,3.561403770589e-3,5.210747966182e-3,7.491664225272e-3,1.058385761529e-2,1.469216035401e-2,2.003975207734e-2,2.685675718554e-2,3.536383797070e-2,4.575097781323e-2,5.815240219607e-2,7.261944189503e-2,8.909398154383e-2,1.073858021452e-1,1.271574508521e-1,1.479201097491e-1,1.690431999086e-1,1.897791508123e-1,2.093030010309e-1,2.267644939740e-1,2.413483932865e-1,2.523371980722e-1,2.591695886058e-1,2.614879825799e-1,2.591695886058e-1,2.523371980722e-1,2.413483932865e-1,2.267644939740e-1,2.093030010309e-1,1.897791508123e-1,1.690431999086e-1,1.479201097491e-1,1.271574508521e-1,1.073858021452e-1,8.909398154383e-2,7.261944189503e-2,5.815240219607e-2,4.575097781323e-2,3.536383797070e-2,2.685675718554e-2,2.003975207734e-2,1.469216035401e-2,1.058385761529e-2,7.491664225272e-3,5.210747966182e-3,3.561403770589e-3,2.391961231867e-3,1.578743841911e-3,1.024016782277e-3,6.527607317421e-4,4.089465713415e-4,2.518019938738e-4,1.523865360724e-4,9.064503189149e-5,5.299889959540e-5,3.046007042396e-5,1.720886436634e-5,9.557561409650e-6,5.218336780522e-6,2.801069477050e-6,1.478218612603e-6,7.669903515379e-7,3.912703173502e-7,1.962143859317e-7,9.663987422095e-8,4.653564554069e-8,2.142165929890e-8,8.309587340290e-9,7.929327678118e-23
5.752189676676e-23,7.370100563626e-9,1.900212259116e-8,4.128642329011e-8,8.575437149202e-8,1.741445266880e-7,3.473232239299e-7,6.809623160026e-7,1.312641915964e-6,2.487734499948e-6,4.635353980553e-6,8.491152663440e-6,1.529109572638e-5,2.706962428166e-5,4.710653787678e-5,8.057854543789e-5,1.354818647688e-4,2.238983774185e-4,3.636751461205e-4,5.805697323556e-4,9.108750523484e-4,1.404471092666e-3,2.128152308993e-3,3.168948975312e-3,4.637005211841e-3,6.667412441067e-3,9.420251931487e-3,1.307801125962e-2,1.783955066846e-2,2.390994937191e-2,3.148589080975e-2,4.073675871321e-2,5.178228743948e-2,6.466837381525e-2,7.934340591672e-2,9.563805797406e-2,1.132517908185e-1,1.317491539479e-1,1.505683302054e-1,1.690431999086e-1,1.864386284374e-1,2.019968960470e-1,2.149914591830e-1,2.247828549926e-1,2.308708026955e-1,2.329365990720e-1,2.308708026955e-1,2.247828549926e-1,2.149914591830e-1,2.019968960470e-1,1.864386284374e-1,1.690431999086e-1,1.505683302054e-1,1.317491539479e-1,1.132517908185e-1,9.563805797406e-2,7.934340591672e-2,6.466837381525e-2,5.178228743948e-2,4.073675871321e-2,3.148589080975e-2,2.390994937191e-2,1.783955066846e-2,1.307801125962e-2,9.420251931487e-3,6.667412441067e-3,4.637005211841e-3,3.168948975312e-3,2.128152308993e-3,1.404471092666e-3,9.108750523484e-4,5.805697323556e-4,3.636751461205e-4,2.238983774185e-4,1.354818647688e-4,8.057854543789e-5,4.710653787678e-5,2.706962428166e-5,1.529109572638e-5,8.491152663440e-6,4.635353980553e-6,2.487734499948e-6,1.312641915964e-6,6.809623160026e-7,3.473232239299e-7,1.741445266880e-7,8.575437149202e-8,4.128642329011e-8,1.900212259116e-8,7.370100563626e-9,5.752189676676e-23
3.971763590020e-23,6.417457888642e-9,1.654837056032e-8,3.596201557073e-8,7.471081190233e-8,1.517498321471e-7,3.027206915466e-7,5.936347525325e-7,1.144533073651e-6,2.169550594463e-6,4.043245849947e-6,7.407867266368e-6,1.334265472816e-5,2.362439845086e-5,4.111803892570e-5,7.034627158829e-5,1.182962703730e-4,1.955270391033e-4,3.176385815241e-4,5.071489327170e-4,7.957912814515e-4,1.227185331788e-3,1.859750867963e-3,2.769617198031e-3,4.053145932227e-3,5.828540865834e-3,8.235891501999e-3,1.143491869466e-2,1.559970032061e-2,2.090978945776e-2,2.753742531002e-2,3.563098605152e-2,4.529542090820e-2,5.657106791163e-2,6.941291946898e-2,8.367291855817e-2,9.908812329323e-2,1.152774527767e-1,1.317491539479e-1,1.479201097491e-1,1.631467312357e-1,1.767656121487e-1,1.881406089374e-1,1.967118018121e-1,2.020411277553e-1,2.038495141680e-1,2.020411277553e-1,1.967118018121e-1,1.881406089374e-1,1.767656121487e-1,1.631467312357e-1,1.479201097491e-1,1.317491539479e-1,1.152774527767e-1,9.908812329323e-2,8.367291855817e-2,6.941291946898e-2,5.657106791163e-2,4.529542090820e-2,3.563098605152e-2,2.753742531002e-2,2.090978945776e-2,1.559970032061e-2,1.143491869466e-2,8.235891501999e-3,5.828540865834e-3,4.053145932227e-3,2.769617198031e-3,1.859750867963e-3,1.227185331788e-3,7.957912814515e-4,5.071489327170e-4,3.176385815241e-4,1.955270391033e-4,1.182962703730e-4,7.034627158829e-5,4.111803892570e-5,2.362439845086e-5,1.334265472816e-5,7.407867266368e-6,4.043245849947e-6,2.169550594463e-6,1.144533073651e-6,5.936347525325e-7,3.027206915466e-7,1.517498321471e-7,7.471081190233e-8,3.596201557073e-8,1.654837056032e-8,6.417457888642e-9,3.971763590020e-23
2.610279069668e-23,5.485969545566e-9,1.414873334948e-8,3.075396483479e-8,6.390619868172e-8,1.298347863041e-7,2.590638344738e-7,5.081402988313e-7,9.799183969391e-7,1.857916263247e-6,3.463209944018e-6,6.346462157848e-6,1.143320762581e-5,2.024750153228e-5,3.524726353054e-5,6.031341382489e-5,1.014427861806e-4,1.676994730285e-4,2.724773080474e-4,4.351132196175e-4,6.828621705873e-4,1.053194506887e-3,1.596302455812e-3,2.377604223539e-3,3.479916929193e-3,5.004845902800e-3,7.072828231750e-3,9.821201023664e-3,1.339967264102e-2,1.796269059761e-2,2.365844709321e-2,3.061464923852e-2,3.892168706784e-2,4.861440838926e-2,5.965427417943e-2,7.191411688443e-2,8.516794408843e-2,9.908812329323e-2,1.132517908185e-1,1.271574508521e-1,1.402515449929e-1,1.519634261764e-1,1.617458659640e-1,1.691171843353e-1,1.737005184542e-1,1.752557789393e-1,1.737005184542e-1,1.691171843353e-1,1.617458659640e-1,1.519634261764e-1,1.402515449929e-1,1.271574508521e-1,1.132517908185e-1,9.908812329323e-2,8.516794408843e-2,7.191411688443e-2,5.965427417943e-2,4.861440838926e-2,3.892168706784e-2,3.061464923852e-2,2.365844709321e-2,1.796269059761e-2,1.339967264102e-2,9.821201023664e-3,7.072828231750e-3,5.004845902800e-3,3.479916929193e-3,2.377604223539e-3,1.596302455812e-3,1.053194506887e-3,6.828621705873e-4,4.351132196175e-4,2.724773080474e-4,1.676994730285e-4,1.014427861806e-4,6.031341382489e-5,3.524726353054e-5,2.024750153228e-5,1.143320762581e-5,6.346462157848e-6,3.463209944018e-6,1.857916263247e-6,9.799183969391e-7,5.081402988313e-7,2.590638344738e-7,1.298347863041e-7,6.390619868172e-8,3.075396483479e-8,1.414873334948e-8,5.485969545566e-9,2.610279069668e-23
1.632840826846e-23,4.604158411694e-9,1.187667391618e-8,2.582166600281e-8,5.367110955646e-8,1.090696890692e-7,2.176875322717e-7,4.270922703485e-7,8.238281238015e-7,1.562351427326e-6,2.912960119229e-6,5.339342324678e-6,9.621033553748e-6,1.704197226027e-5,2.967329619183e-5,5.078593569770e-5,8.543524285492e-5,1.412638702896e-4,2.295675075048e-4,3.666571745911e-4,5.755273136296e-4,8.877968169329e-4,1.345827573778e-3,2.004842067319e-3,2.934762459942e-3,4.221388949712e-3,5.966442333808e-3,8.285938480721e-3,1.130636868925e-2,1.515825716645e-2,1.996687561126e-2,2.584022108330e-2,3.285479112532e-2,4.104017721847e-2,5.036397543961e-2,6.071889309580e-2,7.191411688443e-2,8.367291855817e-2,9.563805797406e-2,1.073858021452e-1,1.184483762973e-1,1.283435240538e-1,1.366087498758e-1,1.428369369236e-1,1.467095486399e-1,1.480236490622e-1,1.467095486399e-1,1.428369369236e-1,1.366087498758e-1,1.283435240538e-1,1.184483762973e-1,1.073858021452e-1,9.563805797406e-2,8.367291855817e-2,7.191411688443e-2,6.071889309580e-2,5.036397543961e-2,4.104017721847e-2,3.285479112532e-2,2.584022108330e-2,1.996687561126e-2,1.515825716645e-2,1.130636868925e-2,8.285938480721e-3,5.966442333808e-3,4.221388949712e-3,2.934762459942e-3,2.004842067319e-3,1.345827573778e-3,8.877968169329e-4,5.755273136296e-4,3.666571745911e-4,2.295675075048e-4,1.412638702896e-4,8.543524285492e-5,5.078593569770e-5,2.967329619183e-5,1.704197226027e-5,9.621033553748e-6,5.339342324678e-6,2.912960119229e-6,1.562351427326e-6,8.238281238015e-7,4.270922703485e-7,2.176875322717e-7,1.090696890692e-7,5.367110955646e-8,2.582166600281e-8,1.187667391618e-8,4.604158411694e-9,1.632840826846e-23
9.721966480995e-24,3.793674095214e-9,9.787988246556e-9,2.128628336949e-8,4.425706218994e-8,8.996500012619e-8,1.796092634511e-7,3.524843525512e-7,6.801030837382e-7,1.290131060173e-6,2.406043983662e-6,4.411310678564e-6,7.950773637020e-6,1.408679546753e-5,2.453351335935e-5,4.199870585910e-5,7.066833978368e-5,1.168721913022e-4,1.899676398899e-4,3.034697271100e-4,4.764353215997e-4,7.350743331144e-4,1.114509021911e-3,1.660533508064e-3,2.431143273795e-3,3.497517457122e-3,4.944059472248e-3,6.867053731968e-3,9.371501178774e-3,1.256577680635e-2,1.655392547388e-2,2.142568307989e-2,2.724466547587e-2,3.403557228988e-2,4.177165008997e-2,5.036397543961e-2,5.965427417943e-2,6.941291946898e-2,7.934340591672e-2,8.909398154383e-2,9.827628630939e-2,1.064898994006e-1,1.133507797252e-1,1.185208523141e-1,1.217355899302e-1,1.228264609984e-1,1.217355899302e-1,1.185208523141e-1,1.133507797252e-1,1.064898994006e-1,9.827628630939e-2,8.909398154383e-2,7.934340591672e-2,6.941291946898e-2,5.965427417943e-2,5.036397543961e-2,4.177165008997e-2,3.403557228988e-2,2.724466547587e-2,2.142568307989e-2,1.655392547388e-2,1.256577680635e-2,9.371501178774e-3,6.867053731968e-3,4.944059472248e-3,3.497517457122e-3,2.431143273795e-3,1.660533508064e-3,1.114509021911e-3,7.350743331144e-4,4.764353215997e-4,3.034697271100e-4,1.899676398899e-4,1.168721913022e-4,7.066833978368e-5,4.199870585910e-5,2.453351335935e-5,1.408679546753e-5,7.950773637020e-6,4.411310678564e-6,2.406043983662e-6,1.290131060173e-6,6.801030837382e-7,3.524843525512e-7,1.796092634511e-7,8.996500012619e-8,4.425706218994e-8,2.128628336949e-8,9.787988246556e-9,3.793674095214e-9,9.721966480995e-24
5.509570529521e-24,3.068949264280e-9,7.919912918592e-9,1.722879347960e-8,3.583240876219e-8,7.286291993520e-8,1.455121544537e-7,2.856570630744e-7,5.513294830628e-7,1.046160555100e-6,1.951608805588e-6,3.579135944222e-6,6.452647106274e-6,1.143550461588e-5,1.992113519071e-5,3.411128326772e-5,5.741051494686e-5,9.496831341870e-5,1.543990840916e-4,2.467030848834e-4,3.873948292419e-4,5.978170920922e-4,9.065763533221e-4,1.350979285953e-3,1.978282718319e-3,2.846498443188e-3,4.024431064239e-3,5.590587895831e-3,7.630603704990e-3,1.023288848798e-2,1.348234751462e-2,1.745224368978e-2,2.219456224290e-2,2.772956827915e-2,3.403557228988e-2,4.104017721847e-2,4.861440838926e-2,5.657106791163e-2,6.466837381525e-2,7.261944189503e-2,8.010748820394e-2,8.680585716790e-2,9.240123060807e-2,9.661777504920e-2,9.923965486181e-2,1.001293562636e-1,9.923965486181e-2,9.661777504920e-2,9.240123060807e-2,8.680585716790e-2,8.010748820394e-2,7.261944189503e-2,6.466837381525e-2,5.657106791163e-2,4.861440838926e-2,4.104017721847e-2,3.403557228988e-2,2.772956827915e-2,2.219456224290e-2,1.745224368978e-2,1.348234751462e-2,1.023288848798e-2,7.630603704990e-3,5.590587895831e-3,4.024431064239e-3,2.846498443188e-3,1.978282718319e-3,1.350979285953e-3,9.065763533221e-4,5.978170920922e-4,3.873948292419e-4,2.467030848834e-4,1.543990840916e-4,9.496831341870e-5,5.741051494686e-5,3.411128326772e-5,1.992113519071e-5,1.143550461588e-5,6.452647106274e-6,3.579135944222e-6,1.951608805588e-6,1.046160555100e-6,5.513294830628e-7,2.856570630744e-7,1.455121544537e-7,7.286291993520e-8,3.583240876219e-8,1.722879347960e-8,7.919912918592e-9,3.068949264280e-9,5.509570529521e-24
2.971903705279e-24,2.437513248900e-9,6.291922796973e-9,1.369168733403e-8,2.848580231953e-8,5.794428788011e-8,1.157584617904e-7,2.273236583812e-7,4.388878581757e-7,8.330666916192e-7,1.554567740940e-6,2.851851361439e-6,5.142979107390e-6,9.117098883242e-6,1.588679240649e-5,2.721054941678e-5,4.580829288711e-5,7.579509264461e-5,1.232574147312e-4,1.969904394792e-4,3.094018272885e-4,4.775645794538e-4,7.243677760578e-4,1.079668917668e-3,1.581297727487e-3,2.275704241236e-3,3.217993236953e-3,4.471055472584e-3,6.103509005698e-3,8.186216077024e-3,1.078725392280e-2,1.396539481011e-2,1.776238308946e-2,2.219456224290e-2,2.724466547587e-2,3.285479112532e-2,3.892168706784e-2,4.529542090820e-2,5.178228743948e-2,5.815240219607e-2,6.415188443561e-2,6.951891263508e-2,7.400233382890e-2,7.738102803241e-2,7.948196398429e-2,8.019489617169e-2,7.948196398429e-2,7.738102803241e-2,7.400233382890e-2,6.951891263508e-2,6.415188443561e-2,5.815240219607e-2,5.178228743948e-2,4.529542090820e-2,3.892168706784e-2,3.285479112532e-2,2.724466547587e-2,2.219456224290e-2,1.776238308946e-2,1.396539481011e-2,1.078725392280e-2,8.186216077024e-3,6.103509005698e-3,4.471055472584e-3,3.217993236953e-3,2.275704241236e-3,1.581297727487e-3,1.079668917668e-3,7.243677760578e-4,4.775645794538e-4,3.094018272885e-4,1.969904394792e-4,1.232574147312e-4,7.579509264461e-5,4.580829288711e-5,2.721054941678e-5,1.588679240649e-5,9.117098883242e-6,5.142979107390e-6,2.851851361439e-6,1.554567740940e-6,8.330666916192e-7,4.388878581757e-7,2.273236583812e-7,1.157584617904e-7,5.794428788011e-8,2.848580231953e-8,1.369168733403e-8,6.291922796973e-9,2.437513248900e-9,2.971903705279e-24
1.525826238407e-24,1.900816180071e-9,4.907842754722e-9,1.068352108566e-8,2.223556489386e-8,4.524743510589e-8,9.042683756694e-8,1.776425552265e-7,3.430914750506e-7,6.514577190109e-7,1.216080441459e-6,2.231627967118e-6,4.025760929228e-6,7.138783958218e-6,1.244326003846e-5,2.131874654589e-5,3.589970386052e-5,5.941638721768e-5,9.664793536669e-5,1.545023237323e-4,2.427275292584e-4,3.747403910830e-4,5.685330116687e-4,8.475810714096e-4,1.241635984111e-3,1.787237844190e-3,2.527746016903e-3,3.512659192249e-3,4.795998748251e-3,6.433570201023e-3,8.479006277797e-3,1.097863443388e-2,1.396539481011e-2,1.745224368978e-2,2.142568307989e-2,2.584022108330e-2,3.061464923852e-2,3.563098605152e-2,4.073675871321e-2,4.575097781323e-2,5.047372992198e-2,5.469882385087e-2,5.822845176573e-2,6.088844752636e-2,6.254251537577e-2,6.310381267824e-2,6.254251537577e-2,6.088844752636e-2,5.822845176573e-2,5.469882385087e-2,5.047372992198e-2,4.575097781323e-2,4.073675871321e-2,3.563098605152e-2,3.061464923852e-2,2.584022108330e-2,2.142568307989e-2,1.745224368978e-2,1.396539481011e-2,1.097863443388e-2,8.479006277797e-3,6.433570201023e-3,4.795998748251e-3,3.512659192249e-3,2.527746016903e-3,1.787237844190e-3,1.241635984111e-3,8.475810714096e-4,5.685330116687e-4,3.747403910830e-4,2.427275292584e-4,1.545023237323e-4,9.664793536669e-5,5.941638721768e-5,3.589970386052e-5,2.131874654589e-5,1.244326003846e-5,7.138783958218e-6,4.025760929228e-6,2.231627967118e-6,1.216080441459e-6,6.514577190109e-7,3.430914750506e-7,1.776425552265e-7,9.042683756694e-8,4.524743510589e-8,2.223556489386e-8,1.068352108566e-8,4.907842754722e-9,1.900816180071e-9,1.525826238407e-24
7.456392881249e-25,1.455385315657e-9,3.758815733919e-9,8.185326929726e-9,1.704291838114e-8,3.469487940067e-8,6.936523086486e-8,1.363203979039e-7,2.633837823113e-7,5.002953192207e-7,9.342420489974e-7,1.715029459263e-6,3.094897127210e-6,5.489928355164e-6,9.572305574598e-6,1.640513118408e-5,2.763377918779e-5,4.574911864449e-5,7.443750872284e-5,1.190289750618e-4,1.870470232849e-4,2.888497555135e-4,4.383313676209e-4,6.536256663927e-4,9.577203841240e-4,1.378856212498e-3,1.950553355498e-3,2.711088902142e-3,3.702249733037e-3,4.967217195069e-3,6.547508342658e-3,8.479006277797e-3,1.078725392280e-2,1.348234751462e-2,1.655392547388e-2,1.996687561126e-2,2.365844709321e-2,2.753742531002e-2,3.148589080975e-2,3.536383797070e-2,3.901659610870e-2,4.228461678819e-2,4.501482322670e-2,4.707242396886e-2,4.835193063563e-2,4.878612754019e-2,4.835193063563e-2,4.707242396886e-2,4.501482322670e-2,4.228461678819e-2,3.901659610870e-2,3.536383797070e-2,3.148589080975e-2,2.753742531002e-2,2.365844709321e-2,1.996687561126e-2,1.655392547388e-2,1.348234751462e-2,1.078725392280e-2,8.479006277797e-3,6.547508342658e-3,4.967217195069e-3,3.702249733037e-3,2.711088902142e-3,1.950553355498e-3,1.378856212498e-3,9.577203841240e-4,6.536256663927e-4,4.383313676209e-4,2.888497555135e-4,1.870470232849e-4,1.190289750618e-4,7.443750872284e-5,4.574911864449e-5,2.763377918779e-5,1.640513118408e-5,9.572305574598e-6,5.489928355164e-6,3.094897127210e-6,1.715029459263e-6,9.342420489974e-7,5.002953192207e-7,2.633837823113e-7,1.363203979039e-7,6.936523086486e-8,3.469487940067e-8,1.704291838114e-8,8.185326929726e-9,3.758815733919e-9,1.455385315657e-9,7.456392881249e-25
3.468213675652e-25,1.094132841852e-9,2.826662965180e-9,6.157880632044e-9,1.282700489921e-8,2.612367467403e-8,5.225111811930e-8,1.027295706608e-7,1.985638503073e-7,3.773198666536e-7,7.048719587271e-7,1.294450633408e-6,2.336784636762e-6,4.146609839866e-6,7.232568011085e-6,1.239939767733e-5,2.089303315612e-5,3.460028504248e-5,5.631445684136e-5,9.007562115916e-5,1.415882575343e-4,2.187084955510e-4,3.319775742152e-4,4.951572742421e-4,7.256980807907e-4,1.045044290037e-3,1.478656534830e-3,2.055617273567e-3,2.807685735964e-3,3.767692660735e-3,4.967217195069e-3,6.433570201023e-3,8.186216077024e-3,1.023288848798e-2,1.256577680635e-2,1.515825716645e-2,1.796269059761e-2,2.090978945776e-2,2.390994937191e-2,2.685675718554e-2,2.963263203958e-2,3.211626816874e-2,3.419126782692e-2,3.575512894190e-2,3.672762828007e-2,3.705764681257e-2,3.672762828007e-2,3.575512894190e-2,3.419126782692e-2,3.211626816874e-2,2.963263203958e-2,2.685675718554e-2,2.390994937191e-2,2.090978945776e-2,1.796269059761e-2,1.515825716645e-2,1.256577680635e-2,1.023288848798e-2,8.186216077024e-3,6.433570201023e-3,4.967217195069e-3,3.767692660735e-3,2.807685735964e-3,2.055617273567e-3,1.478656534830e-3,1.045044290037e-3,7.256980807907e-4,4.951572742421e-4,3.319775742152e-4,2.187084955510e-4,1.415882575343e-4,9.007562115916e-5,5.631445684136e-5,3.460028504248e-5,2.089303315612e-5,1.239939767733e-5,7.232568011085e-6,4.146609839866e-6,2.336784636762e-6,1.294450633408e-6,7.048719587271e-7,3.773198666536e-7,1.985638503073e-7,1.027295706608e-7,5.225111811930e-8,2.612367467403e-8,1.282700489921e-8,6.157880632044e-9,2.826662965180e-9,1.094132841852e-9,3.468213675652e-25
1.535452085188e-25,8.076558716144e-10,2.087226821362e-9,4.548939171757e-9,9.479862594203e-9,1.931570562851e-8,3.865169383640e-8,7.602576507433e-8,1.470121641630e-7,2.794768140461e-7,5.223055013532e-7,9.595626200718e-7,1.732906664310e-6,3.076192340386e-6,5.367497215185e-6,9.205216853066e-6,1.551615789184e-5,2.570435725691e-5,4.184913106856e-5,6.695890870943e-5,1.052829298147e-4,1.626750895591e-4,2.469925552826e-4,3.684962037377e-4,5.402012408839e-4,7.781065015496e-4,1.101213131978e-3,1.531232119512e-3,2.091880743708e-3,2.807685735964e-3,3.702249733037e-3,4.795998748251e-3,6.103509005698e-3,7.630603704990e-3,9.371501178774e-3,1.130636868925e-2,1.339967264102e-2,1.559970032061e-2,1.783955066846e-2,2.003975207734e-2,2.211247571017e-2,2.396709697435e-2,2.551664806485e-2,2.668453690307e-2,2.741081499935e-2,2.765728105450e-2,2.741081499935e-2,2.668453690307e-2,2.551664806485e-2,2.396709697435e-2,2.211247571017e-2,2.003975207734e-2,1.783955066846e-2,1.559970032061e-2,1.339967264102e-2,1.130636868925e-2,9.371501178774e-3,7.630603704990e-3,6.103509005698e-3,4.795998748251e-3,3.702249733037e-3,2.807685735964e-3,2.091880743708e-3,1.531232119512e-3,1.101213131978e-3,7.781065015496e-4,5.402012408839e-4,3.684962037377e-4,2.469925552826e-4,1.626750895591e-4,1.052829298147e-4,6.695890870943e-5,4.184913106856e-5,2.570435725691e-5,1.551615789184e-5,9.205216853066e-6,5.367497215185e-6,3.076192340386e-6,1.732906664310e-6,9.595626200718e-7,5.223055013532e-7,2.794768140461e-7,1.470121641630e-7,7.602576507433e-8,3.865169383640e-8,1.931570562851e-8,9.479862594203e-9,4.548939171757e-9,2.087226821362e-9,8.076558716144e-10,1.535452085188e-25
6.470234925645e-26,5.854064310336e-10,1.513381704433e-9,3.299766357715e-9,6.879943216985e-9,1.402506336124e-8,2.807832198597e-8,5.525445272156e-8,1.068953260004e-7,2.033036506204e-7,3.801131431898e-7,6.986270926327e-7,1.262193659705e-6,2.241495737874e-6,3.912593587831e-6,6.712592294543e-6,1.131875371172e-5,1.875746583819e-5,3.054932803579e-5,4.889519415633e-5,7.690474469633e-5,1.188634550250e-4,1.805252783725e-4,2.694069344739e-4,3.950459679935e-4,5.691701320126e-4,8.057125425529e-4,1.120598734464e-3,1.531232119512e-3,2.055617273567e-3,2.711088902142e-3,3.512659192249e-3,4.471055472584e-3,5.590587895831e-3,6.867053731968e-3,8.285938480721e-3,9.821201023664e-3,1.143491869466e-2,1.307801125962e-2,1.469216035401e-2,1.621290166816e-2,1.757370846256e-2,1.871073073046e-2,1.956773099893e-2,2.010068940700e-2,2.028155374650e-2,2.010068940700e-2,1.956773099893e-2,1.871073073046e-2,1.757370846256e-2,1.621290166816e-2,1.469216035401e-2,1.307801125962e-2,1.143491869466e-2,9.821201023664e-3,8.285938480721e-3,6.867053731968e-3,5.590587895831e-3,4.471055472584e-3,3.512659192249e-3,2.711088902142e-3,2.055617273567e-3,1.531232119512e-3,1.120598734464e-3,8.057125425529e-4,5.691701320126e-4,3.950459679935e-4,2.694069344739e-4,1.805252783725e-4,1.188634550250e-4,7.690474469633e-5,4.889519415633e-5,3.054932803579e-5,1.875746583819e-5,1.131875371172e-5,6.712592294543e-6,3.912593587831e-6,2.241495737874e-6,1.262193659705e-6,6.986270926327e-7,3.801131431898e-7,2.033036506204e-7,1.068953260004e-7,5.525445272156e-8,2.807832198597e-8,1.402506336124e-8,6.879943216985e-9,3.299766357715e-9,1.513381704433e-9,5.854064310336e-10,6.470234925645e-26
2.595118475649e-26,4.166530843754e-10,1.077510870283e-9,2.350507074913e-9,4.903258406617e-9,1.000064671222e-8,2.003154619174e-8,3.943900207592e-8,7.633566428824e-8,1.452508866432e-7,2.716977269154e-7,4.995887888500e-7,9.029880772560e-7,1.604269409109e-6,2.801444809018e-6,4.808173338150e-6,8.110647352102e-6,1.344598639899e-5,2.190666537817e-5,3.507449235130e-5,5.518530416219e-5,8.532144579512e-5,1.296229428917e-4,1.935000371192e-4,2.838198458728e-4,4.090293496855e-4,5.791674188568e-4,8.057125425529e-4,1.101213131978e-3,1.478656534830e-3,1.950553355498e-3,2.527746016903e-3,3.217993236953e-3,4.024431064239e-3,4.944059472248e-3,5.966442333808e-3,7.072828231750e-3,8.235891501999e-3,9.420251931487e-3,1.058385761529e-2,1.168021491103e-2,1.266133475453e-2,1.348115308674e-2,1.409909394969e-2,1.448339432727e-2,1.461381192857e-2,1.448339432727e-2,1.409909394969e-2,1.348115308674e-2,1.266133475453e-2,1.168021491103e-2,1.058385761529e-2,9.420251931487e-3,8.235891501999e-3,7.072828231750e-3,5.966442333808e-3,4.944059472248e-3,4.024431064239e-3,3.217993236953e-3,2.527746016903e-3,1.950553355498e-3,1.478656534830e-3,1.101213131978e-3,8.057125425529e-4,5.791674188568e-4,4.090293496855e-4,2.838198458728e-4,1.935000371192e-4,1.296229428917e-4,8.532144579512e-5,5.518530416219e-5,3.507449235130e-5,2.190666537817e-5,1.344598639899e-5,8.110647352102e-6,4.808173338150e-6,2.801444809018e-6,1.604269409109e-6,9.029880772560e-7,4.995887888500e-7,2.716977269154e-7,1.452508866432e-7,7.633566428824e-8,3.943900207592e-8,2.003154619174e-8,1.000064671222e-8,4.903258406617e-9,2.350507074913e-9,1.077510870283e-9,4.166530843754e-10,2.595118475649e-26
9.907126047283e-27,2.911986544916e-10,7.533570419298e-10,1.644208498352e-9,3.431732598035e-9,7.003125706294e-9,1.403492355130e-8,2.764701368448e-8,5.353910181566e-8,1.019243827539e-7,1.907459777250e-7,3.509025370487e-7,6.345335883511e-7,1.127828315572e-6,1.970312678404e-6,3.383100235601e-6,5.709080903428e-6,9.468332868065e-6,1.543197530845e-5,2.471697056840e-5,3.890272974135e-5,6.016747705639e-5,9.143797182099e-5,1.365403487971e-4,2.003328097752e-4,2.887934001583e-4,4.090293496855e-4,5.691701320126e-4,7.781065015496e-4,1.045044290037e-3,1.378856212498e-3,1.787237844190e-3,2.275704241236e-3,2.846498443188e-3,3.497517457122e-3,4.221388949712e-3,5.004845902800e-3,5.828540865834e-3,6.667412441067e-3,7.491664225272e-3,8.268345061891e-3,8.963438029003e-3,9.544286366742e-3,9.982121151019e-3,1.025442031429e-2,1.034683006080e-2,1.025442031429e-2,9.982121151019e-3,9.544286366742e-3,8.963438029003e-3,8.268345061891e-3,7.491664225272e-3,6.667412441067e-3,5.828540865834e-3,5.004845902800e-3,4.221388949712e-3,3.497517457122e-3,2.846498443188e-3,2.275704241236e-3,1.787237844190e-3,1.378856212498e-3,1.045044290037e-3,7.781065015496e-4,5.691701320126e-4,4.090293496855e-4,2.887934001583e-4,2.003328097752e-4,1.365403487971e-4,9.143797182099e-5,6.016747705639e-5,3.890272974135e-5,2.471697056840e-5,1.543197530845e-5,9.468332868065e-6,5.709080903428e-6,3.383100235601e-6,1.970312678404e-6,1.127828315572e-6,6.345335883511e-7,3.509025370487e-7,1.907459777250e-7,1.019243827539e-7,5.353910181566e-8,2.764701368448e-8,1.403492355130e-8,7.003125706294e-9,3.431732598035e-9,1.644208498352e-9,7.533570419298e-10,2.911986544916e-10,9.907126047283e-27
3.599909196503e-27,1.998545147581e-10,5.172472983505e-10,1.129487222565e-9,2.358755656833e-9,4.816243490795e-9,9.657616291540e-9,1.903470894534e-8,3.688089816999e-8,7.024817371202e-8,1.315324698447e-7,2.420910897616e-7,4.379814079212e-7,7.788374874552e-7,1.361243474503e-6,2.338332805546e-6,3.947684404613e-6,6.549806516949e-6,1.067945604313e-5,1.711155304060e-5,2.694230414512e-5,4.168413637888e-5,6.337001350779e-5,9.465864268176e-5,1.389271800699e-4,2.003328097752e-4,2.838198458728e-4,3.950459679935e-4,5.402012408839e-4,7.256980807907e-4,9.577203841240e-4,1.241635984111e-3,1.581297727487e-3,1.978282718319e-3,2.431143273795e-3,2.934762459942e-3,3.479916929193e-3,4.053145932227e-3,4.637005211841e-3,5.210747966182e-3,5.751425292736e-3,6.235341699113e-3,6.639745953799e-3,6.944593262543e-3,7.134190135939e-3,7.198534279413e-3,7.134190135939e-3,6.944593262543e-3,6.639745953799e-3,6.235341699113e-3,5.751425292736e-3,5.210747966182e-3,4.637005211841e-3,4.053145932227e-3,3.479916929193e-3,2.934762459942e-3,2.431143273795e-3,1.978282718319e-3,1.581297727487e-3,1.241635984111e-3,9.577203841240e-4,7.256980807907e-4,5.402012408839e-4,3.950459679935e-4,2.838198458728e-4,2.003328097752e-4,1.389271800699e-4,9.465864268176e-5,6.337001350779e-5,4.168413637888e-5,2.694230414512e-5,1.711155304060e-5,1.067945604313e-5,6.549806516949e-6,3.947684404613e-6,2.338332805546e-6,1.361243474503e-6,7.788374874552e-7,4.379814079212e-7,2.420910897616e-7,1.315324698447e-7,7.024817371202e-8,3.688089816999e-8,1.903470894534e-8,9.657616291540e-9,4.816243490795e-9,2.358755656833e-9,1.129487222565e-9,5.172472983505e-10,1.998545147581e-10,3.599909196503e-27
1.245055648974e-27,1.346979796651e-10,3.487598386105e-10,7.619869144545e-10,1.592230523458e-9,3.253046051424e-9,6.526896276369e-9,1.287159826662e-8,2.495348460012e-8,4.755564676253e-8,8.909045772872e-8,1.640597222754e-7,2.969597317816e-7,5.283250493539e-7,9.238391480151e-7,1.587693898780e-6,2.681615257647e-6,4.451124765007e-6,7.260580244356e-6,1.163820897022e-5,1.833156695254e-5,2.837248537812e-5,4.314849548454e-5,6.447494242120e-5,9.465864268176e-5,1.365403487971e-4,1.935000371192e-4,2.694069344739e-4,3.684962037377e-4,4.951572742421e-4,6.536256663927e-4,8.475810714096e-4,1.079668917668e-3,1.350979285953e-3,1.660533508064e-3,2.004842067319e-3,2.377604223539e-3,2.769617198031e-3,3.168948975312e-3,3.561403770589e-3,3.931275094556e-3,4.262342372990e-3,4.539029122421e-3,4.747610275382e-3,4.877339326120e-3,4.921366598350e-3,4.877339326120e-3,4.747610275382e-3,4.539029122421e-3,4.262342372990e-3,3.931275094556e-3,3.561403770589e-3,3.168948975312e-3,2.769617198031e-3,2.377604223539e-3,2.004842067319e-3,1.660533508064e-3,1.350979285953e-3,1.079668917668e-3,8.475810714096e-4,6.536256663927e-4,4.951572742421e-4,3.684962037377e-4,2.694069344739e-4,1.935000371192e-4,1.365403487971e-4,9.465864268176e-5,6.447494242120e-5,4.314849548454e-5,2.837248537812e-5,1.833156695254e-5,1.163820897022e-5,7.260580244356e-6,4.451124765007e-6,2.681615257647e-6,1.587693898780e-6,9.238391480151e-7,5.283250493539e-7,2.969597317816e-7,1.640597222754e-7,8.909045772872e-8,4.755564676253e-8,2.495348460012e-8,1.287159826662e-8,6.526896276369e-9,3.253046051424e-9,1.592230523458e-9,7.619869144545e-10,3.487598386105e-10,1.346979796651e-10,1.245055648974e-27
4.098635890728e-28,8.915462534176e-11,2.309397616160e-10,5.048572404251e-10,1.055590586124e-9,2.157994402970e-9,4.332448150476e-9,8.549090808206e-9,1.658338477421e-8,3.162220736863e-8,5.927382202333e-8,1.092116266045e-7,1.977848922101e-7,3.520617710802e-7,6.159274885846e-7,1.059031751801e-6,1.789538532864e-6,2.971735237281e-6,4.849542768698e-6,7.776748782132e-6,1.225426531922e-5,1.897379206740e-5,2.886587686166e-5,4.314849548454e-5,6.337001350779e-5,9.143797182099e-5,1.296229428917e-4,1.805252783725e-4,2.469925552826e-4,3.319775742152e-4,4.383313676209e-4,5.685330116687e-4,7.243677760578e-4,9.065763533221e-4,1.114509021911e-3,1.345827573778e-3,1.596302455812e-3,1.859750867963e-3,2.128152308993e-3,2.391961231867e-3,2.640613488079e-3,2.863196968629e-3,3.049231249959e-3,3.189480532791e-3,3.276712728597e-3,3.306317951373e-3,3.276712728597e-3,3.189480532791e-3,3.049231249959e-3,2.863196968629e-3,2.640613488079e-3,2.391961231867e-3,2.128152308993e-3,1.859750867963e-3,1.596302455812e-3,1.345827573778e-3,1.114509021911e-3,9.065763533221e-4,7.243677760578e-4,5.685330116687e-4,4.383313676209e-4,3.319775742152e-4,2.469925552826e-4,1.805252783725e-4,1.296229428917e-4,9.143797182099e-5,6.337001350779e-5,4.314849548454e-5,2.886587686166e-5,1.897379206740e-5,1.225426531922e-5,7.776748782132e-6,4.849542768698e-6,2.971735237281e-6,1.789538532864e-6,1.059031751801e-6,6.159274885846e-7,3.520617710802e-7,1.977848922101e-7,1.092116266045e-7,5.927382202333e-8,3.162220736863e-8,1.658338477421e-8,8.549090808206e-9,4.332448150476e-9,2.157994402970e-9,1.055590586124e-9,5.048572404251e-10,2.309397616160e-10,8.915462534176e-11,4.098635890728e-28
1.284231367268e-28,5.795300730190e-11,1.501856979129e-10,3.285172187542e-10,6.873298433358e-10,1.406054855773e-9,2.824642057489e-9,5.577274919951e-9,1.082532233436e-8,2.065469050758e-8,3.873838865661e-8,7.141555855774e-8,1.294063609832e-7,2.304693148262e-7,4.034119145728e-7,6.939787080019e-7,1.173246765854e-6,1.949228109621e-6,3.182369891030e-6,5.105500150730e-6,8.048424792704e-6,1.246677557091e-5,1.897379206740e-5,2.837248537812e-5,4.168413637888e-5,6.016747705639e-5,8.532144579512e-5,1.188634550250e-4,1.626750895591e-4,2.187084955510e-4,2.888497555135e-4,3.747403910830e-4,4.775645794538e-4,5.978170920922e-4,7.350743331144e-4,8.877968169329e-4,1.053194506887e-3,1.227185331788e-3,1.404471092666e-3,1.578743841911e-3,1.743020600924e-3,1.890086876822e-3,2.013012468939e-3,2.105689444574e-3,2.163334570742e-3,2.182898740219e-3,2.163334570742e-3,2.105689444574e-3,2.013012468939e-3,1.890086876822e-3,1.743020600924e-3,1.578743841911e-3,1.404471092666e-3,1.227185331788e-3,1.053194506887e-3,8.877968169329e-4,7.350743331144e-4,5.978170920922e-4,4.775645794538e-4,3.747403910830e-4,2.888497555135e-4,2.187084955510e-4,1.626750895591e-4,1.188634550250e-4,8.532144579512e-5,6.016747705639e-5,4.168413637888e-5,2.837248537812e-5,1.897379206740e-5,1.246677557091e-5,8.048424792704e-6,5.105500150730e-6,3.182369891030e-6,1.949228109621e-6,1.173246765854e-6,6.939787080019e-7,4.034119145728e-7,2.304693148262e-7,1.294063609832e-7,7.141555855774e-8,3.873838865661e-8,2.065469050758e-8,1.082532233436e-8,5.577274919951e-9,2.824642057489e-9,1.406054855773e-9,6.873298433358e-10,3.285172187542e-10,1.501856979129e-10,5.795300730190e-11,1.284231367268e-28
3.830015811049e-29,3.699742000267e-11,9.592462560771e-11,2.099569176162e-10,4.395709880768e-10,8.998290832438e-10,1.808884259053e-9,3.573985076850e-9,6.941415390451e-9,1.325242769064e-8,2.487028948837e-8,4.587621874449e-8,8.317615080423e-8,1.482168651509e-7,2.595777310354e-7,4.467781353939e-7,7.557097354775e-7,1.256148580139e-6,2.051797437441e-6,3.293217100656e-6,5.193784673894e-6,8.048424792704e-6,1.225426531922e-5,1.833156695254e-5,2.694230414512e-5,3.890272974135e-5,5.518530416219e-5,7.690474469633e-5,1.052829298147e-4,1.415882575343e-4,1.870470232849e-4,2.427275292584e-4,3.094018272885e-4,3.873948292419e-4,4.764353215997e-4,5.755273136296e-4,6.828621705873e-4,7.957912814515e-4,9.108750523484e-4,1.024016782277e-3,1.130680076375e-3,1.226177117689e-3,1.306004061412e-3,1.366190941183e-3,1.403628520601e-3,1.416334676487e-3,1.403628520601e-3,1.366190941183e-3,1.306004061412e-3,1.226177117689e-3,1.130680076375e-3,1.024016782277e-3,9.108750523484e-4,7.957912814515e-4,6.828621705873e-4,5.755273136296e-4,4.764353215997e-4,3.873948292419e-4,3.094018272885e-4,2.427275292584e-4,1.870470232849e-4,1.415882575343e-4,1.052829298147e-4,7.690474469633e-5,5.518530416219e-5,3.890272974135e-5,2.694230414512e-5,1.833156695254e-5,1.225426531922e-5,8.048424792704e-6,5.193784673894e-6,3.293217100656e-6,2.051797437441e-6,1.256148580139e-6,7.557097354775e-7,4.467781353939e-7,2.595777310354e-7,1.482168651509e-7,8.317615080423e-8,4.587621874449e-8,2.487028948837e-8,1.325242769064e-8,6.941415390451e-9,3.573985076850e-9,1.808884259053e-9,8.998290832438e-10,4.395709880768e-10,2.099569176162e-10,9.592462560771e-11,3.699742000267e-11,3.830015811049e-29
1.087204444788e-29,2.319769076316e-11,6.017523540181e-11,1.317950792239e-10,2.761222412421e-10,5.656372250541e-10,1.137862532351e-9,2.249708704057e-9,4.372290879396e-9,8.352888394464e-9,1.568537859905e-8,2.895125434563e-8,5.252146618438e-8,9.364541591414e-8,1.640966844609e-7,2.825923068255e-7,4.782467624944e-7,7.953515955303e-7,1.299769230384e-6,2.087171955071e-6,3.293217100656e-6,5.105500150730e-6,7.776748782132e-6,1.163820897022e-5,1.711155304060e-5,2.471697056840e-5,3.507449235130e-5,4.889519415633e-5,6.695890870943e-5,9.007562115916e-5,1.190289750618e-4,1.545023237323e-4,1.969904394792e-4,2.467030848834e-4,3.034697271100e-4,3.666571745911e-4,4.351132196175e-4,5.071489327170e-4,5.805697323556e-4,6.527607317421e-4,7.208255317636e-4,7.817703744491e-4,8.327184898495e-4,8.711337818525e-4,8.950298178968e-4,9.031401788037e-4,8.950298178968e-4,8.711337818525e-4,8.327184898495e-4,7.817703744491e-4,7.208255317636e-4,6.527607317421e-4,5.805697323556e-4,5.071489327170e-4,4.351132196175e-4,3.666571745911e-4,3.034697271100e-4,2.467030848834e-4,1.969904394792e-4,1.545023237323e-4,1.190289750618e-4,9.007562115916e-5,6.695890870943e-5,4.889519415633e-5,3.507449235130e-5,2.471697056840e-5,1.711155304060e-5,1.163820897022e-5,7.776748782132e-6,5.105500150730e-6,3.293217100656e-6,2.087171955071e-6,1.299769230384e-6,7.953515955303e-7,4.782467624944e-7,2.825923068255e-7,1.640966844609e-7,9.364541591414e-8,5.252146618438e-8,2.895125434563e-8,1.568537859905e-8,8.352888394464e-9,4.372290879396e-9,2.249708704057e-9,1.137862532351e-9,5.656372250541e-10,2.761222412421e-10,1.317950792239e-10,6.017523540181e-11,2.319769076316e-11,1.087204444788e-29
2.937482111711e-30,1.428600558760e-11,3.707716460829e-11,8.126059879825e-11,1.703715732038e-10,3.492616694548e-10,7.030969696237e-10,1.391097048260e-9,2.705444028193e-9,5.171982445098e-9,9.718486998099e-9,1.794926726188e-8,3.258248761626e-8,5.812919696700e-8,1.019202144624e-7,1.756167244056e-7,2.973684297165e-7,4.948020639003e-7,8.090220141486e-7,1.299769230384e-6,2.051797437441e-6,3.182369891030e-6,4.849542768698e-6,7.260580244356e-6,1.067945604313e-5,1.543197530845e-5,2.190666537817e-5,3.054932803579e-5,4.184913106856e-5,5.631445684136e-5,7.443750872284e-5,9.664793536669e-5,1.232574147312e-4,1.543990840916e-4,1.899676398899e-4,2.295675075048e-4,2.724773080474e-4,3.176385815241e-4,3.636751461205e-4,4.089465713415e-4,4.516352616073e-4,4.898620826753e-4,5.218210051145e-4,5.459196561390e-4,5.609106647696e-4,5.659987381779e-4,5.609106647696e-4,5.459196561390e-4,5.218210051145e-4,4.898620826753e-4,4.516352616073e-4,4.089465713415e-4,3.636751461205e-4,3.176385815241e-4,2.724773080474e-4,2.295675075048e-4,1.899676398899e-4,1.543990840916e-4,1.232574147312e-4,9.664793536669e-5,7.443750872284e-5,5.631445684136e-5,4.184913106856e-5,3.054932803579e-5,2.190666537817e-5,1.543197530845e-5,1.067945604313e-5,7.260580244356e-6,4.849542768698e-6,3.182369891030e-6,2.051797437441e-6,1.299769230384e-6,8.090220141486e-7,4.948020639003e-7,2.973684297165e-7,1.756167244056e-7,1.019202144624e-7,5.812919696700e-8,3.258248761626e-8,1.794926726188e-8,9.718486998099e-9,5.171982445098e-9,2.705444028193e-9,1.391097048260e-9,7.030969696237e-10,3.492616694548e-10,1.703715732038e-10,8.126059879825e-11,3.707716460829e-11,1.428600558760e-11,2.937482111711e-30
7.554271700867e-31,8.641415792557e-12,2.243941516320e-11,4.921391355324e-11,1.032598440394e-10,2.118429563291e-10,4.267781763648e-10,8.450088466649e-10,1.644567171481e-9,3.146093032492e-9,5.915708832389e-9,1.093303133472e-8,1.985893427721e-8,3.545160660576e-8,6.219620206066e-8,1.072317421956e-7,1.816763051040e-7,3.024634013272e-7,4.948020639003e-7,7.953515955303e-7,1.256148580139e-6,1.949228109621e-6,2.971735237281e-6,4.451124765007e-6,6.549806516949e-6,9.468332868065e-6,1.344598639899e-5,1.875746583819e-5,2.570435725691e-5,3.460028504248e-5,4.574911864449e-5,5.941638721768e-5,7.579509264461e-5,9.496831341870e-5,1.168721913022e-4,1.412638702896e-4,1.676994730285e-4,1.955270391033e-4,2.238983774185e-4,2.518019938738e-4,2.781167954280e-4,3.016834489511e-4,3.213875143630e-4,3.362462527064e-4,3.454897656113e-4,3.486271524078e-4,3.454897656113e-4,3.362462527064e-4,3.213875143630e-4,3.016834489511e-4,2.781167954280e-4,2.518019938738e-4,2.238983774185e-4,1.955270391033e-4,1.676994730285e-4,1.412638702896e-4,1.168721913022e-4,9.496831341870e-5,7.579509264461e-5,5.941638721768e-5,4.574911864449e-5,3.460028504248e-5,2.570435725691e-5,1.875746583819e-5,1.344598639899e-5,9.468332868065e-6,6.549806516949e-6,4.451124765007e-6,2.971735237281e-6,1.949228109621e-6,1.256148580139e-6,7.953515955303e-7,4.948020639003e-7,3.024634013272e-7,1.816763051040e-7,1.072317421956e-7,6.219620206066e-8,3.545160660576e-8,1.985893427721e-8,1.093303133472e-8,5.915708832389e-9,3.146093032492e-9,1.644567171481e-9,8.450088466649e-10,4.267781763648e-10,2.118429563291e-10,1.032598440394e-10,4.921391355324e-11,2.243941516320e-11,8.641415792557e-12,7.554271700867e-31
1.849112481133e-31,5.134316793652e-12,1.333977457916e-11,2.927780134939e-11,6.147803280367e-11,1.262242600240e-10,2.544873690866e-10,5.042585071233e-10,9.821179870796e-10,1.880163543472e-9,3.537812073882e-9,6.542810086176e-9,1.189233765634e-8,2.124352473822e-8,3.729285619935e-8,6.433510340802e-8,1.090630146511e-7,1.816763051040e-7,2.973684297165e-7,4.782467624944e-7,7.557097354775e-7,1.173246765854e-6,1.789538532864e-6,2.681615257647e-6,3.947684404613e-6,5.709080903428e-6,8.110647352102e-6,1.131875371172e-5,1.551615789184e-5,2.089303315612e-5,2.763377918779e-5,3.589970386052e-5,4.580829288711e-5,5.741051494686e-5,7.066833978368e-5,8.543524285492e-5,1.014427861806e-4,1.182962703730e-4,1.354818647688e-4,1.523865360724e-4,1.683306015968e-4,1.826110171823e-4,1.945518315056e-4,2.035568876738e-4,2.091590944718e-4,2.110606059275e-4,2.091590944718e-4,2.035568876738e-4,1.945518315056e-4,1.826110171823e-4,1.683306015968e-4,1.523865360724e-4,1.354818647688e-4,1.182962703730e-4,1.014427861806e-4,8.543524285492e-5,7.066833978368e-5,5.741051494686e-5,4.580829288711e-5,3.589970386052e-5,2.763377918779e-5,2.089303315612e-5,1.551615789184e-5,1.131875371172e-5,8.110647352102e-6,5.709080903428e-6,3.947684404613e-6,2.681615257647e-6,1.789538532864e-6,1.173246765854e-6,7.557097354775e-7,4.782467624944e-7,2.973684297165e-7,1.816763051040e-7,1.090630146511e-7,6.433510340802e-8,3.729285619935e-8,2.124352473822e-8,1.189233765634e-8,6.542810086176e-9,3.537812073882e-9,1.880163543472e-9,9.821179870796e-10,5.042585071233e-10,2.544873690866e-10,1.262242600240e-10,6.147803280367e-11,2.927780134939e-11,1.333977457916e-11,5.134316793652e-12,1.849112481133e-31
4.308116292984e-32,2.996540065664e-12,7.789926699091e-12,1.710990713555e-11,3.595659460033e-11,7.388448140816e-11,1.490812969934e-10,2.956304573192e-10,5.762228460845e-10,1.103938755502e-9,2.078730892721e-9,3.847100738265e-9,6.997352530126e-9,1.250782781902e-8,2.197157779891e-8,3.792759814667e-8,6.433510340802e-8,1.072317421956e-7,1.756167244056e-7,2.825923068255e-7,4.467781353939e-7,6.939787080019e-7,1.059031751801e-6,1.587693898780e-6,2.338332805546e-6,3.383100235601e-6,4.808173338150e-6,6.712592294543e-6,9.205216853066e-6,1.239939767733e-5,1.640513118408e-5,2.131874654589e-5,2.721054941678e-5,3.411128326772e-5,4.199870585910e-5,5.078593569770e-5,6.031341382489e-5,7.034627158829e-5,8.057854543789e-5,9.064503189149e-5,1.001406835456e-4,1.086464214808e-4,1.157592356716e-4,1.211236365503e-4,1.244610662360e-4,1.255938865546e-4,1.244610662360e-4,1.211236365503e-4,1.157592356716e-4,1.086464214808e-4,1.001406835456e-4,9.064503189149e-5,8.057854543789e-5,7.034627158829e-5,6.031341382489e-5,5.078593569770e-5,4.199870585910e-5,3.411128326772e-5,2.721054941678e-5,2.131874654589e-5,1.640513118408e-5,1.239939767733e-5,9.205216853066e-6,6.712592294543e-6,4.808173338150e-6,3.383100235601e-6,2.338332805546e-6,1.587693898780e-6,1.059031751801e-6,6.939787080019e-7,4.467781353939e-7,2.825923068255e-7,1.756167244056e-7,1.072317421956e-7,6.433510340802e-8,3.792759814667e-8,2.197157779891e-8,1.250782781902e-8,6.997352530126e-9,3.847100738265e-9,2.078730892721e-9,1.103938755502e-9,5.762228460845e-10,2.956304573192e-10,1.490812969934e-10,7.388448140816e-11,3.595659460033e-11,1.710990713555e-11,7.789926699091e-12,2.996540065664e-12,4.308116292984e-32
9.553551852504e-33,1.717961818317e-12,4.468713260676e-12,9.822720122170e-12,2.065967543256e-11,4.248752510441e-11,8.580037249303e-11,1.702806189806e-10,3.321606209019e-10,6.368478474448e-10,1.200088716282e-9,2.222615413146e-9,4.045493153432e-9,7.236320685857e-9,1.271998390811e-8,2.197157779891e-8,3.729285619935e-8,6.219620206066e-8,1.019202144624e-7,1.640966844609e-7,2.595777310354e-7,4.034119145728e-7,6.159274885846e-7,9.238391480151e-7,1.361243474503e-6,1.970312678404e-6,2.801444809018e-6,3.912593587831e-6,5.367497215185e-6,7.232568011085e-6,9.572305574598e-6,1.244326003846e-5,1.588679240649e-5,1.992113519071e-5,2.453351335935e-5,2.967329619183e-5,3.524726353054e-5,4.111803892570e-5,4.710653787678e-5,5.299889959540e-5,5.855784696631e-5,6.353781687483e-5,6.770261293275e-5,7.084385693803e-5,7.279824749769e-5,7.346163861839e-5,7.279824749769e-5,7.084385693803e-5,6.770261293275e-5,6.353781687483e-5,5.855784696631e-5,5.299889959540e-5,4.710653787678e-5,4.111803892570e-5,3.524726353054e-5,2.967329619183e-5,2.453351335935e-5,1.992113519071e-5,1.588679240649e-5,1.244326003846e-5,9.572305574598e-6,7.232568011085e-6,5.367497215185e-6,3.912593587831e-6,2.801444809018e-6,1.970312678404e-6,1.361243474503e-6,9.238391480151e-7,6.159274885846e-7,4.034119145728e-7,2.595777310354e-7,1.640966844609e-7,1.019202144624e-7,6.219620206066e-8,3.729285619935e-8,2.197157779891e-8,1.271998390811e-8,7.236320685857e-9,4.045493153432e-9,2.222615413146e-9,1.200088716282e-9,6.368478474448e-10,3.321606209019e-10,1.702806189806e-10,8.580037249303e-11,4.248752510441e-11,2.065967543256e-11,9.822720122170e-12,4.468713260676e-12,1.717961818317e-12,9.553551852504e-33
2.016488135329e-33,9.675636626475e-13,2.518328999025e-12,5.539969983674e-12,1.166195469894e-11,2.400401971215e-11,4.851552688344e-11,9.636466535991e-11,1.881278479578e-10,3.609808115207e-10,6.807636291407e-10,1.261748822573e-9,2.298246730593e-9,4.113869850815e-9,7.236320685857e-9,1.250782781902e-8,2.124352473822e-8,3.545160660576e-8,5.812919696700e-8,9.364541591414e-8,1.482168651509e-7,2.304693148262e-7,3.520617710802e-7,5.283250493539e-7,7.788374874552e-7,1.127828315572e-6,1.604269409109e-6,2.241495737874e-6,3.076192340386e-6,4.146609839866e-6,5.489928355164e-6,7.138783958218e-6,9.117098883242e-6,1.143550461588e-5,1.408679546753e-5,1.704197226027e-5,2.024750153228e-5,2.362439845086e-5,2.706962428166e-5,3.046007042396e-5,3.365909878992e-5,3.652526030332e-5,3.892247218185e-5,4.073065948174e-5,4.185571116627e-5,4.223760307888e-5,4.185571116627e-5,4.073065948174e-5,3.892247218185e-5,3.652526030332e-5,3.365909878992e-5,3.046007042396e-5,2.706962428166e-5,2.362439845086e-5,2.024750153228e-5,1.704197226027e-5,1.408679546753e-5,1.143550461588e-5,9.117098883242e-6,7.138783958218e-6,5.489928355164e-6,4.146609839866e-6,3.076192340386e-6,2.241495737874e-6,1.604269409109e-6,1.127828315572e-6,7.788374874552e-7,5.283250493539e-7,3.520617710802e-7,2.304693148262e-7,1.482168651509e-7,9.364541591414e-8,5.812919696700e-8,3.545160660576e-8,2.124352473822e-8,1.250782781902e-8,7.236320685857e-9,4.113869850815e-9,2.298246730593e-9,1.261748822573e-9,6.807636291407e-10,3.609808115207e-10,1.881278479578e-10,9.636466535991e-11,4.851552688344e-11,2.400401971215e-11,1.166195469894e-11,5.539969983674e-12,2.518328999025e-12,9.675636626475e-13,2.016488135329e-33
4.051164104019e-34,5.353467096148e-13,1.394248600629e-12,3.069668422244e-12,6.467537796829e-12,1.332409336814e-11,2.695346949149e-11,5.358259041794e-11,1.046940510955e-10,2.010513246027e-10,3.794581416631e-10,7.038431870643e-10,1.282997634602e-9,2.298246730593e-9,4.045493153432e-9,6.997352530126e-9,1.189233765634e-8,1.985893427721e-8,3.258248761626e-8,5.252146618438e-8,8.317615080423e-8,1.294063609832e-7,1.977848922101e-7,2.969597317816e-7,4.379814079212e-7,6.345335883511e-7,9.029880772560e-7,1.262193659705e-6,1.732906664310e-6,2.336784636762e-6,3.094897127210e-6,4.025760929228e-6,5.142979107390e-6,6.452647106274e-6,7.950773637020e-6,9.621033553748e-6,1.143320762581e-5,1.334265472816e-5,1.529109572638e-5,1.720886436634e-5,1.901860901841e-5,2.064023151084e-5,2.199665543544e-5,2.301985979329e-5,2.365652542683e-5,2.387264265020e-5,2.365652542683e-5,2.301985979329e-5,2.199665543544e-5,2.064023151084e-5,1.901860901841e-5,1.720886436634e-5,1.529109572638e-5,1.334265472816e-5,1.143320762581e-5,9.621033553748e-6,7.950773637020e-6,6.452647106274e-6,5.142979107390e-6,4.025760929228e-6,3.094897127210e-6,2.336784636762e-6,1.732906664310e-6,1.262193659705e-6,9.029880772560e-7,6.345335883511e-7,4.379814079212e-7,2.969597317816e-7,1.977848922101e-7,1.294063609832e-7,8.317615080423e-8,5.252146618438e-8,3.258248761626e-8,1.985893427721e-8,1.189233765634e-8,6.997352530126e-9,4.045493153432e-9,2.298246730593e-9,1.282997634602e-9,7.038431870643e-10,3.794581416631e-10,2.010513246027e-10,1.046940510955e-10,5.358259041794e-11,2.695346949149e-11,1.332409336814e-11,6.467537796829e-12,3.069668422244e-12,1.394248600629e-12,5.353467096148e-13,4.051164104019e-34
7.746711093407e-35,2.910029955614e-13,7.583731017632e-13,1.671094813351e-12,3.524061613811e-12,7.266739566808e-12,1.471322882769e-11,2.927520124169e-11,5.724952178953e-11,1.100325254701e-10,2.078417732114e-10,3.858248453624e-10,7.038431870643e-10,1.261748822573e-9,2.222615413146e-9,3.847100738265e-9,6.542810086176e-9,1.093303133472e-8,1.794926726188e-8,2.895125434563e-8,4.587621874449e-8,7.141555855774e-8,1.092116266045e-7,1.640597222754e-7,2.420910897616e-7,3.509025370487e-7,4.995887888500e-7,6.986270926327e-7,9.595626200718e-7,1.294450633408e-6,1.715029459263e-6,2.231627967118e-6,2.851851361439e-6,3.579135944222e-6,4.411310678564e-6,5.339342324678e-6,6.346462157848e-6,7.407867266368e-6,8.491152663440e-6,9.557561409650e-6,1.056404430941e-5,1.146601041519e-5,1.222054125889e-5,1.278975420213e-5,1.314395077059e-5,1.326418623896e-5,1.314395077059e-5,1.278975420213e-5,1.222054125889e-5,1.146601041519e-5,1.056404430941e-5,9.557561409650e-6,8.491152663440e-6,7.407867266368e-6,6.346462157848e-6,5.339342324678e-6,4.411310678564e-6,3.579135944222e-6,2.851851361439e-6,2.231627967118e-6,1.715029459263e-6,1.294450633408e-6,9.595626200718e-7,6.986270926327e-7,4.995887888500e-7,3.509025370487e-7,2.420910897616e-7,1.640597222754e-7,1.092116266045e-7,7.141555855774e-8,4.587621874449e-8,2.895125434563e-8,1.794926726188e-8,1.093303133472e-8,6.542810086176e-9,3.847100738265e-9,2.222615413146e-9,1.261748822573e-9,7.038431870643e-10,3.858248453624e-10,2.078417732114e-10,1.100325254701e-10,5.724952178953e-11,2.927520124169e-11,1.471322882769e-11,7.266739566808e-12,3.524061613811e-12,1.671094813351e-12,7.583731017632e-13,2.910029955614e-13,7.746711093407e-35
1.409964708360e-35,1.554117812971e-13,4.052826309828e-13,8.938274264725e-13,1.886697435030e-12,3.894099800649e-12,7.891834512909e-12,1.571678119744e-11,3.076237505165e-11,5.917574124800e-11,1.118717320426e-10,2.078417732114e-10,3.794581416631e-10,6.807636291407e-10,1.200088716282e-9,2.078730892721e-9,3.537812073882e-9,5.915708832389e-9,9.718486998099e-9,1.568537859905e-8,2.487028948837e-8,3.873838865661e-8,5.927382202333e-8,8.909045772872e-8,1.315324698447e-7,1.907459777250e-7,2.716977269154e-7,3.801131431898e-7,5.223055013532e-7,7.048719587271e-7,9.342420489974e-7,1.216080441459e-6,1.554567740940e-6,1.951608805588e-6,2.406043983662e-6,2.912960119229e-6,3.463209944018e-6,4.043245849947e-6,4.635353980553e-6,5.218336780522e-6,5.768639699003e-6,6.261857178477e-6,6.674493554469e-6,6.985806363126e-6,7.179532275490e-6,7.245296020588e-6,7.179532275490e-6,6.985806363126e-6,6.674493554469e-6,6.261857178477e-6,5.768639699003e-6,5.218336780522e-6,4.635353980553e-6,4.043245849947e-6,3.463209944018e-6,2.912960119229e-6,2.406043983662e-6,1.951608805588e-6,1.554567740940e-6,1.216080441459e-6,9.342420489974e-7,7.048719587271e-7,5.223055013532e-7,3.801131431898e-7,2.716977269154e-7,1.907459777250e-7,1.315324698447e-7,8.909045772872e-8,5.927382202333e-8,3.873838865661e-8,2.487028948837e-8,1.568537859905e-8,9.718486998099e-9,5.915708832389e-9,3.537812073882e-9,2.078730892721e-9,1.200088716282e-9,6.807636291407e-10,3.794581416631e-10,2.078417732114e-10,1.118717320426e-10,5.917574124800e-11,3.076237505165e-11,1.571678119744e-11,7.891834512909e-12,3.894099800649e-12,1.886697435030e-12,8.938274264725e-13,4.052826309828e-13,1.554117812971e-13,1.409964708360e-35
2.442600737740e-36,8.154778031829e-14,2.128055702027e-13,4.697499682270e-13,9.925051636939e-13,2.050489614001e-12,4.159508695551e-12,8.291483441021e-12,1.624363946478e-11,3.127462531572e-11,5.917574124800e-11,1.100325254701e-10,2.010513246027e-10,3.609808115207e-10,6.368478474448e-10,1.103938755502e-9,1.880163543472e-9,3.146093032492e-9,5.171982445098e-9,8.352888394464e-9,1.325242769064e-8,2.065469050758e-8,3.162220736863e-8,4.755564676253e-8,7.024817371202e-8,1.019243827539e-7,1.452508866432e-7,2.033036506204e-7,2.794768140461e-7,3.773198666536e-7,5.002953192207e-7,6.514577190109e-7,8.330666916192e-7,1.046160555100e-6,1.290131060173e-6,1.562351427326e-6,1.857916263247e-6,2.169550594463e-6,2.487734499948e-6,2.801069477050e-6,3.096884398397e-6,3.362046228408e-6,3.583908522682e-6,3.751304711448e-6,3.855478394496e-6,3.890842909469e-6,3.855478394496e-6,3.751304711448e-6,3.583908522682e-6,3.362046228408e-6,3.096884398397e-6,2.801069477050e-6,2.487734499948e-6,2.169550594463e-6,1.857916263247e-6,1.562351427326e-6,1.290131060173e-6,1.046160555100e-6,8.330666916192e-7,6.514577190109e-7,5.002953192207e-7,3.773198666536e-7,2.794768140461e-7,2.033036506204e-7,1.452508866432e-7,1.019243827539e-7,7.024817371202e-8,4.755564676253e-8,3.162220736863e-8,2.065469050758e-8,1.325242769064e-8,8.352888394464e-9,5.171982445098e-9,3.146093032492e-9,1.880163543472e-9,1.103938755502e-9,6.368478474448e-10,3.609808115207e-10,2.010513246027e-10,1.100325254701e-10,5.917574124800e-11,3.127462531572e-11,1.624363946478e-11,8.291483441021e-12,4.159508695551e-12,2.050489614001e-12,9.925051636939e-13,4.697499682270e-13,2.128055702027e-13,8.154778031829e-14,2.442600737740e-36
4.027634798284e-37,4.204355567934e-14,1.097931553384e-13,2.425814877766e-13,5.130412832880e-13,1.060982715831e-12,2.154355479630e-12,4.298559165172e-12,8.429064563505e-12,1.624363946478e-11,3.076237505165e-11,5.724952178953e-11,1.046940510955e-10,1.881278479578e-10,3.321606209019e-10,5.762228460845e-10,9.821179870796e-10,1.644567171481e-9,2.705444028193e-9,4.372290879396e-9,6.941415390451e-9,1.082532233436e-8,1.658338477421e-8,2.495348460012e-8,3.688089816999e-8,5.353910181566e-8,7.633566428824e-8,1.068953260004e-7,1.470121641630e-7,1.985638503073e-7,2.633837823113e-7,3.430914750506e-7,4.388878581757e-7,5.513294830628e-7,6.801030837382e-7,8.238281238015e-7,9.799183969391e-7,1.144533073651e-6,1.312641915964e-6,1.478218612603e-6,1.634561196015e-6,1.774721153659e-6,1.892005770940e-6,1.980504407887e-6,2.035581543380e-6,2.054279415630e-6,2.035581543380e-6,1.980504407887e-6,1.892005770940e-6,1.774721153659e-6,1.634561196015e-6,1.478218612603e-6,1.312641915964e-6,1.144533073651e-6,9.799183969391e-7,8.238281238015e-7,6.801030837382e-7,5.513294830628e-7,4.388878581757e-7,3.430914750506e-7,2.633837823113e-7,1.985638503073e-7,1.470121641630e-7,1.068953260004e-7,7.633566428824e-8,5.353910181566e-8,3.688089816999e-8,2.495348460012e-8,1.658338477421e-8,1.082532233436e-8,6.941415390451e-9,4.372290879396e-9,2.705444028193e-9,1.644567171481e-9,9.821179870796e-10,5.762228460845e-10,3.321606209019e-10,1.881278479578e-10,1.046940510955e-10,5.724952178953e-11,3.076237505165e-11,1.624363946478e-11,8.429064563505e-12,4.298559165172e-12,2.154355479630e-12,1.060982715831e-12,5.130412832880e-13,2.425814877766e-13,1.097931553384e-13,4.204355567934e-14,4.027634798284e-37
6.321222014038e-38,2.129909923867e-14,5.566089685924e-14,1.230953613773e-13,2.606010270086e-13,5.394788861718e-13,1.096526281823e-12,2.190032845215e-12,4.298559165172e-12,8.291483441021e-12,1.571678119744e-11,2.927520124169e-11,5.358259041794e-11,9.636466535991e-11,1.702806189806e-10,2.956304573192e-10,5.042585071233e-10,8.450088466649e-10,1.391097048260e-9,2.249708704057e-9,3.573985076850e-9,5.577274919951e-9,8.549090808206e-9,1.287159826662e-8,1.903470894534e-8,2.764701368448e-8,3.943900207592e-8,5.525445272156e-8,7.602576507433e-8,1.027295706608e-7,1.363203979039e-7,1.776425552265e-7,2.273236583812e-7,2.856570630744e-7,3.524843525512e-7,4.270922703485e-7,5.081402988313e-7,5.936347525325e-7,6.809623160026e-7,7.669903515379e-7,8.482334872994e-7,9.210769423917e-7,9.820381265573e-7,1.028040818723e-6,1.056672107624e-6,1.066392262556e-6,1.056672107624e-6,1.028040818723e-6,9.820381265573e-7,9.210769423917e-7,8.482334872994e-7,7.669903515379e-7,6.809623160026e-7,5.936347525325e-7,5.081402988313e-7,4.270922703485e-7,3.524843525512e-7,2.856570630744e-7,2.273236583812e-7,1.776425552265e-7,1.363203979039e-7,1.027295706608e-7,7.602576507433e-8,5.525445272156e-8,3.943900207592e-8,2.764701368448e-8,1.903470894534e-8,1.287159826662e-8,8.549090808206e-9,5.577274919951e-9,3.573985076850e-9,2.249708704057e-9,1.391097048260e-9,8.450088466649e-10,5.042585071233e-10,2.956304573192e-10,1.702806189806e-10,9.636466535991e-11,5.358259041794e-11,2.927520124169e-11,1.571678119744e-11,8.291483441021e-12,4.298559165172e-12,2.190032845215e-12,1.096526281823e-12,5.394788861718e-13,2.606010270086e-13,1.230953613773e-13,5.566089685924e-14,2.129909923867e-14,6.321222014038e-38
9.442899384722e-39,1.060235526369e-14,2.772761235420e-14,6.137950142632e-14,1.300793914916e-13,2.695628758540e-13,5.484675503404e-13,1.096526281823e-12,2.154355479630e-12,4.159508695551e-12,7.891834512909e-12,1.471322882769e-11,2.695346949149e-11,4.851552688344e-11,8.580037249303e-11,1.490812969934e-10,2.544873690866e-10,4.267781763648e-10,7.030969696237e-10,1.137862532351e-9,1.808884259053e-9,2.824642057489e-9,4.332448150476e-9,6.526896276369e-9,9.657616291540e-9,1.403492355130e-8,2.003154619174e-8,2.807832198597e-8,3.865169383640e-8,5.225111811930e-8,6.936523086486e-8,9.042683756694e-8,1.157584617904e-7,1.455121544537e-7,1.796092634511e-7,2.176875322717e-7,2.590638344738e-7,3.027206915466e-7,3.473232239299e-7,3.912703173502e-7,4.327797808488e-7,4.700026267112e-7,5.011570214918e-7,5.246687384522e-7,5.393028192180e-7,5.442711381011e-7,5.393028192180e-7,5.246687384522e-7,5.011570214918e-7,4.700026267112e-7,4.327797808488e-7,3.912703173502e-7,3.473232239299e-7,3.027206915466e-7,2.590638344738e-7,2.176875322717e-7,1.796092634511e-7,1.455121544537e-7,1.157584617904e-7,9.042683756694e-8,6.936523086486e-8,5.225111811930e-8,3.865169383640e-8,2.807832198597e-8,2.003154619174e-8,1.403492355130e-8,9.657616291540e-9,6.526896276369e-9,4.332448150476e-9,2.824642057489e-9,1.808884259053e-9,1.137862532351e-9,7.030969696237e-10,4.267781763648e-10,2.544873690866e-10,1.490812969934e-10,8.580037249303e-11,4.851552688344e-11,2.695346949149e-11,1.471322882769e-11,7.891834512909e-12,4.159508695551e-12,2.154355479630e-12,1.096526281823e-12,5.484675503404e-13,2.695628758540e-13,1.300793914916e-13,6.137950142632e-14,2.772761235420e-14,1.060235526369e-14,9.442899384722e-39
1.342650690470e-39,5.185292536575e-15,1.357100658437e-14,3.007128292546e-14,6.379666641455e-14,1.323466608783e-13,2.695628758540e-13,5.394788861718e-13,1.060982715831e-12,2.050489614001e-12,3.894099800649e-12,7.266739566808e-12,1.332409336814e-11,2.400401971215e-11,4.248752510441e-11,7.388448140816e-11,1.262242600240e-10,2.118429563291e-10,3.492616694548e-10,5.656372250541e-10,8.998290832438e-10,1.406054855773e-9,2.157994402970e-9,3.253046051424e-9,4.816243490795e-9,7.003125706294e-9,1.000064671222e-8,1.402506336124e-8,1.931570562851e-8,2.612367467403e-8,3.469487940067e-8,4.524743510589e-8,5.794428788011e-8,7.286291993520e-8,8.996500012619e-8,1.090696890692e-7,1.298347863041e-7,1.517498321471e-7,1.741445266880e-7,1.962143859317e-7,2.170635364384e-7,2.357622057578e-7,2.514141526204e-7,2.632274010427e-7,2.705805676597e-7,2.730770609691e-7,2.705805676597e-7,2.632274010427e-7,2.514141526204e-7,2.357622057578e-7,2.170635364384e-7,1.962143859317e-7,1.741445266880e-7,1.517498321471e-7,1.298347863041e-7,1.090696890692e-7,8.996500012619e-8,7.286291993520e-8,5.794428788011e-8,4.524743510589e-8,3.469487940067e-8,2.612367467403e-8,1.931570562851e-8,1.402506336124e-8,1.000064671222e-8,7.003125706294e-9,4.816243490795e-9,3.253046051424e-9,2.157994402970e-9,1.406054855773e-9,8.998290832438e-10,5.656372250541e-10,3.492616694548e-10,2.118429563291e-10,1.262242600240e-10,7.388448140816e-11,4.248752510441e-11,2.400401971215e-11,1.332409336814e-11,7.266739566808e-12,3.894099800649e-12,2.050489614001e-12,1.060982715831e-12,5.394788861718e-13,2.695628758540e-13,1.323466608783e-13,6.379666641455e-14,3.007128292546e-14,1.357100658437e-14,5.185292536575e-15,1.342650690470e-39
1.817080114825e-40,2.489710624769e-15,6.521115946011e-15,1.446431555253e-14,3.071936365294e-14,6.379666641455e-14,1.300793914916e-13,2.606010270086e-13,5.130412832880e-13,9.925051636939e-13,1.886697435030e-12,3.524061613811e-12,6.467537796829e-12,1.166195469894e-11,2.065967543256e-11,3.595659460033e-11,6.147803280367e-11,1.032598440394e-10,1.703715732038e-10,2.761222412421e-10,4.395709880768e-10,6.873298433358e-10,1.055590586124e-9,1.592230523458e-9,2.358755656833e-9,3.431732598035e-9,4.903258406617e-9,6.879943216985e-9,9.479862594203e-9,1.282700489921e-8,1.704291838114e-8,2.223556489386e-8,2.848580231953e-8,3.583240876219e-8,4.425706218994e-8,5.367110955646e-8,6.390619868172e-8,7.471081190233e-8,8.575437149202e-8,9.663987422095e-8,1.069250132784e-7,1.161505842141e-7,1.238738241318e-7,1.297034000535e-7,1.333322277341e-7,1.345642952371e-7,1.333322277341e-7,1.297034000535e-7,1.238738241318e-7,1.161505842141e-7,1.069250132784e-7,9.663987422095e-8,8.575437149202e-8,7.471081190233e-8,6.390619868172e-8,5.367110955646e-8,4.425706218994e-8,3.583240876219e-8,2.848580231953e-8,2.223556489386e-8,1.704291838114e-8,1.282700489921e-8,9.479862594203e-9,6.879943216985e-9,4.903258406617e-9,3.431732598035e-9,2.358755656833e-9,1.592230523458e-9,1.055590586124e-9,6.873298433358e-10,4.395709880768e-10,2.761222412421e-10,1.703715732038e-10,1.032598440394e-10,6.147803280367e-11,3.595659460033e-11,2.065967543256e-11,1.166195469894e-11,6.467537796829e-12,3.524061613811e-12,1.886697435030e-12,9.925051636939e-13,5.130412832880e-13,2.606010270086e-13,1.300793914916e-13,6.379666641455e-14,3.071936365294e-14,1.446431555253e-14,6.521115946011e-15,2.489710624769e-15,1.817080114825e-40
2.340660740392e-41,1.168965040377e-15,3.064132251747e-15,6.803267998998e-15,1.446431555253e-14,3.007128292546e-14,6.137950142632e-14,1.230953613773e-13,2.425814877766e-13,4.697499682270e-13,8.938274264725e-13,1.671094813351e-12,3.069668422244e-12,5.539969983674e-12,9.822720122170e-12,1.710990713555e-11,2.927780134939e-11,4.921391355324e-11,8.126059879825e-11,1.317950792239e-10,2.099569176162e-10,3.285172187542e-10,5.048572404251e-10,7.619869144545e-10,1.129487222565e-9,1.644208498352e-9,2.350507074913e-9,3.299766357715e-9,4.548939171757e-9,6.157880632044e-9,8.185326929726e-9,1.068352108566e-8,1.369168733403e-8,1.722879347960e-8,2.128628336949e-8,2.582166600281e-8,3.075396483479e-8,3.596201557073e-8,4.128642329011e-8,4.653564554069e-8,5.149618456728e-8,5.594630911488e-8,5.967216985812e-8,6.248471949713e-8,6.423558858781e-8,6.483006398033e-8,6.423558858781e-8,6.248471949713e-8,5.967216985812e-8,5.594630911488e-8,5.149618456728e-8,4.653564554069e-8,4.128642329011e-8,3.596201557073e-8,3.075396483479e-8,2.582166600281e-8,2.128628336949e-8,1.722879347960e-8,1.369168733403e-8,1.068352108566e-8,8.185326929726e-9,6.157880632044e-9,4.548939171757e-9,3.299766357715e-9,2.350507074913e-9,1.644208498352e-9,1.129487222565e-9,7.619869144545e-10,5.048572404251e-10,3.285172187542e-10,2.099569176162e-10,1.317950792239e-10,8.126059879825e-11,4.921391355324e-11,2.927780134939e-11,1.710990713555e-11,9.822720122170e-12,5.539969983674e-12,3.069668422244e-12,1.671094813351e-12,8.938274264725e-13,4.697499682270e-13,2.425814877766e-13,1.230953613773e-13,6.137950142632e-14,3.007128292546e-14,1.446431555253e-14,6.803267998998e-15,3.064132251747e-15,1.168965040377e-15,2.340660740392e-41
2.869830354504e-42,5.256253065719e-16,1.378773054378e-15,3.064132251747e-15,6.521115946011e-15,1.357100658437e-14,2.772761235420e-14,5.566089685924e-14,1.097931553384e-13,2.128055702027e-13,4.052826309828e-13,7.583731017632e-13,1.394248600629e-12,2.518328999025e-12,4.468713260676e-12,7.789926699091e-12,1.333977457916e-11,2.243941516320e-11,3.707716460829e-11,6.017523540181e-11,9.592462560771e-11,1.501856979129e-10,2.309397616160e-10,3.487598386105e-10,5.172472983505e-10,7.533570419298e-10,1.077510870283e-9,1.513381704433e-9,2.087226821362e-9,2.826662965180e-9,3.758815733919e-9,4.907842754722e-9,6.291922796973e-9,7.919912918592e-9,9.787988246556e-9,1.187667391618e-8,1.414873334948e-8,1.654837056032e-8,1.900212259116e-8,2.142165929890e-8,2.370848414819e-8,2.576026918624e-8,2.747829960154e-8,2.877529320077e-8,2.958273938492e-8,2.985689991463e-8,2.958273938492e-8,2.877529320077e-8,2.747829960154e-8,2.576026918624e-8,2.370848414819e-8,2.142165929890e-8,1.900212259116e-8,1.654837056032e-8,1.414873334948e-8,1.187667391618e-8,9.787988246556e-9,7.919912918592e-9,6.291922796973e-9,4.907842754722e-9,3.758815733919e-9,2.826662965180e-9,2.087226821362e-9,1.513381704433e-9,1.077510870283e-9,7.533570419298e-10,5.172472983505e-10,3.487598386105e-10,2.309397616160e-10,1.501856979129e-10,9.592462560771e-11,6.017523540181e-11,3.707716460829e-11,2.243941516320e-11,1.333977457916e-11,7.789926699091e-12,4.468713260676e-12,2.518328999025e-12,1.394248600629e-12,7.583731017632e-13,4.052826309828e-13,2.128055702027e-13,1.097931553384e-13,5.566089685924e-14,2.772761235420e-14,1.357100658437e-14,6.521115946011e-15,3.064132251747e-15,1.378773054378e-15,5.256253065719e-16,2.869830354504e-42
3.349094004834e-43,2.002724772539e-16,5.256253065719e-16,1.168965040377e-15,2.489710624769e-15,5.185292536575e-15,1.060235526369e-14,2.129909923867e-14,4.204355567934e-14,8.154778031829e-14,1.554117812971e-13,2.910029955614e-13,5.353467096148e-13,9.675636626475e-13,1.717961818317e-12,2.996540065664e-12,5.134316793652e-12,8.641415792557e-12,1.428600558760e-11,2.319769076316e-11,3.699742000267e-11,5.795300730190e-11,8.915462534176e-11,1.346979796651e-10,1.998545147581e-10,2.911986544916e-10,4.166530843754e-10,5.854064310336e-10,8.076558716144e-10,1.094132841852e-9,1.455385315657e-9,1.900816180071e-9,2.437513248900e-9,3.068949264280e-9,3.793674095214e-9,4.604158411694e-9,5.485969545566e-9,6.417457888642e-9,7.370100563626e-9,8.309587340290e-9,9.197646754004e-9,9.994508913605e-9,1.066180100673e-8,1.116558957094e-8,1.147923643825e-8,1.158573426523e-8,1.147923643825e-8,1.116558957094e-8,1.066180100673e-8,9.994508913605e-9,9.197646754004e-9,8.309587340290e-9,7.370100563626e-9,6.417457888642e-9,5.485969545566e-9,4.604158411694e-9,3.793674095214e-9,3.068949264280e-9,2.437513248900e-9,1.900816180071e-9,1.455385315657e-9,1.094132841852e-9,8.076558716144e-10,5.854064310336e-10,4.166530843754e-10,2.911986544916e-10,1.998545147581e-10,1.346979796651e-10,8.915462534176e-11,5.795300730190e-11,3.699742000267e-11,2.319769076316e-11,1.428600558760e-11,8.641415792557e-12,5.134316793652e-12,2.996540065664e-12,1.717961818317e-12,9.675636626475e-13,5.353467096148e-13,2.910029955614e-13,1.554117812971e-13,8.154778031829e-14,4.204355567934e-14,2.129909923867e-14,1.060235526369e-14,5.185292536575e-15,2.489710624769e-15,1.168965040377e-15,5.256253065719e-16,2.002724772539e-16,3.349094004834e-43
3.720075976021e-44,3.349094004834e-43,2.869830354504e-42,2.340660740392e-41,1.817080114825e-40,1.342650690470e-39,9.442899384722e-39,6.321222014038e-38,4.027634798284e-37,2.442600737741e-36,1.409964708360e-35,7.746711093407e-35,4.051164104019e-34,2.016488135329e-33,9.553551852504e-33,4.308116292984e-32,1.849112481133e-31,7.554271700866e-31,2.937482111711e-30,1.087204444788e-29,3.830015811049e-29,1.284231367268e-28,4.098635890728e-28,1.245055648974e-27,3.599909196503e-27,9.907126047283e-27,2.595118475649e-26,6.470234925645e-26,1.535452085188e-25,3.468213675652e-25,7.456392881249e-25,1.525826238407e-24,2.971903705279e-24,5.509570529521e-24,9.721966480995e-24,1.632840826846e-23,2.610279069668e-23,3.971763590020e-23,5.752189676676e-23,7.929327678118e-23,1.040382147575e-22,1.299280068329e-22,1.544422144135e-22,1.747360937115e-22,1.881709529472e-22,1.928749847964e-22,1.881709529472e-22,1.747360937115e-22,1.544422144135e-22,1.299280068329e-22,1.040382147575e-22,7.929327678118e-23,5.752189676676e-23,3.971763590020e-23,2.610279069668e-23,1.632840826846e-23,9.721966480995e-24,5.509570529521e-24,2.971903705279e-24,1.525826238407e-24,7.456392881249e-25,3.468213675652e-25,1.535452085188e-25,6.470234925645e-26,2.595118475649e-26,9.907126047283e-27,3.599909196503e-27,1.245055648974e-27,4.098635890728e-28,1.284231367268e-28,3.830015811049e-29,1.087204444788e-29,2.937482111711e-30,7.554271700867e-31,1.849112481133e-31,4.308116292984e-32,9.553551852504e-33,2.016488135329e-33,4.051164104019e-34,7.746711093407e-35,1.409964708360e-35,2.442600737740e-36,4.027634798284e-37,6.321222014038e-38,9.442899384722e-39,1.342650690470e-39,1.817080114825e-40,2.340660740392e-41,2.869830354504e-42,3.349094004834e-43,3.720075976021e-44
